video_name,kid_count,young_count,old_count,final,category
v_ApplyEyeMakeup_g12_c01,3,2,0,kid,ApplyEyeMakeup
v_ApplyEyeMakeup_g12_c04,3,2,0,kid,ApplyEyeMakeup
v_ApplyEyeMakeup_g24_c07,0,0,5,old,ApplyEyeMakeup
v_ApplyLipstick_g03_c04,3,2,0,kid,ApplyLipstick
v_Archery_g03_c02,0,5,0,young,Archery
v_Archery_g03_c03,0,3,2,young,Archery
v_Archery_g06_c02,0,4,1,young,Archery
v_Archery_g06_c04,0,0,5,old,Archery
v_Archery_g06_c05,1,1,3,old,Archery
v_Archery_g06_c06,1,4,0,young,Archery
v_Archery_g07_c02,1,2,2,uncertain,Archery
v_Archery_g07_c06,1,0,4,old,Archery
v_Archery_g08_c03,1,4,0,young,Archery
v_Archery_g08_c05,1,4,0,young,Archery
v_Archery_g09_c01,4,1,0,kid,Archery
v_Archery_g09_c04,5,0,0,kid,Archery
v_Archery_g09_c05,3,2,0,kid,Archery
v_Archery_g12_c04,0,2,3,old,Archery
v_Archery_g13_c06,0,5,0,young,Archery
v_Archery_g15_c02,0,2,3,old,Archery
v_Archery_g15_c04,0,1,4,old,Archery
v_Archery_g17_c04,4,0,1,kid,Archery
v_Archery_g18_c04,0,2,3,old,Archery
v_Archery_g20_c05,1,0,4,old,Archery
v_Archery_g22_c03,3,2,0,kid,Archery
v_Archery_g22_c04,1,3,1,young,Archery
v_Archery_g22_c05,0,2,3,old,Archery
v_Archery_g23_c01,1,0,4,old,Archery
v_Archery_g23_c02,1,0,4,old,Archery
v_Archery_g23_c04,2,2,1,uncertain,Archery
v_Archery_g23_c05,2,2,1,uncertain,Archery
v_Archery_g23_c06,0,3,2,young,Archery
v_BabyCrawling_g06_c03,2,3,0,young,BabyCrawling
v_BabyCrawling_g18_c05,3,2,0,kid,BabyCrawling
v_BabyCrawling_g20_c04,1,0,4,old,BabyCrawling
v_BabyCrawling_g23_c04,1,1,3,old,BabyCrawling
v_BabyCrawling_g25_c06,2,3,0,young,BabyCrawling
v_BalanceBeam_g01_c01,0,5,0,young,BalanceBeam
v_BalanceBeam_g01_c02,2,3,0,young,BalanceBeam
v_BalanceBeam_g02_c03,2,2,1,uncertain,BalanceBeam
v_BalanceBeam_g03_c01,1,4,0,young,BalanceBeam
v_BalanceBeam_g07_c01,2,2,1,uncertain,BalanceBeam
v_BalanceBeam_g07_c02,4,1,0,kid,BalanceBeam
v_BalanceBeam_g09_c04,2,3,0,young,BalanceBeam
v_BalanceBeam_g10_c03,1,4,0,young,BalanceBeam
v_BalanceBeam_g11_c03,1,0,4,old,BalanceBeam
v_BalanceBeam_g11_c04,0,5,0,young,BalanceBeam
v_BalanceBeam_g13_c01,2,3,0,young,BalanceBeam
v_BalanceBeam_g13_c03,2,2,1,uncertain,BalanceBeam
v_BalanceBeam_g14_c03,2,3,0,young,BalanceBeam
v_BalanceBeam_g16_c03,1,4,0,young,BalanceBeam
v_BalanceBeam_g17_c06,2,3,0,young,BalanceBeam
v_BalanceBeam_g18_c01,2,3,0,young,BalanceBeam
v_BalanceBeam_g19_c01,2,3,0,young,BalanceBeam
v_BalanceBeam_g20_c02,2,3,0,young,BalanceBeam
v_BalanceBeam_g21_c05,0,5,0,young,BalanceBeam
v_BalanceBeam_g22_c01,0,5,0,young,BalanceBeam
v_BalanceBeam_g22_c03,1,4,0,young,BalanceBeam
v_BalanceBeam_g24_c04,2,3,0,young,BalanceBeam
v_BalanceBeam_g25_c04,2,3,0,young,BalanceBeam
v_BandMarching_g01_c01,0,5,0,young,BandMarching
v_BandMarching_g01_c02,1,4,0,young,BandMarching
v_BandMarching_g01_c04,2,3,0,young,BandMarching
v_BandMarching_g02_c06,3,1,1,kid,BandMarching
v_BandMarching_g03_c01,5,0,0,kid,BandMarching
v_BandMarching_g03_c03,3,2,0,kid,BandMarching
v_BandMarching_g03_c06,0,2,3,old,BandMarching
v_BandMarching_g04_c01,2,1,2,uncertain,BandMarching
v_BandMarching_g04_c04,5,0,0,kid,BandMarching
v_BandMarching_g05_c01,2,3,0,young,BandMarching
v_BandMarching_g07_c01,5,0,0,kid,BandMarching
v_BandMarching_g08_c04,2,3,0,young,BandMarching
v_BandMarching_g08_c06,1,3,1,young,BandMarching
v_BandMarching_g08_c07,2,3,0,young,BandMarching
v_BandMarching_g09_c05,2,3,0,young,BandMarching
v_BandMarching_g09_c07,1,4,0,young,BandMarching
v_BandMarching_g10_c02,1,4,0,young,BandMarching
v_BandMarching_g10_c03,2,3,0,young,BandMarching
v_BandMarching_g10_c07,2,1,2,uncertain,BandMarching
v_BandMarching_g11_c01,1,3,1,young,BandMarching
v_BandMarching_g11_c05,2,2,1,uncertain,BandMarching
v_BandMarching_g11_c06,1,4,0,young,BandMarching
v_BandMarching_g14_c05,1,4,0,young,BandMarching
v_BandMarching_g15_c01,1,1,3,old,BandMarching
v_BandMarching_g15_c02,2,3,0,young,BandMarching
v_BandMarching_g15_c03,2,3,0,young,BandMarching
v_BandMarching_g15_c07,0,5,0,young,BandMarching
v_BandMarching_g16_c03,0,5,0,young,BandMarching
v_BandMarching_g16_c05,1,4,0,young,BandMarching
v_BandMarching_g16_c07,1,4,0,young,BandMarching
v_BandMarching_g18_c01,5,0,0,kid,BandMarching
v_BandMarching_g18_c04,3,2,0,kid,BandMarching
v_BandMarching_g19_c06,1,4,0,young,BandMarching
v_BandMarching_g21_c04,3,2,0,kid,BandMarching
v_BandMarching_g22_c01,0,0,5,old,BandMarching
v_BandMarching_g22_c02,1,0,4,old,BandMarching
v_BandMarching_g23_c02,0,5,0,young,BandMarching
v_BandMarching_g25_c02,0,2,3,old,BandMarching
v_BandMarching_g25_c06,5,0,0,kid,BandMarching
v_BaseballPitch_g01_c05,0,4,1,young,BaseballPitch
v_BaseballPitch_g02_c02,2,1,2,uncertain,BaseballPitch
v_BaseballPitch_g05_c03,1,0,4,old,BaseballPitch
v_BaseballPitch_g05_c06,2,0,3,old,BaseballPitch
v_BaseballPitch_g08_c02,3,2,0,kid,BaseballPitch
v_BaseballPitch_g08_c03,3,2,0,kid,BaseballPitch
v_BaseballPitch_g09_c05,0,2,3,old,BaseballPitch
v_BaseballPitch_g10_c03,3,0,2,kid,BaseballPitch
v_BaseballPitch_g10_c05,4,0,1,kid,BaseballPitch
v_BaseballPitch_g14_c01,1,4,0,young,BaseballPitch
v_BaseballPitch_g14_c02,1,4,0,young,BaseballPitch
v_BaseballPitch_g15_c05,3,0,2,kid,BaseballPitch
v_BaseballPitch_g15_c06,4,1,0,kid,BaseballPitch
v_BaseballPitch_g15_c07,2,2,1,uncertain,BaseballPitch
v_BaseballPitch_g18_c01,2,0,3,old,BaseballPitch
v_BaseballPitch_g20_c04,4,0,1,kid,BaseballPitch
v_BaseballPitch_g24_c04,1,4,0,young,BaseballPitch
v_BaseballPitch_g24_c05,1,4,0,young,BaseballPitch
v_BaseballPitch_g24_c06,1,3,1,young,BaseballPitch
v_BaseballPitch_g25_c01,3,2,0,kid,BaseballPitch
v_BasketballDunk_g21_c01,1,4,0,young,BasketballDunk
v_BasketballDunk_g21_c04,2,3,0,young,BasketballDunk
v_BasketballDunk_g22_c03,2,3,0,young,BasketballDunk
v_Basketball_g03_c01,1,2,2,uncertain,Basketball
v_Basketball_g03_c02,0,2,3,old,Basketball
v_Basketball_g03_c04,0,1,4,old,Basketball
v_Basketball_g03_c06,1,3,1,young,Basketball
v_Basketball_g05_c03,0,5,0,young,Basketball
v_Basketball_g08_c02,2,3,0,young,Basketball
v_Basketball_g08_c03,2,2,1,uncertain,Basketball
v_Basketball_g09_c01,1,3,1,young,Basketball
v_Basketball_g09_c04,1,3,1,young,Basketball
v_Basketball_g09_c05,1,1,3,old,Basketball
v_Basketball_g11_c03,3,2,0,kid,Basketball
v_Basketball_g11_c05,3,2,0,kid,Basketball
v_Basketball_g13_c03,2,3,0,young,Basketball
v_Basketball_g13_c04,1,4,0,young,Basketball
v_Basketball_g14_c04,2,1,2,uncertain,Basketball
v_Basketball_g14_c05,4,0,1,kid,Basketball
v_Basketball_g16_c06,4,1,0,kid,Basketball
v_Basketball_g17_c02,2,0,3,old,Basketball
v_Basketball_g18_c03,0,5,0,young,Basketball
v_Basketball_g18_c04,2,0,3,old,Basketball
v_Basketball_g18_c05,2,2,1,uncertain,Basketball
v_Basketball_g20_c06,2,3,0,young,Basketball
v_Basketball_g21_c04,2,2,1,uncertain,Basketball
v_Basketball_g22_c04,2,3,0,young,Basketball
v_Basketball_g22_c06,2,3,0,young,Basketball
v_Basketball_g23_c01,2,2,1,uncertain,Basketball
v_Basketball_g23_c02,2,3,0,young,Basketball
v_Basketball_g23_c05,3,2,0,kid,Basketball
v_Basketball_g23_c06,0,3,2,young,Basketball
v_BenchPress_g06_c07,4,0,1,kid,BenchPress
v_BenchPress_g07_c04,1,3,1,young,BenchPress
v_BenchPress_g08_c01,0,3,2,young,BenchPress
v_BenchPress_g09_c01,0,2,3,old,BenchPress
v_BenchPress_g09_c04,0,2,3,old,BenchPress
v_BenchPress_g09_c07,0,2,3,old,BenchPress
v_BenchPress_g11_c01,0,2,3,old,BenchPress
v_BenchPress_g12_c03,0,2,3,old,BenchPress
v_BenchPress_g14_c01,0,2,3,old,BenchPress
v_BenchPress_g14_c05,0,2,3,old,BenchPress
v_BenchPress_g14_c06,0,2,3,old,BenchPress
v_BenchPress_g16_c01,0,3,2,young,BenchPress
v_BenchPress_g16_c03,0,5,0,young,BenchPress
v_BenchPress_g17_c01,0,5,0,young,BenchPress
v_BenchPress_g17_c02,0,3,2,young,BenchPress
v_BenchPress_g17_c03,1,2,2,uncertain,BenchPress
v_BenchPress_g17_c06,2,3,0,young,BenchPress
v_BenchPress_g19_c02,2,2,1,uncertain,BenchPress
v_BenchPress_g19_c03,0,1,4,old,BenchPress
v_BenchPress_g21_c04,2,0,3,old,BenchPress
v_BenchPress_g22_c06,0,4,1,young,BenchPress
v_BenchPress_g24_c05,0,1,4,old,BenchPress
v_BenchPress_g24_c06,0,2,3,old,BenchPress
v_Biking_g02_c01,2,2,1,uncertain,Biking
v_Biking_g02_c05,2,2,1,uncertain,Biking
v_Biking_g02_c07,1,4,0,young,Biking
v_Biking_g04_c01,3,1,1,kid,Biking
v_Biking_g04_c02,3,1,1,kid,Biking
v_Biking_g05_c01,0,0,5,old,Biking
v_Biking_g05_c04,0,0,5,old,Biking
v_Biking_g05_c07,0,2,3,old,Biking
v_Biking_g06_c01,4,1,0,kid,Biking
v_Biking_g07_c01,1,1,3,old,Biking
v_Biking_g07_c03,1,2,2,uncertain,Biking
v_Biking_g09_c01,0,5,0,young,Biking
v_Biking_g10_c01,1,1,3,old,Biking
v_Biking_g10_c02,2,1,2,uncertain,Biking
v_Biking_g10_c03,1,0,4,old,Biking
v_Biking_g11_c01,2,3,0,young,Biking
v_Biking_g11_c02,0,3,2,young,Biking
v_Biking_g11_c04,3,1,1,kid,Biking
v_Biking_g11_c05,2,1,2,uncertain,Biking
v_Biking_g12_c02,2,0,3,old,Biking
v_Biking_g13_c01,4,0,1,kid,Biking
v_Biking_g13_c02,2,0,3,old,Biking
v_Biking_g13_c03,1,0,4,old,Biking
v_Biking_g16_c02,0,1,4,old,Biking
v_Biking_g16_c04,2,2,1,uncertain,Biking
v_Biking_g16_c05,1,3,1,young,Biking
v_Biking_g17_c02,1,3,1,young,Biking
v_Biking_g17_c03,3,2,0,kid,Biking
v_Biking_g17_c06,0,4,1,young,Biking
v_Biking_g20_c01,2,2,1,uncertain,Biking
v_Biking_g20_c02,0,4,1,young,Biking
v_Biking_g20_c03,0,5,0,young,Biking
v_Biking_g20_c05,0,3,2,young,Biking
v_Biking_g21_c02,3,2,0,kid,Biking
v_Biking_g22_c01,1,4,0,young,Biking
v_Biking_g23_c01,1,4,0,young,Biking
v_Biking_g23_c02,1,4,0,young,Biking
v_Biking_g24_c02,1,2,2,uncertain,Biking
v_Biking_g24_c03,0,0,5,old,Biking
v_Biking_g24_c04,4,1,0,kid,Biking
v_Billiards_g01_c02,2,1,2,uncertain,Billiards
v_Billiards_g01_c05,2,1,2,uncertain,Billiards
v_Billiards_g01_c06,3,0,2,kid,Billiards
v_Billiards_g03_c05,2,0,3,old,Billiards
v_Billiards_g04_c02,2,1,2,uncertain,Billiards
v_Billiards_g04_c04,1,0,4,old,Billiards
v_Billiards_g04_c06,2,2,1,uncertain,Billiards
v_Billiards_g04_c07,0,1,4,old,Billiards
v_Billiards_g07_c03,1,2,2,uncertain,Billiards
v_Billiards_g08_c01,0,2,3,old,Billiards
v_Billiards_g08_c03,2,1,2,uncertain,Billiards
v_Billiards_g08_c04,2,1,2,uncertain,Billiards
v_Billiards_g15_c03,0,4,1,young,Billiards
v_Billiards_g15_c04,2,3,0,young,Billiards
v_Billiards_g15_c07,0,5,0,young,Billiards
v_Billiards_g16_c05,1,0,4,old,Billiards
v_Billiards_g17_c02,1,0,4,old,Billiards
v_Billiards_g19_c02,2,1,2,uncertain,Billiards
v_Billiards_g19_c03,0,5,0,young,Billiards
v_Billiards_g19_c04,1,2,2,uncertain,Billiards
v_Billiards_g19_c05,2,0,3,old,Billiards
v_Billiards_g19_c07,2,0,3,old,Billiards
v_Billiards_g22_c04,1,0,4,old,Billiards
v_Billiards_g22_c05,2,1,2,uncertain,Billiards
v_Billiards_g23_c03,0,2,3,old,Billiards
v_Billiards_g23_c04,2,2,1,uncertain,Billiards
v_Billiards_g24_c02,0,2,3,old,Billiards
v_Billiards_g24_c03,0,2,3,old,Billiards
v_Billiards_g24_c05,1,3,1,young,Billiards
v_Billiards_g24_c06,0,5,0,young,Billiards
v_BlowDryHair_g05_c05,0,2,3,old,BlowDryHair
v_BlowDryHair_g06_c04,0,2,3,old,BlowDryHair
v_BlowDryHair_g12_c03,0,2,3,old,BlowDryHair
v_BlowDryHair_g15_c01,0,1,4,old,BlowDryHair
v_BlowingCandles_g01_c03,0,0,5,old,BlowingCandles
v_BlowingCandles_g01_c04,1,0,4,old,BlowingCandles
v_BlowingCandles_g02_c01,0,5,0,young,BlowingCandles
v_BlowingCandles_g02_c04,0,5,0,young,BlowingCandles
v_BlowingCandles_g03_c03,3,1,1,kid,BlowingCandles
v_BlowingCandles_g07_c01,0,5,0,young,BlowingCandles
v_BlowingCandles_g08_c04,4,1,0,kid,BlowingCandles
v_BlowingCandles_g09_c03,1,0,4,old,BlowingCandles
v_BlowingCandles_g11_c01,0,5,0,young,BlowingCandles
v_BlowingCandles_g11_c02,0,5,0,young,BlowingCandles
v_BlowingCandles_g12_c05,2,3,0,young,BlowingCandles
v_BlowingCandles_g14_c04,1,4,0,young,BlowingCandles
v_BlowingCandles_g19_c01,0,0,5,old,BlowingCandles
v_BlowingCandles_g19_c03,0,5,0,young,BlowingCandles
v_BlowingCandles_g20_c01,1,4,0,young,BlowingCandles
v_BlowingCandles_g21_c03,0,5,0,young,BlowingCandles
v_BlowingCandles_g22_c01,2,3,0,young,BlowingCandles
v_BlowingCandles_g24_c01,0,0,5,old,BlowingCandles
v_BlowingCandles_g24_c02,0,0,5,old,BlowingCandles
v_BlowingCandles_g25_c04,1,4,0,young,BlowingCandles
v_BlowingCandles_g25_c05,0,5,0,young,BlowingCandles
v_BlowingCandles_g25_c06,2,3,0,young,BlowingCandles
v_BodyWeightSquats_g03_c02,0,4,1,young,BodyWeightSquats
v_BodyWeightSquats_g03_c05,0,3,2,young,BodyWeightSquats
v_BodyWeightSquats_g04_c03,0,3,2,young,BodyWeightSquats
v_BodyWeightSquats_g07_c04,0,1,4,old,BodyWeightSquats
v_BodyWeightSquats_g08_c02,0,3,2,young,BodyWeightSquats
v_BodyWeightSquats_g09_c01,0,2,3,old,BodyWeightSquats
v_BodyWeightSquats_g09_c02,0,2,3,old,BodyWeightSquats
v_BodyWeightSquats_g09_c03,0,1,4,old,BodyWeightSquats
v_BodyWeightSquats_g09_c04,0,3,2,young,BodyWeightSquats
v_BodyWeightSquats_g10_c01,0,2,3,old,BodyWeightSquats
v_BodyWeightSquats_g15_c03,2,1,2,uncertain,BodyWeightSquats
v_BodyWeightSquats_g15_c04,1,1,3,old,BodyWeightSquats
v_BodyWeightSquats_g19_c04,3,2,0,kid,BodyWeightSquats
v_BodyWeightSquats_g20_c01,1,4,0,young,BodyWeightSquats
v_BodyWeightSquats_g20_c03,1,4,0,young,BodyWeightSquats
v_BodyWeightSquats_g20_c05,1,4,0,young,BodyWeightSquats
v_BodyWeightSquats_g22_c04,0,2,3,old,BodyWeightSquats
v_BodyWeightSquats_g23_c01,1,4,0,young,BodyWeightSquats
v_BodyWeightSquats_g23_c02,1,3,1,young,BodyWeightSquats
v_BodyWeightSquats_g24_c03,2,2,1,uncertain,BodyWeightSquats
v_Bowling_g01_c01,1,4,0,young,Bowling
v_Bowling_g01_c03,2,3,0,young,Bowling
v_Bowling_g03_c05,3,1,1,kid,Bowling
v_Bowling_g03_c06,0,4,1,young,Bowling
v_Bowling_g03_c07,2,2,1,uncertain,Bowling
v_Bowling_g04_c02,2,2,1,uncertain,Bowling
v_Bowling_g04_c04,3,1,1,kid,Bowling
v_Bowling_g05_c03,3,1,1,kid,Bowling
v_Bowling_g05_c07,2,1,2,uncertain,Bowling
v_Bowling_g06_c05,1,2,2,uncertain,Bowling
v_Bowling_g07_c02,2,1,2,uncertain,Bowling
v_Bowling_g07_c03,4,0,1,kid,Bowling
v_Bowling_g07_c05,1,3,1,young,Bowling
v_Bowling_g07_c07,3,1,1,kid,Bowling
v_Bowling_g08_c02,1,2,2,uncertain,Bowling
v_Bowling_g08_c03,0,3,2,young,Bowling
v_Bowling_g09_c04,0,0,5,old,Bowling
v_Bowling_g10_c01,1,0,4,old,Bowling
v_Bowling_g10_c02,1,1,3,old,Bowling
v_Bowling_g10_c07,1,0,4,old,Bowling
v_Bowling_g11_c06,3,0,2,kid,Bowling
v_Bowling_g12_c04,1,0,4,old,Bowling
v_Bowling_g13_c02,3,0,2,kid,Bowling
v_Bowling_g13_c03,2,1,2,uncertain,Bowling
v_Bowling_g13_c05,1,4,0,young,Bowling
v_Bowling_g14_c03,0,2,3,old,Bowling
v_Bowling_g16_c03,0,4,1,young,Bowling
v_Bowling_g17_c03,0,4,1,young,Bowling
v_Bowling_g17_c05,0,3,2,young,Bowling
v_Bowling_g17_c07,0,4,1,young,Bowling
v_Bowling_g18_c02,1,2,2,uncertain,Bowling
v_Bowling_g19_c01,0,2,3,old,Bowling
v_Bowling_g19_c03,0,0,5,old,Bowling
v_Bowling_g19_c04,2,1,2,uncertain,Bowling
v_Bowling_g19_c05,1,3,1,young,Bowling
v_Bowling_g19_c07,2,3,0,young,Bowling
v_Bowling_g20_c02,0,3,2,young,Bowling
v_Bowling_g20_c06,1,4,0,young,Bowling
v_Bowling_g21_c01,0,5,0,young,Bowling
v_Bowling_g21_c02,2,2,1,uncertain,Bowling
v_Bowling_g21_c05,3,0,2,kid,Bowling
v_Bowling_g22_c02,2,2,1,uncertain,Bowling
v_Bowling_g22_c03,2,1,2,uncertain,Bowling
v_Bowling_g22_c05,2,3,0,young,Bowling
v_Bowling_g22_c06,2,3,0,young,Bowling
v_Bowling_g23_c01,0,5,0,young,Bowling
v_Bowling_g23_c04,0,4,1,young,Bowling
v_Bowling_g23_c07,3,2,0,kid,Bowling
v_Bowling_g24_c04,0,0,5,old,Bowling
v_Bowling_g25_c01,1,2,2,uncertain,Bowling
v_Bowling_g25_c04,1,2,2,uncertain,Bowling
v_BoxingPunchingBag_g04_c03,2,1,2,uncertain,BoxingPunchingBag
v_BoxingPunchingBag_g05_c01,3,2,0,kid,BoxingPunchingBag
v_BoxingPunchingBag_g05_c07,4,1,0,kid,BoxingPunchingBag
v_BoxingPunchingBag_g07_c06,2,3,0,young,BoxingPunchingBag
v_BoxingPunchingBag_g07_c07,2,3,0,young,BoxingPunchingBag
v_BoxingPunchingBag_g08_c02,3,2,0,kid,BoxingPunchingBag
v_BoxingPunchingBag_g08_c04,3,2,0,kid,BoxingPunchingBag
v_BoxingPunchingBag_g08_c05,3,2,0,kid,BoxingPunchingBag
v_BoxingPunchingBag_g10_c03,2,3,0,young,BoxingPunchingBag
v_BoxingPunchingBag_g12_c04,2,1,2,uncertain,BoxingPunchingBag
v_BoxingPunchingBag_g12_c05,2,2,1,uncertain,BoxingPunchingBag
v_BoxingPunchingBag_g15_c07,2,3,0,young,BoxingPunchingBag
v_BoxingPunchingBag_g16_c04,4,1,0,kid,BoxingPunchingBag
v_BoxingPunchingBag_g16_c05,4,0,1,kid,BoxingPunchingBag
v_BoxingPunchingBag_g16_c06,5,0,0,kid,BoxingPunchingBag
v_BoxingPunchingBag_g17_c01,2,0,3,old,BoxingPunchingBag
v_BoxingPunchingBag_g17_c04,2,1,2,uncertain,BoxingPunchingBag
v_BoxingPunchingBag_g24_c03,3,2,0,kid,BoxingPunchingBag
v_BoxingPunchingBag_g24_c04,3,0,2,kid,BoxingPunchingBag
v_BoxingPunchingBag_g24_c05,2,1,2,uncertain,BoxingPunchingBag
v_BoxingPunchingBag_g25_c06,2,3,0,young,BoxingPunchingBag
v_BoxingSpeedBag_g06_c01,5,0,0,kid,BoxingSpeedBag
v_BoxingSpeedBag_g07_c05,2,2,1,uncertain,BoxingSpeedBag
v_BoxingSpeedBag_g08_c04,0,2,3,old,BoxingSpeedBag
v_BoxingSpeedBag_g08_c05,0,3,2,young,BoxingSpeedBag
v_BoxingSpeedBag_g09_c07,1,2,2,uncertain,BoxingSpeedBag
v_BoxingSpeedBag_g10_c01,2,3,0,young,BoxingSpeedBag
v_BoxingSpeedBag_g10_c04,2,1,2,uncertain,BoxingSpeedBag
v_BoxingSpeedBag_g15_c01,2,0,3,old,BoxingSpeedBag
v_BoxingSpeedBag_g15_c03,1,0,4,old,BoxingSpeedBag
v_BoxingSpeedBag_g17_c07,3,0,2,kid,BoxingSpeedBag
v_BoxingSpeedBag_g18_c03,2,1,2,uncertain,BoxingSpeedBag
v_BoxingSpeedBag_g18_c04,2,1,2,uncertain,BoxingSpeedBag
v_BoxingSpeedBag_g19_c01,1,2,2,uncertain,BoxingSpeedBag
v_BoxingSpeedBag_g19_c02,0,1,4,old,BoxingSpeedBag
v_BoxingSpeedBag_g19_c05,1,0,4,old,BoxingSpeedBag
v_BoxingSpeedBag_g20_c02,2,0,3,old,BoxingSpeedBag
v_BoxingSpeedBag_g20_c04,2,0,3,old,BoxingSpeedBag
v_BoxingSpeedBag_g21_c01,3,0,2,kid,BoxingSpeedBag
v_BoxingSpeedBag_g23_c03,1,0,4,old,BoxingSpeedBag
v_BoxingSpeedBag_g23_c04,1,0,4,old,BoxingSpeedBag
v_BoxingSpeedBag_g25_c07,3,1,1,kid,BoxingSpeedBag
v_BreastStroke_g04_c01,0,4,1,young,BreastStroke
v_BreastStroke_g07_c01,2,1,2,uncertain,BreastStroke
v_BreastStroke_g07_c04,2,1,2,uncertain,BreastStroke
v_BreastStroke_g08_c03,1,0,4,old,BreastStroke
v_BreastStroke_g11_c03,1,0,4,old,BreastStroke
v_BreastStroke_g11_c04,1,0,4,old,BreastStroke
v_BreastStroke_g12_c02,2,0,3,old,BreastStroke
v_BreastStroke_g12_c04,2,0,3,old,BreastStroke
v_BreastStroke_g15_c02,2,0,3,old,BreastStroke
v_BreastStroke_g15_c03,2,0,3,old,BreastStroke
v_BreastStroke_g16_c02,2,1,2,uncertain,BreastStroke
v_BreastStroke_g22_c02,1,0,4,old,BreastStroke
v_BreastStroke_g22_c04,0,0,5,old,BreastStroke
v_BreastStroke_g25_c01,5,0,0,kid,BreastStroke
v_BrushingTeeth_g01_c01,4,1,0,kid,BrushingTeeth
v_BrushingTeeth_g13_c03,1,4,0,young,BrushingTeeth
v_BrushingTeeth_g17_c01,5,0,0,kid,BrushingTeeth
v_BrushingTeeth_g17_c02,3,2,0,kid,BrushingTeeth
v_BrushingTeeth_g19_c02,2,3,0,young,BrushingTeeth
v_BrushingTeeth_g24_c05,1,4,0,young,BrushingTeeth
v_BrushingTeeth_g24_c06,1,4,0,young,BrushingTeeth
v_BrushingTeeth_g24_c07,0,5,0,young,BrushingTeeth
v_CleanAndJerk_g01_c01,0,1,4,old,CleanAndJerk
v_CleanAndJerk_g01_c03,2,2,1,uncertain,CleanAndJerk
v_CleanAndJerk_g01_c05,2,0,3,old,CleanAndJerk
v_CleanAndJerk_g03_c01,0,5,0,young,CleanAndJerk
v_CleanAndJerk_g03_c05,0,5,0,young,CleanAndJerk
v_CleanAndJerk_g05_c03,0,0,5,old,CleanAndJerk
v_CleanAndJerk_g07_c03,0,1,4,old,CleanAndJerk
v_CleanAndJerk_g07_c05,0,1,4,old,CleanAndJerk
v_CleanAndJerk_g08_c04,0,1,4,old,CleanAndJerk
v_CleanAndJerk_g10_c02,2,2,1,uncertain,CleanAndJerk
v_CleanAndJerk_g10_c04,2,1,2,uncertain,CleanAndJerk
v_CleanAndJerk_g12_c01,2,3,0,young,CleanAndJerk
v_CleanAndJerk_g12_c03,4,0,1,kid,CleanAndJerk
v_CleanAndJerk_g12_c05,3,0,2,kid,CleanAndJerk
v_CleanAndJerk_g12_c06,1,2,2,uncertain,CleanAndJerk
v_CleanAndJerk_g13_c02,3,1,1,kid,CleanAndJerk
v_CleanAndJerk_g13_c03,1,1,3,old,CleanAndJerk
v_CleanAndJerk_g15_c02,0,3,2,young,CleanAndJerk
v_CleanAndJerk_g17_c02,0,4,1,young,CleanAndJerk
v_CleanAndJerk_g18_c01,0,2,3,old,CleanAndJerk
v_CleanAndJerk_g19_c02,0,5,0,young,CleanAndJerk
v_CleanAndJerk_g20_c01,2,3,0,young,CleanAndJerk
v_CleanAndJerk_g20_c02,2,3,0,young,CleanAndJerk
v_CleanAndJerk_g20_c05,1,2,2,uncertain,CleanAndJerk
v_CleanAndJerk_g22_c04,0,0,5,old,CleanAndJerk
v_CleanAndJerk_g23_c03,2,3,0,young,CleanAndJerk
v_CleanAndJerk_g23_c04,2,3,0,young,CleanAndJerk
v_CleanAndJerk_g24_c04,0,2,3,old,CleanAndJerk
v_CliffDiving_g03_c03,1,4,0,young,CliffDiving
v_CliffDiving_g05_c02,1,4,0,young,CliffDiving
v_CliffDiving_g05_c07,1,4,0,young,CliffDiving
v_CliffDiving_g06_c01,2,3,0,young,CliffDiving
v_CliffDiving_g06_c03,2,2,1,uncertain,CliffDiving
v_CliffDiving_g06_c05,0,4,1,young,CliffDiving
v_CliffDiving_g07_c03,1,2,2,uncertain,CliffDiving
v_CliffDiving_g10_c02,2,0,3,old,CliffDiving
v_CliffDiving_g10_c03,2,0,3,old,CliffDiving
v_CliffDiving_g10_c04,0,4,1,young,CliffDiving
v_CliffDiving_g10_c07,0,0,5,old,CliffDiving
v_CliffDiving_g11_c05,0,0,5,old,CliffDiving
v_CliffDiving_g17_c03,2,1,2,uncertain,CliffDiving
v_CliffDiving_g20_c01,2,0,3,old,CliffDiving
v_CliffDiving_g22_c02,2,0,3,old,CliffDiving
v_CliffDiving_g23_c03,2,0,3,old,CliffDiving
v_CricketBowling_g02_c04,0,1,4,old,CricketBowling
v_CricketBowling_g02_c06,0,0,5,old,CricketBowling
v_CricketBowling_g03_c01,2,0,3,old,CricketBowling
v_CricketBowling_g05_c04,4,0,1,kid,CricketBowling
v_CricketBowling_g06_c02,2,1,2,uncertain,CricketBowling
v_CricketBowling_g06_c05,5,0,0,kid,CricketBowling
v_CricketBowling_g07_c03,1,2,2,uncertain,CricketBowling
v_CricketBowling_g07_c04,2,3,0,young,CricketBowling
v_CricketBowling_g09_c01,2,2,1,uncertain,CricketBowling
v_CricketBowling_g09_c03,1,2,2,uncertain,CricketBowling
v_CricketBowling_g09_c06,2,2,1,uncertain,CricketBowling
v_CricketBowling_g10_c01,0,5,0,young,CricketBowling
v_CricketBowling_g10_c02,1,4,0,young,CricketBowling
v_CricketBowling_g11_c02,2,3,0,young,CricketBowling
v_CricketBowling_g11_c07,2,3,0,young,CricketBowling
v_CricketBowling_g12_c05,1,4,0,young,CricketBowling
v_CricketBowling_g12_c06,2,3,0,young,CricketBowling
v_CricketBowling_g14_c04,3,2,0,kid,CricketBowling
v_CricketBowling_g14_c05,5,0,0,kid,CricketBowling
v_CricketBowling_g17_c01,2,2,1,uncertain,CricketBowling
v_CricketBowling_g17_c02,0,1,4,old,CricketBowling
v_CricketBowling_g18_c01,4,1,0,kid,CricketBowling
v_CricketBowling_g18_c03,4,1,0,kid,CricketBowling
v_CricketBowling_g19_c03,4,1,0,kid,CricketBowling
v_CricketBowling_g20_c03,4,1,0,kid,CricketBowling
v_CricketBowling_g20_c04,4,1,0,kid,CricketBowling
v_CricketBowling_g21_c02,0,5,0,young,CricketBowling
v_CricketBowling_g21_c05,1,3,1,young,CricketBowling
v_CricketBowling_g23_c02,0,1,4,old,CricketBowling
v_CricketBowling_g23_c03,1,2,2,uncertain,CricketBowling
v_CricketShot_g02_c02,4,1,0,kid,CricketShot
v_CricketShot_g02_c04,3,1,1,kid,CricketShot
v_CricketShot_g02_c06,5,0,0,kid,CricketShot
v_CricketShot_g03_c07,3,2,0,kid,CricketShot
v_CricketShot_g05_c01,2,0,3,old,CricketShot
v_CricketShot_g05_c06,1,2,2,uncertain,CricketShot
v_CricketShot_g05_c07,0,2,3,old,CricketShot
v_CricketShot_g06_c02,3,2,0,kid,CricketShot
v_CricketShot_g07_c02,0,1,4,old,CricketShot
v_CricketShot_g09_c05,0,2,3,old,CricketShot
v_CricketShot_g09_c06,0,3,2,young,CricketShot
v_CricketShot_g09_c07,0,0,5,old,CricketShot
v_CricketShot_g10_c03,2,0,3,old,CricketShot
v_CricketShot_g10_c04,2,0,3,old,CricketShot
v_CricketShot_g10_c07,2,2,1,uncertain,CricketShot
v_CricketShot_g11_c05,3,1,1,kid,CricketShot
v_CricketShot_g12_c01,0,5,0,young,CricketShot
v_CricketShot_g12_c02,0,5,0,young,CricketShot
v_CricketShot_g12_c04,2,2,1,uncertain,CricketShot
v_CricketShot_g12_c05,1,3,1,young,CricketShot
v_CricketShot_g13_c02,2,2,1,uncertain,CricketShot
v_CricketShot_g13_c04,1,2,2,uncertain,CricketShot
v_CricketShot_g13_c05,3,2,0,kid,CricketShot
v_CricketShot_g13_c07,3,0,2,kid,CricketShot
v_CricketShot_g14_c03,1,4,0,young,CricketShot
v_CricketShot_g14_c04,2,3,0,young,CricketShot
v_CricketShot_g14_c07,1,4,0,young,CricketShot
v_CricketShot_g15_c01,1,3,1,young,CricketShot
v_CricketShot_g15_c02,1,2,2,uncertain,CricketShot
v_CricketShot_g15_c05,0,0,5,old,CricketShot
v_CricketShot_g16_c02,2,1,2,uncertain,CricketShot
v_CricketShot_g16_c03,2,1,2,uncertain,CricketShot
v_CricketShot_g16_c04,3,0,2,kid,CricketShot
v_CricketShot_g16_c06,5,0,0,kid,CricketShot
v_CricketShot_g17_c01,2,2,1,uncertain,CricketShot
v_CricketShot_g17_c04,3,0,2,kid,CricketShot
v_CricketShot_g17_c06,4,0,1,kid,CricketShot
v_CricketShot_g18_c01,0,1,4,old,CricketShot
v_CricketShot_g20_c01,2,0,3,old,CricketShot
v_CricketShot_g20_c02,1,3,1,young,CricketShot
v_CricketShot_g20_c03,2,3,0,young,CricketShot
v_CricketShot_g20_c05,2,3,0,young,CricketShot
v_CricketShot_g24_c01,2,3,0,young,CricketShot
v_CricketShot_g24_c03,2,1,2,uncertain,CricketShot
v_CricketShot_g24_c05,1,0,4,old,CricketShot
v_CricketShot_g25_c01,2,1,2,uncertain,CricketShot
v_CricketShot_g25_c02,1,0,4,old,CricketShot
v_CricketShot_g25_c03,2,0,3,old,CricketShot
v_CricketShot_g25_c06,1,2,2,uncertain,CricketShot
v_CuttingInKitchen_g02_c02,2,1,2,uncertain,CuttingInKitchen
v_CuttingInKitchen_g02_c04,4,0,1,kid,CuttingInKitchen
v_CuttingInKitchen_g03_c04,4,0,1,kid,CuttingInKitchen
v_CuttingInKitchen_g04_c03,2,2,1,uncertain,CuttingInKitchen
v_CuttingInKitchen_g05_c01,2,2,1,uncertain,CuttingInKitchen
v_CuttingInKitchen_g05_c02,0,5,0,young,CuttingInKitchen
v_CuttingInKitchen_g05_c05,1,4,0,young,CuttingInKitchen
v_CuttingInKitchen_g06_c01,2,0,3,old,CuttingInKitchen
v_CuttingInKitchen_g11_c01,1,0,4,old,CuttingInKitchen
v_CuttingInKitchen_g11_c02,0,0,5,old,CuttingInKitchen
v_CuttingInKitchen_g12_c01,1,0,4,old,CuttingInKitchen
v_CuttingInKitchen_g18_c01,2,2,1,uncertain,CuttingInKitchen
v_CuttingInKitchen_g18_c03,3,2,0,kid,CuttingInKitchen
v_CuttingInKitchen_g20_c01,1,3,1,young,CuttingInKitchen
v_CuttingInKitchen_g20_c04,1,4,0,young,CuttingInKitchen
v_CuttingInKitchen_g22_c01,2,3,0,young,CuttingInKitchen
v_CuttingInKitchen_g22_c02,2,3,0,young,CuttingInKitchen
v_CuttingInKitchen_g25_c01,0,1,4,old,CuttingInKitchen
v_CuttingInKitchen_g25_c02,1,3,1,young,CuttingInKitchen
v_Diving_g02_c03,1,4,0,young,Diving
v_Diving_g02_c07,2,3,0,young,Diving
v_Diving_g04_c04,2,2,1,uncertain,Diving
v_Diving_g06_c04,2,3,0,young,Diving
v_Diving_g06_c05,2,3,0,young,Diving
v_Diving_g07_c01,2,3,0,young,Diving
v_Diving_g07_c03,0,5,0,young,Diving
v_Diving_g09_c04,1,4,0,young,Diving
v_Diving_g10_c03,2,3,0,young,Diving
v_Diving_g10_c07,1,4,0,young,Diving
v_Diving_g11_c01,2,3,0,young,Diving
v_Diving_g11_c02,1,4,0,young,Diving
v_Diving_g12_c05,1,4,0,young,Diving
v_Diving_g13_c01,1,4,0,young,Diving
v_Diving_g13_c06,0,5,0,young,Diving
v_Diving_g13_c07,0,5,0,young,Diving
v_Diving_g14_c02,2,3,0,young,Diving
v_Diving_g16_c01,5,0,0,kid,Diving
v_Diving_g16_c02,3,2,0,kid,Diving
v_Diving_g17_c03,0,5,0,young,Diving
v_Diving_g17_c04,0,5,0,young,Diving
v_Diving_g18_c03,2,3,0,young,Diving
v_Diving_g21_c06,0,3,2,young,Diving
v_Diving_g22_c03,2,3,0,young,Diving
v_Diving_g23_c02,1,4,0,young,Diving
v_Diving_g23_c04,1,4,0,young,Diving
v_Diving_g23_c05,2,3,0,young,Diving
v_Diving_g24_c01,1,4,0,young,Diving
v_Diving_g24_c02,2,2,1,uncertain,Diving
v_Diving_g24_c04,1,4,0,young,Diving
v_Diving_g24_c07,2,3,0,young,Diving
v_Diving_g25_c01,1,1,3,old,Diving
v_Diving_g25_c04,0,5,0,young,Diving
v_Drumming_g02_c01,2,1,2,uncertain,Drumming
v_Drumming_g02_c04,2,0,3,old,Drumming
v_Drumming_g05_c03,2,3,0,young,Drumming
v_Drumming_g08_c01,2,1,2,uncertain,Drumming
v_Drumming_g08_c04,1,4,0,young,Drumming
v_Drumming_g09_c01,5,0,0,kid,Drumming
v_Drumming_g12_c05,5,0,0,kid,Drumming
v_Drumming_g12_c06,4,1,0,kid,Drumming
v_Drumming_g12_c07,3,2,0,kid,Drumming
v_Drumming_g14_c01,2,0,3,old,Drumming
v_Drumming_g14_c06,1,0,4,old,Drumming
v_Drumming_g16_c02,2,3,0,young,Drumming
v_Drumming_g16_c06,2,3,0,young,Drumming
v_Drumming_g18_c05,1,4,0,young,Drumming
v_Drumming_g19_c03,2,3,0,young,Drumming
v_Drumming_g19_c06,0,5,0,young,Drumming
v_Drumming_g19_c07,0,4,1,young,Drumming
v_Drumming_g22_c01,2,0,3,old,Drumming
v_Drumming_g22_c04,2,0,3,old,Drumming
v_Fencing_g03_c01,1,4,0,young,Fencing
v_Fencing_g03_c02,1,4,0,young,Fencing
v_Fencing_g04_c01,4,1,0,kid,Fencing
v_Fencing_g04_c02,3,2,0,kid,Fencing
v_Fencing_g05_c01,2,3,0,young,Fencing
v_Fencing_g05_c02,2,2,1,uncertain,Fencing
v_Fencing_g08_c03,2,0,3,old,Fencing
v_Fencing_g08_c04,1,1,3,old,Fencing
v_Fencing_g10_c05,2,3,0,young,Fencing
v_Fencing_g11_c04,2,3,0,young,Fencing
v_Fencing_g13_c04,2,3,0,young,Fencing
v_Fencing_g14_c02,2,3,0,young,Fencing
v_Fencing_g17_c04,1,4,0,young,Fencing
v_Fencing_g22_c02,3,2,0,kid,Fencing
v_Fencing_g24_c03,2,3,0,young,Fencing
v_FieldHockeyPenalty_g01_c01,1,1,3,old,FieldHockeyPenalty
v_FieldHockeyPenalty_g01_c05,2,0,3,old,FieldHockeyPenalty
v_FieldHockeyPenalty_g03_c02,0,5,0,young,FieldHockeyPenalty
v_FieldHockeyPenalty_g04_c05,3,0,2,kid,FieldHockeyPenalty
v_FieldHockeyPenalty_g05_c04,1,0,4,old,FieldHockeyPenalty
v_FieldHockeyPenalty_g07_c01,0,0,5,old,FieldHockeyPenalty
v_FieldHockeyPenalty_g08_c01,0,3,2,young,FieldHockeyPenalty
v_FieldHockeyPenalty_g09_c03,0,0,5,old,FieldHockeyPenalty
v_FieldHockeyPenalty_g09_c05,1,0,4,old,FieldHockeyPenalty
v_FieldHockeyPenalty_g10_c06,3,0,2,kid,FieldHockeyPenalty
v_FieldHockeyPenalty_g13_c04,5,0,0,kid,FieldHockeyPenalty
v_FieldHockeyPenalty_g15_c02,3,2,0,kid,FieldHockeyPenalty
v_FieldHockeyPenalty_g15_c04,2,2,1,uncertain,FieldHockeyPenalty
v_FieldHockeyPenalty_g16_c03,0,4,1,young,FieldHockeyPenalty
v_FieldHockeyPenalty_g17_c02,1,0,4,old,FieldHockeyPenalty
v_FieldHockeyPenalty_g17_c03,1,0,4,old,FieldHockeyPenalty
v_FieldHockeyPenalty_g19_c04,1,0,4,old,FieldHockeyPenalty
v_FieldHockeyPenalty_g20_c03,5,0,0,kid,FieldHockeyPenalty
v_FieldHockeyPenalty_g22_c02,5,0,0,kid,FieldHockeyPenalty
v_FieldHockeyPenalty_g23_c01,3,0,2,kid,FieldHockeyPenalty
v_FieldHockeyPenalty_g25_c03,0,5,0,young,FieldHockeyPenalty
v_FloorGymnastics_g01_c02,0,3,2,young,FloorGymnastics
v_FloorGymnastics_g02_c03,5,0,0,kid,FloorGymnastics
v_FloorGymnastics_g04_c01,5,0,0,kid,FloorGymnastics
v_FloorGymnastics_g06_c01,2,3,0,young,FloorGymnastics
v_FloorGymnastics_g06_c02,2,3,0,young,FloorGymnastics
v_FloorGymnastics_g06_c03,0,5,0,young,FloorGymnastics
v_FloorGymnastics_g07_c02,1,4,0,young,FloorGymnastics
v_FloorGymnastics_g07_c04,1,4,0,young,FloorGymnastics
v_FloorGymnastics_g07_c07,2,3,0,young,FloorGymnastics
v_FloorGymnastics_g11_c03,1,4,0,young,FloorGymnastics
v_FloorGymnastics_g12_c01,1,4,0,young,FloorGymnastics
v_FloorGymnastics_g12_c03,2,3,0,young,FloorGymnastics
v_FloorGymnastics_g12_c04,2,2,1,uncertain,FloorGymnastics
v_FloorGymnastics_g12_c05,2,0,3,old,FloorGymnastics
v_FloorGymnastics_g13_c04,2,0,3,old,FloorGymnastics
v_FloorGymnastics_g14_c02,2,2,1,uncertain,FloorGymnastics
v_FloorGymnastics_g15_c01,4,1,0,kid,FloorGymnastics
v_FloorGymnastics_g15_c02,3,2,0,kid,FloorGymnastics
v_FloorGymnastics_g15_c03,2,2,1,uncertain,FloorGymnastics
v_FloorGymnastics_g16_c04,2,2,1,uncertain,FloorGymnastics
v_FloorGymnastics_g17_c06,2,0,3,old,FloorGymnastics
v_FloorGymnastics_g18_c03,1,2,2,uncertain,FloorGymnastics
v_FloorGymnastics_g18_c04,3,0,2,kid,FloorGymnastics
v_FloorGymnastics_g18_c06,0,4,1,young,FloorGymnastics
v_FloorGymnastics_g18_c07,2,2,1,uncertain,FloorGymnastics
v_FloorGymnastics_g19_c03,3,2,0,kid,FloorGymnastics
v_FloorGymnastics_g19_c04,2,2,1,uncertain,FloorGymnastics
v_FloorGymnastics_g20_c02,1,0,4,old,FloorGymnastics
v_FloorGymnastics_g21_c04,1,4,0,young,FloorGymnastics
v_FloorGymnastics_g22_c04,3,2,0,kid,FloorGymnastics
v_FloorGymnastics_g24_c04,2,1,2,uncertain,FloorGymnastics
v_FloorGymnastics_g25_c04,0,5,0,young,FloorGymnastics
v_FrisbeeCatch_g02_c01,1,4,0,young,FrisbeeCatch
v_FrisbeeCatch_g03_c01,5,0,0,kid,FrisbeeCatch
v_FrisbeeCatch_g03_c02,4,1,0,kid,FrisbeeCatch
v_FrisbeeCatch_g05_c01,1,2,2,uncertain,FrisbeeCatch
v_FrisbeeCatch_g05_c04,3,1,1,kid,FrisbeeCatch
v_FrisbeeCatch_g07_c05,2,2,1,uncertain,FrisbeeCatch
v_FrisbeeCatch_g08_c04,0,3,2,young,FrisbeeCatch
v_FrisbeeCatch_g08_c05,1,1,3,old,FrisbeeCatch
v_FrisbeeCatch_g09_c01,0,5,0,young,FrisbeeCatch
v_FrisbeeCatch_g09_c05,2,0,3,old,FrisbeeCatch
v_FrisbeeCatch_g13_c02,2,2,1,uncertain,FrisbeeCatch
v_FrisbeeCatch_g13_c04,4,1,0,kid,FrisbeeCatch
v_FrisbeeCatch_g16_c02,2,1,2,uncertain,FrisbeeCatch
v_FrisbeeCatch_g20_c01,2,3,0,young,FrisbeeCatch
v_FrisbeeCatch_g21_c05,2,3,0,young,FrisbeeCatch
v_FrisbeeCatch_g22_c01,2,2,1,uncertain,FrisbeeCatch
v_FrisbeeCatch_g22_c02,2,2,1,uncertain,FrisbeeCatch
v_FrisbeeCatch_g24_c01,2,2,1,uncertain,FrisbeeCatch
v_FrisbeeCatch_g24_c04,4,1,0,kid,FrisbeeCatch
v_FrontCrawl_g02_c04,2,1,2,uncertain,FrontCrawl
v_FrontCrawl_g03_c03,1,4,0,young,FrontCrawl
v_FrontCrawl_g03_c06,1,3,1,young,FrontCrawl
v_FrontCrawl_g04_c03,5,0,0,kid,FrontCrawl
v_FrontCrawl_g04_c04,5,0,0,kid,FrontCrawl
v_FrontCrawl_g04_c07,4,1,0,kid,FrontCrawl
v_FrontCrawl_g05_c04,2,3,0,young,FrontCrawl
v_FrontCrawl_g06_c01,1,4,0,young,FrontCrawl
v_FrontCrawl_g06_c03,2,3,0,young,FrontCrawl
v_FrontCrawl_g07_c03,1,1,3,old,FrontCrawl
v_FrontCrawl_g07_c04,1,4,0,young,FrontCrawl
v_FrontCrawl_g07_c07,1,4,0,young,FrontCrawl
v_FrontCrawl_g08_c02,1,1,3,old,FrontCrawl
v_FrontCrawl_g08_c03,0,2,3,old,FrontCrawl
v_FrontCrawl_g09_c01,2,3,0,young,FrontCrawl
v_FrontCrawl_g09_c03,2,1,2,uncertain,FrontCrawl
v_FrontCrawl_g09_c04,0,3,2,young,FrontCrawl
v_FrontCrawl_g10_c02,3,2,0,kid,FrontCrawl
v_FrontCrawl_g11_c05,2,3,0,young,FrontCrawl
v_FrontCrawl_g13_c01,0,5,0,young,FrontCrawl
v_FrontCrawl_g13_c02,1,4,0,young,FrontCrawl
v_FrontCrawl_g14_c01,0,3,2,young,FrontCrawl
v_FrontCrawl_g14_c02,0,4,1,young,FrontCrawl
v_FrontCrawl_g14_c03,0,5,0,young,FrontCrawl
v_FrontCrawl_g17_c05,3,2,0,kid,FrontCrawl
v_FrontCrawl_g18_c03,3,2,0,kid,FrontCrawl
v_FrontCrawl_g18_c05,4,1,0,kid,FrontCrawl
v_FrontCrawl_g20_c05,2,3,0,young,FrontCrawl
v_FrontCrawl_g20_c06,1,2,2,uncertain,FrontCrawl
v_FrontCrawl_g21_c02,2,1,2,uncertain,FrontCrawl
v_FrontCrawl_g23_c02,2,3,0,young,FrontCrawl
v_FrontCrawl_g24_c02,3,2,0,kid,FrontCrawl
v_GolfSwing_g01_c05,0,2,3,old,GolfSwing
v_GolfSwing_g02_c01,0,5,0,young,GolfSwing
v_GolfSwing_g02_c04,2,1,2,uncertain,GolfSwing
v_GolfSwing_g04_c01,0,1,4,old,GolfSwing
v_GolfSwing_g04_c02,1,1,3,old,GolfSwing
v_GolfSwing_g05_c04,1,2,2,uncertain,GolfSwing
v_GolfSwing_g05_c05,0,3,2,young,GolfSwing
v_GolfSwing_g06_c03,1,4,0,young,GolfSwing
v_GolfSwing_g07_c04,0,4,1,young,GolfSwing
v_GolfSwing_g08_c06,3,2,0,kid,GolfSwing
v_GolfSwing_g10_c01,0,2,3,old,GolfSwing
v_GolfSwing_g10_c03,1,4,0,young,GolfSwing
v_GolfSwing_g10_c04,2,2,1,uncertain,GolfSwing
v_GolfSwing_g11_c05,1,3,1,young,GolfSwing
v_GolfSwing_g12_c01,0,5,0,young,GolfSwing
v_GolfSwing_g12_c04,2,2,1,uncertain,GolfSwing
v_GolfSwing_g13_c02,0,2,3,old,GolfSwing
v_GolfSwing_g14_c02,1,2,2,uncertain,GolfSwing
v_GolfSwing_g15_c01,0,2,3,old,GolfSwing
v_GolfSwing_g15_c03,3,1,1,kid,GolfSwing
v_GolfSwing_g17_c05,0,5,0,young,GolfSwing
v_GolfSwing_g17_c06,0,5,0,young,GolfSwing
v_GolfSwing_g17_c07,0,5,0,young,GolfSwing
v_GolfSwing_g18_c01,1,0,4,old,GolfSwing
v_GolfSwing_g18_c04,1,1,3,old,GolfSwing
v_GolfSwing_g18_c06,4,0,1,kid,GolfSwing
v_GolfSwing_g19_c02,2,1,2,uncertain,GolfSwing
v_GolfSwing_g19_c04,0,3,2,young,GolfSwing
v_GolfSwing_g19_c05,0,4,1,young,GolfSwing
v_GolfSwing_g20_c02,0,4,1,young,GolfSwing
v_GolfSwing_g20_c05,1,2,2,uncertain,GolfSwing
v_GolfSwing_g20_c06,0,4,1,young,GolfSwing
v_GolfSwing_g21_c03,0,4,1,young,GolfSwing
v_GolfSwing_g21_c04,1,4,0,young,GolfSwing
v_GolfSwing_g21_c05,1,2,2,uncertain,GolfSwing
v_GolfSwing_g22_c01,0,3,2,young,GolfSwing
v_GolfSwing_g22_c02,0,4,1,young,GolfSwing
v_GolfSwing_g22_c03,0,3,2,young,GolfSwing
v_GolfSwing_g23_c05,0,2,3,old,GolfSwing
v_GolfSwing_g23_c07,0,2,3,old,GolfSwing
v_GolfSwing_g24_c05,0,1,4,old,GolfSwing
v_GolfSwing_g24_c06,0,2,3,old,GolfSwing
v_GolfSwing_g24_c07,0,0,5,old,GolfSwing
v_GolfSwing_g25_c02,0,0,5,old,GolfSwing
v_GolfSwing_g25_c06,0,0,5,old,GolfSwing
v_GolfSwing_g25_c07,0,1,4,old,GolfSwing
v_Haircut_g01_c03,0,2,3,old,Haircut
v_Haircut_g06_c04,0,1,4,old,Haircut
v_Haircut_g14_c01,3,2,0,kid,Haircut
v_Haircut_g17_c02,3,2,0,kid,Haircut
v_Haircut_g21_c04,0,2,3,old,Haircut
v_Haircut_g25_c02,0,1,4,old,Haircut
v_HammerThrow_g02_c03,2,3,0,young,HammerThrow
v_HammerThrow_g02_c06,1,2,2,uncertain,HammerThrow
v_HammerThrow_g02_c07,2,3,0,young,HammerThrow
v_HammerThrow_g03_c01,2,2,1,uncertain,HammerThrow
v_HammerThrow_g03_c02,1,3,1,young,HammerThrow
v_HammerThrow_g03_c03,1,2,2,uncertain,HammerThrow
v_HammerThrow_g03_c04,0,4,1,young,HammerThrow
v_HammerThrow_g03_c05,1,0,4,old,HammerThrow
v_HammerThrow_g04_c02,4,1,0,kid,HammerThrow
v_HammerThrow_g04_c05,4,1,0,kid,HammerThrow
v_HammerThrow_g04_c07,4,1,0,kid,HammerThrow
v_HammerThrow_g05_c06,1,4,0,young,HammerThrow
v_HammerThrow_g08_c02,2,3,0,young,HammerThrow
v_HammerThrow_g08_c04,2,2,1,uncertain,HammerThrow
v_HammerThrow_g08_c06,1,4,0,young,HammerThrow
v_HammerThrow_g10_c01,1,4,0,young,HammerThrow
v_HammerThrow_g10_c03,2,3,0,young,HammerThrow
v_HammerThrow_g10_c05,2,3,0,young,HammerThrow
v_HammerThrow_g14_c06,2,3,0,young,HammerThrow
v_HammerThrow_g15_c01,1,3,1,young,HammerThrow
v_HammerThrow_g15_c03,1,3,1,young,HammerThrow
v_HammerThrow_g17_c04,3,2,0,kid,HammerThrow
v_HammerThrow_g18_c01,1,4,0,young,HammerThrow
v_HammerThrow_g21_c03,1,3,1,young,HammerThrow
v_HammerThrow_g21_c04,2,3,0,young,HammerThrow
v_HammerThrow_g22_c04,2,3,0,young,HammerThrow
v_HammerThrow_g22_c05,2,3,0,young,HammerThrow
v_HammerThrow_g23_c03,1,4,0,young,HammerThrow
v_HammerThrow_g23_c07,1,3,1,young,HammerThrow
v_HammerThrow_g24_c03,2,3,0,young,HammerThrow
v_HammerThrow_g25_c03,0,5,0,young,HammerThrow
v_Hammering_g04_c03,3,2,0,kid,Hammering
v_Hammering_g04_c05,5,0,0,kid,Hammering
v_Hammering_g08_c02,4,1,0,kid,Hammering
v_Hammering_g08_c03,1,3,1,young,Hammering
v_Hammering_g12_c04,0,1,4,old,Hammering
v_Hammering_g12_c05,1,0,4,old,Hammering
v_Hammering_g13_c01,2,2,1,uncertain,Hammering
v_Hammering_g13_c05,0,1,4,old,Hammering
v_Hammering_g13_c06,2,1,2,uncertain,Hammering
v_Hammering_g13_c07,0,0,5,old,Hammering
v_Hammering_g14_c01,0,1,4,old,Hammering
v_Hammering_g15_c04,0,3,2,young,Hammering
v_Hammering_g15_c06,0,3,2,young,Hammering
v_Hammering_g18_c01,0,0,5,old,Hammering
v_Hammering_g18_c02,2,0,3,old,Hammering
v_Hammering_g18_c05,3,1,1,kid,Hammering
v_Hammering_g18_c06,2,2,1,uncertain,Hammering
v_Hammering_g19_c03,0,5,0,young,Hammering
v_Hammering_g19_c04,1,2,2,uncertain,Hammering
v_Hammering_g22_c06,3,2,0,kid,Hammering
v_Hammering_g23_c01,3,2,0,kid,Hammering
v_Hammering_g24_c01,2,1,2,uncertain,Hammering
v_Hammering_g24_c02,0,3,2,young,Hammering
v_Hammering_g24_c03,0,3,2,young,Hammering
v_HandstandPushups_g01_c03,1,2,2,uncertain,HandstandPushups
v_HandstandPushups_g02_c01,3,2,0,kid,HandstandPushups
v_HandstandPushups_g09_c03,2,3,0,young,HandstandPushups
v_HandstandPushups_g14_c03,0,2,3,old,HandstandPushups
v_HandstandPushups_g22_c03,0,5,0,young,HandstandPushups
v_HandstandPushups_g22_c04,0,5,0,young,HandstandPushups
v_HandstandWalking_g01_c01,2,3,0,young,HandstandWalking
v_HandstandWalking_g01_c04,0,5,0,young,HandstandWalking
v_HandstandWalking_g02_c04,2,3,0,young,HandstandWalking
v_HandstandWalking_g03_c03,2,3,0,young,HandstandWalking
v_HandstandWalking_g04_c02,5,0,0,kid,HandstandWalking
v_HandstandWalking_g05_c03,1,2,2,uncertain,HandstandWalking
v_HandstandWalking_g05_c04,0,0,5,old,HandstandWalking
v_HandstandWalking_g05_c05,4,0,1,kid,HandstandWalking
v_HandstandWalking_g05_c06,3,1,1,kid,HandstandWalking
v_HandstandWalking_g06_c01,0,5,0,young,HandstandWalking
v_HandstandWalking_g06_c02,1,4,0,young,HandstandWalking
v_HandstandWalking_g07_c01,2,3,0,young,HandstandWalking
v_HandstandWalking_g07_c03,2,3,0,young,HandstandWalking
v_HandstandWalking_g07_c06,0,5,0,young,HandstandWalking
v_HandstandWalking_g08_c01,3,2,0,kid,HandstandWalking
v_HandstandWalking_g15_c01,4,1,0,kid,HandstandWalking
v_HandstandWalking_g16_c03,4,0,1,kid,HandstandWalking
v_HandstandWalking_g17_c02,1,4,0,young,HandstandWalking
v_HandstandWalking_g17_c04,2,2,1,uncertain,HandstandWalking
v_HandstandWalking_g18_c04,1,4,0,young,HandstandWalking
v_HandstandWalking_g18_c07,2,3,0,young,HandstandWalking
v_HandstandWalking_g20_c02,1,4,0,young,HandstandWalking
v_HandstandWalking_g21_c04,4,1,0,kid,HandstandWalking
v_HandstandWalking_g25_c01,0,0,5,old,HandstandWalking
v_HandstandWalking_g25_c04,4,1,0,kid,HandstandWalking
v_HeadMassage_g02_c03,0,4,1,young,HeadMassage
v_HeadMassage_g02_c04,0,5,0,young,HeadMassage
v_HeadMassage_g02_c05,0,3,2,young,HeadMassage
v_HeadMassage_g05_c01,1,0,4,old,HeadMassage
v_HeadMassage_g05_c02,2,0,3,old,HeadMassage
v_HeadMassage_g07_c02,0,5,0,young,HeadMassage
v_HeadMassage_g07_c03,0,2,3,old,HeadMassage
v_HeadMassage_g07_c04,0,1,4,old,HeadMassage
v_HeadMassage_g08_c01,2,1,2,uncertain,HeadMassage
v_HeadMassage_g08_c04,0,3,2,young,HeadMassage
v_HeadMassage_g08_c06,1,3,1,young,HeadMassage
v_HeadMassage_g08_c07,1,3,1,young,HeadMassage
v_HeadMassage_g09_c01,2,3,0,young,HeadMassage
v_HeadMassage_g09_c04,0,2,3,old,HeadMassage
v_HeadMassage_g10_c03,2,2,1,uncertain,HeadMassage
v_HeadMassage_g10_c04,1,3,1,young,HeadMassage
v_HeadMassage_g11_c01,1,3,1,young,HeadMassage
v_HeadMassage_g11_c03,0,3,2,young,HeadMassage
v_HeadMassage_g11_c04,0,4,1,young,HeadMassage
v_HeadMassage_g11_c05,4,0,1,kid,HeadMassage
v_HeadMassage_g12_c04,3,2,0,kid,HeadMassage
v_HeadMassage_g15_c01,0,5,0,young,HeadMassage
v_HeadMassage_g15_c03,0,3,2,young,HeadMassage
v_HeadMassage_g15_c07,0,5,0,young,HeadMassage
v_HeadMassage_g18_c01,1,4,0,young,HeadMassage
v_HeadMassage_g18_c06,0,5,0,young,HeadMassage
v_HeadMassage_g18_c07,1,4,0,young,HeadMassage
v_HeadMassage_g19_c02,0,4,1,young,HeadMassage
v_HeadMassage_g19_c03,0,5,0,young,HeadMassage
v_HeadMassage_g21_c05,1,2,2,uncertain,HeadMassage
v_HighJump_g10_c03,1,3,1,young,HighJump
v_HighJump_g15_c02,0,1,4,old,HighJump
v_HighJump_g15_c03,2,1,2,uncertain,HighJump
v_HighJump_g18_c01,5,0,0,kid,HighJump
v_HighJump_g18_c02,2,2,1,uncertain,HighJump
v_HighJump_g19_c04,0,5,0,young,HighJump
v_HighJump_g20_c01,2,3,0,young,HighJump
v_HighJump_g24_c02,1,4,0,young,HighJump
v_HighJump_g25_c02,2,3,0,young,HighJump
v_HighJump_g25_c03,1,4,0,young,HighJump
v_HorseRace_g04_c02,2,0,3,old,HorseRace
v_HorseRace_g08_c02,2,3,0,young,HorseRace
v_HorseRace_g09_c01,1,4,0,young,HorseRace
v_HorseRace_g09_c03,2,3,0,young,HorseRace
v_HorseRace_g10_c02,2,2,1,uncertain,HorseRace
v_HorseRace_g12_c01,1,4,0,young,HorseRace
v_HorseRace_g12_c03,0,5,0,young,HorseRace
v_HorseRace_g13_c02,2,2,1,uncertain,HorseRace
v_HorseRace_g15_c01,2,3,0,young,HorseRace
v_HorseRace_g15_c03,1,4,0,young,HorseRace
v_HorseRace_g17_c01,2,1,2,uncertain,HorseRace
v_HorseRace_g17_c02,2,3,0,young,HorseRace
v_HorseRace_g17_c03,0,2,3,old,HorseRace
v_HorseRace_g20_c02,2,0,3,old,HorseRace
v_HorseRace_g22_c03,0,5,0,young,HorseRace
v_HorseRace_g22_c04,0,5,0,young,HorseRace
v_HorseRace_g23_c02,1,0,4,old,HorseRace
v_HorseRiding_g01_c01,1,4,0,young,HorseRiding
v_HorseRiding_g01_c06,0,5,0,young,HorseRiding
v_HorseRiding_g01_c07,1,4,0,young,HorseRiding
v_HorseRiding_g03_c01,2,3,0,young,HorseRiding
v_HorseRiding_g04_c05,1,4,0,young,HorseRiding
v_HorseRiding_g04_c07,2,3,0,young,HorseRiding
v_HorseRiding_g05_c04,2,3,0,young,HorseRiding
v_HorseRiding_g05_c05,1,3,1,young,HorseRiding
v_HorseRiding_g05_c07,2,3,0,young,HorseRiding
v_HorseRiding_g06_c03,2,3,0,young,HorseRiding
v_HorseRiding_g06_c05,1,4,0,young,HorseRiding
v_HorseRiding_g06_c07,2,3,0,young,HorseRiding
v_HorseRiding_g07_c01,2,3,0,young,HorseRiding
v_HorseRiding_g07_c03,1,4,0,young,HorseRiding
v_HorseRiding_g07_c07,2,3,0,young,HorseRiding
v_HorseRiding_g09_c05,1,0,4,old,HorseRiding
v_HorseRiding_g09_c06,2,3,0,young,HorseRiding
v_HorseRiding_g10_c03,1,4,0,young,HorseRiding
v_HorseRiding_g10_c04,2,3,0,young,HorseRiding
v_HorseRiding_g11_c07,1,3,1,young,HorseRiding
v_HorseRiding_g12_c01,0,4,1,young,HorseRiding
v_HorseRiding_g12_c07,1,1,3,old,HorseRiding
v_HorseRiding_g13_c01,0,1,4,old,HorseRiding
v_HorseRiding_g13_c02,3,2,0,kid,HorseRiding
v_HorseRiding_g15_c05,2,0,3,old,HorseRiding
v_HorseRiding_g17_c03,3,2,0,kid,HorseRiding
v_HorseRiding_g18_c01,3,2,0,kid,HorseRiding
v_HorseRiding_g18_c02,4,1,0,kid,HorseRiding
v_HorseRiding_g18_c03,1,2,2,uncertain,HorseRiding
v_HorseRiding_g19_c03,1,3,1,young,HorseRiding
v_HorseRiding_g19_c04,2,2,1,uncertain,HorseRiding
v_HorseRiding_g20_c05,2,3,0,young,HorseRiding
v_HorseRiding_g21_c04,2,2,1,uncertain,HorseRiding
v_HorseRiding_g22_c02,2,3,0,young,HorseRiding
v_HorseRiding_g23_c04,1,2,2,uncertain,HorseRiding
v_HorseRiding_g23_c05,2,1,2,uncertain,HorseRiding
v_HorseRiding_g24_c01,5,0,0,kid,HorseRiding
v_HorseRiding_g24_c03,4,0,1,kid,HorseRiding
v_HorseRiding_g24_c06,0,3,2,young,HorseRiding
v_HorseRiding_g25_c01,2,1,2,uncertain,HorseRiding
v_HulaHoop_g03_c03,1,4,0,young,HulaHoop
v_HulaHoop_g03_c05,0,5,0,young,HulaHoop
v_HulaHoop_g04_c01,2,1,2,uncertain,HulaHoop
v_HulaHoop_g04_c03,2,0,3,old,HulaHoop
v_HulaHoop_g04_c04,2,1,2,uncertain,HulaHoop
v_HulaHoop_g05_c01,3,2,0,kid,HulaHoop
v_HulaHoop_g06_c02,2,3,0,young,HulaHoop
v_HulaHoop_g06_c04,0,5,0,young,HulaHoop
v_HulaHoop_g09_c01,5,0,0,kid,HulaHoop
v_HulaHoop_g15_c01,5,0,0,kid,HulaHoop
v_HulaHoop_g15_c05,5,0,0,kid,HulaHoop
v_HulaHoop_g16_c03,2,3,0,young,HulaHoop
v_HulaHoop_g17_c04,0,2,3,old,HulaHoop
v_HulaHoop_g17_c05,0,2,3,old,HulaHoop
v_HulaHoop_g21_c04,3,2,0,kid,HulaHoop
v_HulaHoop_g22_c01,1,0,4,old,HulaHoop
v_HulaHoop_g22_c03,2,2,1,uncertain,HulaHoop
v_HulaHoop_g25_c03,3,1,1,kid,HulaHoop
v_IceDancing_g01_c01,4,1,0,kid,IceDancing
v_IceDancing_g01_c04,3,1,1,kid,IceDancing
v_IceDancing_g02_c07,3,2,0,kid,IceDancing
v_IceDancing_g03_c02,2,3,0,young,IceDancing
v_IceDancing_g03_c04,1,3,1,young,IceDancing
v_IceDancing_g04_c02,1,2,2,uncertain,IceDancing
v_IceDancing_g05_c02,2,3,0,young,IceDancing
v_IceDancing_g06_c06,1,4,0,young,IceDancing
v_IceDancing_g08_c06,3,2,0,kid,IceDancing
v_IceDancing_g08_c07,2,2,1,uncertain,IceDancing
v_IceDancing_g09_c03,1,4,0,young,IceDancing
v_IceDancing_g09_c04,2,3,0,young,IceDancing
v_IceDancing_g09_c05,2,3,0,young,IceDancing
v_IceDancing_g10_c02,3,2,0,kid,IceDancing
v_IceDancing_g10_c03,4,0,1,kid,IceDancing
v_IceDancing_g10_c05,4,1,0,kid,IceDancing
v_IceDancing_g11_c04,2,0,3,old,IceDancing
v_IceDancing_g12_c01,2,2,1,uncertain,IceDancing
v_IceDancing_g12_c05,2,1,2,uncertain,IceDancing
v_IceDancing_g12_c07,1,3,1,young,IceDancing
v_IceDancing_g14_c06,1,1,3,old,IceDancing
v_IceDancing_g15_c01,2,3,0,young,IceDancing
v_IceDancing_g16_c01,1,3,1,young,IceDancing
v_IceDancing_g16_c03,2,0,3,old,IceDancing
v_IceDancing_g16_c04,2,2,1,uncertain,IceDancing
v_IceDancing_g17_c01,5,0,0,kid,IceDancing
v_IceDancing_g17_c05,4,1,0,kid,IceDancing
v_IceDancing_g18_c02,2,2,1,uncertain,IceDancing
v_IceDancing_g19_c02,2,1,2,uncertain,IceDancing
v_IceDancing_g19_c06,0,0,5,old,IceDancing
v_IceDancing_g20_c01,1,4,0,young,IceDancing
v_IceDancing_g20_c05,2,3,0,young,IceDancing
v_IceDancing_g20_c06,2,3,0,young,IceDancing
v_IceDancing_g22_c01,1,4,0,young,IceDancing
v_IceDancing_g22_c06,2,3,0,young,IceDancing
v_IceDancing_g23_c01,2,3,0,young,IceDancing
v_IceDancing_g23_c05,2,3,0,young,IceDancing
v_IceDancing_g24_c05,1,4,0,young,IceDancing
v_IceDancing_g25_c01,3,2,0,kid,IceDancing
v_IceDancing_g25_c02,3,2,0,kid,IceDancing
v_IceDancing_g25_c05,2,1,2,uncertain,IceDancing
v_IceDancing_g25_c07,2,2,1,uncertain,IceDancing
v_JavelinThrow_g01_c01,0,5,0,young,JavelinThrow
v_JavelinThrow_g01_c02,1,4,0,young,JavelinThrow
v_JavelinThrow_g02_c01,1,4,0,young,JavelinThrow
v_JavelinThrow_g02_c02,1,4,0,young,JavelinThrow
v_JavelinThrow_g03_c02,2,3,0,young,JavelinThrow
v_JavelinThrow_g06_c02,2,3,0,young,JavelinThrow
v_JavelinThrow_g06_c04,2,3,0,young,JavelinThrow
v_JavelinThrow_g07_c03,2,1,2,uncertain,JavelinThrow
v_JavelinThrow_g09_c01,2,1,2,uncertain,JavelinThrow
v_JavelinThrow_g10_c01,0,2,3,old,JavelinThrow
v_JavelinThrow_g10_c02,0,5,0,young,JavelinThrow
v_JavelinThrow_g12_c01,0,5,0,young,JavelinThrow
v_JavelinThrow_g13_c03,0,4,1,young,JavelinThrow
v_JavelinThrow_g16_c01,5,0,0,kid,JavelinThrow
v_JavelinThrow_g16_c02,3,2,0,kid,JavelinThrow
v_JavelinThrow_g16_c06,2,2,1,uncertain,JavelinThrow
v_JavelinThrow_g17_c04,1,4,0,young,JavelinThrow
v_JavelinThrow_g20_c01,0,5,0,young,JavelinThrow
v_JavelinThrow_g20_c02,2,0,3,old,JavelinThrow
v_JavelinThrow_g21_c02,2,3,0,young,JavelinThrow
v_JavelinThrow_g21_c04,2,3,0,young,JavelinThrow
v_JavelinThrow_g22_c03,2,0,3,old,JavelinThrow
v_JavelinThrow_g22_c04,2,1,2,uncertain,JavelinThrow
v_JavelinThrow_g23_c05,2,3,0,young,JavelinThrow
v_JavelinThrow_g25_c03,2,3,0,young,JavelinThrow
v_JavelinThrow_g25_c04,1,4,0,young,JavelinThrow
v_JugglingBalls_g01_c04,3,2,0,kid,JugglingBalls
v_JugglingBalls_g09_c02,1,2,2,uncertain,JugglingBalls
v_JugglingBalls_g09_c04,0,2,3,old,JugglingBalls
v_JugglingBalls_g17_c04,3,2,0,kid,JugglingBalls
v_JugglingBalls_g22_c01,0,2,3,old,JugglingBalls
v_JugglingBalls_g22_c04,0,2,3,old,JugglingBalls
v_JugglingBalls_g25_c01,1,2,2,uncertain,JugglingBalls
v_JumpRope_g01_c04,3,2,0,kid,JumpRope
v_JumpRope_g02_c07,3,2,0,kid,JumpRope
v_JumpRope_g04_c04,2,2,1,uncertain,JumpRope
v_JumpRope_g04_c05,0,4,1,young,JumpRope
v_JumpRope_g04_c06,3,0,2,kid,JumpRope
v_JumpRope_g04_c07,1,4,0,young,JumpRope
v_JumpRope_g06_c05,0,1,4,old,JumpRope
v_JumpRope_g08_c07,3,0,2,kid,JumpRope
v_JumpRope_g09_c04,0,2,3,old,JumpRope
v_JumpRope_g10_c01,1,4,0,young,JumpRope
v_JumpRope_g10_c04,2,3,0,young,JumpRope
v_JumpRope_g11_c02,4,1,0,kid,JumpRope
v_JumpRope_g11_c03,5,0,0,kid,JumpRope
v_JumpRope_g11_c05,3,2,0,kid,JumpRope
v_JumpRope_g14_c03,1,2,2,uncertain,JumpRope
v_JumpRope_g15_c01,2,1,2,uncertain,JumpRope
v_JumpRope_g15_c02,3,0,2,kid,JumpRope
v_JumpRope_g15_c05,5,0,0,kid,JumpRope
v_JumpRope_g16_c01,1,3,1,young,JumpRope
v_JumpRope_g16_c04,0,3,2,young,JumpRope
v_JumpRope_g16_c07,0,3,2,young,JumpRope
v_JumpRope_g18_c01,2,3,0,young,JumpRope
v_JumpRope_g18_c05,2,1,2,uncertain,JumpRope
v_JumpRope_g20_c06,3,1,1,kid,JumpRope
v_JumpRope_g23_c05,2,2,1,uncertain,JumpRope
v_JumpingJack_g01_c04,0,3,2,young,JumpingJack
v_JumpingJack_g01_c05,0,3,2,young,JumpingJack
v_JumpingJack_g04_c02,0,3,2,young,JumpingJack
v_JumpingJack_g05_c06,0,0,5,old,JumpingJack
v_JumpingJack_g06_c01,1,4,0,young,JumpingJack
v_JumpingJack_g06_c02,1,4,0,young,JumpingJack
v_JumpingJack_g06_c03,1,0,4,old,JumpingJack
v_JumpingJack_g06_c06,1,4,0,young,JumpingJack
v_JumpingJack_g08_c01,2,3,0,young,JumpingJack
v_JumpingJack_g08_c02,1,0,4,old,JumpingJack
v_JumpingJack_g09_c07,3,2,0,kid,JumpingJack
v_JumpingJack_g12_c01,2,0,3,old,JumpingJack
v_JumpingJack_g12_c03,2,0,3,old,JumpingJack
v_JumpingJack_g13_c01,5,0,0,kid,JumpingJack
v_JumpingJack_g13_c02,0,3,2,young,JumpingJack
v_JumpingJack_g13_c04,1,2,2,uncertain,JumpingJack
v_JumpingJack_g15_c04,1,2,2,uncertain,JumpingJack
v_JumpingJack_g16_c04,2,2,1,uncertain,JumpingJack
v_JumpingJack_g17_c01,2,3,0,young,JumpingJack
v_JumpingJack_g17_c02,0,4,1,young,JumpingJack
v_JumpingJack_g19_c05,4,1,0,kid,JumpingJack
v_JumpingJack_g19_c06,5,0,0,kid,JumpingJack
v_JumpingJack_g19_c07,2,2,1,uncertain,JumpingJack
v_JumpingJack_g21_c03,0,4,1,young,JumpingJack
v_JumpingJack_g22_c01,1,3,1,young,JumpingJack
v_JumpingJack_g22_c02,2,3,0,young,JumpingJack
v_JumpingJack_g23_c02,1,4,0,young,JumpingJack
v_JumpingJack_g23_c03,2,3,0,young,JumpingJack
v_Kayaking_g01_c01,0,3,2,young,Kayaking
v_Kayaking_g01_c03,0,4,1,young,Kayaking
v_Kayaking_g01_c06,0,3,2,young,Kayaking
v_Kayaking_g03_c03,3,2,0,kid,Kayaking
v_Kayaking_g04_c01,2,2,1,uncertain,Kayaking
v_Kayaking_g05_c01,0,5,0,young,Kayaking
v_Kayaking_g05_c04,0,5,0,young,Kayaking
v_Kayaking_g06_c03,0,2,3,old,Kayaking
v_Kayaking_g06_c04,1,0,4,old,Kayaking
v_Kayaking_g06_c06,2,2,1,uncertain,Kayaking
v_Kayaking_g06_c07,2,2,1,uncertain,Kayaking
v_Kayaking_g07_c01,4,1,0,kid,Kayaking
v_Kayaking_g08_c03,1,1,3,old,Kayaking
v_Kayaking_g08_c04,1,2,2,uncertain,Kayaking
v_Kayaking_g08_c06,3,1,1,kid,Kayaking
v_Kayaking_g09_c04,3,1,1,kid,Kayaking
v_Kayaking_g09_c06,3,2,0,kid,Kayaking
v_Kayaking_g10_c03,2,2,1,uncertain,Kayaking
v_Kayaking_g11_c01,4,1,0,kid,Kayaking
v_Kayaking_g11_c05,1,2,2,uncertain,Kayaking
v_Kayaking_g11_c07,3,2,0,kid,Kayaking
v_Kayaking_g12_c02,0,4,1,young,Kayaking
v_Kayaking_g12_c04,2,1,2,uncertain,Kayaking
v_Kayaking_g13_c01,1,4,0,young,Kayaking
v_Kayaking_g13_c04,1,1,3,old,Kayaking
v_Kayaking_g15_c03,2,3,0,young,Kayaking
v_Kayaking_g15_c07,2,3,0,young,Kayaking
v_Kayaking_g16_c05,4,0,1,kid,Kayaking
v_Kayaking_g16_c06,4,1,0,kid,Kayaking
v_Kayaking_g17_c04,0,3,2,young,Kayaking
v_Kayaking_g17_c05,0,3,2,young,Kayaking
v_Kayaking_g20_c01,0,1,4,old,Kayaking
v_Kayaking_g20_c02,1,0,4,old,Kayaking
v_Kayaking_g20_c06,1,1,3,old,Kayaking
v_Kayaking_g21_c06,1,4,0,young,Kayaking
v_Kayaking_g23_c01,4,0,1,kid,Kayaking
v_Kayaking_g23_c03,3,1,1,kid,Kayaking
v_Kayaking_g24_c04,2,2,1,uncertain,Kayaking
v_Kayaking_g25_c01,3,1,1,kid,Kayaking
v_Knitting_g01_c01,0,3,2,young,Knitting
v_Knitting_g01_c02,4,1,0,kid,Knitting
v_Knitting_g03_c03,1,2,2,uncertain,Knitting
v_Knitting_g06_c04,3,1,1,kid,Knitting
v_Knitting_g07_c03,3,1,1,kid,Knitting
v_Knitting_g07_c04,2,1,2,uncertain,Knitting
v_Knitting_g09_c01,4,1,0,kid,Knitting
v_Knitting_g09_c03,3,0,2,kid,Knitting
v_Knitting_g10_c07,2,0,3,old,Knitting
v_Knitting_g11_c01,3,2,0,kid,Knitting
v_Knitting_g11_c06,5,0,0,kid,Knitting
v_Knitting_g12_c04,2,0,3,old,Knitting
v_Knitting_g13_c04,1,3,1,young,Knitting
v_Knitting_g14_c01,2,3,0,young,Knitting
v_Knitting_g15_c01,3,2,0,kid,Knitting
v_Knitting_g15_c02,4,0,1,kid,Knitting
v_Knitting_g15_c03,4,0,1,kid,Knitting
v_Knitting_g16_c05,1,2,2,uncertain,Knitting
v_Knitting_g20_c02,1,1,3,old,Knitting
v_Knitting_g20_c04,2,2,1,uncertain,Knitting
v_Knitting_g22_c01,1,3,1,young,Knitting
v_Knitting_g23_c01,0,5,0,young,Knitting
v_Knitting_g23_c04,2,3,0,young,Knitting
v_Knitting_g24_c01,2,3,0,young,Knitting
v_Knitting_g24_c04,1,4,0,young,Knitting
v_Knitting_g25_c07,3,0,2,kid,Knitting
v_LongJump_g02_c03,2,3,0,young,LongJump
v_LongJump_g03_c01,1,4,0,young,LongJump
v_LongJump_g03_c02,1,4,0,young,LongJump
v_LongJump_g03_c05,2,3,0,young,LongJump
v_LongJump_g06_c02,2,0,3,old,LongJump
v_LongJump_g07_c03,1,2,2,uncertain,LongJump
v_LongJump_g09_c03,2,0,3,old,LongJump
v_LongJump_g13_c03,1,4,0,young,LongJump
v_LongJump_g15_c01,1,4,0,young,LongJump
v_LongJump_g17_c04,2,0,3,old,LongJump
v_Lunges_g01_c01,0,0,5,old,Lunges
v_Lunges_g01_c02,2,0,3,old,Lunges
v_Lunges_g01_c04,2,1,2,uncertain,Lunges
v_Lunges_g01_c07,1,4,0,young,Lunges
v_Lunges_g02_c02,2,2,1,uncertain,Lunges
v_Lunges_g02_c04,1,2,2,uncertain,Lunges
v_Lunges_g03_c01,1,4,0,young,Lunges
v_Lunges_g05_c02,2,1,2,uncertain,Lunges
v_Lunges_g05_c03,4,1,0,kid,Lunges
v_Lunges_g06_c04,3,1,1,kid,Lunges
v_Lunges_g06_c05,3,1,1,kid,Lunges
v_Lunges_g06_c07,1,1,3,old,Lunges
v_Lunges_g07_c05,2,1,2,uncertain,Lunges
v_Lunges_g09_c03,2,1,2,uncertain,Lunges
v_Lunges_g10_c03,1,2,2,uncertain,Lunges
v_Lunges_g10_c04,2,1,2,uncertain,Lunges
v_Lunges_g10_c05,0,3,2,young,Lunges
v_Lunges_g11_c02,1,4,0,young,Lunges
v_Lunges_g11_c06,2,3,0,young,Lunges
v_Lunges_g11_c07,2,3,0,young,Lunges
v_Lunges_g12_c04,1,3,1,young,Lunges
v_Lunges_g12_c05,3,2,0,kid,Lunges
v_Lunges_g13_c01,2,0,3,old,Lunges
v_Lunges_g14_c02,2,2,1,uncertain,Lunges
v_Lunges_g14_c03,1,1,3,old,Lunges
v_Lunges_g14_c04,2,1,2,uncertain,Lunges
v_Lunges_g14_c07,2,2,1,uncertain,Lunges
v_Lunges_g16_c04,1,0,4,old,Lunges
v_Lunges_g18_c02,1,2,2,uncertain,Lunges
v_Lunges_g19_c02,1,2,2,uncertain,Lunges
v_Lunges_g21_c02,4,0,1,kid,Lunges
v_Lunges_g21_c04,3,0,2,kid,Lunges
v_Lunges_g23_c03,0,3,2,young,Lunges
v_Lunges_g25_c03,2,0,3,old,Lunges
v_MilitaryParade_g01_c01,3,2,0,kid,MilitaryParade
v_MilitaryParade_g01_c04,2,1,2,uncertain,MilitaryParade
v_MilitaryParade_g01_c05,2,2,1,uncertain,MilitaryParade
v_MilitaryParade_g01_c06,3,2,0,kid,MilitaryParade
v_MilitaryParade_g02_c04,1,2,2,uncertain,MilitaryParade
v_MilitaryParade_g05_c03,1,4,0,young,MilitaryParade
v_MilitaryParade_g07_c03,4,1,0,kid,MilitaryParade
v_MilitaryParade_g08_c01,2,0,3,old,MilitaryParade
v_MilitaryParade_g09_c02,2,3,0,young,MilitaryParade
v_MilitaryParade_g13_c02,1,4,0,young,MilitaryParade
v_MilitaryParade_g13_c03,0,5,0,young,MilitaryParade
v_MilitaryParade_g15_c01,2,3,0,young,MilitaryParade
v_MilitaryParade_g15_c03,2,3,0,young,MilitaryParade
v_MilitaryParade_g15_c04,2,3,0,young,MilitaryParade
v_MilitaryParade_g16_c03,0,5,0,young,MilitaryParade
v_MilitaryParade_g16_c04,1,4,0,young,MilitaryParade
v_MilitaryParade_g17_c01,5,0,0,kid,MilitaryParade
v_MilitaryParade_g19_c02,2,3,0,young,MilitaryParade
v_MilitaryParade_g20_c02,0,4,1,young,MilitaryParade
v_MilitaryParade_g20_c04,2,2,1,uncertain,MilitaryParade
v_MilitaryParade_g21_c01,0,2,3,old,MilitaryParade
v_MilitaryParade_g21_c04,1,4,0,young,MilitaryParade
v_MilitaryParade_g22_c01,1,1,3,old,MilitaryParade
v_MilitaryParade_g23_c03,2,1,2,uncertain,MilitaryParade
v_MilitaryParade_g24_c03,4,1,0,kid,MilitaryParade
v_MilitaryParade_g25_c01,1,3,1,young,MilitaryParade
v_MilitaryParade_g25_c02,2,3,0,young,MilitaryParade
v_MilitaryParade_g25_c07,2,3,0,young,MilitaryParade
v_Mixing_g02_c02,2,1,2,uncertain,Mixing
v_Mixing_g05_c01,5,0,0,kid,Mixing
v_Mixing_g05_c04,3,2,0,kid,Mixing
v_Mixing_g05_c05,4,0,1,kid,Mixing
v_Mixing_g06_c02,0,2,3,old,Mixing
v_Mixing_g08_c05,2,3,0,young,Mixing
v_Mixing_g10_c03,0,2,3,old,Mixing
v_Mixing_g11_c01,1,1,3,old,Mixing
v_Mixing_g11_c07,3,1,1,kid,Mixing
v_Mixing_g12_c01,0,1,4,old,Mixing
v_Mixing_g12_c03,0,2,3,old,Mixing
v_Mixing_g12_c04,2,2,1,uncertain,Mixing
v_Mixing_g12_c05,1,2,2,uncertain,Mixing
v_Mixing_g15_c01,4,1,0,kid,Mixing
v_Mixing_g15_c05,3,2,0,kid,Mixing
v_Mixing_g17_c02,2,2,1,uncertain,Mixing
v_Mixing_g17_c03,2,1,2,uncertain,Mixing
v_Mixing_g18_c03,4,1,0,kid,Mixing
v_MoppingFloor_g02_c02,0,3,2,young,MoppingFloor
v_MoppingFloor_g02_c05,0,3,2,young,MoppingFloor
v_MoppingFloor_g02_c06,0,3,2,young,MoppingFloor
v_MoppingFloor_g07_c05,0,5,0,young,MoppingFloor
v_MoppingFloor_g09_c01,0,4,1,young,MoppingFloor
v_MoppingFloor_g09_c03,1,2,2,uncertain,MoppingFloor
v_MoppingFloor_g15_c02,1,3,1,young,MoppingFloor
v_MoppingFloor_g17_c01,0,3,2,young,MoppingFloor
v_MoppingFloor_g17_c04,0,4,1,young,MoppingFloor
v_MoppingFloor_g17_c06,3,0,2,kid,MoppingFloor
v_MoppingFloor_g18_c03,1,2,2,uncertain,MoppingFloor
v_MoppingFloor_g18_c04,4,0,1,kid,MoppingFloor
v_MoppingFloor_g19_c03,3,1,1,kid,MoppingFloor
v_MoppingFloor_g19_c04,2,1,2,uncertain,MoppingFloor
v_MoppingFloor_g20_c01,2,1,2,uncertain,MoppingFloor
v_MoppingFloor_g20_c03,4,1,0,kid,MoppingFloor
v_MoppingFloor_g21_c02,2,2,1,uncertain,MoppingFloor
v_MoppingFloor_g21_c03,3,2,0,kid,MoppingFloor
v_MoppingFloor_g23_c01,0,4,1,young,MoppingFloor
v_MoppingFloor_g25_c01,0,5,0,young,MoppingFloor
v_MoppingFloor_g25_c03,0,5,0,young,MoppingFloor
v_Nunchucks_g01_c02,1,3,1,young,Nunchucks
v_Nunchucks_g01_c03,1,1,3,old,Nunchucks
v_Nunchucks_g02_c01,1,3,1,young,Nunchucks
v_Nunchucks_g02_c02,2,2,1,uncertain,Nunchucks
v_Nunchucks_g02_c04,2,0,3,old,Nunchucks
v_Nunchucks_g02_c06,0,1,4,old,Nunchucks
v_Nunchucks_g03_c02,0,3,2,young,Nunchucks
v_Nunchucks_g03_c05,0,1,4,old,Nunchucks
v_Nunchucks_g03_c07,0,0,5,old,Nunchucks
v_Nunchucks_g10_c02,1,2,2,uncertain,Nunchucks
v_Nunchucks_g10_c03,1,3,1,young,Nunchucks
v_Nunchucks_g10_c04,2,3,0,young,Nunchucks
v_Nunchucks_g10_c06,2,2,1,uncertain,Nunchucks
v_Nunchucks_g11_c02,3,1,1,kid,Nunchucks
v_Nunchucks_g11_c03,1,2,2,uncertain,Nunchucks
v_Nunchucks_g14_c04,0,2,3,old,Nunchucks
v_Nunchucks_g16_c04,2,0,3,old,Nunchucks
v_Nunchucks_g19_c01,4,0,1,kid,Nunchucks
v_Nunchucks_g19_c02,1,2,2,uncertain,Nunchucks
v_Nunchucks_g22_c01,2,3,0,young,Nunchucks
v_Nunchucks_g22_c04,4,0,1,kid,Nunchucks
v_ParallelBars_g01_c02,5,0,0,kid,ParallelBars
v_ParallelBars_g02_c01,1,4,0,young,ParallelBars
v_ParallelBars_g02_c02,0,5,0,young,ParallelBars
v_ParallelBars_g03_c01,1,4,0,young,ParallelBars
v_ParallelBars_g03_c02,0,5,0,young,ParallelBars
v_ParallelBars_g04_c05,4,1,0,kid,ParallelBars
v_ParallelBars_g04_c07,3,2,0,kid,ParallelBars
v_ParallelBars_g07_c01,2,3,0,young,ParallelBars
v_ParallelBars_g10_c04,2,2,1,uncertain,ParallelBars
v_ParallelBars_g12_c01,5,0,0,kid,ParallelBars
v_ParallelBars_g13_c04,1,4,0,young,ParallelBars
v_ParallelBars_g14_c01,5,0,0,kid,ParallelBars
v_ParallelBars_g15_c02,2,3,0,young,ParallelBars
v_ParallelBars_g17_c01,0,5,0,young,ParallelBars
v_ParallelBars_g17_c03,1,4,0,young,ParallelBars
v_ParallelBars_g19_c01,4,1,0,kid,ParallelBars
v_ParallelBars_g20_c03,3,2,0,kid,ParallelBars
v_ParallelBars_g22_c01,1,4,0,young,ParallelBars
v_ParallelBars_g23_c04,3,2,0,kid,ParallelBars
v_ParallelBars_g24_c04,3,2,0,kid,ParallelBars
v_ParallelBars_g25_c01,5,0,0,kid,ParallelBars
v_PizzaTossing_g01_c02,4,1,0,kid,PizzaTossing
v_PizzaTossing_g02_c05,3,2,0,kid,PizzaTossing
v_PizzaTossing_g03_c03,3,0,2,kid,PizzaTossing
v_PizzaTossing_g06_c02,2,0,3,old,PizzaTossing
v_PizzaTossing_g06_c03,2,3,0,young,PizzaTossing
v_PizzaTossing_g06_c05,1,3,1,young,PizzaTossing
v_PizzaTossing_g07_c03,0,5,0,young,PizzaTossing
v_PizzaTossing_g08_c03,1,4,0,young,PizzaTossing
v_PizzaTossing_g09_c03,0,2,3,old,PizzaTossing
v_PizzaTossing_g09_c04,3,0,2,kid,PizzaTossing
v_PizzaTossing_g13_c01,0,5,0,young,PizzaTossing
v_PizzaTossing_g13_c03,1,4,0,young,PizzaTossing
v_PizzaTossing_g14_c03,3,0,2,kid,PizzaTossing
v_PizzaTossing_g18_c02,4,1,0,kid,PizzaTossing
v_PizzaTossing_g18_c03,1,1,3,old,PizzaTossing
v_PizzaTossing_g19_c03,4,1,0,kid,PizzaTossing
v_PizzaTossing_g19_c04,3,2,0,kid,PizzaTossing
v_PizzaTossing_g20_c03,0,5,0,young,PizzaTossing
v_PizzaTossing_g20_c04,1,0,4,old,PizzaTossing
v_PizzaTossing_g21_c02,2,2,1,uncertain,PizzaTossing
v_PizzaTossing_g23_c01,0,1,4,old,PizzaTossing
v_PizzaTossing_g23_c02,1,0,4,old,PizzaTossing
v_PizzaTossing_g24_c01,2,0,3,old,PizzaTossing
v_PizzaTossing_g24_c02,0,2,3,old,PizzaTossing
v_PizzaTossing_g24_c03,1,0,4,old,PizzaTossing
v_PlayingCello_g01_c01,2,3,0,young,PlayingCello
v_PlayingCello_g01_c03,0,4,1,young,PlayingCello
v_PlayingCello_g01_c04,2,2,1,uncertain,PlayingCello
v_PlayingCello_g01_c05,2,1,2,uncertain,PlayingCello
v_PlayingCello_g01_c06,4,0,1,kid,PlayingCello
v_PlayingCello_g04_c01,1,4,0,young,PlayingCello
v_PlayingCello_g04_c02,2,3,0,young,PlayingCello
v_PlayingCello_g10_c01,2,1,2,uncertain,PlayingCello
v_PlayingCello_g10_c02,2,2,1,uncertain,PlayingCello
v_PlayingCello_g10_c03,3,0,2,kid,PlayingCello
v_PlayingCello_g10_c05,0,4,1,young,PlayingCello
v_PlayingCello_g13_c02,1,4,0,young,PlayingCello
v_PlayingCello_g13_c05,2,2,1,uncertain,PlayingCello
v_PlayingCello_g13_c06,2,3,0,young,PlayingCello
v_PlayingCello_g13_c07,2,3,0,young,PlayingCello
v_PlayingCello_g14_c03,2,2,1,uncertain,PlayingCello
v_PlayingCello_g16_c01,2,3,0,young,PlayingCello
v_PlayingCello_g16_c03,0,5,0,young,PlayingCello
v_PlayingCello_g16_c05,0,5,0,young,PlayingCello
v_PlayingCello_g25_c04,3,2,0,kid,PlayingCello
v_PlayingCello_g25_c07,4,0,1,kid,PlayingCello
v_PlayingDaf_g06_c04,0,2,3,old,PlayingDaf
v_PlayingDaf_g08_c01,3,2,0,kid,PlayingDaf
v_PlayingDaf_g08_c04,3,2,0,kid,PlayingDaf
v_PlayingDaf_g08_c06,2,2,1,uncertain,PlayingDaf
v_PlayingDaf_g10_c06,1,2,2,uncertain,PlayingDaf
v_PlayingDaf_g13_c01,0,3,2,young,PlayingDaf
v_PlayingDaf_g13_c04,0,4,1,young,PlayingDaf
v_PlayingDaf_g14_c07,3,2,0,kid,PlayingDaf
v_PlayingDaf_g15_c02,3,2,0,kid,PlayingDaf
v_PlayingDaf_g16_c02,1,4,0,young,PlayingDaf
v_PlayingDaf_g16_c05,1,4,0,young,PlayingDaf
v_PlayingDaf_g16_c06,1,4,0,young,PlayingDaf
v_PlayingDaf_g17_c02,0,3,2,young,PlayingDaf
v_PlayingDaf_g17_c03,0,3,2,young,PlayingDaf
v_PlayingDaf_g19_c01,0,3,2,young,PlayingDaf
v_PlayingDaf_g19_c05,0,3,2,young,PlayingDaf
v_PlayingDaf_g22_c03,0,2,3,old,PlayingDaf
v_PlayingDaf_g22_c07,0,2,3,old,PlayingDaf
v_PlayingDaf_g25_c01,0,1,4,old,PlayingDaf
v_PlayingDaf_g25_c02,1,3,1,young,PlayingDaf
v_PlayingDaf_g25_c04,3,0,2,kid,PlayingDaf
v_PlayingDaf_g25_c05,2,0,3,old,PlayingDaf
v_PlayingDhol_g02_c04,3,2,0,kid,PlayingDhol
v_PlayingDhol_g06_c03,2,3,0,young,PlayingDhol
v_PlayingDhol_g06_c04,2,1,2,uncertain,PlayingDhol
v_PlayingDhol_g06_c05,1,3,1,young,PlayingDhol
v_PlayingDhol_g07_c02,0,2,3,old,PlayingDhol
v_PlayingDhol_g07_c06,0,2,3,old,PlayingDhol
v_PlayingDhol_g10_c01,3,2,0,kid,PlayingDhol
v_PlayingDhol_g10_c06,5,0,0,kid,PlayingDhol
v_PlayingDhol_g10_c07,3,2,0,kid,PlayingDhol
v_PlayingDhol_g11_c05,0,5,0,young,PlayingDhol
v_PlayingDhol_g11_c06,0,5,0,young,PlayingDhol
v_PlayingDhol_g11_c07,0,5,0,young,PlayingDhol
v_PlayingDhol_g12_c03,2,2,1,uncertain,PlayingDhol
v_PlayingDhol_g12_c04,2,0,3,old,PlayingDhol
v_PlayingDhol_g12_c06,1,0,4,old,PlayingDhol
v_PlayingDhol_g16_c03,2,3,0,young,PlayingDhol
v_PlayingDhol_g16_c05,2,3,0,young,PlayingDhol
v_PlayingDhol_g19_c03,3,1,1,kid,PlayingDhol
v_PlayingDhol_g19_c05,5,0,0,kid,PlayingDhol
v_PlayingDhol_g19_c07,3,0,2,kid,PlayingDhol
v_PlayingDhol_g21_c04,3,2,0,kid,PlayingDhol
v_PlayingDhol_g21_c06,3,2,0,kid,PlayingDhol
v_PlayingFlute_g08_c03,0,2,3,old,PlayingFlute
v_PlayingFlute_g08_c04,0,0,5,old,PlayingFlute
v_PlayingFlute_g08_c06,0,0,5,old,PlayingFlute
v_PlayingFlute_g10_c03,5,0,0,kid,PlayingFlute
v_PlayingFlute_g12_c01,0,3,2,young,PlayingFlute
v_PlayingFlute_g15_c04,3,2,0,kid,PlayingFlute
v_PlayingFlute_g15_c05,5,0,0,kid,PlayingFlute
v_PlayingFlute_g15_c07,4,1,0,kid,PlayingFlute
v_PlayingFlute_g20_c01,2,3,0,young,PlayingFlute
v_PlayingFlute_g21_c03,1,2,2,uncertain,PlayingFlute
v_PlayingFlute_g21_c06,1,3,1,young,PlayingFlute
v_PlayingGuitar_g04_c07,3,2,0,kid,PlayingGuitar
v_PlayingGuitar_g13_c03,1,2,2,uncertain,PlayingGuitar
v_PlayingGuitar_g13_c04,0,2,3,old,PlayingGuitar
v_PlayingGuitar_g13_c06,0,1,4,old,PlayingGuitar
v_PlayingGuitar_g22_c04,3,2,0,kid,PlayingGuitar
v_PlayingGuitar_g24_c01,0,5,0,young,PlayingGuitar
v_PlayingGuitar_g24_c02,1,4,0,young,PlayingGuitar
v_PlayingGuitar_g25_c03,0,1,4,old,PlayingGuitar
v_PlayingGuitar_g25_c04,0,1,4,old,PlayingGuitar
v_PlayingPiano_g03_c03,0,0,5,old,PlayingPiano
v_PlayingPiano_g07_c03,0,1,4,old,PlayingPiano
v_PlayingPiano_g08_c02,0,3,2,young,PlayingPiano
v_PlayingPiano_g16_c01,2,3,0,young,PlayingPiano
v_PlayingPiano_g16_c05,0,5,0,young,PlayingPiano
v_PlayingPiano_g16_c07,1,4,0,young,PlayingPiano
v_PlayingPiano_g17_c03,0,4,1,young,PlayingPiano
v_PlayingPiano_g17_c04,0,5,0,young,PlayingPiano
v_PlayingPiano_g20_c01,4,1,0,kid,PlayingPiano
v_PlayingPiano_g21_c04,0,2,3,old,PlayingPiano
v_PlayingPiano_g22_c01,2,3,0,young,PlayingPiano
v_PlayingPiano_g22_c04,1,4,0,young,PlayingPiano
v_PlayingSitar_g01_c01,5,0,0,kid,PlayingSitar
v_PlayingSitar_g04_c02,0,4,1,young,PlayingSitar
v_PlayingSitar_g04_c06,1,3,1,young,PlayingSitar
v_PlayingSitar_g06_c01,2,2,1,uncertain,PlayingSitar
v_PlayingSitar_g06_c02,3,2,0,kid,PlayingSitar
v_PlayingSitar_g06_c04,0,0,5,old,PlayingSitar
v_PlayingSitar_g07_c03,2,3,0,young,PlayingSitar
v_PlayingSitar_g16_c06,2,3,0,young,PlayingSitar
v_PlayingSitar_g16_c07,2,3,0,young,PlayingSitar
v_PlayingSitar_g18_c01,0,3,2,young,PlayingSitar
v_PlayingSitar_g20_c01,2,3,0,young,PlayingSitar
v_PlayingSitar_g20_c07,2,3,0,young,PlayingSitar
v_PlayingSitar_g21_c01,2,0,3,old,PlayingSitar
v_PlayingSitar_g21_c06,2,0,3,old,PlayingSitar
v_PlayingTabla_g02_c02,2,2,1,uncertain,PlayingTabla
v_PlayingTabla_g05_c01,0,5,0,young,PlayingTabla
v_PlayingTabla_g05_c04,2,0,3,old,PlayingTabla
v_PlayingTabla_g12_c01,4,1,0,kid,PlayingTabla
v_PlayingTabla_g12_c05,3,2,0,kid,PlayingTabla
v_PlayingTabla_g19_c02,2,0,3,old,PlayingTabla
v_PlayingTabla_g19_c03,1,0,4,old,PlayingTabla
v_PlayingTabla_g23_c03,2,3,0,young,PlayingTabla
v_PlayingViolin_g01_c01,0,3,2,young,PlayingViolin
v_PlayingViolin_g04_c02,0,3,2,young,PlayingViolin
v_PlayingViolin_g08_c01,0,0,5,old,PlayingViolin
v_PlayingViolin_g13_c01,0,5,0,young,PlayingViolin
v_PlayingViolin_g13_c04,0,4,1,young,PlayingViolin
v_PlayingViolin_g18_c01,2,3,0,young,PlayingViolin
v_PlayingViolin_g18_c04,1,4,0,young,PlayingViolin
v_PlayingViolin_g22_c04,0,5,0,young,PlayingViolin
v_PlayingViolin_g23_c02,0,4,1,young,PlayingViolin
v_PlayingViolin_g23_c04,0,4,1,young,PlayingViolin
v_PoleVault_g02_c04,2,3,0,young,PoleVault
v_PoleVault_g02_c07,2,1,2,uncertain,PoleVault
v_PoleVault_g03_c01,2,0,3,old,PoleVault
v_PoleVault_g03_c02,2,1,2,uncertain,PoleVault
v_PoleVault_g03_c04,2,0,3,old,PoleVault
v_PoleVault_g04_c02,2,3,0,young,PoleVault
v_PoleVault_g04_c05,2,1,2,uncertain,PoleVault
v_PoleVault_g04_c07,1,2,2,uncertain,PoleVault
v_PoleVault_g07_c01,1,4,0,young,PoleVault
v_PoleVault_g07_c02,3,2,0,kid,PoleVault
v_PoleVault_g08_c03,2,2,1,uncertain,PoleVault
v_PoleVault_g08_c04,3,1,1,kid,PoleVault
v_PoleVault_g09_c01,2,1,2,uncertain,PoleVault
v_PoleVault_g11_c02,1,0,4,old,PoleVault
v_PoleVault_g13_c01,3,2,0,kid,PoleVault
v_PoleVault_g13_c03,2,0,3,old,PoleVault
v_PoleVault_g13_c05,1,4,0,young,PoleVault
v_PoleVault_g17_c01,2,3,0,young,PoleVault
v_PoleVault_g17_c03,1,2,2,uncertain,PoleVault
v_PoleVault_g19_c03,2,3,0,young,PoleVault
v_PoleVault_g20_c01,1,1,3,old,PoleVault
v_PoleVault_g20_c02,2,3,0,young,PoleVault
v_PoleVault_g20_c03,2,1,2,uncertain,PoleVault
v_PoleVault_g20_c05,1,4,0,young,PoleVault
v_PoleVault_g21_c03,2,3,0,young,PoleVault
v_PoleVault_g21_c07,0,0,5,old,PoleVault
v_PoleVault_g22_c03,2,3,0,young,PoleVault
v_PoleVault_g22_c04,2,1,2,uncertain,PoleVault
v_PoleVault_g23_c03,1,4,0,young,PoleVault
v_PoleVault_g24_c04,1,2,2,uncertain,PoleVault
v_PommelHorse_g01_c02,2,2,1,uncertain,PommelHorse
v_PommelHorse_g01_c03,1,4,0,young,PommelHorse
v_PommelHorse_g01_c04,2,3,0,young,PommelHorse
v_PommelHorse_g01_c07,2,3,0,young,PommelHorse
v_PommelHorse_g03_c02,1,2,2,uncertain,PommelHorse
v_PommelHorse_g06_c03,0,5,0,young,PommelHorse
v_PommelHorse_g06_c04,2,3,0,young,PommelHorse
v_PommelHorse_g09_c03,4,1,0,kid,PommelHorse
v_PommelHorse_g09_c04,2,2,1,uncertain,PommelHorse
v_PommelHorse_g11_c01,1,0,4,old,PommelHorse
v_PommelHorse_g11_c03,0,4,1,young,PommelHorse
v_PommelHorse_g11_c04,2,1,2,uncertain,PommelHorse
v_PommelHorse_g15_c02,2,2,1,uncertain,PommelHorse
v_PommelHorse_g15_c04,2,2,1,uncertain,PommelHorse
v_PommelHorse_g20_c02,1,3,1,young,PommelHorse
v_PommelHorse_g20_c04,2,3,0,young,PommelHorse
v_PommelHorse_g23_c04,2,0,3,old,PommelHorse
v_PullUps_g06_c01,0,2,3,old,PullUps
v_PullUps_g06_c02,3,2,0,kid,PullUps
v_PullUps_g11_c04,3,2,0,kid,PullUps
v_PullUps_g12_c03,0,5,0,young,PullUps
v_PullUps_g13_c01,3,0,2,kid,PullUps
v_PullUps_g18_c01,0,3,2,young,PullUps
v_PullUps_g19_c01,0,5,0,young,PullUps
v_PullUps_g19_c03,0,5,0,young,PullUps
v_PullUps_g20_c01,3,2,0,kid,PullUps
v_PullUps_g25_c02,0,5,0,young,PullUps
v_PullUps_g25_c03,0,5,0,young,PullUps
v_Punch_g01_c03,4,1,0,kid,Punch
v_Punch_g19_c05,1,2,2,uncertain,Punch
v_PushUps_g04_c05,0,1,4,old,PushUps
v_PushUps_g09_c03,2,0,3,old,PushUps
v_PushUps_g09_c04,1,0,4,old,PushUps
v_PushUps_g12_c01,1,2,2,uncertain,PushUps
v_PushUps_g13_c01,1,3,1,young,PushUps
v_PushUps_g13_c03,3,2,0,kid,PushUps
v_PushUps_g14_c03,3,1,1,kid,PushUps
v_PushUps_g16_c01,2,3,0,young,PushUps
v_PushUps_g17_c02,0,3,2,young,PushUps
v_PushUps_g19_c01,0,4,1,young,PushUps
v_PushUps_g20_c01,1,2,2,uncertain,PushUps
v_PushUps_g20_c03,0,2,3,old,PushUps
v_PushUps_g21_c02,1,4,0,young,PushUps
v_PushUps_g21_c03,1,1,3,old,PushUps
v_PushUps_g23_c04,3,2,0,kid,PushUps
v_Rafting_g01_c02,1,1,3,old,Rafting
v_Rafting_g01_c03,1,3,1,young,Rafting
v_Rafting_g02_c01,3,0,2,kid,Rafting
v_Rafting_g03_c02,0,4,1,young,Rafting
v_Rafting_g03_c03,1,1,3,old,Rafting
v_Rafting_g04_c02,4,1,0,kid,Rafting
v_Rafting_g04_c04,2,2,1,uncertain,Rafting
v_Rafting_g05_c02,0,0,5,old,Rafting
v_Rafting_g05_c04,1,3,1,young,Rafting
v_Rafting_g06_c03,1,1,3,old,Rafting
v_Rafting_g06_c04,1,1,3,old,Rafting
v_Rafting_g07_c01,2,3,0,young,Rafting
v_Rafting_g07_c03,1,4,0,young,Rafting
v_Rafting_g08_c05,3,0,2,kid,Rafting
v_Rafting_g09_c02,4,0,1,kid,Rafting
v_Rafting_g10_c01,2,0,3,old,Rafting
v_Rafting_g10_c05,2,0,3,old,Rafting
v_Rafting_g13_c02,1,2,2,uncertain,Rafting
v_Rafting_g13_c03,2,1,2,uncertain,Rafting
v_Rafting_g14_c02,0,1,4,old,Rafting
v_Rafting_g14_c04,2,1,2,uncertain,Rafting
v_Rafting_g15_c01,2,3,0,young,Rafting
v_Rafting_g15_c04,5,0,0,kid,Rafting
v_Rafting_g16_c01,0,2,3,old,Rafting
v_Rafting_g16_c04,1,2,2,uncertain,Rafting
v_Rafting_g16_c05,2,2,1,uncertain,Rafting
v_Rafting_g17_c01,2,3,0,young,Rafting
v_Rafting_g17_c02,2,2,1,uncertain,Rafting
v_Rafting_g17_c03,2,2,1,uncertain,Rafting
v_Rafting_g17_c04,1,4,0,young,Rafting
v_Rafting_g19_c02,0,5,0,young,Rafting
v_Rafting_g20_c02,0,2,3,old,Rafting
v_Rafting_g20_c03,1,4,0,young,Rafting
v_Rafting_g21_c03,2,1,2,uncertain,Rafting
v_Rafting_g21_c04,5,0,0,kid,Rafting
v_Rafting_g22_c02,5,0,0,kid,Rafting
v_Rafting_g23_c04,1,0,4,old,Rafting
v_Rafting_g25_c01,2,2,1,uncertain,Rafting
v_Rafting_g25_c02,1,0,4,old,Rafting
v_RockClimbingIndoor_g04_c01,2,3,0,young,RockClimbingIndoor
v_RockClimbingIndoor_g14_c01,5,0,0,kid,RockClimbingIndoor
v_RockClimbingIndoor_g14_c04,3,2,0,kid,RockClimbingIndoor
v_RockClimbingIndoor_g23_c05,2,3,0,young,RockClimbingIndoor
v_RockClimbingIndoor_g23_c06,1,3,1,young,RockClimbingIndoor
v_RopeClimbing_g09_c02,1,4,0,young,RopeClimbing
v_RopeClimbing_g12_c03,0,0,5,old,RopeClimbing
v_RopeClimbing_g23_c02,1,4,0,young,RopeClimbing
v_RopeClimbing_g23_c04,1,4,0,young,RopeClimbing
v_RopeClimbing_g24_c01,0,0,5,old,RopeClimbing
v_Rowing_g01_c01,0,1,4,old,Rowing
v_Rowing_g01_c02,0,3,2,young,Rowing
v_Rowing_g02_c04,2,0,3,old,Rowing
v_Rowing_g03_c01,2,1,2,uncertain,Rowing
v_Rowing_g03_c02,2,0,3,old,Rowing
v_Rowing_g03_c04,2,0,3,old,Rowing
v_Rowing_g03_c05,2,1,2,uncertain,Rowing
v_Rowing_g07_c01,1,4,0,young,Rowing
v_Rowing_g07_c02,1,2,2,uncertain,Rowing
v_Rowing_g07_c03,2,3,0,young,Rowing
v_Rowing_g08_c02,3,2,0,kid,Rowing
v_Rowing_g08_c03,0,3,2,young,Rowing
v_Rowing_g09_c02,2,1,2,uncertain,Rowing
v_Rowing_g09_c03,0,4,1,young,Rowing
v_Rowing_g09_c04,2,0,3,old,Rowing
v_Rowing_g09_c05,2,0,3,old,Rowing
v_Rowing_g10_c01,2,0,3,old,Rowing
v_Rowing_g10_c03,2,1,2,uncertain,Rowing
v_Rowing_g10_c04,1,0,4,old,Rowing
v_Rowing_g10_c07,1,0,4,old,Rowing
v_Rowing_g11_c01,4,1,0,kid,Rowing
v_Rowing_g11_c03,1,1,3,old,Rowing
v_Rowing_g11_c06,4,1,0,kid,Rowing
v_Rowing_g12_c06,3,0,2,kid,Rowing
v_Rowing_g12_c07,4,0,1,kid,Rowing
v_Rowing_g13_c01,4,1,0,kid,Rowing
v_Rowing_g13_c02,5,0,0,kid,Rowing
v_Rowing_g13_c03,1,4,0,young,Rowing
v_Rowing_g13_c07,1,2,2,uncertain,Rowing
v_Rowing_g14_c02,1,3,1,young,Rowing
v_Rowing_g14_c03,2,3,0,young,Rowing
v_Rowing_g14_c04,3,0,2,kid,Rowing
v_Rowing_g14_c05,2,1,2,uncertain,Rowing
v_Rowing_g14_c06,2,2,1,uncertain,Rowing
v_Rowing_g15_c05,3,0,2,kid,Rowing
v_Rowing_g16_c04,5,0,0,kid,Rowing
v_Rowing_g17_c02,2,0,3,old,Rowing
v_Rowing_g17_c03,2,1,2,uncertain,Rowing
v_Rowing_g17_c07,0,0,5,old,Rowing
v_Rowing_g18_c01,3,2,0,kid,Rowing
v_Rowing_g18_c04,2,0,3,old,Rowing
v_Rowing_g21_c01,4,0,1,kid,Rowing
v_Rowing_g22_c01,0,5,0,young,Rowing
v_Rowing_g22_c04,2,1,2,uncertain,Rowing
v_Rowing_g23_c01,4,0,1,kid,Rowing
v_Rowing_g23_c02,4,1,0,kid,Rowing
v_Rowing_g24_c04,1,2,2,uncertain,Rowing
v_Rowing_g25_c01,3,1,1,kid,Rowing
v_Rowing_g25_c06,1,3,1,young,Rowing
v_SalsaSpin_g01_c01,2,3,0,young,SalsaSpin
v_SalsaSpin_g01_c03,2,3,0,young,SalsaSpin
v_SalsaSpin_g01_c05,2,0,3,old,SalsaSpin
v_SalsaSpin_g01_c06,2,3,0,young,SalsaSpin
v_SalsaSpin_g02_c02,3,2,0,kid,SalsaSpin
v_SalsaSpin_g02_c04,3,2,0,kid,SalsaSpin
v_SalsaSpin_g04_c01,0,1,4,old,SalsaSpin
v_SalsaSpin_g04_c04,0,2,3,old,SalsaSpin
v_SalsaSpin_g05_c02,0,5,0,young,SalsaSpin
v_SalsaSpin_g05_c04,1,3,1,young,SalsaSpin
v_SalsaSpin_g05_c06,0,4,1,young,SalsaSpin
v_SalsaSpin_g06_c01,2,2,1,uncertain,SalsaSpin
v_SalsaSpin_g09_c01,1,3,1,young,SalsaSpin
v_SalsaSpin_g09_c03,0,1,4,old,SalsaSpin
v_SalsaSpin_g09_c04,1,2,2,uncertain,SalsaSpin
v_SalsaSpin_g09_c05,1,2,2,uncertain,SalsaSpin
v_SalsaSpin_g14_c03,0,4,1,young,SalsaSpin
v_SalsaSpin_g14_c05,2,2,1,uncertain,SalsaSpin
v_SalsaSpin_g22_c02,1,0,4,old,SalsaSpin
v_ShavingBeard_g08_c06,0,2,3,old,ShavingBeard
v_ShavingBeard_g09_c03,3,2,0,kid,ShavingBeard
v_ShavingBeard_g17_c02,0,2,3,old,ShavingBeard
v_ShavingBeard_g23_c02,0,2,3,old,ShavingBeard
v_ShavingBeard_g23_c03,0,1,4,old,ShavingBeard
v_ShavingBeard_g24_c03,0,0,5,old,ShavingBeard
v_Shotput_g01_c01,1,0,4,old,Shotput
v_Shotput_g01_c06,1,0,4,old,Shotput
v_Shotput_g01_c07,0,0,5,old,Shotput
v_Shotput_g02_c07,2,2,1,uncertain,Shotput
v_Shotput_g03_c01,0,0,5,old,Shotput
v_Shotput_g06_c07,2,2,1,uncertain,Shotput
v_Shotput_g07_c01,1,4,0,young,Shotput
v_Shotput_g07_c03,1,4,0,young,Shotput
v_Shotput_g07_c06,1,4,0,young,Shotput
v_Shotput_g08_c02,5,0,0,kid,Shotput
v_Shotput_g08_c04,5,0,0,kid,Shotput
v_Shotput_g08_c07,5,0,0,kid,Shotput
v_Shotput_g09_c05,1,4,0,young,Shotput
v_Shotput_g09_c07,2,0,3,old,Shotput
v_Shotput_g11_c02,2,3,0,young,Shotput
v_Shotput_g12_c05,1,2,2,uncertain,Shotput
v_Shotput_g13_c03,0,0,5,old,Shotput
v_Shotput_g14_c04,1,4,0,young,Shotput
v_Shotput_g15_c02,1,2,2,uncertain,Shotput
v_Shotput_g15_c04,0,3,2,young,Shotput
v_Shotput_g15_c06,3,2,0,kid,Shotput
v_Shotput_g16_c04,0,5,0,young,Shotput
v_Shotput_g16_c05,2,1,2,uncertain,Shotput
v_Shotput_g17_c03,5,0,0,kid,Shotput
v_Shotput_g17_c05,1,3,1,young,Shotput
v_Shotput_g18_c02,1,4,0,young,Shotput
v_Shotput_g18_c03,0,4,1,young,Shotput
v_Shotput_g19_c03,2,3,0,young,Shotput
v_Shotput_g21_c03,1,3,1,young,Shotput
v_Shotput_g22_c01,2,3,0,young,Shotput
v_Shotput_g22_c03,1,3,1,young,Shotput
v_Shotput_g24_c02,0,4,1,young,Shotput
v_Shotput_g24_c04,0,5,0,young,Shotput
v_Shotput_g25_c02,1,0,4,old,Shotput
v_Shotput_g25_c04,1,0,4,old,Shotput
v_SkateBoarding_g01_c01,1,3,1,young,SkateBoarding
v_SkateBoarding_g02_c04,0,5,0,young,SkateBoarding
v_SkateBoarding_g02_c06,0,5,0,young,SkateBoarding
v_SkateBoarding_g03_c01,1,0,4,old,SkateBoarding
v_SkateBoarding_g04_c03,3,2,0,kid,SkateBoarding
v_SkateBoarding_g04_c04,2,0,3,old,SkateBoarding
v_SkateBoarding_g05_c04,5,0,0,kid,SkateBoarding
v_SkateBoarding_g06_c01,2,3,0,young,SkateBoarding
v_SkateBoarding_g06_c02,2,2,1,uncertain,SkateBoarding
v_SkateBoarding_g07_c03,2,1,2,uncertain,SkateBoarding
v_SkateBoarding_g10_c03,3,2,0,kid,SkateBoarding
v_SkateBoarding_g10_c05,3,2,0,kid,SkateBoarding
v_SkateBoarding_g11_c04,0,5,0,young,SkateBoarding
v_SkateBoarding_g12_c05,0,5,0,young,SkateBoarding
v_SkateBoarding_g13_c01,0,5,0,young,SkateBoarding
v_SkateBoarding_g13_c04,2,3,0,young,SkateBoarding
v_SkateBoarding_g15_c04,0,3,2,young,SkateBoarding
v_SkateBoarding_g15_c05,2,3,0,young,SkateBoarding
v_SkateBoarding_g18_c01,2,3,0,young,SkateBoarding
v_SkateBoarding_g18_c02,1,4,0,young,SkateBoarding
v_SkateBoarding_g19_c02,3,2,0,kid,SkateBoarding
v_SkateBoarding_g19_c05,4,1,0,kid,SkateBoarding
v_SkateBoarding_g21_c02,3,2,0,kid,SkateBoarding
v_SkateBoarding_g21_c04,0,5,0,young,SkateBoarding
v_SkateBoarding_g22_c01,3,2,0,kid,SkateBoarding
v_SkateBoarding_g22_c03,4,1,0,kid,SkateBoarding
v_SkateBoarding_g23_c04,4,0,1,kid,SkateBoarding
v_SkateBoarding_g24_c04,2,0,3,old,SkateBoarding
v_Skiing_g01_c01,3,0,2,kid,Skiing
v_Skiing_g01_c02,2,1,2,uncertain,Skiing
v_Skiing_g01_c06,2,2,1,uncertain,Skiing
v_Skiing_g03_c03,3,2,0,kid,Skiing
v_Skiing_g03_c04,2,2,1,uncertain,Skiing
v_Skiing_g03_c07,1,0,4,old,Skiing
v_Skiing_g05_c04,2,0,3,old,Skiing
v_Skiing_g06_c02,2,0,3,old,Skiing
v_Skiing_g08_c01,2,3,0,young,Skiing
v_Skiing_g09_c01,0,5,0,young,Skiing
v_Skiing_g09_c02,2,2,1,uncertain,Skiing
v_Skiing_g09_c03,1,3,1,young,Skiing
v_Skiing_g12_c01,2,1,2,uncertain,Skiing
v_Skiing_g12_c04,2,2,1,uncertain,Skiing
v_Skiing_g13_c03,2,3,0,young,Skiing
v_Skiing_g13_c06,0,4,1,young,Skiing
v_Skiing_g13_c07,1,1,3,old,Skiing
v_Skiing_g16_c03,1,1,3,old,Skiing
v_Skiing_g18_c01,0,5,0,young,Skiing
v_Skiing_g21_c01,0,3,2,young,Skiing
v_Skiing_g21_c05,2,1,2,uncertain,Skiing
v_Skiing_g21_c07,2,2,1,uncertain,Skiing
v_Skiing_g23_c01,1,4,0,young,Skiing
v_Skiing_g24_c04,2,0,3,old,Skiing
v_Skiing_g25_c01,2,0,3,old,Skiing
v_Skijet_g01_c03,1,1,3,old,Skijet
v_Skijet_g03_c03,2,3,0,young,Skijet
v_Skijet_g05_c03,3,2,0,kid,Skijet
v_Skijet_g06_c02,4,1,0,kid,Skijet
v_Skijet_g09_c04,3,2,0,kid,Skijet
v_Skijet_g10_c01,5,0,0,kid,Skijet
v_Skijet_g10_c03,1,2,2,uncertain,Skijet
v_Skijet_g11_c03,3,1,1,kid,Skijet
v_Skijet_g14_c04,2,3,0,young,Skijet
v_Skijet_g17_c03,1,2,2,uncertain,Skijet
v_Skijet_g18_c03,0,2,3,old,Skijet
v_Skijet_g18_c04,0,5,0,young,Skijet
v_Skijet_g19_c01,4,0,1,kid,Skijet
v_Skijet_g20_c01,2,3,0,young,Skijet
v_Skijet_g20_c02,2,3,0,young,Skijet
v_Skijet_g21_c04,3,2,0,kid,Skijet
v_Skijet_g24_c02,3,2,0,kid,Skijet
v_SkyDiving_g02_c01,1,2,2,uncertain,SkyDiving
v_SkyDiving_g02_c02,2,1,2,uncertain,SkyDiving
v_SkyDiving_g03_c04,0,1,4,old,SkyDiving
v_SkyDiving_g05_c04,0,2,3,old,SkyDiving
v_SkyDiving_g06_c01,4,1,0,kid,SkyDiving
v_SkyDiving_g06_c04,0,5,0,young,SkyDiving
v_SkyDiving_g07_c02,1,3,1,young,SkyDiving
v_SkyDiving_g07_c05,0,3,2,young,SkyDiving
v_SkyDiving_g08_c01,0,5,0,young,SkyDiving
v_SkyDiving_g09_c03,0,1,4,old,SkyDiving
v_SkyDiving_g12_c01,1,2,2,uncertain,SkyDiving
v_SkyDiving_g13_c03,1,2,2,uncertain,SkyDiving
v_SkyDiving_g13_c04,4,1,0,kid,SkyDiving
v_SkyDiving_g14_c04,2,2,1,uncertain,SkyDiving
v_SkyDiving_g16_c03,0,3,2,young,SkyDiving
v_SkyDiving_g16_c04,1,4,0,young,SkyDiving
v_SkyDiving_g17_c01,0,2,3,old,SkyDiving
v_SkyDiving_g18_c03,1,2,2,uncertain,SkyDiving
v_SkyDiving_g20_c03,1,1,3,old,SkyDiving
v_SkyDiving_g20_c06,0,1,4,old,SkyDiving
v_SkyDiving_g21_c01,0,4,1,young,SkyDiving
v_SkyDiving_g21_c02,0,4,1,young,SkyDiving
v_SkyDiving_g22_c04,0,1,4,old,SkyDiving
v_SkyDiving_g24_c01,0,3,2,young,SkyDiving
v_SkyDiving_g24_c04,1,4,0,young,SkyDiving
v_SkyDiving_g25_c04,1,2,2,uncertain,SkyDiving
v_SoccerJuggling_g01_c03,1,1,3,old,SoccerJuggling
v_SoccerJuggling_g01_c04,0,1,4,old,SoccerJuggling
v_SoccerJuggling_g02_c05,2,3,0,young,SoccerJuggling
v_SoccerJuggling_g03_c01,2,3,0,young,SoccerJuggling
v_SoccerJuggling_g03_c03,2,3,0,young,SoccerJuggling
v_SoccerJuggling_g04_c04,1,4,0,young,SoccerJuggling
v_SoccerJuggling_g04_c05,0,5,0,young,SoccerJuggling
v_SoccerJuggling_g04_c06,1,4,0,young,SoccerJuggling
v_SoccerJuggling_g06_c04,3,2,0,kid,SoccerJuggling
v_SoccerJuggling_g06_c05,4,1,0,kid,SoccerJuggling
v_SoccerJuggling_g09_c06,2,2,1,uncertain,SoccerJuggling
v_SoccerJuggling_g10_c03,2,2,1,uncertain,SoccerJuggling
v_SoccerJuggling_g10_c04,1,0,4,old,SoccerJuggling
v_SoccerJuggling_g13_c04,2,1,2,uncertain,SoccerJuggling
v_SoccerJuggling_g13_c05,2,2,1,uncertain,SoccerJuggling
v_SoccerJuggling_g16_c05,0,5,0,young,SoccerJuggling
v_SoccerJuggling_g16_c06,1,4,0,young,SoccerJuggling
v_SoccerJuggling_g16_c07,0,5,0,young,SoccerJuggling
v_SoccerJuggling_g17_c03,1,4,0,young,SoccerJuggling
v_SoccerJuggling_g17_c04,2,3,0,young,SoccerJuggling
v_SoccerJuggling_g18_c01,4,1,0,kid,SoccerJuggling
v_SoccerJuggling_g18_c03,3,2,0,kid,SoccerJuggling
v_SoccerJuggling_g18_c07,4,1,0,kid,SoccerJuggling
v_SoccerJuggling_g20_c03,1,3,1,young,SoccerJuggling
v_SoccerJuggling_g20_c04,3,1,1,kid,SoccerJuggling
v_SoccerJuggling_g20_c05,2,1,2,uncertain,SoccerJuggling
v_SoccerJuggling_g21_c01,3,2,0,kid,SoccerJuggling
v_SoccerJuggling_g21_c05,3,2,0,kid,SoccerJuggling
v_SoccerJuggling_g22_c01,0,5,0,young,SoccerJuggling
v_SoccerJuggling_g22_c02,0,4,1,young,SoccerJuggling
v_SoccerJuggling_g22_c06,0,3,2,young,SoccerJuggling
v_SoccerJuggling_g22_c07,2,2,1,uncertain,SoccerJuggling
v_SoccerJuggling_g23_c05,2,3,0,young,SoccerJuggling
v_SoccerJuggling_g24_c02,3,0,2,kid,SoccerJuggling
v_SoccerJuggling_g24_c06,2,1,2,uncertain,SoccerJuggling
v_SoccerJuggling_g25_c03,2,2,1,uncertain,SoccerJuggling
v_SoccerJuggling_g25_c04,1,4,0,young,SoccerJuggling
v_SoccerPenalty_g01_c01,4,0,1,kid,SoccerPenalty
v_SoccerPenalty_g01_c02,3,0,2,kid,SoccerPenalty
v_SoccerPenalty_g02_c01,1,2,2,uncertain,SoccerPenalty
v_SoccerPenalty_g02_c02,0,4,1,young,SoccerPenalty
v_SoccerPenalty_g03_c03,0,5,0,young,SoccerPenalty
v_SoccerPenalty_g04_c03,2,0,3,old,SoccerPenalty
v_SoccerPenalty_g05_c02,0,3,2,young,SoccerPenalty
v_SoccerPenalty_g05_c03,0,1,4,old,SoccerPenalty
v_SoccerPenalty_g05_c04,0,3,2,young,SoccerPenalty
v_SoccerPenalty_g05_c05,2,2,1,uncertain,SoccerPenalty
v_SoccerPenalty_g05_c07,0,2,3,old,SoccerPenalty
v_SoccerPenalty_g07_c04,0,4,1,young,SoccerPenalty
v_SoccerPenalty_g08_c04,1,4,0,young,SoccerPenalty
v_SoccerPenalty_g09_c01,4,0,1,kid,SoccerPenalty
v_SoccerPenalty_g11_c01,1,2,2,uncertain,SoccerPenalty
v_SoccerPenalty_g11_c03,0,5,0,young,SoccerPenalty
v_SoccerPenalty_g11_c05,2,2,1,uncertain,SoccerPenalty
v_SoccerPenalty_g12_c05,0,5,0,young,SoccerPenalty
v_SoccerPenalty_g12_c06,0,3,2,young,SoccerPenalty
v_SoccerPenalty_g13_c02,0,4,1,young,SoccerPenalty
v_SoccerPenalty_g13_c05,2,2,1,uncertain,SoccerPenalty
v_SoccerPenalty_g13_c06,0,5,0,young,SoccerPenalty
v_SoccerPenalty_g14_c02,0,3,2,young,SoccerPenalty
v_SoccerPenalty_g14_c04,0,3,2,young,SoccerPenalty
v_SoccerPenalty_g17_c04,0,0,5,old,SoccerPenalty
v_SoccerPenalty_g20_c01,2,0,3,old,SoccerPenalty
v_SoccerPenalty_g22_c01,1,3,1,young,SoccerPenalty
v_SoccerPenalty_g22_c03,3,2,0,kid,SoccerPenalty
v_SoccerPenalty_g22_c05,0,2,3,old,SoccerPenalty
v_SoccerPenalty_g23_c02,2,3,0,young,SoccerPenalty
v_SoccerPenalty_g25_c02,0,2,3,old,SoccerPenalty
v_StillRings_g02_c03,2,3,0,young,StillRings
v_StillRings_g02_c04,1,4,0,young,StillRings
v_StillRings_g04_c01,3,2,0,kid,StillRings
v_StillRings_g05_c04,0,5,0,young,StillRings
v_StillRings_g07_c02,2,3,0,young,StillRings
v_StillRings_g07_c03,1,4,0,young,StillRings
v_StillRings_g10_c01,3,2,0,kid,StillRings
v_StillRings_g10_c04,3,2,0,kid,StillRings
v_StillRings_g12_c01,0,5,0,young,StillRings
v_StillRings_g12_c02,2,3,0,young,StillRings
v_StillRings_g14_c03,0,5,0,young,StillRings
v_StillRings_g15_c01,2,3,0,young,StillRings
v_StillRings_g15_c02,1,4,0,young,StillRings
v_StillRings_g16_c01,5,0,0,kid,StillRings
v_StillRings_g16_c04,1,0,4,old,StillRings
v_StillRings_g17_c01,2,3,0,young,StillRings
v_StillRings_g17_c04,1,4,0,young,StillRings
v_StillRings_g18_c01,0,5,0,young,StillRings
v_StillRings_g19_c02,1,4,0,young,StillRings
v_StillRings_g21_c05,2,3,0,young,StillRings
v_StillRings_g22_c03,2,3,0,young,StillRings
v_StillRings_g22_c04,2,3,0,young,StillRings
v_SumoWrestling_g01_c01,2,1,2,uncertain,SumoWrestling
v_SumoWrestling_g01_c04,0,3,2,young,SumoWrestling
v_SumoWrestling_g05_c01,4,1,0,kid,SumoWrestling
v_SumoWrestling_g05_c02,2,2,1,uncertain,SumoWrestling
v_SumoWrestling_g06_c07,1,2,2,uncertain,SumoWrestling
v_SumoWrestling_g07_c01,2,2,1,uncertain,SumoWrestling
v_SumoWrestling_g07_c06,0,0,5,old,SumoWrestling
v_SumoWrestling_g07_c07,0,0,5,old,SumoWrestling
v_SumoWrestling_g08_c01,4,1,0,kid,SumoWrestling
v_SumoWrestling_g08_c04,4,1,0,kid,SumoWrestling
v_SumoWrestling_g09_c04,0,1,4,old,SumoWrestling
v_SumoWrestling_g11_c02,0,5,0,young,SumoWrestling
v_SumoWrestling_g11_c04,0,5,0,young,SumoWrestling
v_SumoWrestling_g18_c03,1,2,2,uncertain,SumoWrestling
v_SumoWrestling_g19_c01,3,2,0,kid,SumoWrestling
v_SumoWrestling_g20_c04,4,1,0,kid,SumoWrestling
v_SumoWrestling_g21_c02,0,1,4,old,SumoWrestling
v_SumoWrestling_g23_c03,3,2,0,kid,SumoWrestling
v_SumoWrestling_g25_c01,3,2,0,kid,SumoWrestling
v_SumoWrestling_g25_c04,0,5,0,young,SumoWrestling
v_Surfing_g01_c01,3,0,2,kid,Surfing
v_Surfing_g01_c06,4,0,1,kid,Surfing
v_Surfing_g01_c07,3,0,2,kid,Surfing
v_Surfing_g02_c02,5,0,0,kid,Surfing
v_Surfing_g02_c04,2,1,2,uncertain,Surfing
v_Surfing_g02_c06,3,1,1,kid,Surfing
v_Surfing_g04_c02,0,1,4,old,Surfing
v_Surfing_g05_c03,1,2,2,uncertain,Surfing
v_Surfing_g06_c01,1,3,1,young,Surfing
v_Surfing_g07_c03,1,4,0,young,Surfing
v_Surfing_g09_c04,0,2,3,old,Surfing
v_Surfing_g09_c05,0,2,3,old,Surfing
v_Surfing_g10_c01,2,1,2,uncertain,Surfing
v_Surfing_g10_c03,0,1,4,old,Surfing
v_Surfing_g10_c05,1,2,2,uncertain,Surfing
v_Surfing_g10_c06,0,1,4,old,Surfing
v_Surfing_g11_c01,0,3,2,young,Surfing
v_Surfing_g11_c03,0,5,0,young,Surfing
v_Surfing_g12_c03,0,5,0,young,Surfing
v_Surfing_g12_c05,0,4,1,young,Surfing
v_Surfing_g12_c06,1,4,0,young,Surfing
v_Surfing_g13_c02,0,3,2,young,Surfing
v_Surfing_g13_c03,3,2,0,kid,Surfing
v_Surfing_g13_c04,2,1,2,uncertain,Surfing
v_Surfing_g14_c01,1,2,2,uncertain,Surfing
v_Surfing_g14_c04,0,5,0,young,Surfing
v_Surfing_g15_c01,0,3,2,young,Surfing
v_Surfing_g15_c03,3,1,1,kid,Surfing
v_Surfing_g15_c06,1,2,2,uncertain,Surfing
v_Surfing_g16_c01,0,5,0,young,Surfing
v_Surfing_g16_c03,2,0,3,old,Surfing
v_Surfing_g16_c05,2,0,3,old,Surfing
v_Surfing_g16_c07,2,0,3,old,Surfing
v_Surfing_g17_c01,2,3,0,young,Surfing
v_Surfing_g17_c02,2,2,1,uncertain,Surfing
v_Surfing_g19_c02,0,4,1,young,Surfing
v_Surfing_g20_c03,4,0,1,kid,Surfing
v_Surfing_g20_c04,2,2,1,uncertain,Surfing
v_Surfing_g20_c06,2,2,1,uncertain,Surfing
v_Surfing_g21_c02,2,1,2,uncertain,Surfing
v_Surfing_g21_c04,0,0,5,old,Surfing
v_Surfing_g22_c01,1,1,3,old,Surfing
v_Surfing_g22_c04,1,0,4,old,Surfing
v_Surfing_g23_c01,2,1,2,uncertain,Surfing
v_Surfing_g24_c01,3,2,0,kid,Surfing
v_Surfing_g24_c02,2,0,3,old,Surfing
v_Surfing_g25_c01,1,2,2,uncertain,Surfing
v_Surfing_g25_c02,3,0,2,kid,Surfing
v_Swing_g01_c01,2,0,3,old,Swing
v_Swing_g01_c04,2,0,3,old,Swing
v_Swing_g20_c01,2,0,3,old,Swing
v_Swing_g20_c02,2,1,2,uncertain,Swing
v_TableTennisShot_g03_c01,0,4,1,young,TableTennisShot
v_TableTennisShot_g03_c05,0,3,2,young,TableTennisShot
v_TableTennisShot_g04_c02,1,0,4,old,TableTennisShot
v_TableTennisShot_g04_c03,0,0,5,old,TableTennisShot
v_TableTennisShot_g04_c04,0,1,4,old,TableTennisShot
v_TableTennisShot_g05_c04,2,0,3,old,TableTennisShot
v_TableTennisShot_g05_c05,2,2,1,uncertain,TableTennisShot
v_TableTennisShot_g05_c06,0,1,4,old,TableTennisShot
v_TableTennisShot_g05_c07,2,0,3,old,TableTennisShot
v_TableTennisShot_g07_c01,1,4,0,young,TableTennisShot
v_TableTennisShot_g07_c04,1,4,0,young,TableTennisShot
v_TableTennisShot_g11_c04,1,4,0,young,TableTennisShot
v_TableTennisShot_g13_c02,3,0,2,kid,TableTennisShot
v_TableTennisShot_g13_c03,2,2,1,uncertain,TableTennisShot
v_TableTennisShot_g19_c01,3,0,2,kid,TableTennisShot
v_TableTennisShot_g19_c02,4,0,1,kid,TableTennisShot
v_TableTennisShot_g19_c07,3,0,2,kid,TableTennisShot
v_TableTennisShot_g22_c04,2,3,0,young,TableTennisShot
v_TableTennisShot_g23_c02,2,3,0,young,TableTennisShot
v_TableTennisShot_g24_c07,2,3,0,young,TableTennisShot
v_TaiChi_g01_c02,0,2,3,old,TaiChi
v_TaiChi_g05_c01,5,0,0,kid,TaiChi
v_TaiChi_g05_c03,2,2,1,uncertain,TaiChi
v_TaiChi_g09_c01,0,4,1,young,TaiChi
v_TaiChi_g09_c04,0,3,2,young,TaiChi
v_TaiChi_g11_c02,0,4,1,young,TaiChi
v_TaiChi_g12_c01,2,2,1,uncertain,TaiChi
v_TaiChi_g12_c04,0,2,3,old,TaiChi
v_TaiChi_g14_c01,3,2,0,kid,TaiChi
v_TaiChi_g14_c03,1,1,3,old,TaiChi
v_TaiChi_g15_c03,3,1,1,kid,TaiChi
v_TaiChi_g15_c04,2,1,2,uncertain,TaiChi
v_TaiChi_g16_c01,0,3,2,young,TaiChi
v_TaiChi_g20_c01,0,1,4,old,TaiChi
v_TaiChi_g20_c03,2,1,2,uncertain,TaiChi
v_TaiChi_g22_c03,2,3,0,young,TaiChi
v_TaiChi_g22_c04,2,3,0,young,TaiChi
v_TaiChi_g24_c01,1,2,2,uncertain,TaiChi
v_TaiChi_g24_c03,3,0,2,kid,TaiChi
v_TaiChi_g25_c03,1,2,2,uncertain,TaiChi
v_TennisSwing_g02_c01,3,1,1,kid,TennisSwing
v_TennisSwing_g05_c03,3,2,0,kid,TennisSwing
v_TennisSwing_g05_c05,0,2,3,old,TennisSwing
v_TennisSwing_g06_c03,0,2,3,old,TennisSwing
v_TennisSwing_g06_c04,4,0,1,kid,TennisSwing
v_TennisSwing_g06_c05,2,2,1,uncertain,TennisSwing
v_TennisSwing_g06_c06,4,1,0,kid,TennisSwing
v_TennisSwing_g08_c02,1,3,1,young,TennisSwing
v_TennisSwing_g08_c05,1,4,0,young,TennisSwing
v_TennisSwing_g08_c06,3,1,1,kid,TennisSwing
v_TennisSwing_g10_c06,0,3,2,young,TennisSwing
v_TennisSwing_g10_c07,0,5,0,young,TennisSwing
v_TennisSwing_g13_c05,1,1,3,old,TennisSwing
v_TennisSwing_g13_c07,2,0,3,old,TennisSwing
v_TennisSwing_g15_c01,0,4,1,young,TennisSwing
v_TennisSwing_g16_c04,0,1,4,old,TennisSwing
v_TennisSwing_g17_c02,0,2,3,old,TennisSwing
v_TennisSwing_g17_c06,0,2,3,old,TennisSwing
v_TennisSwing_g18_c01,1,2,2,uncertain,TennisSwing
v_TennisSwing_g20_c04,0,1,4,old,TennisSwing
v_TennisSwing_g20_c05,0,2,3,old,TennisSwing
v_TennisSwing_g20_c06,4,1,0,kid,TennisSwing
v_TennisSwing_g21_c03,2,2,1,uncertain,TennisSwing
v_TennisSwing_g21_c06,5,0,0,kid,TennisSwing
v_TennisSwing_g23_c01,0,5,0,young,TennisSwing
v_TennisSwing_g23_c02,0,5,0,young,TennisSwing
v_TennisSwing_g23_c04,0,4,1,young,TennisSwing
v_TennisSwing_g24_c06,0,1,4,old,TennisSwing
v_ThrowDiscus_g02_c04,4,1,0,kid,ThrowDiscus
v_ThrowDiscus_g02_c05,4,1,0,kid,ThrowDiscus
v_ThrowDiscus_g02_c06,4,1,0,kid,ThrowDiscus
v_ThrowDiscus_g03_c01,1,4,0,young,ThrowDiscus
v_ThrowDiscus_g05_c03,3,2,0,kid,ThrowDiscus
v_ThrowDiscus_g06_c01,1,0,4,old,ThrowDiscus
v_ThrowDiscus_g06_c02,0,0,5,old,ThrowDiscus
v_ThrowDiscus_g06_c06,0,3,2,young,ThrowDiscus
v_ThrowDiscus_g06_c07,1,1,3,old,ThrowDiscus
v_ThrowDiscus_g07_c06,2,2,1,uncertain,ThrowDiscus
v_ThrowDiscus_g09_c01,2,3,0,young,ThrowDiscus
v_ThrowDiscus_g09_c03,0,5,0,young,ThrowDiscus
v_ThrowDiscus_g09_c06,1,4,0,young,ThrowDiscus
v_ThrowDiscus_g10_c03,5,0,0,kid,ThrowDiscus
v_ThrowDiscus_g11_c05,1,4,0,young,ThrowDiscus
v_ThrowDiscus_g11_c06,2,2,1,uncertain,ThrowDiscus
v_ThrowDiscus_g12_c02,2,1,2,uncertain,ThrowDiscus
v_ThrowDiscus_g12_c04,4,0,1,kid,ThrowDiscus
v_ThrowDiscus_g12_c06,4,1,0,kid,ThrowDiscus
v_ThrowDiscus_g15_c01,1,3,1,young,ThrowDiscus
v_ThrowDiscus_g15_c02,2,1,2,uncertain,ThrowDiscus
v_ThrowDiscus_g16_c01,0,5,0,young,ThrowDiscus
v_ThrowDiscus_g16_c04,2,0,3,old,ThrowDiscus
v_ThrowDiscus_g18_c01,4,1,0,kid,ThrowDiscus
v_ThrowDiscus_g18_c02,4,1,0,kid,ThrowDiscus
v_ThrowDiscus_g18_c03,4,1,0,kid,ThrowDiscus
v_ThrowDiscus_g19_c02,0,5,0,young,ThrowDiscus
v_ThrowDiscus_g19_c03,2,2,1,uncertain,ThrowDiscus
v_ThrowDiscus_g19_c04,2,0,3,old,ThrowDiscus
v_ThrowDiscus_g21_c01,0,5,0,young,ThrowDiscus
v_ThrowDiscus_g21_c05,2,3,0,young,ThrowDiscus
v_ThrowDiscus_g22_c02,1,4,0,young,ThrowDiscus
v_TrampolineJumping_g01_c03,1,3,1,young,TrampolineJumping
v_TrampolineJumping_g03_c01,0,5,0,young,TrampolineJumping
v_TrampolineJumping_g03_c02,0,5,0,young,TrampolineJumping
v_TrampolineJumping_g08_c04,0,5,0,young,TrampolineJumping
v_TrampolineJumping_g14_c02,2,2,1,uncertain,TrampolineJumping
v_TrampolineJumping_g14_c03,0,5,0,young,TrampolineJumping
v_TrampolineJumping_g17_c01,2,3,0,young,TrampolineJumping
v_TrampolineJumping_g19_c03,0,4,1,young,TrampolineJumping
v_TrampolineJumping_g19_c05,2,3,0,young,TrampolineJumping
v_TrampolineJumping_g20_c04,4,1,0,kid,TrampolineJumping
v_TrampolineJumping_g22_c01,1,4,0,young,TrampolineJumping
v_TrampolineJumping_g22_c02,2,3,0,young,TrampolineJumping
v_TrampolineJumping_g22_c04,1,4,0,young,TrampolineJumping
v_TrampolineJumping_g24_c02,1,3,1,young,TrampolineJumping
v_TrampolineJumping_g24_c03,2,1,2,uncertain,TrampolineJumping
v_TrampolineJumping_g25_c02,2,3,0,young,TrampolineJumping
v_Typing_g01_c07,2,3,0,young,Typing
v_Typing_g04_c02,2,1,2,uncertain,Typing
v_Typing_g04_c03,0,2,3,old,Typing
v_Typing_g05_c01,2,3,0,young,Typing
v_Typing_g09_c01,1,1,3,old,Typing
v_Typing_g12_c03,0,2,3,old,Typing
v_Typing_g12_c04,0,2,3,old,Typing
v_Typing_g12_c07,0,1,4,old,Typing
v_Typing_g17_c02,3,1,1,kid,Typing
v_Typing_g17_c03,1,1,3,old,Typing
v_Typing_g18_c03,1,2,2,uncertain,Typing
v_Typing_g24_c01,1,4,0,young,Typing
v_Typing_g24_c04,0,5,0,young,Typing
v_UnevenBars_g03_c02,2,1,2,uncertain,UnevenBars
v_UnevenBars_g03_c04,3,0,2,kid,UnevenBars
v_UnevenBars_g04_c02,0,0,5,old,UnevenBars
v_UnevenBars_g04_c03,0,0,5,old,UnevenBars
v_UnevenBars_g05_c01,5,0,0,kid,UnevenBars
v_UnevenBars_g05_c04,1,3,1,young,UnevenBars
v_UnevenBars_g06_c01,3,0,2,kid,UnevenBars
v_UnevenBars_g06_c03,1,3,1,young,UnevenBars
v_UnevenBars_g08_c02,1,0,4,old,UnevenBars
v_UnevenBars_g08_c04,2,0,3,old,UnevenBars
v_UnevenBars_g09_c02,4,0,1,kid,UnevenBars
v_UnevenBars_g10_c03,3,0,2,kid,UnevenBars
v_UnevenBars_g12_c02,3,0,2,kid,UnevenBars
v_UnevenBars_g13_c03,3,0,2,kid,UnevenBars
v_UnevenBars_g15_c04,5,0,0,kid,UnevenBars
v_UnevenBars_g15_c05,5,0,0,kid,UnevenBars
v_UnevenBars_g16_c05,5,0,0,kid,UnevenBars
v_UnevenBars_g17_c03,3,0,2,kid,UnevenBars
v_UnevenBars_g18_c03,0,0,5,old,UnevenBars
v_UnevenBars_g18_c04,1,0,4,old,UnevenBars
v_UnevenBars_g20_c01,4,1,0,kid,UnevenBars
v_UnevenBars_g21_c03,3,0,2,kid,UnevenBars
v_UnevenBars_g22_c02,2,0,3,old,UnevenBars
v_UnevenBars_g22_c03,0,0,5,old,UnevenBars
v_VolleyballSpiking_g01_c03,2,3,0,young,VolleyballSpiking
v_VolleyballSpiking_g03_c04,2,3,0,young,VolleyballSpiking
v_VolleyballSpiking_g06_c04,4,1,0,kid,VolleyballSpiking
v_VolleyballSpiking_g08_c02,0,5,0,young,VolleyballSpiking
v_VolleyballSpiking_g08_c04,1,4,0,young,VolleyballSpiking
v_VolleyballSpiking_g08_c06,1,4,0,young,VolleyballSpiking
v_VolleyballSpiking_g10_c03,3,2,0,kid,VolleyballSpiking
v_VolleyballSpiking_g11_c01,4,1,0,kid,VolleyballSpiking
v_VolleyballSpiking_g11_c05,4,1,0,kid,VolleyballSpiking
v_VolleyballSpiking_g12_c01,5,0,0,kid,VolleyballSpiking
v_VolleyballSpiking_g12_c02,2,2,1,uncertain,VolleyballSpiking
v_VolleyballSpiking_g16_c01,0,5,0,young,VolleyballSpiking
v_VolleyballSpiking_g16_c03,2,3,0,young,VolleyballSpiking
v_VolleyballSpiking_g17_c04,2,3,0,young,VolleyballSpiking
v_VolleyballSpiking_g18_c02,2,3,0,young,VolleyballSpiking
v_VolleyballSpiking_g18_c04,2,2,1,uncertain,VolleyballSpiking
v_VolleyballSpiking_g20_c02,2,1,2,uncertain,VolleyballSpiking
v_VolleyballSpiking_g22_c01,2,2,1,uncertain,VolleyballSpiking
v_VolleyballSpiking_g22_c04,2,3,0,young,VolleyballSpiking
v_VolleyballSpiking_g23_c01,0,5,0,young,VolleyballSpiking
v_VolleyballSpiking_g23_c02,0,5,0,young,VolleyballSpiking
v_VolleyballSpiking_g24_c01,2,3,0,young,VolleyballSpiking
v_VolleyballSpiking_g24_c03,2,3,0,young,VolleyballSpiking
v_VolleyballSpiking_g25_c01,2,3,0,young,VolleyballSpiking
v_VolleyballSpiking_g25_c04,2,3,0,young,VolleyballSpiking
v_WalkingWithDog_g01_c02,0,1,4,old,WalkingWithDog
v_WalkingWithDog_g01_c04,2,2,1,uncertain,WalkingWithDog
v_WalkingWithDog_g02_c04,1,2,2,uncertain,WalkingWithDog
v_WalkingWithDog_g03_c01,0,0,5,old,WalkingWithDog
v_WalkingWithDog_g03_c02,1,0,4,old,WalkingWithDog
v_WalkingWithDog_g03_c04,2,3,0,young,WalkingWithDog
v_WalkingWithDog_g04_c01,2,0,3,old,WalkingWithDog
v_WalkingWithDog_g04_c02,1,2,2,uncertain,WalkingWithDog
v_WalkingWithDog_g05_c01,1,2,2,uncertain,WalkingWithDog
v_WalkingWithDog_g05_c02,1,2,2,uncertain,WalkingWithDog
v_WalkingWithDog_g06_c05,1,2,2,uncertain,WalkingWithDog
v_WalkingWithDog_g07_c01,1,4,0,young,WalkingWithDog
v_WalkingWithDog_g07_c05,2,3,0,young,WalkingWithDog
v_WalkingWithDog_g08_c03,1,0,4,old,WalkingWithDog
v_WalkingWithDog_g08_c05,1,0,4,old,WalkingWithDog
v_WalkingWithDog_g10_c01,1,4,0,young,WalkingWithDog
v_WalkingWithDog_g10_c03,1,0,4,old,WalkingWithDog
v_WalkingWithDog_g11_c02,2,3,0,young,WalkingWithDog
v_WalkingWithDog_g13_c03,0,0,5,old,WalkingWithDog
v_WalkingWithDog_g13_c05,1,0,4,old,WalkingWithDog
v_WalkingWithDog_g14_c03,2,2,1,uncertain,WalkingWithDog
v_WalkingWithDog_g15_c01,2,1,2,uncertain,WalkingWithDog
v_WalkingWithDog_g15_c03,2,1,2,uncertain,WalkingWithDog
v_WalkingWithDog_g16_c03,1,4,0,young,WalkingWithDog
v_WalkingWithDog_g16_c04,0,0,5,old,WalkingWithDog
v_WalkingWithDog_g16_c05,2,1,2,uncertain,WalkingWithDog
v_WalkingWithDog_g17_c01,2,1,2,uncertain,WalkingWithDog
v_WalkingWithDog_g19_c01,1,0,4,old,WalkingWithDog
v_WalkingWithDog_g19_c03,0,0,5,old,WalkingWithDog
v_WalkingWithDog_g19_c05,2,2,1,uncertain,WalkingWithDog
v_WalkingWithDog_g20_c01,2,3,0,young,WalkingWithDog
v_WalkingWithDog_g20_c04,2,3,0,young,WalkingWithDog
v_WalkingWithDog_g20_c06,2,2,1,uncertain,WalkingWithDog
v_WalkingWithDog_g22_c04,2,0,3,old,WalkingWithDog
v_WalkingWithDog_g23_c02,1,0,4,old,WalkingWithDog
v_WalkingWithDog_g23_c04,0,1,4,old,WalkingWithDog
v_WalkingWithDog_g24_c04,1,0,4,old,WalkingWithDog
v_WallPushups_g01_c04,2,1,2,uncertain,WallPushups
v_WallPushups_g05_c01,2,3,0,young,WallPushups
v_WallPushups_g05_c02,2,3,0,young,WallPushups
v_WallPushups_g05_c05,0,2,3,old,WallPushups
v_WallPushups_g08_c05,4,0,1,kid,WallPushups
v_WallPushups_g10_c01,2,2,1,uncertain,WallPushups
v_WallPushups_g10_c04,1,2,2,uncertain,WallPushups
v_WallPushups_g12_c02,2,3,0,young,WallPushups
v_WallPushups_g12_c03,1,4,0,young,WallPushups
v_WallPushups_g13_c03,2,3,0,young,WallPushups
v_WallPushups_g13_c05,0,2,3,old,WallPushups
v_WallPushups_g23_c04,3,1,1,kid,WallPushups
v_WallPushups_g24_c01,0,5,0,young,WallPushups
v_WallPushups_g24_c04,0,4,1,young,WallPushups
v_WritingOnBoard_g01_c01,1,0,4,old,WritingOnBoard
v_WritingOnBoard_g01_c04,1,2,2,uncertain,WritingOnBoard
v_WritingOnBoard_g01_c05,1,4,0,young,WritingOnBoard
v_WritingOnBoard_g01_c07,0,3,2,young,WritingOnBoard
v_WritingOnBoard_g02_c07,0,5,0,young,WritingOnBoard
v_WritingOnBoard_g05_c02,2,3,0,young,WritingOnBoard
v_WritingOnBoard_g06_c01,4,1,0,kid,WritingOnBoard
v_WritingOnBoard_g08_c03,0,3,2,young,WritingOnBoard
v_WritingOnBoard_g10_c03,2,0,3,old,WritingOnBoard
v_WritingOnBoard_g10_c07,1,4,0,young,WritingOnBoard
v_WritingOnBoard_g11_c04,0,0,5,old,WritingOnBoard
v_WritingOnBoard_g11_c05,0,0,5,old,WritingOnBoard
v_WritingOnBoard_g11_c06,0,0,5,old,WritingOnBoard
v_WritingOnBoard_g12_c02,0,0,5,old,WritingOnBoard
v_WritingOnBoard_g12_c03,0,0,5,old,WritingOnBoard
v_WritingOnBoard_g13_c04,2,0,3,old,WritingOnBoard
v_WritingOnBoard_g13_c05,2,0,3,old,WritingOnBoard
v_WritingOnBoard_g15_c04,0,4,1,young,WritingOnBoard
v_WritingOnBoard_g17_c05,3,2,0,kid,WritingOnBoard
v_WritingOnBoard_g19_c01,1,2,2,uncertain,WritingOnBoard
v_WritingOnBoard_g20_c02,5,0,0,kid,WritingOnBoard
v_WritingOnBoard_g20_c04,5,0,0,kid,WritingOnBoard
v_YoYo_g01_c02,2,1,2,uncertain,YoYo
v_YoYo_g02_c01,4,1,0,kid,YoYo
v_YoYo_g03_c06,1,2,2,uncertain,YoYo
v_YoYo_g05_c02,1,2,2,uncertain,YoYo
v_YoYo_g05_c03,1,2,2,uncertain,YoYo
v_YoYo_g11_c06,3,2,0,kid,YoYo
v_YoYo_g17_c01,2,3,0,young,YoYo
v_YoYo_g17_c02,0,5,0,young,YoYo
v_YoYo_g17_c05,1,4,0,young,YoYo
v_YoYo_g18_c01,2,3,0,young,YoYo
v_YoYo_g18_c04,2,3,0,young,YoYo
v_YoYo_g19_c02,1,4,0,young,YoYo
v_YoYo_g19_c04,1,4,0,young,YoYo
v_YoYo_g19_c06,2,3,0,young,YoYo
v_YoYo_g20_c01,1,4,0,young,YoYo
v_YoYo_g20_c02,2,3,0,young,YoYo
v_YoYo_g21_c01,2,2,1,uncertain,YoYo
v_YoYo_g21_c05,4,1,0,kid,YoYo
v_YoYo_g21_c06,4,1,0,kid,YoYo
v_YoYo_g24_c03,0,5,0,young,YoYo
v_YoYo_g25_c04,1,4,0,young,YoYo
v_YoYo_g25_c05,1,4,0,young,YoYo
