video_name,thin_and_tall_count,thin_and_short_count,wide_and_tall_count,wide_and_short_count,final,category
v_ApplyEyeMakeup_g02_c01,0,0,2,3,wide_and_short,ApplyEyeMakeup
v_ApplyEyeMakeup_g03_c02,0,0,3,2,wide_and_tall,ApplyEyeMakeup
v_ApplyEyeMakeup_g04_c01,0,0,2,3,wide_and_short,ApplyEyeMakeup
v_ApplyEyeMakeup_g04_c02,0,0,0,5,wide_and_short,ApplyEyeMakeup
v_ApplyEyeMakeup_g04_c04,0,0,0,5,wide_and_short,ApplyEyeMakeup
v_ApplyEyeMakeup_g04_c06,1,3,0,1,thin_and_short,ApplyEyeMakeup
v_ApplyEyeMakeup_g06_c02,0,0,1,4,wide_and_short,ApplyEyeMakeup
v_ApplyEyeMakeup_g06_c04,0,0,1,4,wide_and_short,ApplyEyeMakeup
v_ApplyEyeMakeup_g08_c04,2,2,0,1,thin_and_tall,ApplyEyeMakeup
v_ApplyEyeMakeup_g09_c02,3,0,0,2,thin_and_tall,ApplyEyeMakeup
v_ApplyEyeMakeup_g11_c03,2,0,1,2,thin_and_tall,ApplyEyeMakeup
v_ApplyEyeMakeup_g12_c01,0,0,1,4,wide_and_short,ApplyEyeMakeup
v_ApplyEyeMakeup_g12_c02,2,0,2,1,thin_and_tall,ApplyEyeMakeup
v_ApplyEyeMakeup_g12_c03,2,0,2,1,thin_and_tall,ApplyEyeMakeup
v_ApplyEyeMakeup_g15_c01,0,0,0,5,wide_and_short,ApplyEyeMakeup
v_ApplyEyeMakeup_g15_c06,0,0,2,3,wide_and_short,ApplyEyeMakeup
v_ApplyEyeMakeup_g17_c03,0,0,0,5,wide_and_short,ApplyEyeMakeup
v_ApplyEyeMakeup_g17_c05,0,0,2,3,wide_and_short,ApplyEyeMakeup
v_ApplyEyeMakeup_g18_c03,0,0,1,4,wide_and_short,ApplyEyeMakeup
v_ApplyEyeMakeup_g18_c05,0,0,2,3,wide_and_short,ApplyEyeMakeup
v_ApplyEyeMakeup_g19_c02,0,0,5,0,wide_and_tall,ApplyEyeMakeup
v_ApplyEyeMakeup_g20_c01,0,0,4,1,wide_and_tall,ApplyEyeMakeup
v_ApplyEyeMakeup_g20_c04,2,0,1,2,thin_and_tall,ApplyEyeMakeup
v_ApplyEyeMakeup_g21_c03,0,0,1,4,wide_and_short,ApplyEyeMakeup
v_ApplyEyeMakeup_g21_c05,0,0,0,5,wide_and_short,ApplyEyeMakeup
v_ApplyEyeMakeup_g24_c02,0,0,2,3,wide_and_short,ApplyEyeMakeup
v_ApplyEyeMakeup_g25_c07,3,0,0,2,thin_and_tall,ApplyEyeMakeup
v_ApplyLipstick_g03_c04,0,3,0,2,thin_and_short,ApplyLipstick
v_ApplyLipstick_g04_c01,1,0,0,4,wide_and_short,ApplyLipstick
v_ApplyLipstick_g04_c02,2,0,0,3,wide_and_short,ApplyLipstick
v_ApplyLipstick_g04_c05,2,1,0,2,thin_and_tall,ApplyLipstick
v_ApplyLipstick_g16_c02,3,2,0,0,thin_and_tall,ApplyLipstick
v_ApplyLipstick_g16_c03,0,5,0,0,thin_and_short,ApplyLipstick
v_ApplyLipstick_g18_c02,0,1,2,2,wide_and_tall,ApplyLipstick
v_ApplyLipstick_g18_c03,0,3,0,2,thin_and_short,ApplyLipstick
v_ApplyLipstick_g20_c05,3,0,0,2,thin_and_tall,ApplyLipstick
v_Archery_g01_c01,0,1,0,4,wide_and_short,Archery
v_Archery_g01_c05,0,0,1,4,wide_and_short,Archery
v_Archery_g01_c07,0,1,0,4,wide_and_short,Archery
v_Archery_g02_c07,0,2,0,3,wide_and_short,Archery
v_Archery_g03_c02,1,1,3,0,wide_and_tall,Archery
v_Archery_g05_c04,3,1,0,1,thin_and_tall,Archery
v_Archery_g05_c05,4,1,0,0,thin_and_tall,Archery
v_Archery_g06_c04,2,0,3,0,wide_and_tall,Archery
v_Archery_g07_c01,2,3,0,0,thin_and_short,Archery
v_Archery_g07_c03,0,2,0,3,wide_and_short,Archery
v_Archery_g11_c02,0,1,3,1,wide_and_tall,Archery
v_Archery_g11_c04,1,0,3,1,wide_and_tall,Archery
v_Archery_g11_c05,0,3,2,0,thin_and_short,Archery
v_Archery_g11_c06,0,0,5,0,wide_and_tall,Archery
v_Archery_g12_c03,2,2,0,1,thin_and_tall,Archery
v_Archery_g13_c01,0,3,0,2,thin_and_short,Archery
v_Archery_g13_c04,0,1,4,0,wide_and_tall,Archery
v_Archery_g13_c05,0,0,5,0,wide_and_tall,Archery
v_Archery_g13_c06,0,3,1,1,thin_and_short,Archery
v_Archery_g16_c05,4,1,0,0,thin_and_tall,Archery
v_Archery_g18_c06,0,2,1,2,thin_and_short,Archery
v_Archery_g21_c01,3,2,0,0,thin_and_tall,Archery
v_Archery_g21_c03,3,2,0,0,thin_and_tall,Archery
v_Archery_g23_c02,0,2,0,3,wide_and_short,Archery
v_Archery_g24_c02,2,0,3,0,wide_and_tall,Archery
v_Archery_g25_c04,0,5,0,0,thin_and_short,Archery
v_Archery_g25_c06,0,1,0,4,wide_and_short,Archery
v_Archery_g25_c07,1,2,2,0,thin_and_short,Archery
v_BabyCrawling_g01_c01,0,0,4,1,wide_and_tall,BabyCrawling
v_BabyCrawling_g01_c03,3,0,0,2,thin_and_tall,BabyCrawling
v_BabyCrawling_g04_c02,1,0,0,4,wide_and_short,BabyCrawling
v_BabyCrawling_g04_c03,4,0,0,1,thin_and_tall,BabyCrawling
v_BabyCrawling_g06_c03,3,0,2,0,thin_and_tall,BabyCrawling
v_BabyCrawling_g09_c01,0,0,1,4,wide_and_short,BabyCrawling
v_BabyCrawling_g09_c04,0,0,1,4,wide_and_short,BabyCrawling
v_BabyCrawling_g09_c06,3,0,1,1,thin_and_tall,BabyCrawling
v_BabyCrawling_g10_c01,1,0,1,3,wide_and_short,BabyCrawling
v_BabyCrawling_g10_c02,0,0,2,3,wide_and_short,BabyCrawling
v_BabyCrawling_g10_c03,0,1,3,1,wide_and_tall,BabyCrawling
v_BabyCrawling_g11_c03,5,0,0,0,thin_and_tall,BabyCrawling
v_BabyCrawling_g11_c04,1,0,3,1,wide_and_tall,BabyCrawling
v_BabyCrawling_g12_c04,5,0,0,0,thin_and_tall,BabyCrawling
v_BabyCrawling_g12_c06,4,0,0,1,thin_and_tall,BabyCrawling
v_BabyCrawling_g14_c04,4,0,1,0,thin_and_tall,BabyCrawling
v_BabyCrawling_g17_c04,1,0,4,0,wide_and_tall,BabyCrawling
v_BabyCrawling_g18_c01,1,0,0,4,wide_and_short,BabyCrawling
v_BabyCrawling_g18_c02,2,0,3,0,wide_and_tall,BabyCrawling
v_BabyCrawling_g18_c03,1,0,3,1,wide_and_tall,BabyCrawling
v_BabyCrawling_g19_c01,0,3,0,2,thin_and_short,BabyCrawling
v_BabyCrawling_g19_c03,0,0,0,5,wide_and_short,BabyCrawling
v_BabyCrawling_g19_c04,0,2,0,3,wide_and_short,BabyCrawling
v_BabyCrawling_g21_c01,0,3,0,2,thin_and_short,BabyCrawling
v_BabyCrawling_g22_c01,1,0,0,4,wide_and_short,BabyCrawling
v_BabyCrawling_g22_c05,1,4,0,0,thin_and_short,BabyCrawling
v_BabyCrawling_g22_c06,0,5,0,0,thin_and_short,BabyCrawling
v_BabyCrawling_g23_c03,3,0,0,2,thin_and_tall,BabyCrawling
v_BabyCrawling_g23_c04,1,3,0,1,thin_and_short,BabyCrawling
v_BabyCrawling_g24_c05,0,0,3,2,wide_and_tall,BabyCrawling
v_BabyCrawling_g24_c06,1,0,3,1,wide_and_tall,BabyCrawling
v_BabyCrawling_g25_c01,0,0,0,5,wide_and_short,BabyCrawling
v_BabyCrawling_g25_c05,1,0,0,4,wide_and_short,BabyCrawling
v_BalanceBeam_g12_c03,0,4,0,1,thin_and_short,BalanceBeam
v_BalanceBeam_g17_c02,0,1,0,4,wide_and_short,BalanceBeam
v_BalanceBeam_g17_c05,0,0,0,5,wide_and_short,BalanceBeam
v_BalanceBeam_g17_c06,0,0,0,5,wide_and_short,BalanceBeam
v_BandMarching_g01_c04,0,1,0,4,wide_and_short,BandMarching
v_BandMarching_g01_c05,0,2,0,3,wide_and_short,BandMarching
v_BandMarching_g01_c07,0,2,0,3,wide_and_short,BandMarching
v_BandMarching_g03_c07,0,2,0,3,wide_and_short,BandMarching
v_BandMarching_g04_c01,0,1,0,4,wide_and_short,BandMarching
v_BandMarching_g05_c07,0,3,0,2,thin_and_short,BandMarching
v_BandMarching_g06_c02,0,1,0,4,wide_and_short,BandMarching
v_BandMarching_g07_c01,0,1,0,4,wide_and_short,BandMarching
v_BandMarching_g07_c02,5,0,0,0,thin_and_tall,BandMarching
v_BandMarching_g07_c06,3,2,0,0,thin_and_tall,BandMarching
v_BandMarching_g07_c07,2,2,0,1,thin_and_tall,BandMarching
v_BandMarching_g08_c04,0,3,0,2,thin_and_short,BandMarching
v_BandMarching_g08_c05,0,3,0,2,thin_and_short,BandMarching
v_BandMarching_g08_c06,0,4,0,1,thin_and_short,BandMarching
v_BandMarching_g09_c03,0,5,0,0,thin_and_short,BandMarching
v_BandMarching_g09_c05,0,3,0,2,thin_and_short,BandMarching
v_BandMarching_g09_c07,0,3,0,2,thin_and_short,BandMarching
v_BandMarching_g10_c07,0,1,0,4,wide_and_short,BandMarching
v_BandMarching_g11_c04,0,4,0,1,thin_and_short,BandMarching
v_BandMarching_g11_c05,0,3,0,2,thin_and_short,BandMarching
v_BandMarching_g11_c07,0,3,0,2,thin_and_short,BandMarching
v_BandMarching_g12_c01,0,2,0,3,wide_and_short,BandMarching
v_BandMarching_g12_c06,0,1,0,4,wide_and_short,BandMarching
v_BandMarching_g13_c05,0,0,0,5,wide_and_short,BandMarching
v_BandMarching_g14_c01,0,1,0,4,wide_and_short,BandMarching
v_BandMarching_g16_c02,0,0,0,5,wide_and_short,BandMarching
v_BandMarching_g16_c07,0,2,0,3,wide_and_short,BandMarching
v_BandMarching_g17_c03,2,1,0,2,thin_and_tall,BandMarching
v_BandMarching_g18_c01,0,0,0,5,wide_and_short,BandMarching
v_BandMarching_g19_c01,0,0,0,5,wide_and_short,BandMarching
v_BandMarching_g19_c02,0,2,0,3,wide_and_short,BandMarching
v_BandMarching_g19_c03,0,2,0,3,wide_and_short,BandMarching
v_BandMarching_g22_c03,1,1,0,3,wide_and_short,BandMarching
v_BandMarching_g22_c05,0,2,0,3,wide_and_short,BandMarching
v_BandMarching_g23_c04,0,3,0,2,thin_and_short,BandMarching
v_BandMarching_g24_c01,0,2,0,3,wide_and_short,BandMarching
v_BandMarching_g25_c02,0,2,2,1,thin_and_short,BandMarching
v_BaseballPitch_g01_c03,0,1,2,2,wide_and_tall,BaseballPitch
v_BaseballPitch_g01_c05,0,0,5,0,wide_and_tall,BaseballPitch
v_BaseballPitch_g01_c06,0,1,1,3,wide_and_short,BaseballPitch
v_BaseballPitch_g10_c01,0,1,0,4,wide_and_short,BaseballPitch
v_BaseballPitch_g10_c02,2,1,0,2,thin_and_tall,BaseballPitch
v_BaseballPitch_g10_c03,1,1,0,3,wide_and_short,BaseballPitch
v_BaseballPitch_g14_c02,1,0,1,3,wide_and_short,BaseballPitch
v_BaseballPitch_g15_c03,0,3,0,2,thin_and_short,BaseballPitch
v_BaseballPitch_g15_c04,0,4,0,1,thin_and_short,BaseballPitch
v_BaseballPitch_g15_c06,0,4,0,1,thin_and_short,BaseballPitch
v_BaseballPitch_g20_c02,1,2,0,2,thin_and_short,BaseballPitch
v_BaseballPitch_g20_c04,0,0,0,5,wide_and_short,BaseballPitch
v_BaseballPitch_g23_c01,3,0,2,0,thin_and_tall,BaseballPitch
v_BaseballPitch_g23_c05,2,0,2,1,thin_and_tall,BaseballPitch
v_BasketballDunk_g04_c03,0,0,0,5,wide_and_short,BasketballDunk
v_BasketballDunk_g04_c04,0,0,0,5,wide_and_short,BasketballDunk
v_BasketballDunk_g05_c01,0,1,0,4,wide_and_short,BasketballDunk
v_BasketballDunk_g05_c03,0,1,0,4,wide_and_short,BasketballDunk
v_BasketballDunk_g07_c02,0,4,0,1,thin_and_short,BasketballDunk
v_BasketballDunk_g07_c04,0,5,0,0,thin_and_short,BasketballDunk
v_BasketballDunk_g08_c02,0,5,0,0,thin_and_short,BasketballDunk
v_BasketballDunk_g09_c03,0,2,0,3,wide_and_short,BasketballDunk
v_BasketballDunk_g09_c04,0,0,0,5,wide_and_short,BasketballDunk
v_BasketballDunk_g12_c02,0,5,0,0,thin_and_short,BasketballDunk
v_BasketballDunk_g12_c03,0,5,0,0,thin_and_short,BasketballDunk
v_BasketballDunk_g13_c01,0,0,0,5,wide_and_short,BasketballDunk
v_BasketballDunk_g14_c01,0,5,0,0,thin_and_short,BasketballDunk
v_BasketballDunk_g14_c05,0,5,0,0,thin_and_short,BasketballDunk
v_BasketballDunk_g14_c07,0,5,0,0,thin_and_short,BasketballDunk
v_BasketballDunk_g15_c05,0,4,0,1,thin_and_short,BasketballDunk
v_BasketballDunk_g15_c06,1,2,0,2,thin_and_short,BasketballDunk
v_BasketballDunk_g16_c03,0,5,0,0,thin_and_short,BasketballDunk
v_BasketballDunk_g18_c06,0,3,0,2,thin_and_short,BasketballDunk
v_BasketballDunk_g19_c02,0,3,0,2,thin_and_short,BasketballDunk
v_BasketballDunk_g25_c04,0,5,0,0,thin_and_short,BasketballDunk
v_Basketball_g02_c03,2,1,0,2,thin_and_tall,Basketball
v_Basketball_g07_c02,1,2,0,2,thin_and_short,Basketball
v_Basketball_g12_c02,1,0,0,4,wide_and_short,Basketball
v_Basketball_g12_c04,2,0,1,2,thin_and_tall,Basketball
v_Basketball_g15_c01,1,2,0,2,thin_and_short,Basketball
v_Basketball_g15_c02,1,2,0,2,thin_and_short,Basketball
v_Basketball_g15_c04,0,4,0,1,thin_and_short,Basketball
v_Basketball_g17_c02,3,0,0,2,thin_and_tall,Basketball
v_Basketball_g23_c03,0,3,0,2,thin_and_short,Basketball
v_Basketball_g24_c01,0,5,0,0,thin_and_short,Basketball
v_Basketball_g25_c02,0,3,0,2,thin_and_short,Basketball
v_BenchPress_g01_c01,0,0,0,5,wide_and_short,BenchPress
v_BenchPress_g01_c02,0,2,0,3,wide_and_short,BenchPress
v_BenchPress_g01_c05,0,1,0,4,wide_and_short,BenchPress
v_BenchPress_g03_c01,1,0,1,3,wide_and_short,BenchPress
v_BenchPress_g03_c04,1,2,0,2,thin_and_short,BenchPress
v_BenchPress_g03_c05,1,2,0,2,thin_and_short,BenchPress
v_BenchPress_g03_c07,0,1,0,4,wide_and_short,BenchPress
v_BenchPress_g05_c03,0,2,0,3,wide_and_short,BenchPress
v_BenchPress_g05_c07,0,2,0,3,wide_and_short,BenchPress
v_BenchPress_g08_c02,2,1,0,2,thin_and_tall,BenchPress
v_BenchPress_g08_c05,0,1,0,4,wide_and_short,BenchPress
v_BenchPress_g08_c06,2,1,0,2,thin_and_tall,BenchPress
v_BenchPress_g08_c07,3,1,0,1,thin_and_tall,BenchPress
v_BenchPress_g09_c06,2,2,0,1,thin_and_tall,BenchPress
v_BenchPress_g09_c07,0,4,0,1,thin_and_short,BenchPress
v_BenchPress_g11_c03,1,4,0,0,thin_and_short,BenchPress
v_BenchPress_g12_c05,0,3,0,2,thin_and_short,BenchPress
v_BenchPress_g13_c05,3,2,0,0,thin_and_tall,BenchPress
v_BenchPress_g13_c06,5,0,0,0,thin_and_tall,BenchPress
v_BenchPress_g14_c03,2,2,0,1,thin_and_tall,BenchPress
v_BenchPress_g14_c04,5,0,0,0,thin_and_tall,BenchPress
v_BenchPress_g14_c06,4,1,0,0,thin_and_tall,BenchPress
v_BenchPress_g15_c05,0,0,5,0,wide_and_tall,BenchPress
v_BenchPress_g15_c06,0,0,4,1,wide_and_tall,BenchPress
v_BenchPress_g16_c05,0,3,0,2,thin_and_short,BenchPress
v_BenchPress_g17_c04,5,0,0,0,thin_and_tall,BenchPress
v_BenchPress_g17_c05,2,1,0,2,thin_and_tall,BenchPress
v_BenchPress_g17_c07,3,0,0,2,thin_and_tall,BenchPress
v_BenchPress_g18_c01,0,3,0,2,thin_and_short,BenchPress
v_BenchPress_g18_c07,0,3,0,2,thin_and_short,BenchPress
v_BenchPress_g20_c03,4,1,0,0,thin_and_tall,BenchPress
v_BenchPress_g20_c07,2,2,0,1,thin_and_tall,BenchPress
v_BenchPress_g21_c03,1,2,0,2,thin_and_short,BenchPress
v_BenchPress_g25_c04,3,2,0,0,thin_and_tall,BenchPress
v_Biking_g04_c01,0,3,0,2,thin_and_short,Biking
v_Biking_g05_c01,1,0,3,1,wide_and_tall,Biking
v_Biking_g08_c01,0,3,0,2,thin_and_short,Biking
v_Biking_g08_c02,0,0,3,2,wide_and_tall,Biking
v_Biking_g13_c04,0,0,3,2,wide_and_tall,Biking
v_Biking_g20_c03,1,2,0,2,thin_and_short,Biking
v_Billiards_g02_c01,0,5,0,0,thin_and_short,Billiards
v_Billiards_g02_c03,0,3,0,2,thin_and_short,Billiards
v_Billiards_g02_c06,0,5,0,0,thin_and_short,Billiards
v_Billiards_g03_c04,0,3,0,2,thin_and_short,Billiards
v_Billiards_g03_c05,0,3,0,2,thin_and_short,Billiards
v_Billiards_g04_c01,0,0,0,5,wide_and_short,Billiards
v_Billiards_g04_c07,0,1,0,4,wide_and_short,Billiards
v_Billiards_g05_c05,0,0,0,5,wide_and_short,Billiards
v_Billiards_g07_c04,0,0,0,5,wide_and_short,Billiards
v_Billiards_g08_c01,0,2,0,3,wide_and_short,Billiards
v_Billiards_g08_c04,0,1,0,4,wide_and_short,Billiards
v_Billiards_g10_c02,0,5,0,0,thin_and_short,Billiards
v_Billiards_g11_c02,0,3,0,2,thin_and_short,Billiards
v_Billiards_g11_c06,0,5,0,0,thin_and_short,Billiards
v_Billiards_g14_c03,0,3,0,2,thin_and_short,Billiards
v_Billiards_g16_c04,0,3,0,2,thin_and_short,Billiards
v_Billiards_g17_c03,0,0,0,5,wide_and_short,Billiards
v_Billiards_g17_c05,0,2,0,3,wide_and_short,Billiards
v_Billiards_g18_c02,0,5,0,0,thin_and_short,Billiards
v_Billiards_g18_c04,0,5,0,0,thin_and_short,Billiards
v_Billiards_g18_c06,0,5,0,0,thin_and_short,Billiards
v_Billiards_g19_c01,0,5,0,0,thin_and_short,Billiards
v_Billiards_g19_c02,0,3,0,2,thin_and_short,Billiards
v_Billiards_g19_c03,0,5,0,0,thin_and_short,Billiards
v_Billiards_g21_c01,0,3,0,2,thin_and_short,Billiards
v_Billiards_g21_c02,0,5,0,0,thin_and_short,Billiards
v_Billiards_g21_c03,0,3,0,2,thin_and_short,Billiards
v_Billiards_g23_c01,0,0,0,5,wide_and_short,Billiards
v_Billiards_g23_c02,0,1,0,4,wide_and_short,Billiards
v_Billiards_g25_c04,0,4,0,1,thin_and_short,Billiards
v_BlowDryHair_g01_c04,0,0,0,5,wide_and_short,BlowDryHair
v_BlowDryHair_g02_c01,0,0,0,5,wide_and_short,BlowDryHair
v_BlowDryHair_g02_c02,0,0,2,3,wide_and_short,BlowDryHair
v_BlowDryHair_g02_c03,2,0,3,0,wide_and_tall,BlowDryHair
v_BlowDryHair_g03_c02,1,0,0,4,wide_and_short,BlowDryHair
v_BlowDryHair_g03_c03,0,0,3,2,wide_and_tall,BlowDryHair
v_BlowDryHair_g03_c04,0,1,0,4,wide_and_short,BlowDryHair
v_BlowDryHair_g04_c04,0,1,1,3,wide_and_short,BlowDryHair
v_BlowDryHair_g04_c05,0,2,3,0,wide_and_tall,BlowDryHair
v_BlowDryHair_g05_c01,5,0,0,0,thin_and_tall,BlowDryHair
v_BlowDryHair_g05_c03,1,0,1,3,wide_and_short,BlowDryHair
v_BlowDryHair_g05_c05,1,2,1,1,thin_and_short,BlowDryHair
v_BlowDryHair_g06_c04,0,0,2,3,wide_and_short,BlowDryHair
v_BlowDryHair_g06_c07,0,0,0,5,wide_and_short,BlowDryHair
v_BlowDryHair_g07_c03,0,0,1,4,wide_and_short,BlowDryHair
v_BlowDryHair_g08_c02,0,0,3,2,wide_and_tall,BlowDryHair
v_BlowDryHair_g08_c03,0,1,2,2,wide_and_tall,BlowDryHair
v_BlowDryHair_g08_c05,0,0,5,0,wide_and_tall,BlowDryHair
v_BlowDryHair_g09_c01,1,2,0,2,thin_and_short,BlowDryHair
v_BlowDryHair_g09_c04,0,0,3,2,wide_and_tall,BlowDryHair
v_BlowDryHair_g10_c01,1,4,0,0,thin_and_short,BlowDryHair
v_BlowDryHair_g10_c02,2,3,0,0,thin_and_short,BlowDryHair
v_BlowDryHair_g10_c04,0,0,5,0,wide_and_tall,BlowDryHair
v_BlowDryHair_g12_c03,0,0,5,0,wide_and_tall,BlowDryHair
v_BlowDryHair_g12_c04,0,0,5,0,wide_and_tall,BlowDryHair
v_BlowDryHair_g12_c06,1,0,4,0,wide_and_tall,BlowDryHair
v_BlowDryHair_g13_c04,0,1,4,0,wide_and_tall,BlowDryHair
v_BlowDryHair_g15_c02,0,0,0,5,wide_and_short,BlowDryHair
v_BlowDryHair_g15_c03,0,0,4,1,wide_and_tall,BlowDryHair
v_BlowDryHair_g16_c02,2,0,3,0,wide_and_tall,BlowDryHair
v_BlowDryHair_g17_c01,0,1,1,3,wide_and_short,BlowDryHair
v_BlowDryHair_g17_c03,0,0,0,5,wide_and_short,BlowDryHair
v_BlowDryHair_g17_c05,3,2,0,0,thin_and_tall,BlowDryHair
v_BlowDryHair_g19_c04,0,0,5,0,wide_and_tall,BlowDryHair
v_BlowDryHair_g20_c03,1,2,0,2,thin_and_short,BlowDryHair
v_BlowDryHair_g20_c04,1,4,0,0,thin_and_short,BlowDryHair
v_BlowDryHair_g21_c02,2,0,2,1,thin_and_tall,BlowDryHair
v_BlowDryHair_g21_c04,2,0,2,1,thin_and_tall,BlowDryHair
v_BlowDryHair_g22_c01,4,0,1,0,thin_and_tall,BlowDryHair
v_BlowDryHair_g23_c01,2,0,3,0,wide_and_tall,BlowDryHair
v_BlowDryHair_g23_c02,0,0,5,0,wide_and_tall,BlowDryHair
v_BlowDryHair_g23_c03,0,5,0,0,thin_and_short,BlowDryHair
v_BlowDryHair_g23_c04,0,2,3,0,wide_and_tall,BlowDryHair
v_BlowDryHair_g24_c02,0,0,5,0,wide_and_tall,BlowDryHair
v_BlowDryHair_g25_c01,0,0,5,0,wide_and_tall,BlowDryHair
v_BlowDryHair_g25_c03,2,0,3,0,wide_and_tall,BlowDryHair
v_BlowingCandles_g02_c03,0,3,0,2,thin_and_short,BlowingCandles
v_BlowingCandles_g02_c04,4,1,0,0,thin_and_tall,BlowingCandles
v_BlowingCandles_g03_c03,0,1,0,4,wide_and_short,BlowingCandles
v_BlowingCandles_g03_c04,0,0,0,5,wide_and_short,BlowingCandles
v_BlowingCandles_g08_c04,0,0,0,5,wide_and_short,BlowingCandles
v_BlowingCandles_g09_c01,0,0,0,5,wide_and_short,BlowingCandles
v_BlowingCandles_g09_c04,0,1,0,4,wide_and_short,BlowingCandles
v_BlowingCandles_g18_c01,0,2,0,3,wide_and_short,BlowingCandles
v_BlowingCandles_g18_c03,0,0,0,5,wide_and_short,BlowingCandles
v_BlowingCandles_g19_c03,0,5,0,0,thin_and_short,BlowingCandles
v_BlowingCandles_g21_c01,1,1,0,3,wide_and_short,BlowingCandles
v_BlowingCandles_g21_c02,0,2,0,3,wide_and_short,BlowingCandles
v_BlowingCandles_g22_c01,0,4,0,1,thin_and_short,BlowingCandles
v_BlowingCandles_g23_c03,3,1,0,1,thin_and_tall,BlowingCandles
v_BlowingCandles_g25_c01,0,0,0,5,wide_and_short,BlowingCandles
v_BlowingCandles_g25_c02,0,0,0,5,wide_and_short,BlowingCandles
v_BlowingCandles_g25_c06,0,2,0,3,wide_and_short,BlowingCandles
v_BodyWeightSquats_g03_c04,0,4,0,1,thin_and_short,BodyWeightSquats
v_BodyWeightSquats_g03_c05,1,4,0,0,thin_and_short,BodyWeightSquats
v_BodyWeightSquats_g06_c01,3,0,2,0,thin_and_tall,BodyWeightSquats
v_BodyWeightSquats_g06_c05,0,2,2,1,thin_and_short,BodyWeightSquats
v_BodyWeightSquats_g07_c01,2,1,0,2,thin_and_tall,BodyWeightSquats
v_BodyWeightSquats_g09_c04,2,0,3,0,wide_and_tall,BodyWeightSquats
v_BodyWeightSquats_g12_c02,2,0,3,0,wide_and_tall,BodyWeightSquats
v_BodyWeightSquats_g12_c04,5,0,0,0,thin_and_tall,BodyWeightSquats
v_BodyWeightSquats_g14_c01,0,0,0,5,wide_and_short,BodyWeightSquats
v_BodyWeightSquats_g14_c03,0,2,0,3,wide_and_short,BodyWeightSquats
v_BodyWeightSquats_g17_c04,0,1,0,4,wide_and_short,BodyWeightSquats
v_BodyWeightSquats_g18_c04,0,2,0,3,wide_and_short,BodyWeightSquats
v_BodyWeightSquats_g20_c02,0,2,0,3,wide_and_short,BodyWeightSquats
v_BodyWeightSquats_g20_c03,1,1,0,3,wide_and_short,BodyWeightSquats
v_BodyWeightSquats_g20_c04,4,0,0,1,thin_and_tall,BodyWeightSquats
v_BodyWeightSquats_g21_c03,0,1,0,4,wide_and_short,BodyWeightSquats
v_BodyWeightSquats_g21_c04,0,2,0,3,wide_and_short,BodyWeightSquats
v_BodyWeightSquats_g22_c01,3,1,0,1,thin_and_tall,BodyWeightSquats
v_BodyWeightSquats_g22_c02,1,2,0,2,thin_and_short,BodyWeightSquats
v_BodyWeightSquats_g24_c01,0,2,0,3,wide_and_short,BodyWeightSquats
v_BodyWeightSquats_g25_c06,0,2,0,3,wide_and_short,BodyWeightSquats
v_Bowling_g01_c01,0,2,0,3,wide_and_short,Bowling
v_Bowling_g01_c03,0,2,0,3,wide_and_short,Bowling
v_Bowling_g01_c07,0,1,0,4,wide_and_short,Bowling
v_Bowling_g03_c03,0,0,3,2,wide_and_tall,Bowling
v_Bowling_g05_c05,0,0,3,2,wide_and_tall,Bowling
v_Bowling_g07_c01,0,4,0,1,thin_and_short,Bowling
v_Bowling_g07_c05,0,3,0,2,thin_and_short,Bowling
v_Bowling_g07_c06,0,3,0,2,thin_and_short,Bowling
v_Bowling_g09_c03,0,0,0,5,wide_and_short,Bowling
v_Bowling_g09_c05,0,0,0,5,wide_and_short,Bowling
v_Bowling_g09_c06,0,0,1,4,wide_and_short,Bowling
v_Bowling_g11_c04,0,3,0,2,thin_and_short,Bowling
v_Bowling_g12_c02,1,1,2,1,wide_and_tall,Bowling
v_Bowling_g12_c03,0,1,3,1,wide_and_tall,Bowling
v_Bowling_g20_c06,0,2,1,2,thin_and_short,Bowling
v_Bowling_g21_c04,0,3,0,2,thin_and_short,Bowling
v_Bowling_g22_c04,0,5,0,0,thin_and_short,Bowling
v_Bowling_g22_c07,0,5,0,0,thin_and_short,Bowling
v_Bowling_g23_c06,0,3,0,2,thin_and_short,Bowling
v_Bowling_g23_c07,0,2,1,2,thin_and_short,Bowling
v_Bowling_g24_c07,0,2,1,2,thin_and_short,Bowling
v_Bowling_g25_c02,0,1,0,4,wide_and_short,Bowling
v_Bowling_g25_c04,0,0,0,5,wide_and_short,Bowling
v_BoxingPunchingBag_g02_c03,2,1,0,2,thin_and_tall,BoxingPunchingBag
v_BoxingPunchingBag_g03_c01,0,2,1,2,thin_and_short,BoxingPunchingBag
v_BoxingPunchingBag_g03_c03,0,1,2,2,wide_and_tall,BoxingPunchingBag
v_BoxingPunchingBag_g03_c04,1,1,0,3,wide_and_short,BoxingPunchingBag
v_BoxingPunchingBag_g03_c06,0,0,0,5,wide_and_short,BoxingPunchingBag
v_BoxingPunchingBag_g06_c03,0,1,2,2,wide_and_tall,BoxingPunchingBag
v_BoxingPunchingBag_g06_c04,1,1,0,3,wide_and_short,BoxingPunchingBag
v_BoxingPunchingBag_g06_c05,0,0,1,4,wide_and_short,BoxingPunchingBag
v_BoxingPunchingBag_g06_c07,0,1,0,4,wide_and_short,BoxingPunchingBag
v_BoxingPunchingBag_g07_c02,0,3,0,2,thin_and_short,BoxingPunchingBag
v_BoxingPunchingBag_g08_c02,0,0,1,4,wide_and_short,BoxingPunchingBag
v_BoxingPunchingBag_g08_c06,0,0,2,3,wide_and_short,BoxingPunchingBag
v_BoxingPunchingBag_g08_c07,0,0,2,3,wide_and_short,BoxingPunchingBag
v_BoxingPunchingBag_g09_c02,1,1,1,2,wide_and_short,BoxingPunchingBag
v_BoxingPunchingBag_g11_c02,0,2,3,0,wide_and_tall,BoxingPunchingBag
v_BoxingPunchingBag_g12_c04,0,4,1,0,thin_and_short,BoxingPunchingBag
v_BoxingPunchingBag_g12_c05,0,4,0,1,thin_and_short,BoxingPunchingBag
v_BoxingPunchingBag_g12_c07,0,3,0,2,thin_and_short,BoxingPunchingBag
v_BoxingPunchingBag_g16_c04,3,1,0,1,thin_and_tall,BoxingPunchingBag
v_BoxingPunchingBag_g16_c05,1,2,0,2,thin_and_short,BoxingPunchingBag
v_BoxingPunchingBag_g16_c06,3,0,0,2,thin_and_tall,BoxingPunchingBag
v_BoxingPunchingBag_g18_c06,0,2,0,3,wide_and_short,BoxingPunchingBag
v_BoxingPunchingBag_g20_c01,1,2,0,2,thin_and_short,BoxingPunchingBag
v_BoxingPunchingBag_g20_c04,0,5,0,0,thin_and_short,BoxingPunchingBag
v_BoxingPunchingBag_g21_c01,1,4,0,0,thin_and_short,BoxingPunchingBag
v_BoxingPunchingBag_g21_c03,2,3,0,0,thin_and_short,BoxingPunchingBag
v_BoxingPunchingBag_g24_c07,2,1,0,2,thin_and_tall,BoxingPunchingBag
v_BoxingPunchingBag_g25_c07,3,2,0,0,thin_and_tall,BoxingPunchingBag
v_BoxingSpeedBag_g01_c04,4,1,0,0,thin_and_tall,BoxingSpeedBag
v_BoxingSpeedBag_g06_c04,1,4,0,0,thin_and_short,BoxingSpeedBag
v_BoxingSpeedBag_g08_c02,2,0,3,0,wide_and_tall,BoxingSpeedBag
v_BoxingSpeedBag_g08_c04,2,0,3,0,wide_and_tall,BoxingSpeedBag
v_BoxingSpeedBag_g09_c04,1,0,4,0,wide_and_tall,BoxingSpeedBag
v_BoxingSpeedBag_g09_c07,2,0,3,0,wide_and_tall,BoxingSpeedBag
v_BoxingSpeedBag_g11_c02,2,1,1,1,thin_and_tall,BoxingSpeedBag
v_BoxingSpeedBag_g11_c03,2,1,2,0,thin_and_tall,BoxingSpeedBag
v_BoxingSpeedBag_g11_c04,2,2,1,0,thin_and_tall,BoxingSpeedBag
v_BoxingSpeedBag_g12_c02,1,0,1,3,wide_and_short,BoxingSpeedBag
v_BoxingSpeedBag_g12_c05,1,0,0,4,wide_and_short,BoxingSpeedBag
v_BoxingSpeedBag_g14_c02,0,0,0,5,wide_and_short,BoxingSpeedBag
v_BoxingSpeedBag_g15_c01,3,2,0,0,thin_and_tall,BoxingSpeedBag
v_BoxingSpeedBag_g15_c02,3,2,0,0,thin_and_tall,BoxingSpeedBag
v_BoxingSpeedBag_g16_c02,2,3,0,0,thin_and_short,BoxingSpeedBag
v_BoxingSpeedBag_g17_c01,4,1,0,0,thin_and_tall,BoxingSpeedBag
v_BoxingSpeedBag_g21_c03,2,2,1,0,thin_and_tall,BoxingSpeedBag
v_BoxingSpeedBag_g21_c04,0,1,4,0,wide_and_tall,BoxingSpeedBag
v_BreastStroke_g02_c03,3,2,0,0,thin_and_tall,BreastStroke
v_BreastStroke_g03_c04,0,2,0,3,wide_and_short,BreastStroke
v_BreastStroke_g04_c04,3,2,0,0,thin_and_tall,BreastStroke
v_BreastStroke_g05_c02,0,2,0,3,wide_and_short,BreastStroke
v_BreastStroke_g07_c01,0,2,0,3,wide_and_short,BreastStroke
v_BrushingTeeth_g02_c03,0,3,0,2,thin_and_short,BrushingTeeth
v_BrushingTeeth_g04_c02,0,1,0,4,wide_and_short,BrushingTeeth
v_BrushingTeeth_g05_c02,0,1,0,4,wide_and_short,BrushingTeeth
v_BrushingTeeth_g05_c03,3,0,0,2,thin_and_tall,BrushingTeeth
v_BrushingTeeth_g05_c05,2,1,0,2,thin_and_tall,BrushingTeeth
v_BrushingTeeth_g08_c02,1,4,0,0,thin_and_short,BrushingTeeth
v_BrushingTeeth_g11_c03,3,1,0,1,thin_and_tall,BrushingTeeth
v_BrushingTeeth_g12_c03,2,0,2,1,thin_and_tall,BrushingTeeth
v_BrushingTeeth_g14_c02,0,2,0,3,wide_and_short,BrushingTeeth
v_BrushingTeeth_g14_c03,0,2,0,3,wide_and_short,BrushingTeeth
v_BrushingTeeth_g18_c01,2,0,3,0,wide_and_tall,BrushingTeeth
v_BrushingTeeth_g18_c07,1,0,3,1,wide_and_tall,BrushingTeeth
v_BrushingTeeth_g22_c05,3,0,0,2,thin_and_tall,BrushingTeeth
v_BrushingTeeth_g22_c07,2,0,1,2,thin_and_tall,BrushingTeeth
v_BrushingTeeth_g23_c01,0,1,0,4,wide_and_short,BrushingTeeth
v_BrushingTeeth_g23_c04,0,1,0,4,wide_and_short,BrushingTeeth
v_BrushingTeeth_g25_c01,0,2,0,3,wide_and_short,BrushingTeeth
v_BrushingTeeth_g25_c02,0,1,0,4,wide_and_short,BrushingTeeth
v_BrushingTeeth_g25_c04,0,2,0,3,wide_and_short,BrushingTeeth
v_CleanAndJerk_g03_c01,2,2,1,0,thin_and_tall,CleanAndJerk
v_CleanAndJerk_g03_c02,4,1,0,0,thin_and_tall,CleanAndJerk
v_CleanAndJerk_g03_c04,1,4,0,0,thin_and_short,CleanAndJerk
v_CleanAndJerk_g06_c04,2,2,1,0,thin_and_tall,CleanAndJerk
v_CleanAndJerk_g07_c02,0,1,4,0,wide_and_tall,CleanAndJerk
v_CleanAndJerk_g07_c03,0,2,3,0,wide_and_tall,CleanAndJerk
v_CleanAndJerk_g09_c01,0,1,2,2,wide_and_tall,CleanAndJerk
v_CleanAndJerk_g15_c03,1,1,3,0,wide_and_tall,CleanAndJerk
v_CleanAndJerk_g15_c04,0,2,3,0,wide_and_tall,CleanAndJerk
v_CleanAndJerk_g17_c04,3,2,0,0,thin_and_tall,CleanAndJerk
v_CleanAndJerk_g18_c01,2,2,1,0,thin_and_tall,CleanAndJerk
v_CleanAndJerk_g19_c01,2,2,1,0,thin_and_tall,CleanAndJerk
v_CleanAndJerk_g19_c04,0,5,0,0,thin_and_short,CleanAndJerk
v_CleanAndJerk_g20_c01,3,1,1,0,thin_and_tall,CleanAndJerk
v_CleanAndJerk_g20_c03,1,4,0,0,thin_and_short,CleanAndJerk
v_CleanAndJerk_g20_c04,0,3,2,0,thin_and_short,CleanAndJerk
v_CleanAndJerk_g22_c01,0,5,0,0,thin_and_short,CleanAndJerk
v_CleanAndJerk_g24_c04,0,0,3,2,wide_and_tall,CleanAndJerk
v_CliffDiving_g03_c03,0,1,0,4,wide_and_short,CliffDiving
v_CliffDiving_g03_c04,0,1,0,4,wide_and_short,CliffDiving
v_CliffDiving_g04_c01,0,0,0,5,wide_and_short,CliffDiving
v_CliffDiving_g05_c01,0,0,3,2,wide_and_tall,CliffDiving
v_CliffDiving_g05_c02,0,0,2,3,wide_and_short,CliffDiving
v_CliffDiving_g05_c03,2,1,1,1,thin_and_tall,CliffDiving
v_CliffDiving_g05_c05,2,1,2,0,thin_and_tall,CliffDiving
v_CliffDiving_g05_c07,0,1,2,2,wide_and_tall,CliffDiving
v_CliffDiving_g06_c07,0,3,0,2,thin_and_short,CliffDiving
v_CliffDiving_g07_c02,0,2,0,3,wide_and_short,CliffDiving
v_CliffDiving_g07_c05,0,1,0,4,wide_and_short,CliffDiving
v_CliffDiving_g09_c02,0,2,0,3,wide_and_short,CliffDiving
v_CliffDiving_g09_c03,0,2,0,3,wide_and_short,CliffDiving
v_CliffDiving_g10_c06,0,1,0,4,wide_and_short,CliffDiving
v_CliffDiving_g12_c02,0,4,0,1,thin_and_short,CliffDiving
v_CliffDiving_g12_c04,0,4,0,1,thin_and_short,CliffDiving
v_CliffDiving_g12_c05,0,3,0,2,thin_and_short,CliffDiving
v_CliffDiving_g15_c01,0,0,0,5,wide_and_short,CliffDiving
v_CliffDiving_g15_c04,0,1,0,4,wide_and_short,CliffDiving
v_CliffDiving_g17_c03,0,2,0,3,wide_and_short,CliffDiving
v_CliffDiving_g18_c01,0,0,0,5,wide_and_short,CliffDiving
v_CliffDiving_g18_c03,0,2,0,3,wide_and_short,CliffDiving
v_CliffDiving_g20_c04,0,2,0,3,wide_and_short,CliffDiving
v_CliffDiving_g20_c05,0,0,0,5,wide_and_short,CliffDiving
v_CliffDiving_g21_c04,0,2,0,3,wide_and_short,CliffDiving
v_CliffDiving_g22_c01,0,1,0,4,wide_and_short,CliffDiving
v_CliffDiving_g25_c03,0,1,0,4,wide_and_short,CliffDiving
v_CricketBowling_g02_c04,0,3,0,2,thin_and_short,CricketBowling
v_CricketBowling_g03_c01,0,4,0,1,thin_and_short,CricketBowling
v_CricketBowling_g05_c01,0,2,0,3,wide_and_short,CricketBowling
v_CricketBowling_g05_c04,0,0,0,5,wide_and_short,CricketBowling
v_CricketBowling_g06_c05,0,1,0,4,wide_and_short,CricketBowling
v_CricketBowling_g13_c01,0,1,0,4,wide_and_short,CricketBowling
v_CricketBowling_g13_c02,0,2,0,3,wide_and_short,CricketBowling
v_CricketBowling_g17_c03,0,3,0,2,thin_and_short,CricketBowling
v_CricketBowling_g17_c04,0,4,0,1,thin_and_short,CricketBowling
v_CricketBowling_g18_c04,0,3,0,2,thin_and_short,CricketBowling
v_CricketBowling_g24_c02,0,3,0,2,thin_and_short,CricketBowling
v_CricketBowling_g25_c01,0,3,0,2,thin_and_short,CricketBowling
v_CricketShot_g05_c02,0,1,0,4,wide_and_short,CricketShot
v_CricketShot_g05_c04,0,0,0,5,wide_and_short,CricketShot
v_CricketShot_g05_c05,0,2,0,3,wide_and_short,CricketShot
v_CricketShot_g06_c03,0,0,0,5,wide_and_short,CricketShot
v_CricketShot_g06_c04,0,2,0,3,wide_and_short,CricketShot
v_CricketShot_g07_c06,0,0,0,5,wide_and_short,CricketShot
v_CricketShot_g07_c07,0,1,0,4,wide_and_short,CricketShot
v_CricketShot_g12_c03,0,3,0,2,thin_and_short,CricketShot
v_CricketShot_g12_c06,0,5,0,0,thin_and_short,CricketShot
v_CricketShot_g12_c07,0,4,0,1,thin_and_short,CricketShot
v_CricketShot_g13_c04,0,3,0,2,thin_and_short,CricketShot
v_CricketShot_g14_c03,0,3,0,2,thin_and_short,CricketShot
v_CricketShot_g14_c06,0,4,0,1,thin_and_short,CricketShot
v_CricketShot_g15_c06,0,3,0,2,thin_and_short,CricketShot
v_CricketShot_g16_c05,0,2,0,3,wide_and_short,CricketShot
v_CricketShot_g16_c07,0,1,0,4,wide_and_short,CricketShot
v_CricketShot_g17_c03,0,5,0,0,thin_and_short,CricketShot
v_CricketShot_g17_c05,0,4,0,1,thin_and_short,CricketShot
v_CricketShot_g20_c01,0,3,2,0,thin_and_short,CricketShot
v_CricketShot_g20_c02,0,3,0,2,thin_and_short,CricketShot
v_CricketShot_g20_c05,0,0,3,2,wide_and_tall,CricketShot
v_CricketShot_g25_c06,0,1,0,4,wide_and_short,CricketShot
v_CuttingInKitchen_g02_c02,2,0,3,0,wide_and_tall,CuttingInKitchen
v_CuttingInKitchen_g02_c03,1,2,0,2,thin_and_short,CuttingInKitchen
v_CuttingInKitchen_g03_c04,2,0,0,3,wide_and_short,CuttingInKitchen
v_CuttingInKitchen_g04_c03,2,0,3,0,wide_and_tall,CuttingInKitchen
v_CuttingInKitchen_g05_c01,2,3,0,0,thin_and_short,CuttingInKitchen
v_CuttingInKitchen_g05_c02,1,3,0,1,thin_and_short,CuttingInKitchen
v_CuttingInKitchen_g05_c05,0,1,0,4,wide_and_short,CuttingInKitchen
v_CuttingInKitchen_g06_c01,2,3,0,0,thin_and_short,CuttingInKitchen
v_CuttingInKitchen_g06_c02,0,5,0,0,thin_and_short,CuttingInKitchen
v_CuttingInKitchen_g09_c01,2,3,0,0,thin_and_short,CuttingInKitchen
v_CuttingInKitchen_g11_c02,1,0,4,0,wide_and_tall,CuttingInKitchen
v_CuttingInKitchen_g11_c04,2,0,3,0,wide_and_tall,CuttingInKitchen
v_CuttingInKitchen_g12_c01,2,3,0,0,thin_and_short,CuttingInKitchen
v_CuttingInKitchen_g13_c03,0,0,3,2,wide_and_tall,CuttingInKitchen
v_CuttingInKitchen_g18_c04,0,0,3,2,wide_and_tall,CuttingInKitchen
v_CuttingInKitchen_g21_c01,1,4,0,0,thin_and_short,CuttingInKitchen
v_CuttingInKitchen_g22_c02,2,0,3,0,wide_and_tall,CuttingInKitchen
v_CuttingInKitchen_g22_c04,1,0,4,0,wide_and_tall,CuttingInKitchen
v_CuttingInKitchen_g23_c01,2,0,3,0,wide_and_tall,CuttingInKitchen
v_CuttingInKitchen_g24_c03,5,0,0,0,thin_and_tall,CuttingInKitchen
v_CuttingInKitchen_g24_c04,2,1,1,1,thin_and_tall,CuttingInKitchen
v_CuttingInKitchen_g25_c02,5,0,0,0,thin_and_tall,CuttingInKitchen
v_Diving_g21_c05,3,0,0,2,thin_and_tall,Diving
v_Drumming_g03_c01,0,1,0,4,wide_and_short,Drumming
v_Drumming_g03_c04,0,2,0,3,wide_and_short,Drumming
v_Drumming_g05_c03,0,1,0,4,wide_and_short,Drumming
v_Drumming_g05_c06,0,1,0,4,wide_and_short,Drumming
v_Drumming_g06_c01,2,0,0,3,wide_and_short,Drumming
v_Drumming_g06_c05,0,2,0,3,wide_and_short,Drumming
v_Drumming_g09_c03,0,3,0,2,thin_and_short,Drumming
v_Drumming_g22_c03,0,2,0,3,wide_and_short,Drumming
v_Fencing_g02_c01,0,5,0,0,thin_and_short,Fencing
v_Fencing_g05_c02,0,4,0,1,thin_and_short,Fencing
v_Fencing_g08_c02,0,0,0,5,wide_and_short,Fencing
v_Fencing_g08_c03,3,1,0,1,thin_and_tall,Fencing
v_Fencing_g09_c02,0,3,0,2,thin_and_short,Fencing
v_Fencing_g11_c03,0,2,0,3,wide_and_short,Fencing
v_Fencing_g12_c04,0,2,0,3,wide_and_short,Fencing
v_Fencing_g12_c05,0,0,0,5,wide_and_short,Fencing
v_Fencing_g13_c03,0,1,0,4,wide_and_short,Fencing
v_Fencing_g13_c04,0,2,0,3,wide_and_short,Fencing
v_Fencing_g14_c04,0,3,1,1,thin_and_short,Fencing
v_Fencing_g16_c01,0,4,0,1,thin_and_short,Fencing
v_Fencing_g17_c01,0,1,0,4,wide_and_short,Fencing
v_Fencing_g17_c03,0,1,0,4,wide_and_short,Fencing
v_Fencing_g19_c03,0,3,0,2,thin_and_short,Fencing
v_Fencing_g21_c01,0,1,0,4,wide_and_short,Fencing
v_Fencing_g21_c02,0,1,0,4,wide_and_short,Fencing
v_FieldHockeyPenalty_g03_c03,0,4,0,1,thin_and_short,FieldHockeyPenalty
v_FieldHockeyPenalty_g05_c02,0,3,0,2,thin_and_short,FieldHockeyPenalty
v_FieldHockeyPenalty_g05_c03,0,3,0,2,thin_and_short,FieldHockeyPenalty
v_FieldHockeyPenalty_g05_c05,0,3,0,2,thin_and_short,FieldHockeyPenalty
v_FieldHockeyPenalty_g07_c02,0,2,0,3,wide_and_short,FieldHockeyPenalty
v_FieldHockeyPenalty_g07_c04,0,0,0,5,wide_and_short,FieldHockeyPenalty
v_FieldHockeyPenalty_g08_c04,0,5,0,0,thin_and_short,FieldHockeyPenalty
v_FieldHockeyPenalty_g09_c04,0,2,0,3,wide_and_short,FieldHockeyPenalty
v_FieldHockeyPenalty_g11_c02,0,4,0,1,thin_and_short,FieldHockeyPenalty
v_FieldHockeyPenalty_g14_c03,0,2,0,3,wide_and_short,FieldHockeyPenalty
v_FieldHockeyPenalty_g14_c07,0,1,0,4,wide_and_short,FieldHockeyPenalty
v_FieldHockeyPenalty_g15_c02,0,2,0,3,wide_and_short,FieldHockeyPenalty
v_FieldHockeyPenalty_g16_c03,0,0,0,5,wide_and_short,FieldHockeyPenalty
v_FieldHockeyPenalty_g16_c04,0,0,0,5,wide_and_short,FieldHockeyPenalty
v_FieldHockeyPenalty_g17_c04,0,3,0,2,thin_and_short,FieldHockeyPenalty
v_FieldHockeyPenalty_g18_c01,0,0,0,5,wide_and_short,FieldHockeyPenalty
v_FieldHockeyPenalty_g18_c04,0,0,0,5,wide_and_short,FieldHockeyPenalty
v_FieldHockeyPenalty_g19_c04,0,5,0,0,thin_and_short,FieldHockeyPenalty
v_FieldHockeyPenalty_g20_c04,0,5,0,0,thin_and_short,FieldHockeyPenalty
v_FieldHockeyPenalty_g21_c03,0,0,0,5,wide_and_short,FieldHockeyPenalty
v_FieldHockeyPenalty_g21_c04,0,2,0,3,wide_and_short,FieldHockeyPenalty
v_FieldHockeyPenalty_g22_c01,0,2,0,3,wide_and_short,FieldHockeyPenalty
v_FieldHockeyPenalty_g22_c02,0,2,0,3,wide_and_short,FieldHockeyPenalty
v_FieldHockeyPenalty_g23_c01,0,0,0,5,wide_and_short,FieldHockeyPenalty
v_FieldHockeyPenalty_g23_c02,0,0,0,5,wide_and_short,FieldHockeyPenalty
v_FloorGymnastics_g01_c03,0,0,0,5,wide_and_short,FloorGymnastics
v_FloorGymnastics_g01_c05,0,2,0,3,wide_and_short,FloorGymnastics
v_FloorGymnastics_g05_c01,3,1,0,1,thin_and_tall,FloorGymnastics
v_FloorGymnastics_g06_c01,1,3,0,1,thin_and_short,FloorGymnastics
v_FloorGymnastics_g06_c02,0,4,0,1,thin_and_short,FloorGymnastics
v_FloorGymnastics_g06_c03,0,5,0,0,thin_and_short,FloorGymnastics
v_FloorGymnastics_g08_c04,0,4,0,1,thin_and_short,FloorGymnastics
v_FloorGymnastics_g09_c01,2,1,0,2,thin_and_tall,FloorGymnastics
v_FloorGymnastics_g09_c02,1,1,0,3,wide_and_short,FloorGymnastics
v_FloorGymnastics_g09_c06,0,1,2,2,wide_and_tall,FloorGymnastics
v_FloorGymnastics_g10_c02,0,1,0,4,wide_and_short,FloorGymnastics
v_FloorGymnastics_g11_c03,2,2,0,1,thin_and_tall,FloorGymnastics
v_FloorGymnastics_g12_c02,0,2,0,3,wide_and_short,FloorGymnastics
v_FloorGymnastics_g12_c05,0,2,0,3,wide_and_short,FloorGymnastics
v_FloorGymnastics_g13_c01,1,1,0,3,wide_and_short,FloorGymnastics
v_FloorGymnastics_g13_c04,0,2,0,3,wide_and_short,FloorGymnastics
v_FloorGymnastics_g14_c04,0,1,0,4,wide_and_short,FloorGymnastics
v_FloorGymnastics_g14_c05,0,0,0,5,wide_and_short,FloorGymnastics
v_FloorGymnastics_g17_c05,0,4,0,1,thin_and_short,FloorGymnastics
v_FloorGymnastics_g18_c02,1,2,1,1,thin_and_short,FloorGymnastics
v_FloorGymnastics_g18_c04,1,2,0,2,thin_and_short,FloorGymnastics
v_FloorGymnastics_g18_c06,0,3,0,2,thin_and_short,FloorGymnastics
v_FloorGymnastics_g19_c01,1,0,0,4,wide_and_short,FloorGymnastics
v_FloorGymnastics_g20_c04,0,1,0,4,wide_and_short,FloorGymnastics
v_FloorGymnastics_g21_c01,2,0,0,3,wide_and_short,FloorGymnastics
v_FloorGymnastics_g21_c02,1,1,0,3,wide_and_short,FloorGymnastics
v_FloorGymnastics_g21_c04,2,0,1,2,thin_and_tall,FloorGymnastics
v_FloorGymnastics_g22_c01,0,1,0,4,wide_and_short,FloorGymnastics
v_FloorGymnastics_g22_c02,0,2,0,3,wide_and_short,FloorGymnastics
v_FloorGymnastics_g24_c04,2,2,0,1,thin_and_tall,FloorGymnastics
v_FrisbeeCatch_g01_c02,0,2,0,3,wide_and_short,FrisbeeCatch
v_FrisbeeCatch_g01_c04,0,1,0,4,wide_and_short,FrisbeeCatch
v_FrisbeeCatch_g01_c06,0,0,0,5,wide_and_short,FrisbeeCatch
v_FrisbeeCatch_g02_c02,0,5,0,0,thin_and_short,FrisbeeCatch
v_FrisbeeCatch_g02_c03,0,5,0,0,thin_and_short,FrisbeeCatch
v_FrisbeeCatch_g04_c02,0,2,0,3,wide_and_short,FrisbeeCatch
v_FrisbeeCatch_g05_c01,0,2,2,1,thin_and_short,FrisbeeCatch
v_FrisbeeCatch_g05_c04,0,4,0,1,thin_and_short,FrisbeeCatch
v_FrisbeeCatch_g08_c01,0,5,0,0,thin_and_short,FrisbeeCatch
v_FrisbeeCatch_g08_c04,0,4,0,1,thin_and_short,FrisbeeCatch
v_FrisbeeCatch_g09_c01,0,1,0,4,wide_and_short,FrisbeeCatch
v_FrisbeeCatch_g09_c02,0,2,0,3,wide_and_short,FrisbeeCatch
v_FrisbeeCatch_g11_c01,0,3,0,2,thin_and_short,FrisbeeCatch
v_FrisbeeCatch_g12_c02,0,0,0,5,wide_and_short,FrisbeeCatch
v_FrisbeeCatch_g12_c03,0,2,0,3,wide_and_short,FrisbeeCatch
v_FrisbeeCatch_g13_c03,0,0,0,5,wide_and_short,FrisbeeCatch
v_FrisbeeCatch_g14_c03,0,3,0,2,thin_and_short,FrisbeeCatch
v_FrisbeeCatch_g14_c04,0,4,0,1,thin_and_short,FrisbeeCatch
v_FrisbeeCatch_g15_c02,0,1,0,4,wide_and_short,FrisbeeCatch
v_FrisbeeCatch_g15_c03,0,2,0,3,wide_and_short,FrisbeeCatch
v_FrisbeeCatch_g16_c01,0,1,0,4,wide_and_short,FrisbeeCatch
v_FrisbeeCatch_g16_c06,0,2,0,3,wide_and_short,FrisbeeCatch
v_FrisbeeCatch_g18_c02,0,1,0,4,wide_and_short,FrisbeeCatch
v_FrisbeeCatch_g18_c04,0,1,0,4,wide_and_short,FrisbeeCatch
v_FrisbeeCatch_g22_c01,0,1,0,4,wide_and_short,FrisbeeCatch
v_FrisbeeCatch_g22_c05,0,0,0,5,wide_and_short,FrisbeeCatch
v_FrisbeeCatch_g23_c04,0,3,0,2,thin_and_short,FrisbeeCatch
v_FrisbeeCatch_g24_c02,0,1,0,4,wide_and_short,FrisbeeCatch
v_FrisbeeCatch_g24_c03,0,1,0,4,wide_and_short,FrisbeeCatch
v_FrontCrawl_g03_c04,3,2,0,0,thin_and_tall,FrontCrawl
v_FrontCrawl_g04_c04,3,2,0,0,thin_and_tall,FrontCrawl
v_FrontCrawl_g05_c04,4,1,0,0,thin_and_tall,FrontCrawl
v_FrontCrawl_g06_c03,3,2,0,0,thin_and_tall,FrontCrawl
v_FrontCrawl_g08_c01,3,2,0,0,thin_and_tall,FrontCrawl
v_FrontCrawl_g08_c04,3,2,0,0,thin_and_tall,FrontCrawl
v_FrontCrawl_g09_c04,3,2,0,0,thin_and_tall,FrontCrawl
v_FrontCrawl_g10_c02,3,2,0,0,thin_and_tall,FrontCrawl
v_FrontCrawl_g10_c04,5,0,0,0,thin_and_tall,FrontCrawl
v_FrontCrawl_g11_c02,2,3,0,0,thin_and_short,FrontCrawl
v_FrontCrawl_g15_c02,1,4,0,0,thin_and_short,FrontCrawl
v_FrontCrawl_g16_c01,2,2,0,1,thin_and_tall,FrontCrawl
v_FrontCrawl_g16_c03,2,2,1,0,thin_and_tall,FrontCrawl
v_FrontCrawl_g17_c04,4,1,0,0,thin_and_tall,FrontCrawl
v_FrontCrawl_g18_c04,2,3,0,0,thin_and_short,FrontCrawl
v_FrontCrawl_g20_c01,3,2,0,0,thin_and_tall,FrontCrawl
v_FrontCrawl_g20_c04,3,2,0,0,thin_and_tall,FrontCrawl
v_FrontCrawl_g21_c03,2,3,0,0,thin_and_short,FrontCrawl
v_GolfSwing_g02_c01,0,0,2,3,wide_and_short,GolfSwing
v_GolfSwing_g04_c01,1,3,0,1,thin_and_short,GolfSwing
v_GolfSwing_g04_c02,2,2,0,1,thin_and_tall,GolfSwing
v_GolfSwing_g04_c06,2,1,2,0,thin_and_tall,GolfSwing
v_GolfSwing_g05_c01,0,0,2,3,wide_and_short,GolfSwing
v_GolfSwing_g05_c03,3,0,2,0,thin_and_tall,GolfSwing
v_GolfSwing_g05_c04,0,3,2,0,thin_and_short,GolfSwing
v_GolfSwing_g05_c05,3,0,2,0,thin_and_tall,GolfSwing
v_GolfSwing_g06_c02,0,0,0,5,wide_and_short,GolfSwing
v_GolfSwing_g06_c03,1,4,0,0,thin_and_short,GolfSwing
v_GolfSwing_g07_c01,0,0,5,0,wide_and_tall,GolfSwing
v_GolfSwing_g07_c04,0,2,3,0,wide_and_tall,GolfSwing
v_GolfSwing_g07_c05,0,0,0,5,wide_and_short,GolfSwing
v_GolfSwing_g08_c01,3,1,0,1,thin_and_tall,GolfSwing
v_GolfSwing_g08_c04,0,2,0,3,wide_and_short,GolfSwing
v_GolfSwing_g08_c05,3,1,1,0,thin_and_tall,GolfSwing
v_GolfSwing_g09_c02,4,0,1,0,thin_and_tall,GolfSwing
v_GolfSwing_g09_c04,2,0,3,0,wide_and_tall,GolfSwing
v_GolfSwing_g11_c01,0,0,5,0,wide_and_tall,GolfSwing
v_GolfSwing_g11_c02,1,0,4,0,wide_and_tall,GolfSwing
v_GolfSwing_g11_c03,0,1,0,4,wide_and_short,GolfSwing
v_GolfSwing_g11_c07,0,0,4,1,wide_and_tall,GolfSwing
v_GolfSwing_g12_c01,1,0,4,0,wide_and_tall,GolfSwing
v_GolfSwing_g12_c02,0,0,4,1,wide_and_tall,GolfSwing
v_GolfSwing_g13_c01,0,1,0,4,wide_and_short,GolfSwing
v_GolfSwing_g13_c02,1,1,2,1,wide_and_tall,GolfSwing
v_GolfSwing_g14_c03,0,0,4,1,wide_and_tall,GolfSwing
v_GolfSwing_g15_c03,0,0,0,5,wide_and_short,GolfSwing
v_GolfSwing_g17_c02,2,3,0,0,thin_and_short,GolfSwing
v_GolfSwing_g17_c03,3,1,1,0,thin_and_tall,GolfSwing
v_GolfSwing_g17_c07,1,0,1,3,wide_and_short,GolfSwing
v_GolfSwing_g18_c04,2,3,0,0,thin_and_short,GolfSwing
v_GolfSwing_g18_c06,0,5,0,0,thin_and_short,GolfSwing
v_GolfSwing_g19_c01,0,2,1,2,thin_and_short,GolfSwing
v_GolfSwing_g19_c06,1,0,4,0,wide_and_tall,GolfSwing
v_GolfSwing_g20_c01,5,0,0,0,thin_and_tall,GolfSwing
v_GolfSwing_g20_c04,1,1,0,3,wide_and_short,GolfSwing
v_GolfSwing_g20_c06,3,2,0,0,thin_and_tall,GolfSwing
v_GolfSwing_g21_c01,0,2,0,3,wide_and_short,GolfSwing
v_GolfSwing_g21_c03,1,1,1,2,wide_and_short,GolfSwing
v_GolfSwing_g21_c04,4,0,0,1,thin_and_tall,GolfSwing
v_GolfSwing_g21_c05,2,1,1,1,thin_and_tall,GolfSwing
v_GolfSwing_g22_c01,1,1,2,1,wide_and_tall,GolfSwing
v_GolfSwing_g22_c04,0,0,0,5,wide_and_short,GolfSwing
v_GolfSwing_g22_c05,0,0,4,1,wide_and_tall,GolfSwing
v_GolfSwing_g22_c06,0,1,0,4,wide_and_short,GolfSwing
v_GolfSwing_g23_c03,0,5,0,0,thin_and_short,GolfSwing
v_GolfSwing_g23_c04,0,5,0,0,thin_and_short,GolfSwing
v_GolfSwing_g23_c07,0,0,1,4,wide_and_short,GolfSwing
v_GolfSwing_g24_c06,3,0,0,2,thin_and_tall,GolfSwing
v_GolfSwing_g24_c07,1,3,0,1,thin_and_short,GolfSwing
v_GolfSwing_g25_c03,2,3,0,0,thin_and_short,GolfSwing
v_GolfSwing_g25_c05,2,0,3,0,wide_and_tall,GolfSwing
v_GolfSwing_g25_c06,0,0,3,2,wide_and_tall,GolfSwing
v_Haircut_g01_c03,1,0,4,0,wide_and_tall,Haircut
v_Haircut_g01_c04,0,0,0,5,wide_and_short,Haircut
v_Haircut_g03_c01,0,0,0,5,wide_and_short,Haircut
v_Haircut_g03_c06,0,0,0,5,wide_and_short,Haircut
v_Haircut_g04_c03,1,0,0,4,wide_and_short,Haircut
v_Haircut_g04_c04,2,0,0,3,wide_and_short,Haircut
v_Haircut_g05_c02,2,0,3,0,wide_and_tall,Haircut
v_Haircut_g05_c03,2,0,3,0,wide_and_tall,Haircut
v_Haircut_g07_c01,0,0,5,0,wide_and_tall,Haircut
v_Haircut_g07_c05,1,0,4,0,wide_and_tall,Haircut
v_Haircut_g08_c06,1,0,3,1,wide_and_tall,Haircut
v_Haircut_g09_c01,3,0,1,1,thin_and_tall,Haircut
v_Haircut_g09_c06,4,0,0,1,thin_and_tall,Haircut
v_Haircut_g10_c01,1,0,4,0,wide_and_tall,Haircut
v_Haircut_g10_c02,3,0,0,2,thin_and_tall,Haircut
v_Haircut_g10_c03,4,0,0,1,thin_and_tall,Haircut
v_Haircut_g11_c01,0,0,0,5,wide_and_short,Haircut
v_Haircut_g11_c02,0,3,0,2,thin_and_short,Haircut
v_Haircut_g12_c01,0,0,4,1,wide_and_tall,Haircut
v_Haircut_g13_c01,1,0,2,2,wide_and_tall,Haircut
v_Haircut_g15_c02,0,3,0,2,thin_and_short,Haircut
v_Haircut_g19_c04,3,0,0,2,thin_and_tall,Haircut
v_Haircut_g20_c02,1,1,2,1,wide_and_tall,Haircut
v_Haircut_g20_c05,2,1,0,2,thin_and_tall,Haircut
v_Haircut_g20_c06,3,0,0,2,thin_and_tall,Haircut
v_Haircut_g21_c01,1,4,0,0,thin_and_short,Haircut
v_Haircut_g21_c04,5,0,0,0,thin_and_tall,Haircut
v_Haircut_g23_c01,1,1,1,2,wide_and_short,Haircut
v_Haircut_g23_c05,0,0,1,4,wide_and_short,Haircut
v_Haircut_g23_c07,0,0,0,5,wide_and_short,Haircut
v_HammerThrow_g01_c05,0,1,4,0,wide_and_tall,HammerThrow
v_HammerThrow_g02_c06,0,2,3,0,wide_and_tall,HammerThrow
v_HammerThrow_g03_c04,0,1,4,0,wide_and_tall,HammerThrow
v_HammerThrow_g03_c06,0,0,0,5,wide_and_short,HammerThrow
v_HammerThrow_g04_c07,0,3,2,0,thin_and_short,HammerThrow
v_HammerThrow_g07_c01,0,1,2,2,wide_and_tall,HammerThrow
v_HammerThrow_g08_c02,3,1,1,0,thin_and_tall,HammerThrow
v_HammerThrow_g10_c05,0,0,5,0,wide_and_tall,HammerThrow
v_HammerThrow_g10_c06,0,2,3,0,wide_and_tall,HammerThrow
v_HammerThrow_g10_c07,0,2,3,0,wide_and_tall,HammerThrow
v_HammerThrow_g11_c05,0,1,0,4,wide_and_short,HammerThrow
v_HammerThrow_g13_c01,0,0,2,3,wide_and_short,HammerThrow
v_HammerThrow_g13_c05,0,2,3,0,wide_and_tall,HammerThrow
v_HammerThrow_g14_c05,0,1,3,1,wide_and_tall,HammerThrow
v_HammerThrow_g16_c02,0,1,4,0,wide_and_tall,HammerThrow
v_HammerThrow_g16_c03,1,1,3,0,wide_and_tall,HammerThrow
v_HammerThrow_g17_c01,0,0,1,4,wide_and_short,HammerThrow
v_HammerThrow_g17_c05,0,3,2,0,thin_and_short,HammerThrow
v_HammerThrow_g18_c01,0,0,1,4,wide_and_short,HammerThrow
v_HammerThrow_g18_c02,0,3,2,0,thin_and_short,HammerThrow
v_HammerThrow_g20_c01,0,2,3,0,wide_and_tall,HammerThrow
v_HammerThrow_g21_c02,0,1,4,0,wide_and_tall,HammerThrow
v_HammerThrow_g22_c04,0,1,4,0,wide_and_tall,HammerThrow
v_HammerThrow_g22_c06,0,4,0,1,thin_and_short,HammerThrow
v_HammerThrow_g23_c02,0,4,0,1,thin_and_short,HammerThrow
v_HammerThrow_g23_c05,0,5,0,0,thin_and_short,HammerThrow
v_HammerThrow_g23_c06,0,4,1,0,thin_and_short,HammerThrow
v_HammerThrow_g24_c03,0,0,0,5,wide_and_short,HammerThrow
v_HammerThrow_g24_c04,0,5,0,0,thin_and_short,HammerThrow
v_Hammering_g04_c05,0,4,0,1,thin_and_short,Hammering
v_Hammering_g05_c03,0,0,0,5,wide_and_short,Hammering
v_Hammering_g05_c04,0,0,0,5,wide_and_short,Hammering
v_Hammering_g07_c01,0,1,0,4,wide_and_short,Hammering
v_Hammering_g12_c02,0,3,0,2,thin_and_short,Hammering
v_Hammering_g12_c04,0,3,0,2,thin_and_short,Hammering
v_Hammering_g16_c03,0,2,0,3,wide_and_short,Hammering
v_Hammering_g16_c04,0,1,0,4,wide_and_short,Hammering
v_Hammering_g17_c01,2,3,0,0,thin_and_short,Hammering
v_Hammering_g17_c02,2,3,0,0,thin_and_short,Hammering
v_Hammering_g17_c06,1,3,1,0,thin_and_short,Hammering
v_Hammering_g20_c03,0,1,0,4,wide_and_short,Hammering
v_Hammering_g20_c04,0,2,0,3,wide_and_short,Hammering
v_Hammering_g21_c01,0,2,0,3,wide_and_short,Hammering
v_Hammering_g22_c01,0,2,0,3,wide_and_short,Hammering
v_Hammering_g22_c05,0,2,0,3,wide_and_short,Hammering
v_Hammering_g23_c02,0,3,0,2,thin_and_short,Hammering
v_Hammering_g23_c04,5,0,0,0,thin_and_tall,Hammering
v_Hammering_g23_c05,5,0,0,0,thin_and_tall,Hammering
v_Hammering_g24_c03,0,2,0,3,wide_and_short,Hammering
v_Hammering_g24_c05,0,1,0,4,wide_and_short,Hammering
v_Hammering_g24_c07,0,0,0,5,wide_and_short,Hammering
v_HandstandPushups_g01_c01,4,0,0,1,thin_and_tall,HandstandPushups
v_HandstandPushups_g01_c03,5,0,0,0,thin_and_tall,HandstandPushups
v_HandstandPushups_g03_c01,1,3,0,1,thin_and_short,HandstandPushups
v_HandstandPushups_g04_c04,1,4,0,0,thin_and_short,HandstandPushups
v_HandstandPushups_g05_c01,1,0,0,4,wide_and_short,HandstandPushups
v_HandstandPushups_g05_c03,0,1,0,4,wide_and_short,HandstandPushups
v_HandstandPushups_g07_c01,1,0,0,4,wide_and_short,HandstandPushups
v_HandstandPushups_g07_c04,1,0,0,4,wide_and_short,HandstandPushups
v_HandstandPushups_g09_c04,0,3,0,2,thin_and_short,HandstandPushups
v_HandstandPushups_g11_c01,5,0,0,0,thin_and_tall,HandstandPushups
v_HandstandPushups_g11_c02,5,0,0,0,thin_and_tall,HandstandPushups
v_HandstandPushups_g11_c03,5,0,0,0,thin_and_tall,HandstandPushups
v_HandstandPushups_g12_c03,2,2,0,1,thin_and_tall,HandstandPushups
v_HandstandPushups_g12_c04,2,2,0,1,thin_and_tall,HandstandPushups
v_HandstandPushups_g12_c06,2,2,0,1,thin_and_tall,HandstandPushups
v_HandstandPushups_g13_c02,3,1,0,1,thin_and_tall,HandstandPushups
v_HandstandPushups_g14_c04,1,0,2,2,wide_and_tall,HandstandPushups
v_HandstandPushups_g15_c02,2,0,0,3,wide_and_short,HandstandPushups
v_HandstandPushups_g16_c03,0,1,0,4,wide_and_short,HandstandPushups
v_HandstandPushups_g16_c05,0,1,0,4,wide_and_short,HandstandPushups
v_HandstandPushups_g16_c07,0,2,0,3,wide_and_short,HandstandPushups
v_HandstandPushups_g18_c02,0,3,0,2,thin_and_short,HandstandPushups
v_HandstandPushups_g18_c07,0,3,0,2,thin_and_short,HandstandPushups
v_HandstandPushups_g19_c01,0,2,0,3,wide_and_short,HandstandPushups
v_HandstandPushups_g19_c03,0,1,0,4,wide_and_short,HandstandPushups
v_HandstandPushups_g21_c06,2,0,3,0,wide_and_tall,HandstandPushups
v_HandstandWalking_g01_c02,0,3,0,2,thin_and_short,HandstandWalking
v_HandstandWalking_g03_c02,0,2,3,0,wide_and_tall,HandstandWalking
v_HandstandWalking_g05_c06,0,0,0,5,wide_and_short,HandstandWalking
v_HandstandWalking_g05_c07,0,0,0,5,wide_and_short,HandstandWalking
v_HandstandWalking_g07_c02,0,0,0,5,wide_and_short,HandstandWalking
v_HandstandWalking_g07_c05,0,0,0,5,wide_and_short,HandstandWalking
v_HandstandWalking_g07_c06,0,0,0,5,wide_and_short,HandstandWalking
v_HandstandWalking_g08_c02,0,3,0,2,thin_and_short,HandstandWalking
v_HandstandWalking_g09_c03,0,3,0,2,thin_and_short,HandstandWalking
v_HandstandWalking_g11_c01,1,2,0,2,thin_and_short,HandstandWalking
v_HandstandWalking_g11_c02,3,0,0,2,thin_and_tall,HandstandWalking
v_HandstandWalking_g14_c02,0,2,0,3,wide_and_short,HandstandWalking
v_HandstandWalking_g14_c04,0,1,0,4,wide_and_short,HandstandWalking
v_HandstandWalking_g16_c02,0,5,0,0,thin_and_short,HandstandWalking
v_HandstandWalking_g18_c02,0,3,0,2,thin_and_short,HandstandWalking
v_HandstandWalking_g19_c02,0,2,0,3,wide_and_short,HandstandWalking
v_HandstandWalking_g19_c04,0,1,0,4,wide_and_short,HandstandWalking
v_HandstandWalking_g20_c04,0,4,0,1,thin_and_short,HandstandWalking
v_HandstandWalking_g22_c04,0,3,0,2,thin_and_short,HandstandWalking
v_HandstandWalking_g23_c01,0,4,0,1,thin_and_short,HandstandWalking
v_HeadMassage_g01_c01,0,5,0,0,thin_and_short,HeadMassage
v_HeadMassage_g01_c04,0,0,5,0,wide_and_tall,HeadMassage
v_HeadMassage_g03_c02,1,4,0,0,thin_and_short,HeadMassage
v_HeadMassage_g03_c04,0,4,0,1,thin_and_short,HeadMassage
v_HeadMassage_g04_c03,0,3,0,2,thin_and_short,HeadMassage
v_HeadMassage_g05_c02,1,2,1,1,thin_and_short,HeadMassage
v_HeadMassage_g06_c02,2,3,0,0,thin_and_short,HeadMassage
v_HeadMassage_g06_c03,1,3,0,1,thin_and_short,HeadMassage
v_HeadMassage_g06_c06,2,3,0,0,thin_and_short,HeadMassage
v_HeadMassage_g08_c04,4,0,0,1,thin_and_tall,HeadMassage
v_HeadMassage_g08_c06,1,0,4,0,wide_and_tall,HeadMassage
v_HeadMassage_g09_c02,0,2,0,3,wide_and_short,HeadMassage
v_HeadMassage_g09_c03,2,0,1,2,thin_and_tall,HeadMassage
v_HeadMassage_g10_c01,0,0,3,2,wide_and_tall,HeadMassage
v_HeadMassage_g10_c04,2,1,1,1,thin_and_tall,HeadMassage
v_HeadMassage_g12_c06,4,1,0,0,thin_and_tall,HeadMassage
v_HeadMassage_g12_c07,3,1,0,1,thin_and_tall,HeadMassage
v_HeadMassage_g13_c02,2,0,3,0,wide_and_tall,HeadMassage
v_HeadMassage_g13_c03,2,0,3,0,wide_and_tall,HeadMassage
v_HeadMassage_g14_c02,2,3,0,0,thin_and_short,HeadMassage
v_HeadMassage_g15_c02,1,1,1,2,wide_and_short,HeadMassage
v_HeadMassage_g15_c04,2,0,3,0,wide_and_tall,HeadMassage
v_HeadMassage_g16_c01,2,3,0,0,thin_and_short,HeadMassage
v_HeadMassage_g17_c02,0,0,5,0,wide_and_tall,HeadMassage
v_HeadMassage_g17_c05,0,1,4,0,wide_and_tall,HeadMassage
v_HeadMassage_g17_c06,0,2,3,0,wide_and_tall,HeadMassage
v_HeadMassage_g17_c07,2,1,2,0,thin_and_tall,HeadMassage
v_HeadMassage_g18_c04,0,5,0,0,thin_and_short,HeadMassage
v_HeadMassage_g19_c05,2,3,0,0,thin_and_short,HeadMassage
v_HeadMassage_g21_c03,0,1,2,2,wide_and_tall,HeadMassage
v_HeadMassage_g21_c04,0,2,1,2,thin_and_short,HeadMassage
v_HeadMassage_g21_c05,0,3,0,2,thin_and_short,HeadMassage
v_HeadMassage_g23_c03,3,2,0,0,thin_and_tall,HeadMassage
v_HeadMassage_g23_c05,3,2,0,0,thin_and_tall,HeadMassage
v_HeadMassage_g23_c07,5,0,0,0,thin_and_tall,HeadMassage
v_HeadMassage_g24_c04,1,2,0,2,thin_and_short,HeadMassage
v_HighJump_g02_c03,0,2,0,3,wide_and_short,HighJump
v_HighJump_g02_c05,0,0,0,5,wide_and_short,HighJump
v_HighJump_g05_c05,0,2,0,3,wide_and_short,HighJump
v_HighJump_g07_c04,0,0,0,5,wide_and_short,HighJump
v_HighJump_g07_c05,0,2,0,3,wide_and_short,HighJump
v_HighJump_g07_c06,0,2,0,3,wide_and_short,HighJump
v_HighJump_g09_c03,0,3,0,2,thin_and_short,HighJump
v_HighJump_g09_c04,1,1,2,1,wide_and_tall,HighJump
v_HighJump_g09_c05,0,1,3,1,wide_and_tall,HighJump
v_HighJump_g11_c02,0,2,0,3,wide_and_short,HighJump
v_HighJump_g11_c03,0,1,0,4,wide_and_short,HighJump
v_HighJump_g12_c03,0,0,3,2,wide_and_tall,HighJump
v_HighJump_g14_c02,0,3,0,2,thin_and_short,HighJump
v_HighJump_g16_c01,0,5,0,0,thin_and_short,HighJump
v_HighJump_g16_c02,0,4,0,1,thin_and_short,HighJump
v_HighJump_g18_c02,0,1,0,4,wide_and_short,HighJump
v_HighJump_g18_c04,0,2,0,3,wide_and_short,HighJump
v_HighJump_g19_c01,0,2,1,2,thin_and_short,HighJump
v_HighJump_g19_c04,0,4,1,0,thin_and_short,HighJump
v_HighJump_g20_c03,0,1,0,4,wide_and_short,HighJump
v_HighJump_g21_c03,1,3,1,0,thin_and_short,HighJump
v_HighJump_g21_c04,0,0,5,0,wide_and_tall,HighJump
v_HighJump_g22_c01,2,2,0,1,thin_and_tall,HighJump
v_HighJump_g23_c06,1,3,0,1,thin_and_short,HighJump
v_HighJump_g24_c01,0,4,0,1,thin_and_short,HighJump
v_HighJump_g24_c03,0,3,0,2,thin_and_short,HighJump
v_HighJump_g25_c01,0,1,0,4,wide_and_short,HighJump
v_HorseRace_g04_c02,0,2,0,3,wide_and_short,HorseRace
v_HorseRace_g04_c04,0,2,0,3,wide_and_short,HorseRace
v_HorseRace_g08_c04,0,2,0,3,wide_and_short,HorseRace
v_HorseRace_g11_c01,3,2,0,0,thin_and_tall,HorseRace
v_HorseRace_g11_c02,2,2,0,1,thin_and_tall,HorseRace
v_HorseRace_g16_c05,0,4,0,1,thin_and_short,HorseRace
v_HorseRace_g23_c02,0,0,0,5,wide_and_short,HorseRace
v_HorseRace_g24_c05,0,1,0,4,wide_and_short,HorseRace
v_HorseRiding_g01_c03,0,4,0,1,thin_and_short,HorseRiding
v_HorseRiding_g01_c05,0,2,1,2,thin_and_short,HorseRiding
v_HorseRiding_g02_c07,0,4,0,1,thin_and_short,HorseRiding
v_HorseRiding_g03_c01,0,2,0,3,wide_and_short,HorseRiding
v_HorseRiding_g03_c05,0,1,0,4,wide_and_short,HorseRiding
v_HorseRiding_g04_c01,0,3,0,2,thin_and_short,HorseRiding
v_HorseRiding_g04_c04,0,4,0,1,thin_and_short,HorseRiding
v_HorseRiding_g05_c06,0,4,0,1,thin_and_short,HorseRiding
v_HorseRiding_g05_c07,0,3,0,2,thin_and_short,HorseRiding
v_HorseRiding_g06_c07,0,3,0,2,thin_and_short,HorseRiding
v_HorseRiding_g07_c06,0,3,0,2,thin_and_short,HorseRiding
v_HorseRiding_g07_c07,0,3,0,2,thin_and_short,HorseRiding
v_HorseRiding_g08_c02,0,2,0,3,wide_and_short,HorseRiding
v_HorseRiding_g09_c06,0,1,0,4,wide_and_short,HorseRiding
v_HorseRiding_g10_c01,0,5,0,0,thin_and_short,HorseRiding
v_HorseRiding_g10_c06,0,5,0,0,thin_and_short,HorseRiding
v_HorseRiding_g10_c07,0,4,0,1,thin_and_short,HorseRiding
v_HorseRiding_g11_c03,0,4,0,1,thin_and_short,HorseRiding
v_HorseRiding_g11_c04,0,4,0,1,thin_and_short,HorseRiding
v_HorseRiding_g11_c07,1,3,1,0,thin_and_short,HorseRiding
v_HorseRiding_g12_c03,0,5,0,0,thin_and_short,HorseRiding
v_HorseRiding_g12_c04,0,5,0,0,thin_and_short,HorseRiding
v_HorseRiding_g13_c01,0,2,0,3,wide_and_short,HorseRiding
v_HorseRiding_g13_c04,0,1,0,4,wide_and_short,HorseRiding
v_HorseRiding_g14_c07,0,2,3,0,wide_and_tall,HorseRiding
v_HorseRiding_g15_c03,0,5,0,0,thin_and_short,HorseRiding
v_HorseRiding_g15_c06,0,4,0,1,thin_and_short,HorseRiding
v_HorseRiding_g17_c06,0,3,0,2,thin_and_short,HorseRiding
v_HorseRiding_g18_c06,0,5,0,0,thin_and_short,HorseRiding
v_HorseRiding_g19_c05,0,0,0,5,wide_and_short,HorseRiding
v_HorseRiding_g19_c06,0,2,0,3,wide_and_short,HorseRiding
v_HorseRiding_g19_c07,0,1,0,4,wide_and_short,HorseRiding
v_HorseRiding_g20_c01,0,2,0,3,wide_and_short,HorseRiding
v_HorseRiding_g20_c05,0,2,0,3,wide_and_short,HorseRiding
v_HorseRiding_g21_c04,0,2,0,3,wide_and_short,HorseRiding
v_HorseRiding_g21_c05,1,0,0,4,wide_and_short,HorseRiding
v_HorseRiding_g21_c06,0,1,0,4,wide_and_short,HorseRiding
v_HorseRiding_g22_c01,0,4,0,1,thin_and_short,HorseRiding
v_HorseRiding_g22_c05,0,3,0,2,thin_and_short,HorseRiding
v_HorseRiding_g22_c07,0,3,0,2,thin_and_short,HorseRiding
v_HorseRiding_g23_c05,0,5,0,0,thin_and_short,HorseRiding
v_HorseRiding_g23_c06,0,3,0,2,thin_and_short,HorseRiding
v_HorseRiding_g25_c06,0,4,0,1,thin_and_short,HorseRiding
v_HulaHoop_g02_c01,0,2,0,3,wide_and_short,HulaHoop
v_HulaHoop_g03_c01,0,5,0,0,thin_and_short,HulaHoop
v_HulaHoop_g03_c02,0,3,0,2,thin_and_short,HulaHoop
v_HulaHoop_g04_c03,0,3,0,2,thin_and_short,HulaHoop
v_HulaHoop_g05_c04,0,0,0,5,wide_and_short,HulaHoop
v_HulaHoop_g06_c03,1,0,0,4,wide_and_short,HulaHoop
v_HulaHoop_g06_c04,0,5,0,0,thin_and_short,HulaHoop
v_HulaHoop_g08_c02,0,1,0,4,wide_and_short,HulaHoop
v_HulaHoop_g08_c03,0,0,0,5,wide_and_short,HulaHoop
v_HulaHoop_g12_c03,0,2,0,3,wide_and_short,HulaHoop
v_HulaHoop_g12_c04,0,2,0,3,wide_and_short,HulaHoop
v_HulaHoop_g12_c06,0,1,0,4,wide_and_short,HulaHoop
v_HulaHoop_g15_c01,0,2,0,3,wide_and_short,HulaHoop
v_HulaHoop_g15_c02,0,1,0,4,wide_and_short,HulaHoop
v_HulaHoop_g16_c01,0,3,0,2,thin_and_short,HulaHoop
v_HulaHoop_g18_c02,0,1,4,0,wide_and_tall,HulaHoop
v_HulaHoop_g18_c04,0,0,2,3,wide_and_short,HulaHoop
v_HulaHoop_g20_c03,0,1,0,4,wide_and_short,HulaHoop
v_HulaHoop_g20_c04,0,2,0,3,wide_and_short,HulaHoop
v_HulaHoop_g20_c07,0,1,0,4,wide_and_short,HulaHoop
v_HulaHoop_g22_c02,0,5,0,0,thin_and_short,HulaHoop
v_HulaHoop_g22_c04,0,4,0,1,thin_and_short,HulaHoop
v_HulaHoop_g23_c04,0,2,0,3,wide_and_short,HulaHoop
v_HulaHoop_g24_c02,0,1,0,4,wide_and_short,HulaHoop
v_IceDancing_g05_c03,0,0,3,2,wide_and_tall,IceDancing
v_IceDancing_g08_c05,0,0,4,1,wide_and_tall,IceDancing
v_IceDancing_g15_c03,0,0,4,1,wide_and_tall,IceDancing
v_IceDancing_g16_c04,0,0,3,2,wide_and_tall,IceDancing
v_IceDancing_g16_c06,0,0,3,2,wide_and_tall,IceDancing
v_IceDancing_g20_c05,0,0,4,1,wide_and_tall,IceDancing
v_IceDancing_g20_c07,0,0,3,2,wide_and_tall,IceDancing
v_IceDancing_g21_c05,0,0,4,1,wide_and_tall,IceDancing
v_IceDancing_g23_c07,0,0,3,2,wide_and_tall,IceDancing
v_IceDancing_g24_c01,0,0,3,2,wide_and_tall,IceDancing
v_JavelinThrow_g01_c03,1,3,0,1,thin_and_short,JavelinThrow
v_JavelinThrow_g02_c04,0,1,0,4,wide_and_short,JavelinThrow
v_JavelinThrow_g03_c03,0,1,0,4,wide_and_short,JavelinThrow
v_JavelinThrow_g07_c01,0,3,0,2,thin_and_short,JavelinThrow
v_JavelinThrow_g09_c01,0,5,0,0,thin_and_short,JavelinThrow
v_JavelinThrow_g10_c01,0,4,0,1,thin_and_short,JavelinThrow
v_JavelinThrow_g10_c02,0,5,0,0,thin_and_short,JavelinThrow
v_JavelinThrow_g11_c01,2,2,0,1,thin_and_tall,JavelinThrow
v_JavelinThrow_g11_c03,0,1,0,4,wide_and_short,JavelinThrow
v_JavelinThrow_g13_c01,0,1,0,4,wide_and_short,JavelinThrow
v_JavelinThrow_g16_c05,0,3,0,2,thin_and_short,JavelinThrow
v_JavelinThrow_g17_c01,0,1,0,4,wide_and_short,JavelinThrow
v_JavelinThrow_g17_c02,0,0,1,4,wide_and_short,JavelinThrow
v_JavelinThrow_g18_c03,0,0,0,5,wide_and_short,JavelinThrow
v_JavelinThrow_g18_c04,0,2,0,3,wide_and_short,JavelinThrow
v_JavelinThrow_g22_c02,1,1,2,1,wide_and_tall,JavelinThrow
v_JavelinThrow_g23_c01,0,2,0,3,wide_and_short,JavelinThrow
v_JugglingBalls_g01_c03,2,3,0,0,thin_and_short,JugglingBalls
v_JugglingBalls_g08_c01,1,4,0,0,thin_and_short,JugglingBalls
v_JugglingBalls_g08_c02,1,4,0,0,thin_and_short,JugglingBalls
v_JugglingBalls_g09_c01,3,1,0,1,thin_and_tall,JugglingBalls
v_JugglingBalls_g09_c02,3,0,0,2,thin_and_tall,JugglingBalls
v_JugglingBalls_g09_c04,4,0,0,1,thin_and_tall,JugglingBalls
v_JugglingBalls_g10_c04,1,2,0,2,thin_and_short,JugglingBalls
v_JugglingBalls_g11_c04,1,1,0,3,wide_and_short,JugglingBalls
v_JugglingBalls_g12_c01,2,3,0,0,thin_and_short,JugglingBalls
v_JugglingBalls_g13_c01,1,2,0,2,thin_and_short,JugglingBalls
v_JugglingBalls_g20_c02,2,0,2,1,thin_and_tall,JugglingBalls
v_JugglingBalls_g20_c04,0,1,2,2,wide_and_tall,JugglingBalls
v_JugglingBalls_g21_c01,3,2,0,0,thin_and_tall,JugglingBalls
v_JugglingBalls_g21_c04,3,2,0,0,thin_and_tall,JugglingBalls
v_JugglingBalls_g22_c05,2,3,0,0,thin_and_short,JugglingBalls
v_JugglingBalls_g23_c02,0,2,0,3,wide_and_short,JugglingBalls
v_JumpRope_g02_c07,2,0,0,3,wide_and_short,JumpRope
v_JumpRope_g03_c01,0,1,4,0,wide_and_tall,JumpRope
v_JumpRope_g03_c03,1,0,3,1,wide_and_tall,JumpRope
v_JumpRope_g04_c05,0,0,1,4,wide_and_short,JumpRope
v_JumpRope_g04_c06,0,0,1,4,wide_and_short,JumpRope
v_JumpRope_g04_c07,0,0,0,5,wide_and_short,JumpRope
v_JumpRope_g05_c03,0,1,0,4,wide_and_short,JumpRope
v_JumpRope_g05_c04,0,0,2,3,wide_and_short,JumpRope
v_JumpRope_g06_c01,0,1,4,0,wide_and_tall,JumpRope
v_JumpRope_g06_c04,0,0,3,2,wide_and_tall,JumpRope
v_JumpRope_g06_c05,0,0,2,3,wide_and_short,JumpRope
v_JumpRope_g08_c01,0,4,0,1,thin_and_short,JumpRope
v_JumpRope_g08_c02,0,3,0,2,thin_and_short,JumpRope
v_JumpRope_g08_c03,0,3,0,2,thin_and_short,JumpRope
v_JumpRope_g09_c02,0,3,0,2,thin_and_short,JumpRope
v_JumpRope_g14_c03,0,2,0,3,wide_and_short,JumpRope
v_JumpRope_g15_c03,0,0,4,1,wide_and_tall,JumpRope
v_JumpRope_g16_c02,3,2,0,0,thin_and_tall,JumpRope
v_JumpRope_g16_c03,2,2,0,1,thin_and_tall,JumpRope
v_JumpRope_g16_c04,0,1,2,2,wide_and_tall,JumpRope
v_JumpRope_g16_c07,0,0,5,0,wide_and_tall,JumpRope
v_JumpRope_g17_c01,1,1,0,3,wide_and_short,JumpRope
v_JumpRope_g17_c02,1,1,0,3,wide_and_short,JumpRope
v_JumpRope_g17_c05,2,2,0,1,thin_and_tall,JumpRope
v_JumpRope_g18_c07,0,0,0,5,wide_and_short,JumpRope
v_JumpRope_g21_c02,0,2,0,3,wide_and_short,JumpRope
v_JumpRope_g21_c04,2,2,1,0,thin_and_tall,JumpRope
v_JumpRope_g21_c05,1,1,0,3,wide_and_short,JumpRope
v_JumpRope_g21_c07,1,1,0,3,wide_and_short,JumpRope
v_JumpingJack_g05_c02,2,1,0,2,thin_and_tall,JumpingJack
v_JumpingJack_g05_c03,0,2,0,3,wide_and_short,JumpingJack
v_JumpingJack_g12_c02,1,3,1,0,thin_and_short,JumpingJack
v_JumpingJack_g18_c01,3,2,0,0,thin_and_tall,JumpingJack
v_JumpingJack_g18_c04,3,2,0,0,thin_and_tall,JumpingJack
v_JumpingJack_g19_c02,4,1,0,0,thin_and_tall,JumpingJack
v_JumpingJack_g20_c02,4,1,0,0,thin_and_tall,JumpingJack
v_JumpingJack_g20_c03,5,0,0,0,thin_and_tall,JumpingJack
v_JumpingJack_g23_c02,3,2,0,0,thin_and_tall,JumpingJack
v_JumpingJack_g25_c06,3,2,0,0,thin_and_tall,JumpingJack
v_JumpingJack_g25_c07,3,2,0,0,thin_and_tall,JumpingJack
v_Kayaking_g07_c01,0,4,0,1,thin_and_short,Kayaking
v_Kayaking_g09_c03,0,3,0,2,thin_and_short,Kayaking
v_Kayaking_g10_c01,0,5,0,0,thin_and_short,Kayaking
v_Kayaking_g10_c03,0,4,0,1,thin_and_short,Kayaking
v_Kayaking_g11_c04,0,4,0,1,thin_and_short,Kayaking
v_Kayaking_g12_c03,0,4,0,1,thin_and_short,Kayaking
v_Kayaking_g16_c02,0,5,0,0,thin_and_short,Kayaking
v_Kayaking_g16_c03,0,3,0,2,thin_and_short,Kayaking
v_Kayaking_g16_c07,0,3,0,2,thin_and_short,Kayaking
v_Kayaking_g17_c05,0,1,0,4,wide_and_short,Kayaking
v_Kayaking_g18_c02,0,3,0,2,thin_and_short,Kayaking
v_Kayaking_g20_c06,0,3,0,2,thin_and_short,Kayaking
v_Kayaking_g21_c05,0,2,0,3,wide_and_short,Kayaking
v_Kayaking_g21_c06,0,1,0,4,wide_and_short,Kayaking
v_Kayaking_g21_c07,0,1,0,4,wide_and_short,Kayaking
v_Kayaking_g23_c03,0,4,0,1,thin_and_short,Kayaking
v_Kayaking_g25_c02,0,0,0,5,wide_and_short,Kayaking
v_Kayaking_g25_c03,0,2,0,3,wide_and_short,Kayaking
v_Knitting_g02_c01,3,2,0,0,thin_and_tall,Knitting
v_Knitting_g07_c01,3,0,0,2,thin_and_tall,Knitting
v_Knitting_g07_c02,0,2,0,3,wide_and_short,Knitting
v_Knitting_g07_c04,0,2,0,3,wide_and_short,Knitting
v_Knitting_g10_c07,0,2,0,3,wide_and_short,Knitting
v_Knitting_g12_c03,1,4,0,0,thin_and_short,Knitting
v_Knitting_g13_c02,0,5,0,0,thin_and_short,Knitting
v_Knitting_g13_c05,0,3,0,2,thin_and_short,Knitting
v_Knitting_g22_c02,2,2,0,1,thin_and_tall,Knitting
v_Knitting_g22_c03,2,2,0,1,thin_and_tall,Knitting
v_Knitting_g24_c02,0,2,0,3,wide_and_short,Knitting
v_Knitting_g24_c04,0,2,0,3,wide_and_short,Knitting
v_LongJump_g01_c01,0,2,0,3,wide_and_short,LongJump
v_LongJump_g01_c02,0,2,0,3,wide_and_short,LongJump
v_LongJump_g04_c01,0,0,0,5,wide_and_short,LongJump
v_LongJump_g05_c03,0,1,0,4,wide_and_short,LongJump
v_LongJump_g05_c04,0,1,0,4,wide_and_short,LongJump
v_LongJump_g06_c04,1,2,2,0,thin_and_short,LongJump
v_LongJump_g07_c02,0,1,4,0,wide_and_tall,LongJump
v_LongJump_g07_c03,1,2,1,1,thin_and_short,LongJump
v_LongJump_g07_c05,1,1,3,0,wide_and_tall,LongJump
v_LongJump_g08_c04,0,1,0,4,wide_and_short,LongJump
v_LongJump_g08_c05,0,1,0,4,wide_and_short,LongJump
v_LongJump_g08_c06,0,2,0,3,wide_and_short,LongJump
v_LongJump_g09_c03,0,2,1,2,thin_and_short,LongJump
v_LongJump_g09_c06,3,1,0,1,thin_and_tall,LongJump
v_LongJump_g10_c02,0,2,0,3,wide_and_short,LongJump
v_LongJump_g10_c07,0,2,0,3,wide_and_short,LongJump
v_LongJump_g11_c03,0,3,0,2,thin_and_short,LongJump
v_LongJump_g13_c01,0,0,3,2,wide_and_tall,LongJump
v_LongJump_g15_c02,0,0,3,2,wide_and_tall,LongJump
v_LongJump_g16_c04,0,1,1,3,wide_and_short,LongJump
v_LongJump_g17_c02,0,3,0,2,thin_and_short,LongJump
v_LongJump_g18_c01,0,2,0,3,wide_and_short,LongJump
v_LongJump_g20_c01,0,1,2,2,wide_and_tall,LongJump
v_LongJump_g20_c02,1,0,2,2,wide_and_tall,LongJump
v_LongJump_g21_c04,0,4,0,1,thin_and_short,LongJump
v_LongJump_g22_c01,0,0,3,2,wide_and_tall,LongJump
v_LongJump_g22_c02,0,0,3,2,wide_and_tall,LongJump
v_Lunges_g01_c01,0,3,2,0,thin_and_short,Lunges
v_Lunges_g01_c02,0,2,1,2,thin_and_short,Lunges
v_Lunges_g01_c05,0,0,2,3,wide_and_short,Lunges
v_Lunges_g05_c03,0,2,0,3,wide_and_short,Lunges
v_Lunges_g06_c05,2,2,0,1,thin_and_tall,Lunges
v_Lunges_g09_c02,0,0,4,1,wide_and_tall,Lunges
v_Lunges_g09_c04,0,0,3,2,wide_and_tall,Lunges
v_Lunges_g10_c05,0,0,3,2,wide_and_tall,Lunges
v_Lunges_g11_c01,0,2,0,3,wide_and_short,Lunges
v_Lunges_g11_c04,0,2,0,3,wide_and_short,Lunges
v_Lunges_g12_c04,0,1,0,4,wide_and_short,Lunges
v_Lunges_g13_c03,0,1,0,4,wide_and_short,Lunges
v_Lunges_g14_c02,3,0,1,1,thin_and_tall,Lunges
v_Lunges_g14_c05,0,0,1,4,wide_and_short,Lunges
v_Lunges_g14_c06,0,0,1,4,wide_and_short,Lunges
v_Lunges_g14_c07,1,0,1,3,wide_and_short,Lunges
v_Lunges_g15_c02,0,3,2,0,thin_and_short,Lunges
v_Lunges_g15_c03,0,0,3,2,wide_and_tall,Lunges
v_Lunges_g21_c02,0,1,2,2,wide_and_tall,Lunges
v_Lunges_g21_c03,1,1,0,3,wide_and_short,Lunges
v_Lunges_g21_c04,0,0,2,3,wide_and_short,Lunges
v_Lunges_g23_c03,0,1,1,3,wide_and_short,Lunges
v_Lunges_g24_c02,0,0,3,2,wide_and_tall,Lunges
v_Lunges_g25_c03,0,0,0,5,wide_and_short,Lunges
v_Lunges_g25_c04,0,2,0,3,wide_and_short,Lunges
v_MilitaryParade_g02_c03,0,2,0,3,wide_and_short,MilitaryParade
v_MilitaryParade_g03_c01,0,0,0,5,wide_and_short,MilitaryParade
v_MilitaryParade_g05_c02,0,0,0,5,wide_and_short,MilitaryParade
v_MilitaryParade_g05_c03,0,1,0,4,wide_and_short,MilitaryParade
v_MilitaryParade_g06_c01,4,1,0,0,thin_and_tall,MilitaryParade
v_MilitaryParade_g06_c03,2,3,0,0,thin_and_short,MilitaryParade
v_MilitaryParade_g09_c02,0,1,0,4,wide_and_short,MilitaryParade
v_MilitaryParade_g12_c04,0,0,0,5,wide_and_short,MilitaryParade
v_MilitaryParade_g12_c05,0,0,0,5,wide_and_short,MilitaryParade
v_MilitaryParade_g13_c03,0,0,0,5,wide_and_short,MilitaryParade
v_MilitaryParade_g15_c02,0,2,0,3,wide_and_short,MilitaryParade
v_MilitaryParade_g15_c04,0,2,0,3,wide_and_short,MilitaryParade
v_MilitaryParade_g15_c06,0,2,0,3,wide_and_short,MilitaryParade
v_MilitaryParade_g16_c02,3,2,0,0,thin_and_tall,MilitaryParade
v_MilitaryParade_g18_c06,0,2,0,3,wide_and_short,MilitaryParade
v_MilitaryParade_g19_c02,0,0,0,5,wide_and_short,MilitaryParade
v_MilitaryParade_g19_c06,0,2,0,3,wide_and_short,MilitaryParade
v_MilitaryParade_g20_c01,3,1,1,0,thin_and_tall,MilitaryParade
v_MilitaryParade_g20_c02,3,1,0,1,thin_and_tall,MilitaryParade
v_MilitaryParade_g21_c01,0,0,1,4,wide_and_short,MilitaryParade
v_MilitaryParade_g22_c04,2,0,2,1,thin_and_tall,MilitaryParade
v_MilitaryParade_g23_c02,1,0,3,1,wide_and_tall,MilitaryParade
v_MilitaryParade_g24_c04,2,2,0,1,thin_and_tall,MilitaryParade
v_Mixing_g01_c03,2,3,0,0,thin_and_short,Mixing
v_Mixing_g01_c06,2,3,0,0,thin_and_short,Mixing
v_Mixing_g03_c02,1,4,0,0,thin_and_short,Mixing
v_Mixing_g06_c01,0,3,0,2,thin_and_short,Mixing
v_Mixing_g06_c02,3,2,0,0,thin_and_tall,Mixing
v_Mixing_g06_c05,0,4,0,1,thin_and_short,Mixing
v_Mixing_g08_c04,2,3,0,0,thin_and_short,Mixing
v_Mixing_g09_c01,5,0,0,0,thin_and_tall,Mixing
v_Mixing_g09_c04,4,1,0,0,thin_and_tall,Mixing
v_Mixing_g11_c01,4,1,0,0,thin_and_tall,Mixing
v_Mixing_g11_c03,5,0,0,0,thin_and_tall,Mixing
v_Mixing_g14_c03,3,2,0,0,thin_and_tall,Mixing
v_Mixing_g14_c04,3,2,0,0,thin_and_tall,Mixing
v_Mixing_g14_c05,4,1,0,0,thin_and_tall,Mixing
v_Mixing_g15_c02,5,0,0,0,thin_and_tall,Mixing
v_Mixing_g15_c03,4,1,0,0,thin_and_tall,Mixing
v_Mixing_g15_c05,4,1,0,0,thin_and_tall,Mixing
v_Mixing_g18_c03,4,1,0,0,thin_and_tall,Mixing
v_Mixing_g18_c04,4,1,0,0,thin_and_tall,Mixing
v_Mixing_g20_c04,4,0,0,1,thin_and_tall,Mixing
v_MoppingFloor_g02_c02,0,1,2,2,wide_and_tall,MoppingFloor
v_MoppingFloor_g02_c03,0,2,0,3,wide_and_short,MoppingFloor
v_MoppingFloor_g02_c04,2,0,2,1,thin_and_tall,MoppingFloor
v_MoppingFloor_g02_c05,0,1,0,4,wide_and_short,MoppingFloor
v_MoppingFloor_g07_c05,4,0,1,0,thin_and_tall,MoppingFloor
v_MoppingFloor_g09_c01,1,1,2,1,wide_and_tall,MoppingFloor
v_MoppingFloor_g09_c04,1,2,2,0,thin_and_short,MoppingFloor
v_MoppingFloor_g15_c03,0,3,0,2,thin_and_short,MoppingFloor
v_MoppingFloor_g17_c01,5,0,0,0,thin_and_tall,MoppingFloor
v_MoppingFloor_g17_c03,2,2,1,0,thin_and_tall,MoppingFloor
v_MoppingFloor_g17_c04,3,2,0,0,thin_and_tall,MoppingFloor
v_MoppingFloor_g18_c03,1,0,1,3,wide_and_short,MoppingFloor
v_MoppingFloor_g18_c04,1,0,0,4,wide_and_short,MoppingFloor
v_MoppingFloor_g18_c05,0,0,3,2,wide_and_tall,MoppingFloor
v_MoppingFloor_g18_c06,0,0,3,2,wide_and_tall,MoppingFloor
v_MoppingFloor_g19_c04,0,0,2,3,wide_and_short,MoppingFloor
v_MoppingFloor_g20_c01,0,2,0,3,wide_and_short,MoppingFloor
v_MoppingFloor_g23_c02,2,0,3,0,wide_and_tall,MoppingFloor
v_MoppingFloor_g23_c04,0,0,4,1,wide_and_tall,MoppingFloor
v_MoppingFloor_g24_c01,0,1,0,4,wide_and_short,MoppingFloor
v_MoppingFloor_g24_c02,0,0,0,5,wide_and_short,MoppingFloor
v_MoppingFloor_g25_c03,0,1,2,2,wide_and_tall,MoppingFloor
v_MoppingFloor_g25_c04,0,0,4,1,wide_and_tall,MoppingFloor
v_Nunchucks_g01_c02,0,0,3,2,wide_and_tall,Nunchucks
v_Nunchucks_g01_c03,0,0,3,2,wide_and_tall,Nunchucks
v_Nunchucks_g02_c01,1,2,1,1,thin_and_short,Nunchucks
v_Nunchucks_g02_c05,1,1,0,3,wide_and_short,Nunchucks
v_Nunchucks_g02_c06,1,0,3,1,wide_and_tall,Nunchucks
v_Nunchucks_g03_c01,0,1,0,4,wide_and_short,Nunchucks
v_Nunchucks_g04_c01,0,1,3,1,wide_and_tall,Nunchucks
v_Nunchucks_g04_c04,0,1,2,2,wide_and_tall,Nunchucks
v_Nunchucks_g04_c06,1,0,2,2,wide_and_tall,Nunchucks
v_Nunchucks_g07_c02,0,1,0,4,wide_and_short,Nunchucks
v_Nunchucks_g07_c04,1,0,0,4,wide_and_short,Nunchucks
v_Nunchucks_g08_c05,2,1,0,2,thin_and_tall,Nunchucks
v_Nunchucks_g12_c01,0,0,3,2,wide_and_tall,Nunchucks
v_Nunchucks_g13_c01,4,0,1,0,thin_and_tall,Nunchucks
v_Nunchucks_g13_c05,0,1,2,2,wide_and_tall,Nunchucks
v_Nunchucks_g13_c07,2,2,0,1,thin_and_tall,Nunchucks
v_Nunchucks_g15_c03,1,2,0,2,thin_and_short,Nunchucks
v_Nunchucks_g15_c06,0,4,0,1,thin_and_short,Nunchucks
v_Nunchucks_g16_c02,0,4,0,1,thin_and_short,Nunchucks
v_Nunchucks_g18_c01,2,3,0,0,thin_and_short,Nunchucks
v_Nunchucks_g18_c04,2,3,0,0,thin_and_short,Nunchucks
v_Nunchucks_g19_c04,0,2,0,3,wide_and_short,Nunchucks
v_Nunchucks_g21_c03,2,1,0,2,thin_and_tall,Nunchucks
v_Nunchucks_g21_c04,2,2,0,1,thin_and_tall,Nunchucks
v_Nunchucks_g21_c05,4,1,0,0,thin_and_tall,Nunchucks
v_Nunchucks_g23_c01,1,0,1,3,wide_and_short,Nunchucks
v_Nunchucks_g23_c02,0,4,0,1,thin_and_short,Nunchucks
v_Nunchucks_g25_c01,2,2,0,1,thin_and_tall,Nunchucks
v_Nunchucks_g25_c04,0,3,0,2,thin_and_short,Nunchucks
v_Nunchucks_g25_c06,2,1,0,2,thin_and_tall,Nunchucks
v_ParallelBars_g02_c03,0,3,0,2,thin_and_short,ParallelBars
v_ParallelBars_g14_c03,0,0,3,2,wide_and_tall,ParallelBars
v_PizzaTossing_g02_c01,0,5,0,0,thin_and_short,PizzaTossing
v_PizzaTossing_g03_c01,1,3,0,1,thin_and_short,PizzaTossing
v_PizzaTossing_g03_c02,3,1,0,1,thin_and_tall,PizzaTossing
v_PizzaTossing_g04_c07,0,3,0,2,thin_and_short,PizzaTossing
v_PizzaTossing_g09_c03,0,0,4,1,wide_and_tall,PizzaTossing
v_PizzaTossing_g09_c04,2,3,0,0,thin_and_short,PizzaTossing
v_PizzaTossing_g12_c04,0,3,0,2,thin_and_short,PizzaTossing
v_PizzaTossing_g14_c01,0,1,2,2,wide_and_tall,PizzaTossing
v_PizzaTossing_g14_c03,0,1,2,2,wide_and_tall,PizzaTossing
v_PizzaTossing_g15_c04,0,0,3,2,wide_and_tall,PizzaTossing
v_PizzaTossing_g17_c02,0,4,0,1,thin_and_short,PizzaTossing
v_PizzaTossing_g23_c01,0,4,0,1,thin_and_short,PizzaTossing
v_PizzaTossing_g23_c03,3,0,1,1,thin_and_tall,PizzaTossing
v_PizzaTossing_g23_c05,1,1,2,1,wide_and_tall,PizzaTossing
v_PlayingCello_g01_c03,1,0,0,4,wide_and_short,PlayingCello
v_PlayingCello_g03_c03,0,0,5,0,wide_and_tall,PlayingCello
v_PlayingCello_g13_c01,0,3,0,2,thin_and_short,PlayingCello
v_PlayingCello_g13_c02,1,3,0,1,thin_and_short,PlayingCello
v_PlayingCello_g13_c04,1,4,0,0,thin_and_short,PlayingCello
v_PlayingCello_g14_c03,1,1,0,3,wide_and_short,PlayingCello
v_PlayingCello_g14_c04,2,0,1,2,thin_and_tall,PlayingCello
v_PlayingCello_g19_c05,0,4,0,1,thin_and_short,PlayingCello
v_PlayingCello_g19_c06,0,3,1,1,thin_and_short,PlayingCello
v_PlayingCello_g19_c07,0,3,0,2,thin_and_short,PlayingCello
v_PlayingCello_g22_c01,0,3,0,2,thin_and_short,PlayingCello
v_PlayingCello_g22_c03,0,4,0,1,thin_and_short,PlayingCello
v_PlayingCello_g22_c05,0,5,0,0,thin_and_short,PlayingCello
v_PlayingCello_g25_c05,0,5,0,0,thin_and_short,PlayingCello
v_PlayingCello_g25_c06,2,3,0,0,thin_and_short,PlayingCello
v_PlayingCello_g25_c07,0,5,0,0,thin_and_short,PlayingCello
v_PlayingDaf_g03_c01,1,0,2,2,wide_and_tall,PlayingDaf
v_PlayingDaf_g03_c04,1,0,4,0,wide_and_tall,PlayingDaf
v_PlayingDaf_g04_c01,1,0,4,0,wide_and_tall,PlayingDaf
v_PlayingDaf_g04_c02,5,0,0,0,thin_and_tall,PlayingDaf
v_PlayingDaf_g04_c05,1,0,2,2,wide_and_tall,PlayingDaf
v_PlayingDaf_g06_c02,0,0,0,5,wide_and_short,PlayingDaf
v_PlayingDaf_g06_c05,0,0,2,3,wide_and_short,PlayingDaf
v_PlayingDaf_g06_c06,0,0,2,3,wide_and_short,PlayingDaf
v_PlayingDaf_g07_c04,0,0,1,4,wide_and_short,PlayingDaf
v_PlayingDaf_g08_c01,0,4,0,1,thin_and_short,PlayingDaf
v_PlayingDaf_g08_c03,0,4,0,1,thin_and_short,PlayingDaf
v_PlayingDaf_g08_c05,0,4,0,1,thin_and_short,PlayingDaf
v_PlayingDaf_g12_c03,2,0,2,1,thin_and_tall,PlayingDaf
v_PlayingDaf_g12_c04,1,0,1,3,wide_and_short,PlayingDaf
v_PlayingDaf_g13_c01,0,0,4,1,wide_and_tall,PlayingDaf
v_PlayingDaf_g14_c03,0,2,2,1,thin_and_short,PlayingDaf
v_PlayingDaf_g14_c06,1,1,1,2,wide_and_short,PlayingDaf
v_PlayingDaf_g15_c02,3,0,2,0,thin_and_tall,PlayingDaf
v_PlayingDaf_g15_c03,4,0,1,0,thin_and_tall,PlayingDaf
v_PlayingDaf_g15_c06,3,0,2,0,thin_and_tall,PlayingDaf
v_PlayingDaf_g16_c01,4,0,1,0,thin_and_tall,PlayingDaf
v_PlayingDaf_g19_c01,3,0,2,0,thin_and_tall,PlayingDaf
v_PlayingDaf_g19_c02,3,0,1,1,thin_and_tall,PlayingDaf
v_PlayingDaf_g21_c01,0,0,3,2,wide_and_tall,PlayingDaf
v_PlayingDaf_g21_c03,0,0,5,0,wide_and_tall,PlayingDaf
v_PlayingDaf_g21_c07,0,1,3,1,wide_and_tall,PlayingDaf
v_PlayingDaf_g22_c04,3,0,2,0,thin_and_tall,PlayingDaf
v_PlayingDaf_g22_c07,3,0,2,0,thin_and_tall,PlayingDaf
v_PlayingDaf_g24_c02,0,0,4,1,wide_and_tall,PlayingDaf
v_PlayingDaf_g24_c03,0,0,4,1,wide_and_tall,PlayingDaf
v_PlayingDhol_g02_c01,3,2,0,0,thin_and_tall,PlayingDhol
v_PlayingDhol_g02_c07,3,2,0,0,thin_and_tall,PlayingDhol
v_PlayingDhol_g07_c03,0,0,4,1,wide_and_tall,PlayingDhol
v_PlayingDhol_g07_c04,0,2,2,1,thin_and_short,PlayingDhol
v_PlayingDhol_g07_c06,0,4,1,0,thin_and_short,PlayingDhol
v_PlayingDhol_g08_c05,0,2,0,3,wide_and_short,PlayingDhol
v_PlayingDhol_g09_c03,1,4,0,0,thin_and_short,PlayingDhol
v_PlayingDhol_g10_c02,0,2,0,3,wide_and_short,PlayingDhol
v_PlayingDhol_g10_c03,1,2,0,2,thin_and_short,PlayingDhol
v_PlayingDhol_g10_c06,0,3,0,2,thin_and_short,PlayingDhol
v_PlayingDhol_g11_c05,0,1,0,4,wide_and_short,PlayingDhol
v_PlayingDhol_g12_c04,0,2,0,3,wide_and_short,PlayingDhol
v_PlayingDhol_g18_c02,0,1,0,4,wide_and_short,PlayingDhol
v_PlayingDhol_g18_c05,0,1,0,4,wide_and_short,PlayingDhol
v_PlayingDhol_g18_c06,0,1,0,4,wide_and_short,PlayingDhol
v_PlayingDhol_g19_c02,0,0,4,1,wide_and_tall,PlayingDhol
v_PlayingDhol_g20_c01,0,2,0,3,wide_and_short,PlayingDhol
v_PlayingDhol_g21_c05,1,4,0,0,thin_and_short,PlayingDhol
v_PlayingDhol_g21_c06,0,4,1,0,thin_and_short,PlayingDhol
v_PlayingDhol_g21_c07,1,2,0,2,thin_and_short,PlayingDhol
v_PlayingDhol_g22_c03,0,3,0,2,thin_and_short,PlayingDhol
v_PlayingDhol_g23_c01,0,3,0,2,thin_and_short,PlayingDhol
v_PlayingFlute_g06_c02,0,0,0,5,wide_and_short,PlayingFlute
v_PlayingFlute_g06_c03,3,0,0,2,thin_and_tall,PlayingFlute
v_PlayingFlute_g06_c06,0,0,1,4,wide_and_short,PlayingFlute
v_PlayingFlute_g08_c04,1,0,2,2,wide_and_tall,PlayingFlute
v_PlayingFlute_g08_c06,2,1,0,2,thin_and_tall,PlayingFlute
v_PlayingFlute_g09_c06,0,2,0,3,wide_and_short,PlayingFlute
v_PlayingFlute_g10_c04,2,2,0,1,thin_and_tall,PlayingFlute
v_PlayingFlute_g10_c05,3,2,0,0,thin_and_tall,PlayingFlute
v_PlayingFlute_g10_c06,3,2,0,0,thin_and_tall,PlayingFlute
v_PlayingFlute_g12_c01,2,0,1,2,thin_and_tall,PlayingFlute
v_PlayingFlute_g14_c03,0,1,0,4,wide_and_short,PlayingFlute
v_PlayingFlute_g15_c01,0,2,0,3,wide_and_short,PlayingFlute
v_PlayingFlute_g16_c01,0,3,2,0,thin_and_short,PlayingFlute
v_PlayingFlute_g18_c02,4,1,0,0,thin_and_tall,PlayingFlute
v_PlayingFlute_g18_c05,2,2,0,1,thin_and_tall,PlayingFlute
v_PlayingFlute_g20_c01,0,0,0,5,wide_and_short,PlayingFlute
v_PlayingFlute_g22_c02,0,1,0,4,wide_and_short,PlayingFlute
v_PlayingFlute_g24_c04,1,4,0,0,thin_and_short,PlayingFlute
v_PlayingFlute_g24_c05,1,4,0,0,thin_and_short,PlayingFlute
v_PlayingGuitar_g02_c01,0,3,0,2,thin_and_short,PlayingGuitar
v_PlayingGuitar_g04_c04,0,1,0,4,wide_and_short,PlayingGuitar
v_PlayingGuitar_g04_c05,0,1,0,4,wide_and_short,PlayingGuitar
v_PlayingGuitar_g04_c06,0,1,0,4,wide_and_short,PlayingGuitar
v_PlayingGuitar_g08_c04,1,1,0,3,wide_and_short,PlayingGuitar
v_PlayingGuitar_g08_c06,2,1,1,1,thin_and_tall,PlayingGuitar
v_PlayingGuitar_g08_c07,2,0,2,1,thin_and_tall,PlayingGuitar
v_PlayingGuitar_g09_c01,0,0,0,5,wide_and_short,PlayingGuitar
v_PlayingGuitar_g10_c02,1,0,0,4,wide_and_short,PlayingGuitar
v_PlayingGuitar_g10_c03,0,1,1,3,wide_and_short,PlayingGuitar
v_PlayingGuitar_g10_c06,0,2,0,3,wide_and_short,PlayingGuitar
v_PlayingPiano_g08_c04,0,0,5,0,wide_and_tall,PlayingPiano
v_PlayingPiano_g11_c02,0,0,4,1,wide_and_tall,PlayingPiano
v_PlayingPiano_g13_c01,0,0,3,2,wide_and_tall,PlayingPiano
v_PlayingPiano_g13_c04,0,0,3,2,wide_and_tall,PlayingPiano
v_PlayingPiano_g14_c01,4,1,0,0,thin_and_tall,PlayingPiano
v_PlayingPiano_g16_c03,0,4,0,1,thin_and_short,PlayingPiano
v_PlayingPiano_g16_c04,0,4,0,1,thin_and_short,PlayingPiano
v_PlayingSitar_g02_c03,0,1,0,4,wide_and_short,PlayingSitar
v_PlayingSitar_g02_c06,0,2,0,3,wide_and_short,PlayingSitar
v_PlayingSitar_g03_c04,2,3,0,0,thin_and_short,PlayingSitar
v_PlayingSitar_g08_c01,0,5,0,0,thin_and_short,PlayingSitar
v_PlayingSitar_g08_c07,0,5,0,0,thin_and_short,PlayingSitar
v_PlayingSitar_g09_c01,0,3,0,2,thin_and_short,PlayingSitar
v_PlayingSitar_g09_c07,0,3,0,2,thin_and_short,PlayingSitar
v_PlayingSitar_g18_c06,3,2,0,0,thin_and_tall,PlayingSitar
v_PlayingSitar_g19_c03,2,3,0,0,thin_and_short,PlayingSitar
v_PlayingSitar_g23_c06,1,0,3,1,wide_and_tall,PlayingSitar
v_PlayingSitar_g24_c02,3,2,0,0,thin_and_tall,PlayingSitar
v_PlayingSitar_g24_c03,3,2,0,0,thin_and_tall,PlayingSitar
v_PlayingSitar_g24_c05,5,0,0,0,thin_and_tall,PlayingSitar
v_PlayingTabla_g08_c04,0,0,3,2,wide_and_tall,PlayingTabla
v_PlayingTabla_g10_c04,0,1,0,4,wide_and_short,PlayingTabla
v_PlayingTabla_g10_c05,0,2,0,3,wide_and_short,PlayingTabla
v_PlayingTabla_g16_c01,0,5,0,0,thin_and_short,PlayingTabla
v_PlayingTabla_g16_c02,0,5,0,0,thin_and_short,PlayingTabla
v_PlayingTabla_g23_c01,0,1,0,4,wide_and_short,PlayingTabla
v_PlayingTabla_g23_c03,0,1,0,4,wide_and_short,PlayingTabla
v_PlayingTabla_g24_c04,2,2,0,1,thin_and_tall,PlayingTabla
v_PlayingViolin_g02_c04,0,0,0,5,wide_and_short,PlayingViolin
v_PlayingViolin_g05_c01,0,0,1,4,wide_and_short,PlayingViolin
v_PlayingViolin_g05_c03,0,1,1,3,wide_and_short,PlayingViolin
v_PlayingViolin_g07_c02,0,3,0,2,thin_and_short,PlayingViolin
v_PlayingViolin_g10_c02,0,2,0,3,wide_and_short,PlayingViolin
v_PlayingViolin_g14_c01,0,5,0,0,thin_and_short,PlayingViolin
v_PlayingViolin_g19_c02,0,0,0,5,wide_and_short,PlayingViolin
v_PlayingViolin_g22_c04,0,2,0,3,wide_and_short,PlayingViolin
v_PlayingViolin_g23_c03,0,0,4,1,wide_and_tall,PlayingViolin
v_PlayingViolin_g24_c01,0,0,4,1,wide_and_tall,PlayingViolin
v_PlayingViolin_g24_c02,0,0,3,2,wide_and_tall,PlayingViolin
v_PlayingViolin_g25_c02,0,0,5,0,wide_and_tall,PlayingViolin
v_PlayingViolin_g25_c03,0,0,5,0,wide_and_tall,PlayingViolin
v_PoleVault_g01_c03,0,1,0,4,wide_and_short,PoleVault
v_PoleVault_g01_c04,0,1,0,4,wide_and_short,PoleVault
v_PoleVault_g03_c03,0,1,0,4,wide_and_short,PoleVault
v_PoleVault_g03_c06,0,1,0,4,wide_and_short,PoleVault
v_PoleVault_g03_c07,0,0,0,5,wide_and_short,PoleVault
v_PoleVault_g04_c01,0,3,1,1,thin_and_short,PoleVault
v_PoleVault_g04_c02,2,2,0,1,thin_and_tall,PoleVault
v_PoleVault_g04_c07,2,3,0,0,thin_and_short,PoleVault
v_PoleVault_g05_c01,0,0,0,5,wide_and_short,PoleVault
v_PoleVault_g05_c02,0,1,0,4,wide_and_short,PoleVault
v_PoleVault_g05_c05,1,0,2,2,wide_and_tall,PoleVault
v_PoleVault_g07_c02,1,1,0,3,wide_and_short,PoleVault
v_PoleVault_g07_c04,1,3,1,0,thin_and_short,PoleVault
v_PoleVault_g08_c01,1,0,3,1,wide_and_tall,PoleVault
v_PoleVault_g08_c02,2,1,2,0,thin_and_tall,PoleVault
v_PoleVault_g11_c01,2,0,1,2,thin_and_tall,PoleVault
v_PoleVault_g11_c05,0,1,3,1,wide_and_tall,PoleVault
v_PoleVault_g13_c02,0,4,1,0,thin_and_short,PoleVault
v_PoleVault_g13_c05,1,2,2,0,thin_and_short,PoleVault
v_PoleVault_g17_c03,1,3,0,1,thin_and_short,PoleVault
v_PoleVault_g19_c07,0,0,3,2,wide_and_tall,PoleVault
v_PoleVault_g22_c03,3,0,0,2,thin_and_tall,PoleVault
v_PoleVault_g22_c04,2,2,0,1,thin_and_tall,PoleVault
v_PoleVault_g23_c02,0,0,2,3,wide_and_short,PoleVault
v_PoleVault_g23_c04,0,0,1,4,wide_and_short,PoleVault
v_PoleVault_g23_c07,0,0,0,5,wide_and_short,PoleVault
v_PoleVault_g24_c01,2,1,0,2,thin_and_tall,PoleVault
v_PoleVault_g24_c02,0,1,4,0,wide_and_tall,PoleVault
v_PoleVault_g24_c04,2,1,0,2,thin_and_tall,PoleVault
v_PommelHorse_g04_c01,0,5,0,0,thin_and_short,PommelHorse
v_PommelHorse_g04_c04,0,3,0,2,thin_and_short,PommelHorse
v_PommelHorse_g17_c02,0,2,0,3,wide_and_short,PommelHorse
v_PommelHorse_g19_c01,0,3,0,2,thin_and_short,PommelHorse
v_PullUps_g01_c01,1,1,2,1,wide_and_tall,PullUps
v_PullUps_g01_c02,2,2,1,0,thin_and_tall,PullUps
v_PullUps_g05_c01,0,0,0,5,wide_and_short,PullUps
v_PullUps_g05_c04,0,1,0,4,wide_and_short,PullUps
v_PullUps_g06_c01,4,1,0,0,thin_and_tall,PullUps
v_PullUps_g06_c03,5,0,0,0,thin_and_tall,PullUps
v_PullUps_g08_c03,0,2,3,0,wide_and_tall,PullUps
v_PullUps_g09_c01,1,1,0,3,wide_and_short,PullUps
v_PullUps_g23_c02,0,1,2,2,wide_and_tall,PullUps
v_Punch_g10_c02,0,1,0,4,wide_and_short,Punch
v_Punch_g10_c05,0,2,0,3,wide_and_short,Punch
v_Punch_g10_c06,0,1,0,4,wide_and_short,Punch
v_PushUps_g01_c05,0,0,0,5,wide_and_short,PushUps
v_PushUps_g02_c03,0,1,0,4,wide_and_short,PushUps
v_PushUps_g05_c01,0,0,2,3,wide_and_short,PushUps
v_PushUps_g05_c02,2,0,0,3,wide_and_short,PushUps
v_PushUps_g06_c03,0,1,0,4,wide_and_short,PushUps
v_PushUps_g06_c04,0,1,0,4,wide_and_short,PushUps
v_PushUps_g08_c01,1,4,0,0,thin_and_short,PushUps
v_PushUps_g13_c03,0,3,0,2,thin_and_short,PushUps
v_PushUps_g14_c01,0,2,0,3,wide_and_short,PushUps
v_PushUps_g15_c02,0,4,0,1,thin_and_short,PushUps
v_PushUps_g16_c01,3,2,0,0,thin_and_tall,PushUps
v_PushUps_g16_c02,4,1,0,0,thin_and_tall,PushUps
v_PushUps_g18_c02,1,1,3,0,wide_and_tall,PushUps
v_PushUps_g19_c04,3,0,0,2,thin_and_tall,PushUps
v_PushUps_g20_c03,0,2,0,3,wide_and_short,PushUps
v_PushUps_g25_c03,0,1,1,3,wide_and_short,PushUps
v_Rafting_g01_c02,0,2,0,3,wide_and_short,Rafting
v_Rafting_g03_c01,0,1,0,4,wide_and_short,Rafting
v_Rafting_g03_c04,2,2,0,1,thin_and_tall,Rafting
v_Rafting_g07_c01,0,1,0,4,wide_and_short,Rafting
v_Rafting_g07_c04,0,2,0,3,wide_and_short,Rafting
v_Rafting_g08_c05,0,1,0,4,wide_and_short,Rafting
v_Rafting_g09_c01,0,0,0,5,wide_and_short,Rafting
v_Rafting_g09_c04,0,2,0,3,wide_and_short,Rafting
v_Rafting_g14_c03,0,4,0,1,thin_and_short,Rafting
v_Rafting_g17_c03,0,1,0,4,wide_and_short,Rafting
v_Rafting_g17_c04,0,1,0,4,wide_and_short,Rafting
v_Rafting_g19_c04,0,3,0,2,thin_and_short,Rafting
v_Rafting_g19_c05,0,5,0,0,thin_and_short,Rafting
v_Rafting_g20_c02,0,1,0,4,wide_and_short,Rafting
v_Rafting_g20_c03,0,2,0,3,wide_and_short,Rafting
v_Rafting_g21_c01,0,1,0,4,wide_and_short,Rafting
v_Rafting_g21_c03,0,2,0,3,wide_and_short,Rafting
v_Rafting_g23_c01,0,2,0,3,wide_and_short,Rafting
v_Rafting_g24_c02,0,5,0,0,thin_and_short,Rafting
v_RockClimbingIndoor_g01_c01,2,1,2,0,thin_and_tall,RockClimbingIndoor
v_RockClimbingIndoor_g01_c02,0,1,3,1,wide_and_tall,RockClimbingIndoor
v_RockClimbingIndoor_g02_c02,0,2,2,1,thin_and_short,RockClimbingIndoor
v_RockClimbingIndoor_g03_c02,0,0,3,2,wide_and_tall,RockClimbingIndoor
v_RockClimbingIndoor_g03_c06,0,0,4,1,wide_and_tall,RockClimbingIndoor
v_RockClimbingIndoor_g04_c01,0,2,2,1,thin_and_short,RockClimbingIndoor
v_RockClimbingIndoor_g05_c03,0,2,3,0,wide_and_tall,RockClimbingIndoor
v_RockClimbingIndoor_g06_c05,1,1,3,0,wide_and_tall,RockClimbingIndoor
v_RockClimbingIndoor_g07_c04,0,0,2,3,wide_and_short,RockClimbingIndoor
v_RockClimbingIndoor_g07_c05,0,0,2,3,wide_and_short,RockClimbingIndoor
v_RockClimbingIndoor_g07_c06,0,1,1,3,wide_and_short,RockClimbingIndoor
v_RockClimbingIndoor_g08_c01,0,0,4,1,wide_and_tall,RockClimbingIndoor
v_RockClimbingIndoor_g08_c02,0,3,1,1,thin_and_short,RockClimbingIndoor
v_RockClimbingIndoor_g12_c03,0,1,0,4,wide_and_short,RockClimbingIndoor
v_RockClimbingIndoor_g12_c05,0,2,0,3,wide_and_short,RockClimbingIndoor
v_RockClimbingIndoor_g13_c01,0,0,2,3,wide_and_short,RockClimbingIndoor
v_RockClimbingIndoor_g13_c03,1,2,2,0,thin_and_short,RockClimbingIndoor
v_RockClimbingIndoor_g13_c06,0,2,2,1,thin_and_short,RockClimbingIndoor
v_RockClimbingIndoor_g14_c01,0,1,3,1,wide_and_tall,RockClimbingIndoor
v_RockClimbingIndoor_g14_c04,0,0,5,0,wide_and_tall,RockClimbingIndoor
v_RockClimbingIndoor_g15_c01,0,0,0,5,wide_and_short,RockClimbingIndoor
v_RockClimbingIndoor_g16_c01,0,0,4,1,wide_and_tall,RockClimbingIndoor
v_RockClimbingIndoor_g16_c02,0,0,5,0,wide_and_tall,RockClimbingIndoor
v_RockClimbingIndoor_g17_c06,0,5,0,0,thin_and_short,RockClimbingIndoor
v_RockClimbingIndoor_g18_c02,0,0,4,1,wide_and_tall,RockClimbingIndoor
v_RockClimbingIndoor_g18_c04,0,0,5,0,wide_and_tall,RockClimbingIndoor
v_RockClimbingIndoor_g19_c04,0,4,0,1,thin_and_short,RockClimbingIndoor
v_RockClimbingIndoor_g20_c05,0,3,2,0,thin_and_short,RockClimbingIndoor
v_RockClimbingIndoor_g21_c01,0,0,3,2,wide_and_tall,RockClimbingIndoor
v_RockClimbingIndoor_g21_c02,0,0,4,1,wide_and_tall,RockClimbingIndoor
v_RockClimbingIndoor_g21_c03,0,0,3,2,wide_and_tall,RockClimbingIndoor
v_RockClimbingIndoor_g25_c01,0,0,4,1,wide_and_tall,RockClimbingIndoor
v_RockClimbingIndoor_g25_c02,0,0,5,0,wide_and_tall,RockClimbingIndoor
v_RockClimbingIndoor_g25_c07,0,0,4,1,wide_and_tall,RockClimbingIndoor
v_RopeClimbing_g04_c02,0,1,0,4,wide_and_short,RopeClimbing
v_RopeClimbing_g04_c04,0,0,0,5,wide_and_short,RopeClimbing
v_RopeClimbing_g06_c04,0,0,0,5,wide_and_short,RopeClimbing
v_RopeClimbing_g09_c03,0,0,0,5,wide_and_short,RopeClimbing
v_RopeClimbing_g09_c04,0,1,0,4,wide_and_short,RopeClimbing
v_RopeClimbing_g11_c02,0,1,0,4,wide_and_short,RopeClimbing
v_RopeClimbing_g12_c03,0,0,5,0,wide_and_tall,RopeClimbing
v_RopeClimbing_g12_c04,0,2,0,3,wide_and_short,RopeClimbing
v_RopeClimbing_g13_c04,0,0,0,5,wide_and_short,RopeClimbing
v_RopeClimbing_g13_c05,0,1,0,4,wide_and_short,RopeClimbing
v_RopeClimbing_g13_c06,0,0,0,5,wide_and_short,RopeClimbing
v_RopeClimbing_g15_c04,0,3,0,2,thin_and_short,RopeClimbing
v_RopeClimbing_g17_c04,0,3,2,0,thin_and_short,RopeClimbing
v_RopeClimbing_g20_c01,0,0,0,5,wide_and_short,RopeClimbing
v_RopeClimbing_g21_c01,0,0,0,5,wide_and_short,RopeClimbing
v_RopeClimbing_g23_c01,0,0,0,5,wide_and_short,RopeClimbing
v_RopeClimbing_g23_c02,0,1,0,4,wide_and_short,RopeClimbing
v_RopeClimbing_g24_c02,0,2,0,3,wide_and_short,RopeClimbing
v_RopeClimbing_g25_c05,0,4,0,1,thin_and_short,RopeClimbing
v_Rowing_g02_c05,0,3,0,2,thin_and_short,Rowing
v_Rowing_g02_c06,0,4,0,1,thin_and_short,Rowing
v_Rowing_g12_c06,2,1,0,2,thin_and_tall,Rowing
v_Rowing_g15_c01,0,1,0,4,wide_and_short,Rowing
v_Rowing_g15_c02,2,0,1,2,thin_and_tall,Rowing
v_Rowing_g15_c03,0,0,0,5,wide_and_short,Rowing
v_Rowing_g15_c04,0,0,1,4,wide_and_short,Rowing
v_Rowing_g17_c02,0,5,0,0,thin_and_short,Rowing
v_Rowing_g21_c02,0,3,0,2,thin_and_short,Rowing
v_Rowing_g21_c03,0,3,0,2,thin_and_short,Rowing
v_Rowing_g23_c04,0,5,0,0,thin_and_short,Rowing
v_Rowing_g23_c05,0,4,0,1,thin_and_short,Rowing
v_SalsaSpin_g10_c01,0,4,0,1,thin_and_short,SalsaSpin
v_SalsaSpin_g12_c06,0,3,0,2,thin_and_short,SalsaSpin
v_SalsaSpin_g15_c01,0,2,0,3,wide_and_short,SalsaSpin
v_SalsaSpin_g15_c02,0,1,0,4,wide_and_short,SalsaSpin
v_SalsaSpin_g16_c01,0,3,0,2,thin_and_short,SalsaSpin
v_SalsaSpin_g16_c04,0,4,0,1,thin_and_short,SalsaSpin
v_SalsaSpin_g17_c03,0,2,0,3,wide_and_short,SalsaSpin
v_SalsaSpin_g20_c03,0,2,0,3,wide_and_short,SalsaSpin
v_SalsaSpin_g21_c04,0,3,0,2,thin_and_short,SalsaSpin
v_SalsaSpin_g21_c05,0,3,0,2,thin_and_short,SalsaSpin
v_ShavingBeard_g01_c01,2,1,0,2,thin_and_tall,ShavingBeard
v_ShavingBeard_g03_c02,2,0,3,0,wide_and_tall,ShavingBeard
v_ShavingBeard_g03_c03,1,0,4,0,wide_and_tall,ShavingBeard
v_ShavingBeard_g03_c06,4,1,0,0,thin_and_tall,ShavingBeard
v_ShavingBeard_g04_c04,1,3,0,1,thin_and_short,ShavingBeard
v_ShavingBeard_g05_c04,1,4,0,0,thin_and_short,ShavingBeard
v_ShavingBeard_g08_c05,0,1,0,4,wide_and_short,ShavingBeard
v_ShavingBeard_g09_c03,0,2,0,3,wide_and_short,ShavingBeard
v_ShavingBeard_g09_c05,4,1,0,0,thin_and_tall,ShavingBeard
v_ShavingBeard_g09_c07,4,1,0,0,thin_and_tall,ShavingBeard
v_ShavingBeard_g10_c02,0,2,0,3,wide_and_short,ShavingBeard
v_ShavingBeard_g10_c07,3,1,1,0,thin_and_tall,ShavingBeard
v_ShavingBeard_g12_c02,1,0,2,2,wide_and_tall,ShavingBeard
v_ShavingBeard_g13_c05,1,2,0,2,thin_and_short,ShavingBeard
v_ShavingBeard_g14_c05,4,0,0,1,thin_and_tall,ShavingBeard
v_ShavingBeard_g16_c02,2,1,2,0,thin_and_tall,ShavingBeard
v_ShavingBeard_g16_c03,2,1,1,1,thin_and_tall,ShavingBeard
v_ShavingBeard_g17_c01,3,1,1,0,thin_and_tall,ShavingBeard
v_ShavingBeard_g17_c04,0,1,0,4,wide_and_short,ShavingBeard
v_ShavingBeard_g18_c03,0,0,4,1,wide_and_tall,ShavingBeard
v_ShavingBeard_g18_c04,0,4,1,0,thin_and_short,ShavingBeard
v_ShavingBeard_g18_c07,4,0,1,0,thin_and_tall,ShavingBeard
v_ShavingBeard_g20_c05,0,0,1,4,wide_and_short,ShavingBeard
v_ShavingBeard_g21_c03,4,0,0,1,thin_and_tall,ShavingBeard
v_ShavingBeard_g21_c05,0,0,1,4,wide_and_short,ShavingBeard
v_ShavingBeard_g22_c01,0,5,0,0,thin_and_short,ShavingBeard
v_ShavingBeard_g22_c05,0,0,0,5,wide_and_short,ShavingBeard
v_ShavingBeard_g23_c05,1,3,0,1,thin_and_short,ShavingBeard
v_ShavingBeard_g23_c06,0,3,0,2,thin_and_short,ShavingBeard
v_ShavingBeard_g24_c01,2,3,0,0,thin_and_short,ShavingBeard
v_ShavingBeard_g24_c02,0,0,1,4,wide_and_short,ShavingBeard
v_ShavingBeard_g24_c03,1,0,0,4,wide_and_short,ShavingBeard
v_ShavingBeard_g24_c04,0,4,0,1,thin_and_short,ShavingBeard
v_ShavingBeard_g25_c04,0,0,0,5,wide_and_short,ShavingBeard
v_ShavingBeard_g25_c05,0,0,0,5,wide_and_short,ShavingBeard
v_Shotput_g01_c03,0,2,0,3,wide_and_short,Shotput
v_Shotput_g01_c05,0,1,0,4,wide_and_short,Shotput
v_Shotput_g03_c05,0,4,0,1,thin_and_short,Shotput
v_Shotput_g04_c02,0,0,0,5,wide_and_short,Shotput
v_Shotput_g05_c02,0,3,0,2,thin_and_short,Shotput
v_Shotput_g05_c07,0,3,0,2,thin_and_short,Shotput
v_Shotput_g06_c01,0,4,0,1,thin_and_short,Shotput
v_Shotput_g06_c02,0,4,0,1,thin_and_short,Shotput
v_Shotput_g06_c03,0,3,0,2,thin_and_short,Shotput
v_Shotput_g07_c04,0,4,0,1,thin_and_short,Shotput
v_Shotput_g07_c07,0,3,0,2,thin_and_short,Shotput
v_Shotput_g08_c04,0,3,0,2,thin_and_short,Shotput
v_Shotput_g09_c02,0,0,0,5,wide_and_short,Shotput
v_Shotput_g09_c04,0,0,0,5,wide_and_short,Shotput
v_Shotput_g09_c05,0,0,0,5,wide_and_short,Shotput
v_Shotput_g11_c06,0,2,1,2,thin_and_short,Shotput
v_Shotput_g12_c01,0,3,0,2,thin_and_short,Shotput
v_Shotput_g12_c03,0,3,0,2,thin_and_short,Shotput
v_Shotput_g13_c04,0,4,0,1,thin_and_short,Shotput
v_Shotput_g15_c04,0,4,0,1,thin_and_short,Shotput
v_Shotput_g15_c07,0,3,0,2,thin_and_short,Shotput
v_Shotput_g17_c01,0,4,0,1,thin_and_short,Shotput
v_Shotput_g17_c05,0,5,0,0,thin_and_short,Shotput
v_Shotput_g18_c01,0,0,0,5,wide_and_short,Shotput
v_Shotput_g18_c03,0,2,0,3,wide_and_short,Shotput
v_Shotput_g19_c02,2,2,0,1,thin_and_tall,Shotput
v_Shotput_g19_c03,0,3,0,2,thin_and_short,Shotput
v_Shotput_g21_c02,0,0,2,3,wide_and_short,Shotput
v_Shotput_g21_c04,0,3,0,2,thin_and_short,Shotput
v_Shotput_g25_c05,0,0,3,2,wide_and_tall,Shotput
v_SkateBoarding_g01_c03,0,4,0,1,thin_and_short,SkateBoarding
v_SkateBoarding_g02_c05,0,1,0,4,wide_and_short,SkateBoarding
v_SkateBoarding_g08_c05,0,3,0,2,thin_and_short,SkateBoarding
v_SkateBoarding_g09_c02,0,2,1,2,thin_and_short,SkateBoarding
v_SkateBoarding_g10_c02,1,0,3,1,wide_and_tall,SkateBoarding
v_SkateBoarding_g11_c05,1,3,0,1,thin_and_short,SkateBoarding
v_SkateBoarding_g12_c02,0,2,0,3,wide_and_short,SkateBoarding
v_SkateBoarding_g12_c03,0,2,0,3,wide_and_short,SkateBoarding
v_SkateBoarding_g12_c06,0,1,0,4,wide_and_short,SkateBoarding
v_SkateBoarding_g13_c01,0,1,0,4,wide_and_short,SkateBoarding
v_SkateBoarding_g13_c04,0,2,0,3,wide_and_short,SkateBoarding
v_SkateBoarding_g15_c01,0,0,0,5,wide_and_short,SkateBoarding
v_SkateBoarding_g15_c02,0,2,0,3,wide_and_short,SkateBoarding
v_SkateBoarding_g15_c03,0,1,0,4,wide_and_short,SkateBoarding
v_SkateBoarding_g17_c02,0,1,0,4,wide_and_short,SkateBoarding
v_SkateBoarding_g17_c03,0,0,1,4,wide_and_short,SkateBoarding
v_SkateBoarding_g18_c01,0,1,0,4,wide_and_short,SkateBoarding
v_SkateBoarding_g18_c05,0,2,0,3,wide_and_short,SkateBoarding
v_SkateBoarding_g19_c01,1,3,0,1,thin_and_short,SkateBoarding
v_SkateBoarding_g20_c04,0,4,0,1,thin_and_short,SkateBoarding
v_SkateBoarding_g20_c05,0,4,0,1,thin_and_short,SkateBoarding
v_SkateBoarding_g21_c01,0,2,0,3,wide_and_short,SkateBoarding
v_SkateBoarding_g21_c04,0,2,0,3,wide_and_short,SkateBoarding
v_SkateBoarding_g22_c02,0,5,0,0,thin_and_short,SkateBoarding
v_SkateBoarding_g23_c03,0,3,0,2,thin_and_short,SkateBoarding
v_SkateBoarding_g25_c04,0,1,0,4,wide_and_short,SkateBoarding
v_SkateBoarding_g25_c05,0,0,0,5,wide_and_short,SkateBoarding
v_Skiing_g01_c05,0,3,0,2,thin_and_short,Skiing
v_Skiing_g03_c01,0,2,0,3,wide_and_short,Skiing
v_Skiing_g03_c02,0,2,0,3,wide_and_short,Skiing
v_Skiing_g03_c03,0,1,0,4,wide_and_short,Skiing
v_Skiing_g05_c04,0,5,0,0,thin_and_short,Skiing
v_Skiing_g09_c04,0,3,0,2,thin_and_short,Skiing
v_Skiing_g09_c05,1,4,0,0,thin_and_short,Skiing
v_Skiing_g10_c01,0,3,0,2,thin_and_short,Skiing
v_Skiing_g12_c04,0,0,1,4,wide_and_short,Skiing
v_Skiing_g13_c01,0,3,0,2,thin_and_short,Skiing
v_Skiing_g13_c05,0,3,0,2,thin_and_short,Skiing
v_Skiing_g13_c07,0,5,0,0,thin_and_short,Skiing
v_Skiing_g20_c02,0,2,0,3,wide_and_short,Skiing
v_Skiing_g20_c07,0,2,0,3,wide_and_short,Skiing
v_Skiing_g21_c01,1,2,0,2,thin_and_short,Skiing
v_Skiing_g21_c03,0,3,0,2,thin_and_short,Skiing
v_Skiing_g21_c06,4,0,1,0,thin_and_tall,Skiing
v_Skiing_g24_c02,0,2,0,3,wide_and_short,Skiing
v_Skiing_g24_c05,0,0,0,5,wide_and_short,Skiing
v_Skiing_g25_c02,0,2,0,3,wide_and_short,Skiing
v_Skijet_g08_c04,0,3,0,2,thin_and_short,Skijet
v_SkyDiving_g01_c01,0,1,0,4,wide_and_short,SkyDiving
v_SkyDiving_g01_c03,0,2,0,3,wide_and_short,SkyDiving
v_SkyDiving_g02_c01,0,2,0,3,wide_and_short,SkyDiving
v_SkyDiving_g02_c03,0,0,0,5,wide_and_short,SkyDiving
v_SkyDiving_g03_c01,0,4,0,1,thin_and_short,SkyDiving
v_SkyDiving_g03_c05,1,3,0,1,thin_and_short,SkyDiving
v_SkyDiving_g04_c01,0,0,4,1,wide_and_tall,SkyDiving
v_SkyDiving_g04_c04,0,3,0,2,thin_and_short,SkyDiving
v_SkyDiving_g05_c01,0,3,0,2,thin_and_short,SkyDiving
v_SkyDiving_g06_c02,0,3,0,2,thin_and_short,SkyDiving
v_SkyDiving_g09_c04,0,4,0,1,thin_and_short,SkyDiving
v_SkyDiving_g10_c02,0,3,0,2,thin_and_short,SkyDiving
v_SkyDiving_g10_c04,0,3,0,2,thin_and_short,SkyDiving
v_SkyDiving_g12_c01,0,3,0,2,thin_and_short,SkyDiving
v_SkyDiving_g14_c01,0,1,0,4,wide_and_short,SkyDiving
v_SkyDiving_g14_c02,0,1,0,4,wide_and_short,SkyDiving
v_SkyDiving_g15_c01,0,3,0,2,thin_and_short,SkyDiving
v_SkyDiving_g15_c03,0,3,0,2,thin_and_short,SkyDiving
v_SkyDiving_g16_c01,0,1,0,4,wide_and_short,SkyDiving
v_SkyDiving_g16_c03,0,0,1,4,wide_and_short,SkyDiving
v_SkyDiving_g17_c02,0,3,0,2,thin_and_short,SkyDiving
v_SkyDiving_g17_c03,1,2,0,2,thin_and_short,SkyDiving
v_SkyDiving_g19_c01,2,0,2,1,thin_and_tall,SkyDiving
v_SkyDiving_g20_c01,0,2,0,3,wide_and_short,SkyDiving
v_SkyDiving_g20_c04,0,0,0,5,wide_and_short,SkyDiving
v_SkyDiving_g20_c05,0,2,0,3,wide_and_short,SkyDiving
v_SkyDiving_g21_c01,0,2,0,3,wide_and_short,SkyDiving
v_SkyDiving_g23_c01,0,3,0,2,thin_and_short,SkyDiving
v_SkyDiving_g24_c03,0,1,0,4,wide_and_short,SkyDiving
v_SkyDiving_g25_c02,0,1,0,4,wide_and_short,SkyDiving
v_SkyDiving_g25_c03,3,0,1,1,thin_and_tall,SkyDiving
v_SoccerJuggling_g01_c01,3,2,0,0,thin_and_tall,SoccerJuggling
v_SoccerJuggling_g01_c03,0,2,3,0,wide_and_tall,SoccerJuggling
v_SoccerJuggling_g05_c02,0,1,0,4,wide_and_short,SoccerJuggling
v_SoccerJuggling_g05_c04,0,2,0,3,wide_and_short,SoccerJuggling
v_SoccerJuggling_g05_c06,0,2,0,3,wide_and_short,SoccerJuggling
v_SoccerJuggling_g06_c05,0,3,0,2,thin_and_short,SoccerJuggling
v_SoccerJuggling_g09_c05,3,2,0,0,thin_and_tall,SoccerJuggling
v_SoccerJuggling_g10_c01,1,0,4,0,wide_and_tall,SoccerJuggling
v_SoccerJuggling_g10_c02,1,1,2,1,wide_and_tall,SoccerJuggling
v_SoccerJuggling_g11_c02,4,0,1,0,thin_and_tall,SoccerJuggling
v_SoccerJuggling_g12_c01,0,2,0,3,wide_and_short,SoccerJuggling
v_SoccerJuggling_g12_c03,0,2,0,3,wide_and_short,SoccerJuggling
v_SoccerJuggling_g12_c05,0,1,0,4,wide_and_short,SoccerJuggling
v_SoccerJuggling_g13_c04,0,0,3,2,wide_and_tall,SoccerJuggling
v_SoccerJuggling_g13_c05,1,0,2,2,wide_and_tall,SoccerJuggling
v_SoccerJuggling_g14_c07,0,2,0,3,wide_and_short,SoccerJuggling
v_SoccerJuggling_g16_c01,0,4,0,1,thin_and_short,SoccerJuggling
v_SoccerJuggling_g16_c02,0,5,0,0,thin_and_short,SoccerJuggling
v_SoccerJuggling_g16_c03,0,4,0,1,thin_and_short,SoccerJuggling
v_SoccerJuggling_g18_c01,0,3,0,2,thin_and_short,SoccerJuggling
v_SoccerJuggling_g18_c07,0,3,0,2,thin_and_short,SoccerJuggling
v_SoccerJuggling_g21_c01,0,0,0,5,wide_and_short,SoccerJuggling
v_SoccerJuggling_g21_c02,0,2,0,3,wide_and_short,SoccerJuggling
v_SoccerJuggling_g22_c01,0,0,5,0,wide_and_tall,SoccerJuggling
v_SoccerJuggling_g22_c02,0,0,5,0,wide_and_tall,SoccerJuggling
v_SoccerJuggling_g22_c03,2,3,0,0,thin_and_short,SoccerJuggling
v_SoccerJuggling_g22_c04,0,5,0,0,thin_and_short,SoccerJuggling
v_SoccerJuggling_g24_c01,2,3,0,0,thin_and_short,SoccerJuggling
v_SoccerJuggling_g24_c02,2,3,0,0,thin_and_short,SoccerJuggling
v_SoccerJuggling_g24_c07,2,3,0,0,thin_and_short,SoccerJuggling
v_SoccerJuggling_g25_c01,0,2,0,3,wide_and_short,SoccerJuggling
v_SoccerJuggling_g25_c03,3,2,0,0,thin_and_tall,SoccerJuggling
v_SoccerPenalty_g08_c01,0,3,0,2,thin_and_short,SoccerPenalty
v_SoccerPenalty_g08_c02,0,3,0,2,thin_and_short,SoccerPenalty
v_SoccerPenalty_g09_c01,3,1,0,1,thin_and_tall,SoccerPenalty
v_SoccerPenalty_g09_c05,4,1,0,0,thin_and_tall,SoccerPenalty
v_SoccerPenalty_g13_c02,0,0,0,5,wide_and_short,SoccerPenalty
v_SoccerPenalty_g13_c03,1,0,0,4,wide_and_short,SoccerPenalty
v_SoccerPenalty_g15_c04,0,4,0,1,thin_and_short,SoccerPenalty
v_SoccerPenalty_g15_c06,0,3,0,2,thin_and_short,SoccerPenalty
v_SoccerPenalty_g15_c07,0,4,0,1,thin_and_short,SoccerPenalty
v_SoccerPenalty_g23_c02,4,0,0,1,thin_and_tall,SoccerPenalty
v_SoccerPenalty_g24_c03,1,3,0,1,thin_and_short,SoccerPenalty
v_SoccerPenalty_g24_c04,0,4,0,1,thin_and_short,SoccerPenalty
v_StillRings_g08_c01,0,0,3,2,wide_and_tall,StillRings
v_StillRings_g20_c03,0,0,4,1,wide_and_tall,StillRings
v_SumoWrestling_g01_c01,0,5,0,0,thin_and_short,SumoWrestling
v_SumoWrestling_g01_c02,1,1,3,0,wide_and_tall,SumoWrestling
v_SumoWrestling_g02_c02,0,0,0,5,wide_and_short,SumoWrestling
v_SumoWrestling_g02_c03,0,1,0,4,wide_and_short,SumoWrestling
v_SumoWrestling_g04_c01,0,0,4,1,wide_and_tall,SumoWrestling
v_SumoWrestling_g04_c02,0,4,0,1,thin_and_short,SumoWrestling
v_SumoWrestling_g06_c02,0,0,5,0,wide_and_tall,SumoWrestling
v_SumoWrestling_g06_c03,0,0,2,3,wide_and_short,SumoWrestling
v_SumoWrestling_g06_c05,0,0,5,0,wide_and_tall,SumoWrestling
v_SumoWrestling_g06_c06,0,1,2,2,wide_and_tall,SumoWrestling
v_SumoWrestling_g07_c02,0,0,0,5,wide_and_short,SumoWrestling
v_SumoWrestling_g07_c03,1,1,1,2,wide_and_short,SumoWrestling
v_SumoWrestling_g08_c04,0,3,0,2,thin_and_short,SumoWrestling
v_SumoWrestling_g08_c06,0,4,0,1,thin_and_short,SumoWrestling
v_SumoWrestling_g08_c07,0,4,0,1,thin_and_short,SumoWrestling
v_SumoWrestling_g09_c01,0,0,5,0,wide_and_tall,SumoWrestling
v_SumoWrestling_g09_c04,1,0,4,0,wide_and_tall,SumoWrestling
v_SumoWrestling_g10_c02,0,1,2,2,wide_and_tall,SumoWrestling
v_SumoWrestling_g11_c02,0,0,0,5,wide_and_short,SumoWrestling
v_SumoWrestling_g12_c02,0,2,1,2,thin_and_short,SumoWrestling
v_SumoWrestling_g12_c05,0,0,2,3,wide_and_short,SumoWrestling
v_SumoWrestling_g13_c05,0,0,0,5,wide_and_short,SumoWrestling
v_SumoWrestling_g14_c02,0,0,3,2,wide_and_tall,SumoWrestling
v_SumoWrestling_g15_c02,0,1,2,2,wide_and_tall,SumoWrestling
v_SumoWrestling_g15_c03,0,1,2,2,wide_and_tall,SumoWrestling
v_SumoWrestling_g16_c03,0,5,0,0,thin_and_short,SumoWrestling
v_SumoWrestling_g17_c02,4,1,0,0,thin_and_tall,SumoWrestling
v_SumoWrestling_g17_c04,3,2,0,0,thin_and_tall,SumoWrestling
v_SumoWrestling_g18_c03,2,1,1,1,thin_and_tall,SumoWrestling
v_SumoWrestling_g19_c05,1,0,2,2,wide_and_tall,SumoWrestling
v_SumoWrestling_g21_c03,0,3,1,1,thin_and_short,SumoWrestling
v_SumoWrestling_g22_c04,0,0,4,1,wide_and_tall,SumoWrestling
v_SumoWrestling_g23_c02,0,2,1,2,thin_and_short,SumoWrestling
v_SumoWrestling_g24_c04,0,0,2,3,wide_and_short,SumoWrestling
v_SumoWrestling_g25_c04,0,2,0,3,wide_and_short,SumoWrestling
v_Surfing_g01_c05,0,5,0,0,thin_and_short,Surfing
v_Surfing_g02_c02,0,3,0,2,thin_and_short,Surfing
v_Surfing_g03_c02,0,3,0,2,thin_and_short,Surfing
v_Surfing_g06_c01,1,1,0,3,wide_and_short,Surfing
v_Surfing_g06_c04,0,1,0,4,wide_and_short,Surfing
v_Surfing_g07_c01,0,0,2,3,wide_and_short,Surfing
v_Surfing_g07_c04,0,2,0,3,wide_and_short,Surfing
v_Surfing_g08_c03,0,0,4,1,wide_and_tall,Surfing
v_Surfing_g08_c04,0,1,3,1,wide_and_tall,Surfing
v_Surfing_g08_c07,0,0,3,2,wide_and_tall,Surfing
v_Surfing_g10_c02,0,3,0,2,thin_and_short,Surfing
v_Surfing_g11_c03,0,4,0,1,thin_and_short,Surfing
v_Surfing_g12_c01,0,1,0,4,wide_and_short,Surfing
v_Surfing_g12_c02,0,1,0,4,wide_and_short,Surfing
v_Surfing_g12_c03,0,0,0,5,wide_and_short,Surfing
v_Surfing_g13_c01,0,0,0,5,wide_and_short,Surfing
v_Surfing_g15_c07,0,4,0,1,thin_and_short,Surfing
v_Surfing_g16_c02,0,4,0,1,thin_and_short,Surfing
v_Surfing_g19_c02,0,3,0,2,thin_and_short,Surfing
v_Surfing_g24_c04,0,0,3,2,wide_and_tall,Surfing
v_Swing_g01_c01,1,2,0,2,thin_and_short,Swing
v_Swing_g01_c04,0,4,1,0,thin_and_short,Swing
v_Swing_g02_c01,3,1,0,1,thin_and_tall,Swing
v_Swing_g02_c03,0,3,0,2,thin_and_short,Swing
v_Swing_g04_c01,3,0,1,1,thin_and_tall,Swing
v_Swing_g04_c02,1,0,2,2,wide_and_tall,Swing
v_Swing_g04_c04,0,3,0,2,thin_and_short,Swing
v_Swing_g05_c02,1,3,1,0,thin_and_short,Swing
v_Swing_g05_c05,1,2,0,2,thin_and_short,Swing
v_Swing_g10_c01,0,3,0,2,thin_and_short,Swing
v_Swing_g12_c02,1,1,0,3,wide_and_short,Swing
v_Swing_g14_c01,0,2,0,3,wide_and_short,Swing
v_Swing_g14_c02,2,1,0,2,thin_and_tall,Swing
v_Swing_g14_c04,1,1,0,3,wide_and_short,Swing
v_Swing_g15_c05,0,3,0,2,thin_and_short,Swing
v_Swing_g17_c03,0,3,0,2,thin_and_short,Swing
v_Swing_g20_c01,1,2,0,2,thin_and_short,Swing
v_Swing_g20_c02,2,0,1,2,thin_and_tall,Swing
v_Swing_g20_c05,1,2,0,2,thin_and_short,Swing
v_Swing_g22_c02,0,2,0,3,wide_and_short,Swing
v_TableTennisShot_g04_c03,0,3,0,2,thin_and_short,TableTennisShot
v_TableTennisShot_g04_c05,0,3,0,2,thin_and_short,TableTennisShot
v_TableTennisShot_g06_c01,0,0,3,2,wide_and_tall,TableTennisShot
v_TableTennisShot_g07_c04,0,2,0,3,wide_and_short,TableTennisShot
v_TableTennisShot_g09_c01,0,1,1,3,wide_and_short,TableTennisShot
v_TableTennisShot_g11_c01,0,0,0,5,wide_and_short,TableTennisShot
v_TableTennisShot_g12_c03,0,0,0,5,wide_and_short,TableTennisShot
v_TableTennisShot_g19_c01,0,1,0,4,wide_and_short,TableTennisShot
v_TableTennisShot_g19_c04,0,2,0,3,wide_and_short,TableTennisShot
v_TableTennisShot_g19_c06,0,2,0,3,wide_and_short,TableTennisShot
v_TableTennisShot_g20_c04,3,2,0,0,thin_and_tall,TableTennisShot
v_TableTennisShot_g20_c05,3,2,0,0,thin_and_tall,TableTennisShot
v_TableTennisShot_g23_c01,0,5,0,0,thin_and_short,TableTennisShot
v_TableTennisShot_g23_c06,0,4,0,1,thin_and_short,TableTennisShot
v_TableTennisShot_g23_c07,0,4,0,1,thin_and_short,TableTennisShot
v_TaiChi_g09_c03,0,3,0,2,thin_and_short,TaiChi
v_TaiChi_g11_c02,5,0,0,0,thin_and_tall,TaiChi
v_TaiChi_g15_c01,0,0,0,5,wide_and_short,TaiChi
v_TaiChi_g19_c03,0,2,0,3,wide_and_short,TaiChi
v_TaiChi_g21_c01,3,2,0,0,thin_and_tall,TaiChi
v_TaiChi_g22_c01,0,2,0,3,wide_and_short,TaiChi
v_TaiChi_g22_c02,0,2,0,3,wide_and_short,TaiChi
v_TennisSwing_g01_c01,0,1,0,4,wide_and_short,TennisSwing
v_TennisSwing_g01_c03,0,1,0,4,wide_and_short,TennisSwing
v_TennisSwing_g01_c05,0,0,0,5,wide_and_short,TennisSwing
v_TennisSwing_g02_c05,1,2,1,1,thin_and_short,TennisSwing
v_TennisSwing_g02_c07,0,4,0,1,thin_and_short,TennisSwing
v_TennisSwing_g03_c02,0,1,0,4,wide_and_short,TennisSwing
v_TennisSwing_g03_c04,0,1,0,4,wide_and_short,TennisSwing
v_TennisSwing_g05_c05,0,4,0,1,thin_and_short,TennisSwing
v_TennisSwing_g07_c04,4,0,0,1,thin_and_tall,TennisSwing
v_TennisSwing_g08_c06,0,3,0,2,thin_and_short,TennisSwing
v_TennisSwing_g10_c03,0,3,0,2,thin_and_short,TennisSwing
v_TennisSwing_g10_c05,0,3,0,2,thin_and_short,TennisSwing
v_TennisSwing_g15_c04,0,3,0,2,thin_and_short,TennisSwing
v_TennisSwing_g15_c05,0,3,0,2,thin_and_short,TennisSwing
v_TennisSwing_g15_c06,0,3,0,2,thin_and_short,TennisSwing
v_TennisSwing_g16_c01,0,0,0,5,wide_and_short,TennisSwing
v_TennisSwing_g16_c02,0,2,0,3,wide_and_short,TennisSwing
v_TennisSwing_g16_c03,0,2,0,3,wide_and_short,TennisSwing
v_TennisSwing_g19_c01,0,4,0,1,thin_and_short,TennisSwing
v_TennisSwing_g20_c01,0,4,0,1,thin_and_short,TennisSwing
v_TennisSwing_g20_c06,0,3,0,2,thin_and_short,TennisSwing
v_TennisSwing_g21_c01,0,2,0,3,wide_and_short,TennisSwing
v_TennisSwing_g21_c04,0,1,0,4,wide_and_short,TennisSwing
v_TennisSwing_g22_c02,0,3,0,2,thin_and_short,TennisSwing
v_TennisSwing_g23_c05,0,5,0,0,thin_and_short,TennisSwing
v_TennisSwing_g24_c03,0,3,0,2,thin_and_short,TennisSwing
v_TennisSwing_g24_c05,0,5,0,0,thin_and_short,TennisSwing
v_ThrowDiscus_g02_c01,0,5,0,0,thin_and_short,ThrowDiscus
v_ThrowDiscus_g02_c05,0,4,0,1,thin_and_short,ThrowDiscus
v_ThrowDiscus_g02_c06,0,5,0,0,thin_and_short,ThrowDiscus
v_ThrowDiscus_g06_c01,4,1,0,0,thin_and_tall,ThrowDiscus
v_ThrowDiscus_g06_c02,5,0,0,0,thin_and_tall,ThrowDiscus
v_ThrowDiscus_g06_c04,0,2,0,3,wide_and_short,ThrowDiscus
v_ThrowDiscus_g09_c01,0,0,0,5,wide_and_short,ThrowDiscus
v_ThrowDiscus_g09_c03,0,1,0,4,wide_and_short,ThrowDiscus
v_ThrowDiscus_g11_c02,0,5,0,0,thin_and_short,ThrowDiscus
v_ThrowDiscus_g11_c05,0,5,0,0,thin_and_short,ThrowDiscus
v_ThrowDiscus_g12_c01,0,0,5,0,wide_and_tall,ThrowDiscus
v_ThrowDiscus_g12_c02,1,0,2,2,wide_and_tall,ThrowDiscus
v_ThrowDiscus_g12_c03,3,0,1,1,thin_and_tall,ThrowDiscus
v_ThrowDiscus_g12_c06,0,3,2,0,thin_and_short,ThrowDiscus
v_ThrowDiscus_g13_c03,4,1,0,0,thin_and_tall,ThrowDiscus
v_ThrowDiscus_g13_c05,3,2,0,0,thin_and_tall,ThrowDiscus
v_ThrowDiscus_g14_c03,0,0,4,1,wide_and_tall,ThrowDiscus
v_ThrowDiscus_g15_c02,0,2,0,3,wide_and_short,ThrowDiscus
v_ThrowDiscus_g15_c03,0,0,0,5,wide_and_short,ThrowDiscus
v_ThrowDiscus_g16_c01,0,0,0,5,wide_and_short,ThrowDiscus
v_ThrowDiscus_g17_c01,0,1,4,0,wide_and_tall,ThrowDiscus
v_ThrowDiscus_g17_c02,0,3,2,0,thin_and_short,ThrowDiscus
v_ThrowDiscus_g17_c03,0,1,3,1,wide_and_tall,ThrowDiscus
v_ThrowDiscus_g19_c03,3,2,0,0,thin_and_tall,ThrowDiscus
v_ThrowDiscus_g24_c04,2,2,1,0,thin_and_tall,ThrowDiscus
v_ThrowDiscus_g24_c05,3,2,0,0,thin_and_tall,ThrowDiscus
v_TrampolineJumping_g01_c03,0,3,0,2,thin_and_short,TrampolineJumping
v_TrampolineJumping_g05_c01,1,0,2,2,wide_and_tall,TrampolineJumping
v_TrampolineJumping_g10_c03,0,3,0,2,thin_and_short,TrampolineJumping
v_TrampolineJumping_g15_c05,0,2,0,3,wide_and_short,TrampolineJumping
v_TrampolineJumping_g16_c01,1,2,0,2,thin_and_short,TrampolineJumping
v_TrampolineJumping_g19_c05,0,3,0,2,thin_and_short,TrampolineJumping
v_TrampolineJumping_g21_c02,0,1,0,4,wide_and_short,TrampolineJumping
v_TrampolineJumping_g21_c03,0,1,0,4,wide_and_short,TrampolineJumping
v_TrampolineJumping_g23_c02,0,0,1,4,wide_and_short,TrampolineJumping
v_TrampolineJumping_g23_c04,0,1,0,4,wide_and_short,TrampolineJumping
v_TrampolineJumping_g24_c01,0,2,0,3,wide_and_short,TrampolineJumping
v_TrampolineJumping_g24_c03,0,1,2,2,wide_and_tall,TrampolineJumping
v_Typing_g03_c01,0,0,4,1,wide_and_tall,Typing
v_Typing_g03_c05,0,0,3,2,wide_and_tall,Typing
v_Typing_g06_c05,4,0,0,1,thin_and_tall,Typing
v_Typing_g12_c04,2,0,2,1,thin_and_tall,Typing
v_Typing_g18_c03,1,1,0,3,wide_and_short,Typing
v_Typing_g24_c01,1,0,0,4,wide_and_short,Typing
v_Typing_g24_c02,0,0,0,5,wide_and_short,Typing
v_VolleyballSpiking_g17_c01,0,0,3,2,wide_and_tall,VolleyballSpiking
v_VolleyballSpiking_g23_c02,0,0,4,1,wide_and_tall,VolleyballSpiking
v_VolleyballSpiking_g23_c03,0,0,3,2,wide_and_tall,VolleyballSpiking
v_WalkingWithDog_g01_c02,1,1,1,2,wide_and_short,WalkingWithDog
v_WalkingWithDog_g01_c04,0,0,0,5,wide_and_short,WalkingWithDog
v_WalkingWithDog_g03_c01,1,3,0,1,thin_and_short,WalkingWithDog
v_WalkingWithDog_g03_c04,3,2,0,0,thin_and_tall,WalkingWithDog
v_WalkingWithDog_g04_c03,1,0,0,4,wide_and_short,WalkingWithDog
v_WalkingWithDog_g04_c04,1,1,0,3,wide_and_short,WalkingWithDog
v_WalkingWithDog_g04_c05,3,1,0,1,thin_and_tall,WalkingWithDog
v_WalkingWithDog_g07_c01,0,2,0,3,wide_and_short,WalkingWithDog
v_WalkingWithDog_g07_c02,0,0,0,5,wide_and_short,WalkingWithDog
v_WalkingWithDog_g07_c06,0,0,0,5,wide_and_short,WalkingWithDog
v_WalkingWithDog_g08_c04,1,1,0,3,wide_and_short,WalkingWithDog
v_WalkingWithDog_g09_c05,0,3,0,2,thin_and_short,WalkingWithDog
v_WalkingWithDog_g10_c01,1,2,0,2,thin_and_short,WalkingWithDog
v_WalkingWithDog_g10_c02,0,5,0,0,thin_and_short,WalkingWithDog
v_WalkingWithDog_g11_c03,2,3,0,0,thin_and_short,WalkingWithDog
v_WalkingWithDog_g11_c04,1,4,0,0,thin_and_short,WalkingWithDog
v_WalkingWithDog_g14_c01,0,0,0,5,wide_and_short,WalkingWithDog
v_WalkingWithDog_g14_c02,0,2,0,3,wide_and_short,WalkingWithDog
v_WalkingWithDog_g16_c01,1,2,0,2,thin_and_short,WalkingWithDog
v_WalkingWithDog_g16_c03,3,1,0,1,thin_and_tall,WalkingWithDog
v_WalkingWithDog_g18_c01,0,3,0,2,thin_and_short,WalkingWithDog
v_WalkingWithDog_g19_c03,0,0,3,2,wide_and_tall,WalkingWithDog
v_WalkingWithDog_g19_c04,2,0,2,1,thin_and_tall,WalkingWithDog
v_WalkingWithDog_g20_c01,1,0,2,2,wide_and_tall,WalkingWithDog
v_WalkingWithDog_g20_c04,3,1,0,1,thin_and_tall,WalkingWithDog
v_WalkingWithDog_g20_c06,0,2,0,3,wide_and_short,WalkingWithDog
v_WalkingWithDog_g20_c07,0,2,0,3,wide_and_short,WalkingWithDog
v_WalkingWithDog_g22_c03,0,2,0,3,wide_and_short,WalkingWithDog
v_WalkingWithDog_g22_c04,2,1,0,2,thin_and_tall,WalkingWithDog
v_WalkingWithDog_g23_c02,0,2,0,3,wide_and_short,WalkingWithDog
v_WalkingWithDog_g23_c03,0,1,0,4,wide_and_short,WalkingWithDog
v_WallPushups_g05_c05,5,0,0,0,thin_and_tall,WallPushups
v_WallPushups_g10_c04,3,2,0,0,thin_and_tall,WallPushups
v_WallPushups_g10_c05,3,2,0,0,thin_and_tall,WallPushups
v_WallPushups_g11_c01,0,3,0,2,thin_and_short,WallPushups
v_WallPushups_g12_c01,2,3,0,0,thin_and_short,WallPushups
v_WallPushups_g15_c01,0,1,1,3,wide_and_short,WallPushups
v_WallPushups_g16_c02,3,2,0,0,thin_and_tall,WallPushups
v_WallPushups_g17_c07,0,2,0,3,wide_and_short,WallPushups
v_WallPushups_g19_c01,2,1,1,1,thin_and_tall,WallPushups
v_WallPushups_g19_c02,0,1,0,4,wide_and_short,WallPushups
v_WallPushups_g19_c05,0,1,1,3,wide_and_short,WallPushups
v_WallPushups_g20_c01,0,1,0,4,wide_and_short,WallPushups
v_WallPushups_g23_c04,0,5,0,0,thin_and_short,WallPushups
v_WallPushups_g24_c04,4,1,0,0,thin_and_tall,WallPushups
v_WritingOnBoard_g01_c07,0,0,5,0,wide_and_tall,WritingOnBoard
v_WritingOnBoard_g06_c04,0,2,0,3,wide_and_short,WritingOnBoard
v_WritingOnBoard_g06_c07,0,0,0,5,wide_and_short,WritingOnBoard
v_WritingOnBoard_g08_c03,0,0,5,0,wide_and_tall,WritingOnBoard
v_WritingOnBoard_g09_c01,0,5,0,0,thin_and_short,WritingOnBoard
v_WritingOnBoard_g09_c05,0,5,0,0,thin_and_short,WritingOnBoard
v_WritingOnBoard_g09_c06,2,0,3,0,wide_and_tall,WritingOnBoard
v_WritingOnBoard_g10_c04,0,0,0,5,wide_and_short,WritingOnBoard
v_WritingOnBoard_g11_c04,0,3,0,2,thin_and_short,WritingOnBoard
v_WritingOnBoard_g12_c01,0,2,0,3,wide_and_short,WritingOnBoard
v_WritingOnBoard_g13_c04,0,1,0,4,wide_and_short,WritingOnBoard
v_WritingOnBoard_g13_c06,0,2,0,3,wide_and_short,WritingOnBoard
v_WritingOnBoard_g14_c02,0,2,0,3,wide_and_short,WritingOnBoard
v_WritingOnBoard_g15_c01,0,4,0,1,thin_and_short,WritingOnBoard
v_WritingOnBoard_g17_c02,4,0,1,0,thin_and_tall,WritingOnBoard
v_WritingOnBoard_g18_c03,0,0,3,2,wide_and_tall,WritingOnBoard
v_WritingOnBoard_g18_c04,0,0,4,1,wide_and_tall,WritingOnBoard
v_WritingOnBoard_g19_c04,0,5,0,0,thin_and_short,WritingOnBoard
v_YoYo_g02_c02,0,4,0,1,thin_and_short,YoYo
v_YoYo_g02_c05,0,3,0,2,thin_and_short,YoYo
v_YoYo_g03_c01,0,0,0,5,wide_and_short,YoYo
v_YoYo_g03_c02,0,2,0,3,wide_and_short,YoYo
v_YoYo_g06_c03,1,0,4,0,wide_and_tall,YoYo
v_YoYo_g11_c01,0,3,0,2,thin_and_short,YoYo
v_YoYo_g11_c05,0,4,0,1,thin_and_short,YoYo
v_YoYo_g12_c04,5,0,0,0,thin_and_tall,YoYo
v_YoYo_g14_c04,0,3,0,2,thin_and_short,YoYo
v_YoYo_g15_c03,0,0,0,5,wide_and_short,YoYo
v_YoYo_g15_c04,0,2,0,3,wide_and_short,YoYo
v_YoYo_g18_c01,0,1,0,4,wide_and_short,YoYo
v_YoYo_g18_c04,0,2,0,3,wide_and_short,YoYo
v_YoYo_g23_c01,1,1,0,3,wide_and_short,YoYo
v_YoYo_g23_c03,0,1,0,4,wide_and_short,YoYo
