video_name,male_count,female_count,final
v_ApplyEyeMakeup_g01_c01,1,49,female
v_ApplyEyeMakeup_g02_c01,14,36,female
v_ApplyEyeMakeup_g03_c01,1,49,female
v_ApplyEyeMakeup_g04_c01,40,10,male
v_ApplyEyeMakeup_g05_c01,3,47,female
v_ApplyEyeMakeup_g06_c01,33,17,male
v_ApplyEyeMakeup_g07_c01,4,46,female
v_ApplyEyeMakeup_g08_c01,44,6,male
v_ApplyEyeMakeup_g09_c01.,0,50,female
v_ApplyEyeMakeup_g10_c01,4,46,female
v_ApplyEyeMakeup_g11_c01,3,47,female
v_ApplyEyeMakeup_g12_c01,1,49,female
v_ApplyEyeMakeup_g13_c01,2,48,female
v_ApplyEyeMakeup_g14_c01,1,49,female
v_ApplyEyeMakeup_g15_c01,1,49,female
v_ApplyEyeMakeup_g16_c01,2,48,female
v_ApplyEyeMakeup_g17_c01,16,34,female
v_ApplyEyeMakeup_g18_c01,1,49,female
v_ApplyEyeMakeup_g19_c01.,0,50,female
v_ApplyEyeMakeup_g20_c01,41,9,male
v_ApplyEyeMakeup_g21_c01,0,50,female
v_ApplyEyeMakeup_g22_c01,0,50,female
v_ApplyEyeMakeup_g23_c01,1,49,female
v_ApplyEyeMakeup_g24_c01,29,21,male
v_ApplyEyeMakeup_g25_c01.,2,48,female
v_ApplyEyeMakeup_g26_c01,2,48,female
v_ApplyEyeMakeup_g27_c01,0,50,female
v_ApplyEyeMakeup_g28_c01,13,37,female
v_ApplyEyeMakeup_g29_c01.,10,40,female
v_ApplyEyeMakeup_g30_c01,6,44,female
v_ApplyEyeMakeup_g31_c01.,18,32,female
v_ApplyEyeMakeup_g32_c01,1,49,female
v_ApplyEyeMakeup_g33_c01,0,50,female
v_ApplyEyeMakeup_g34_c01,3,47,female
v_ApplyEyeMakeup_g35_c01.,0,50,female
v_ApplyEyeMakeup_g36_c01,7,43,female
v_ApplyEyeMakeup_g37_c01,0,50,female
v_ApplyEyeMakeup_g38_c01,10,40,female
v_ApplyEyeMakeup_g39_c01,3,47,female
v_ApplyEyeMakeup_g40_c01,11,39,female
v_ApplyEyeMakeup_g41_c01,12,38,female
v_ApplyLipstick_g01_c01,1,49,female
v_ApplyLipstick_g02_c01.,0,50,female
v_ApplyLipstick_g03_c01,1,49,female
v_ApplyLipstick_g04_c01,0,50,female
v_ApplyLipstick_g05_c01,7,43,female
v_ApplyLipstick_g06_c01.,8,42,female
v_ApplyLipstick_g07_c01,0,50,female
v_ApplyLipstick_g08_c01,0,50,female
v_ApplyLipstick_g09_c01.,2,48,female
v_ApplyLipstick_g10_c01,34,16,male
v_ApplyLipstick_g11_c01,28,22,male
v_ApplyLipstick_g12_c01,14,36,female
v_ApplyLipstick_g13_c01,0,50,female
v_ApplyLipstick_g14_c01,4,46,female
v_ApplyLipstick_g15_c01,4,46,female
v_ApplyLipstick_g16_c01,8,42,female
v_ApplyLipstick_g17_c01,2,48,female
v_ApplyLipstick_g18_c01,3,47,female
v_ApplyLipstick_g19_c01,2,48,female
v_ApplyLipstick_g20_c01,0,50,female
v_ApplyLipstick_g21_c01,4,46,female
v_ApplyLipstick_g22_c01,8,42,female
v_ApplyLipstick_g23_c01,0,50,female
v_ApplyLipstick_g24_c01.,4,46,female
v_ApplyLipstick_g25_c01.,41,9,male
v_ApplyLipstick_g26_c01.,2,48,female
v_ApplyLipstick_g27_c01,47,3,male
v_ApplyLipstick_g28_c01,30,20,male
v_ApplyLipstick_g29_c01,31,19,male
v_ApplyLipstick_g30_c01,0,50,female
v_ApplyLipstick_g31_c01.,11,39,female
v_ApplyLipstick_g32_c01.,4,46,female
v_ApplyLipstick_g33_c01.,17,33,female
v_ApplyLipstick_g34_c01.,1,49,female
v_ApplyLipstick_g35_c01,4,46,female
v_ApplyLipstick_g36_c01,26,24,male
v_ApplyLipstick_g37_c01,50,0,male
v_ApplyLipstick_g38_c01,0,50,female
v_ApplyLipstick_g39_c01,2,48,female
v_ApplyLipstick_g40_c01.,1,49,female
v_ApplyLipstick_g41_c01,0,50,female
v_ApplyLipstick_g42_c01,0,50,female
v_ApplyLipstick_g43_c01,4,46,female
v_ApplyLipstick_g44_c01,2,48,female
v_ApplyLipstick_g45_c01,4,46,female
v_ApplyLipstick_g46_c01.,7,43,female
v_ApplyLipstick_g47_c01,2,48,female
v_ApplyLipstick_g48_c01,1,49,female
v_ApplyLipstick_g49_c01,2,48,female
v_ApplyLipstick_g50_c01,8,42,female
v_Archery_g01_c01.,46,4,male
v_Archery_g02_c01,48,2,male
v_Archery_g03_c01,27,23,male
v_Archery_g04_c01.,43,7,male
v_Archery_g05_c01,43,7,male
v_Archery_g06_c01,48,2,male
v_Archery_g07_c01,8,42,female
v_Archery_g08_c01.,44,6,male
v_Archery_g09_c01,2,48,female
v_Archery_g10_c01,17,33,female
v_Archery_g11_c01,46,4,male
v_Archery_g12_c01,19,31,female
v_Archery_g13_c01,28,22,male
v_Archery_g14_c01,42,8,male
v_Archery_g15_c01,50,0,male
v_Archery_g16_c01.,40,10,male
v_Archery_g17_c01.,49,1,male
v_Archery_g18_c01,48,2,male
v_Archery_g19_c01,17,33,female
v_Archery_g20_c01,49,1,male
v_Archery_g21_c01.,27,23,male
v_Archery_g22_c01,50,0,male
v_Archery_g23_c01.,50,0,male
v_Archery_g24_c01,45,5,male
v_Archery_g25_c01,18,32,female
v_Archery_g26_c01,48,2,male
v_Archery_g27_c01.,45,5,male
v_Archery_g28_c01,49,1,male
v_Archery_g29_c01,45,5,male
v_Archery_g30_c01,27,23,male
v_Archery_g31_c01.,23,27,female
v_Archery_g32_c01,28,22,male
v_Archery_g33_c01,12,38,female
v_Archery_g34_c01,14,35,female
v_Archery_g35_c01,49,1,male
v_Archery_g36_c01,43,7,male
v_Archery_g37_c01.,34,16,male
v_Archery_g38_c01,47,3,male
v_Archery_g39_c01,45,5,male
v_Archery_g40_c01,8,42,female
v_Archery_g41_c01,39,11,male
v_Archery_g42_c01,43,7,male
v_Archery_g43_c01,46,4,male
v_Archery_g44_c01,30,20,male
v_Archery_g45_c01,0,50,female
v_Archery_g46_c01.,50,0,male
v_Archery_g47_c01,9,41,female
v_Archery_g48_c01,6,44,female
v_Archery_g49_c01,47,3,male
v_Archery_g50_c01.,50,0,male
v_Archery_g51_c01,37,13,male
v_Archery_g52_c01.,39,11,male
v_Archery_g53_c01,46,4,male
v_Archery_g54_c01,4,46,female
v_Archery_g55_c01,11,39,female
v_Archery_g56_c01,48,2,male
v_Archery_g57_c01,48,2,male
v_Archery_g58_c01,44,6,male
v_Archery_g59_c01,45,5,male
v_Archery_g60_c01,24,26,female
v_Archery_g61_c01.,50,0,male
v_BabyCrawling_g01_c01.,30,20,male
v_BabyCrawling_g02_c01,36,14,male
v_BabyCrawling_g03_c01,24,26,female
v_BabyCrawling_g04_c01,37,13,male
v_BabyCrawling_g05_c01,2,48,female
v_BabyCrawling_g06_c01,38,12,male
v_BabyCrawling_g07_c01,34,16,male
v_BabyCrawling_g08_c01,5,45,female
v_BabyCrawling_g09_c01,37,13,male
v_BabyCrawling_g10_c01.,7,43,female
v_BabyCrawling_g11_c01.,40,10,male
v_BabyCrawling_g12_c01.,7,43,female
v_BabyCrawling_g13_c01,26,24,male
v_BabyCrawling_g14_c01,32,18,male
v_BabyCrawling_g15_c01,47,3,male
v_BabyCrawling_g16_c01,28,22,male
v_BabyCrawling_g17_c01,30,20,male
v_BabyCrawling_g18_c01,2,48,female
v_BabyCrawling_g19_c01,3,47,female
v_BabyCrawling_g20_c01,2,48,female
v_BabyCrawling_g21_c01,1,49,female
v_BabyCrawling_g22_c01,12,38,female
v_BabyCrawling_g23_c01,33,17,male
v_BabyCrawling_g24_c01,44,6,male
v_BabyCrawling_g25_c01,48,2,male
v_BabyCrawling_g26_c01,50,0,male
v_BabyCrawling_g27_c01.,50,0,male
v_BabyCrawling_g28_c01,33,17,male
v_BabyCrawling_g29_c01.,1,49,female
v_BabyCrawling_g30_c01,35,15,male
v_BabyCrawling_g31_c01,38,12,male
v_BabyCrawling_g32_c01,41,9,male
v_BabyCrawling_g33_c01,36,14,male
v_BabyCrawling_g34_c01.,0,50,female
v_BabyCrawling_g35_c01,44,6,male
v_BabyCrawling_g36_c01,21,29,female
v_BabyCrawling_g37_c01,42,8,male
v_BabyCrawling_g38_c01,44,6,male
v_BabyCrawling_g39_c01,43,7,male
v_BabyCrawling_g40_c01,42,8,male
v_BabyCrawling_g41_c01,14,36,female
v_BabyCrawling_g42_c01,39,11,male
v_BabyCrawling_g43_c01,31,19,male
v_BabyCrawling_g44_c01,37,13,male
v_BabyCrawling_g45_c01,48,2,male
v_BalanceBeam_g01_c01,32,18,male
v_BalanceBeam_g02_c01,11,39,female
v_BalanceBeam_g03_c01,21,29,female
v_BalanceBeam_g04_c01,19,31,female
v_BalanceBeam_g05_c01,40,10,male
v_BalanceBeam_g06_c01,4,46,female
v_BalanceBeam_g07_c01.,48,2,male
v_BalanceBeam_g08_c01,21,29,female
v_BalanceBeam_g09_c01,15,35,female
v_BalanceBeam_g10_c01,27,23,male
v_BalanceBeam_g11_c01.,0,50,female
v_BalanceBeam_g12_c01,1,49,female
v_BalanceBeam_g13_c01,4,46,female
v_BalanceBeam_g14_c01,14,36,female
v_BalanceBeam_g15_c01.,28,21,male
v_BalanceBeam_g16_c01,10,40,female
v_BalanceBeam_g17_c01,35,15,male
v_BalanceBeam_g18_c01,0,50,female
v_BalanceBeam_g19_c01,48,2,male
v_BalanceBeam_g20_c01,32,18,male
v_BalanceBeam_g21_c01,22,28,female
v_BalanceBeam_g22_c01,10,40,female
v_BalanceBeam_g23_c01,34,16,male
v_BalanceBeam_g24_c01,40,10,male
v_BalanceBeam_g25_c01,47,3,male
v_BalanceBeam_g26_c01,26,23,male
v_BalanceBeam_g27_c01,26,24,male
v_BalanceBeam_g28_c01,2,48,female
v_BalanceBeam_g29_c01,21,29,female
v_BalanceBeam_g30_c01,50,0,male
v_BalanceBeam_g31_c01.,15,35,female
v_BalanceBeam_g32_c01,45,5,male
v_BalanceBeam_g33_c01,0,50,female
v_BalanceBeam_g34_c01.,5,45,female
v_BalanceBeam_g35_c01,23,27,female
v_BalanceBeam_g36_c01,43,7,male
v_BalanceBeam_g37_c01.,37,13,male
v_BalanceBeam_g38_c01,5,45,female
v_BalanceBeam_g39_c01,26,24,male
v_BalanceBeam_g40_c01,10,40,female
v_BalanceBeam_g41_c01,31,19,male
v_BalanceBeam_g42_c01,0,50,female
v_BalanceBeam_g43_c01,21,29,female
v_BalanceBeam_g44_c01,4,46,female
v_BalanceBeam_g45_c01.,7,43,female
v_BalanceBeam_g46_c01,6,44,female
v_BalanceBeam_g47_c01,22,28,female
v_BalanceBeam_g48_c01,32,18,male
v_BalanceBeam_g49_c01,39,11,male
v_BalanceBeam_g50_c01,44,6,male
v_BalanceBeam_g51_c01,29,21,male
v_BalanceBeam_g52_c01.,26,24,male
v_BalanceBeam_g53_c01,26,24,male
v_BalanceBeam_g54_c01,48,2,male
v_BalanceBeam_g55_c01,22,28,female
v_BalanceBeam_g56_c01,2,48,female
v_BalanceBeam_g57_c01,13,37,female
v_BalanceBeam_g58_c01,5,45,female
v_BalanceBeam_g59_c01,8,42,female
v_BalanceBeam_g60_c01,24,26,female
v_BalanceBeam_g61_c01,32,18,male
v_BalanceBeam_g62_c01,3,47,female
v_BalanceBeam_g63_c01,15,35,female
v_BalanceBeam_g64_c01,12,38,female
v_BalanceBeam_g65_c01,1,49,female
v_BalanceBeam_g66_c01,8,42,female
v_BalanceBeam_g67_c01,38,12,male
v_BalanceBeam_g68_c01,36,14,male
v_BalanceBeam_g69_c01,27,23,male
v_BalanceBeam_g70_c01.,44,6,male
v_BalanceBeam_g71_c01,17,33,female
v_BalanceBeam_g72_c01,18,32,female
v_BalanceBeam_g73_c01,37,13,male
v_BalanceBeam_g74_c01,7,43,female
v_BalanceBeam_g75_c01,27,23,male
v_BalanceBeam_g76_c01,14,36,female
v_BalanceBeam_g77_c01,9,41,female
v_BandMarching_g01_c01,49,1,male
v_BandMarching_g02_c01.,29,21,male
v_BandMarching_g03_c01,35,15,male
v_BandMarching_g04_c01,1,49,female
v_BandMarching_g05_c01,43,7,male
v_BandMarching_g06_c01,50,0,male
v_BandMarching_g07_c01,21,29,female
v_BandMarching_g08_c01,40,10,male
v_BandMarching_g09_c01,30,20,male
v_BandMarching_g10_c01,43,7,male
v_BandMarching_g11_c01,46,4,male
v_BandMarching_g12_c01,17,33,female
v_BandMarching_g13_c01,49,1,male
v_BandMarching_g14_c01,21,29,female
v_BandMarching_g15_c01,45,5,male
v_BandMarching_g16_c01,12,38,female
v_BandMarching_g17_c01,19,31,female
v_BandMarching_g18_c01,28,22,male
v_BandMarching_g19_c01,5,45,female
v_BandMarching_g20_c01,19,31,female
v_BandMarching_g21_c01,47,3,male
v_BandMarching_g22_c01,19,31,female
v_BandMarching_g23_c01.,28,22,male
v_BandMarching_g24_c01,35,15,male
v_BandMarching_g25_c01,25,25,uncertain
v_BandMarching_g26_c01,45,5,male
v_BandMarching_g27_c01.,34,16,male
v_BandMarching_g28_c01,11,39,female
v_BandMarching_g29_c01,39,11,male
v_BandMarching_g30_c01,45,5,male
v_BandMarching_g31_c01,24,26,female
v_BandMarching_g32_c01,28,22,male
v_BandMarching_g33_c01,11,39,female
v_BandMarching_g34_c01,48,2,male
v_BandMarching_g35_c01,1,49,female
v_BandMarching_g36_c01,36,14,male
v_BandMarching_g37_c01,14,36,female
v_BandMarching_g38_c01.,29,21,male
v_BandMarching_g39_c01.,49,1,male
v_BandMarching_g40_c01,29,21,male
v_BandMarching_g41_c01,40,10,male
v_BandMarching_g42_c01,34,16,male
v_BandMarching_g43_c01.,30,20,male
v_BandMarching_g44_c01,49,1,male
v_BandMarching_g45_c01,38,12,male
v_BandMarching_g46_c01,17,33,female
v_BandMarching_g47_c01.,45,5,male
v_BandMarching_g48_c01,40,10,male
v_BandMarching_g49_c01,25,25,uncertain
v_BandMarching_g50_c01,42,8,male
v_BandMarching_g51_c01,48,2,male
v_BandMarching_g52_c01.,24,26,female
v_BandMarching_g53_c01,20,30,female
v_BandMarching_g54_c01,2,48,female
v_BandMarching_g55_c01,3,47,female
v_BandMarching_g56_c01,37,13,male
v_BandMarching_g57_c01,11,39,female
v_BandMarching_g58_c01,31,19,male
v_BandMarching_g59_c01.,45,5,male
v_BandMarching_g60_c01,49,1,male
v_BandMarching_g61_c01,35,15,male
v_BandMarching_g62_c01,49,1,male
v_BandMarching_g63_c01,32,18,male
v_BandMarching_g64_c01,49,1,male
v_BandMarching_g65_c01,48,2,male
v_BandMarching_g66_c01,32,18,male
v_BandMarching_g67_c01,39,11,male
v_BandMarching_g68_c01,49,1,male
v_BandMarching_g69_c01,38,12,male
v_BandMarching_g70_c01,45,5,male
v_BandMarching_g71_c01,35,15,male
v_BandMarching_g72_c01,26,24,male
v_BaseballPitch_g01_c01,39,11,male
v_BaseballPitch_g02_c01,43,7,male
v_BaseballPitch_g03_c01,4,46,female
v_BaseballPitch_g04_c01,50,0,male
v_BaseballPitch_g05_c01,50,0,male
v_BaseballPitch_g06_c01,45,5,male
v_BaseballPitch_g07_c01.,34,16,male
v_BaseballPitch_g08_c01,38,12,male
v_BaseballPitch_g09_c01,41,9,male
v_BaseballPitch_g10_c01,47,3,male
v_BaseballPitch_g11_c01,41,9,male
v_BaseballPitch_g12_c01,40,10,male
v_BaseballPitch_g13_c01,44,6,male
v_BaseballPitch_g14_c01.,4,46,female
v_BaseballPitch_g15_c01,50,0,male
v_BaseballPitch_g16_c01,4,46,female
v_BaseballPitch_g17_c01,9,41,female
v_BaseballPitch_g18_c01,26,24,male
v_BaseballPitch_g19_c01.,50,0,male
v_BaseballPitch_g20_c01.,47,3,male
v_BaseballPitch_g21_c01,48,2,male
v_BaseballPitch_g22_c01,43,7,male
v_BaseballPitch_g23_c01,50,0,male
v_BaseballPitch_g24_c01,50,0,male
v_BaseballPitch_g25_c01,48,2,male
v_BaseballPitch_g26_c01,48,2,male
v_BaseballPitch_g27_c01,42,8,male
v_BaseballPitch_g28_c01,0,50,female
v_BaseballPitch_g29_c01,11,39,female
v_BaseballPitch_g30_c01,44,6,male
v_BaseballPitch_g31_c01,36,14,male
v_BaseballPitch_g32_c01.,49,1,male
v_BaseballPitch_g33_c01,48,2,male
v_BaseballPitch_g34_c01,8,42,female
v_BaseballPitch_g35_c01.,33,17,male
v_BaseballPitch_g36_c01,48,2,male
v_BaseballPitch_g37_c01,44,6,male
v_BaseballPitch_g38_c01.,49,1,male
v_BaseballPitch_g39_c01,10,40,female
v_BaseballPitch_g40_c01,50,0,male
v_BaseballPitch_g41_c01,50,0,male
v_BaseballPitch_g42_c01,50,0,male
v_BaseballPitch_g43_c01.,47,3,male
v_BaseballPitch_g44_c01,48,2,male
v_BaseballPitch_g45_c01,43,7,male
v_BaseballPitch_g46_c01,50,0,male
v_BaseballPitch_g47_c01,50,0,male
v_BaseballPitch_g48_c01,3,47,female
v_BaseballPitch_g49_c01,1,49,female
v_BaseballPitch_g50_c01,0,50,female
v_BaseballPitch_g51_c01.,50,0,male
v_BaseballPitch_g52_c01,50,0,male
v_BaseballPitch_g53_c01,45,5,male
v_BaseballPitch_g54_c01.,40,10,male
v_BaseballPitch_g55_c01,48,2,male
v_BaseballPitch_g56_c01,40,10,male
v_BaseballPitch_g57_c01,50,0,male
v_BaseballPitch_g58_c01,49,1,male
v_BaseballPitch_g59_c01,50,0,male
v_Basketball_g01_c01,30,20,male
v_Basketball_g02_c01,48,2,male
v_Basketball_g03_c01,35,15,male
v_Basketball_g04_c01.,44,6,male
v_Basketball_g05_c01.,41,9,male
v_Basketball_g06_c01,41,9,male
v_Basketball_g07_c01,35,15,male
v_Basketball_g08_c01,37,13,male
v_Basketball_g09_c01.,37,13,male
v_Basketball_g10_c01,50,0,male
v_Basketball_g11_c01,50,0,male
v_Basketball_g12_c01,38,12,male
v_Basketball_g13_c01,28,22,male
v_Basketball_g14_c01,43,7,male
v_Basketball_g15_c01.,5,45,female
v_Basketball_g16_c01,23,27,female
v_Basketball_g17_c01,40,10,male
v_Basketball_g18_c01,50,0,male
v_Basketball_g19_c01,13,37,female
v_Basketball_g20_c01,33,17,male
v_Basketball_g21_c01,22,28,female
v_Basketball_g22_c01,21,29,female
v_Basketball_g23_c01.,48,2,male
v_Basketball_g24_c01,47,3,male
v_Basketball_g25_c01,38,12,male
v_Basketball_g26_c01,47,3,male
v_Basketball_g27_c01,45,5,male
v_Basketball_g28_c01,33,17,male
v_Basketball_g29_c01,43,7,male
v_Basketball_g30_c01,11,39,female
v_Basketball_g31_c01,33,17,male
v_Basketball_g32_c01,45,5,male
v_Basketball_g33_c01,45,5,male
v_Basketball_g34_c01.,17,33,female
v_Basketball_g35_c01,48,2,male
v_Basketball_g36_c01,42,8,male
v_Basketball_g37_c01,44,6,male
v_Basketball_g38_c01,41,9,male
v_Basketball_g39_c01,30,20,male
v_Basketball_g40_c01,45,5,male
v_Basketball_g41_c01,9,41,female
v_Basketball_g42_c01,50,0,male
v_Basketball_g43_c01.,50,0,male
v_Basketball_g44_c01,46,4,male
v_Basketball_g45_c01,11,39,female
v_Basketball_g46_c01.,44,6,male
v_Basketball_g47_c01.,31,19,male
v_Basketball_g48_c01.,12,38,female
v_Basketball_g49_c01,50,0,male
v_Basketball_g50_c01,36,14,male
v_Basketball_g51_c01,41,9,male
v_Basketball_g52_c01,30,20,male
v_BasketballDunk_g01_c01,38,12,male
v_BasketballDunk_g02_c01,37,13,male
v_BasketballDunk_g03_c01,47,3,male
v_BasketballDunk_g04_c01,38,12,male
v_BasketballDunk_g05_c01,39,11,male
v_BasketballDunk_g06_c01,31,19,male
v_BasketballDunk_g07_c01,38,12,male
v_BasketballDunk_g08_c01,32,18,male
v_BasketballDunk_g09_c01,31,19,male
v_BasketballDunk_g10_c01,45,5,male
v_BasketballDunk_g11_c01,43,7,male
v_BasketballDunk_g12_c01,10,40,female
v_BasketballDunk_g13_c01,11,39,female
v_BasketballDunk_g14_c01,31,19,male
v_BasketballDunk_g15_c01.,46,4,male
v_BasketballDunk_g16_c01,18,32,female
v_BasketballDunk_g17_c01,44,6,male
v_BasketballDunk_g18_c01,34,16,male
v_BasketballDunk_g19_c01,41,9,male
v_BasketballDunk_g20_c01,41,9,male
v_BasketballDunk_g21_c01,46,4,male
v_BasketballDunk_g22_c01,44,6,male
v_BasketballDunk_g23_c01,46,4,male
v_BasketballDunk_g24_c01,31,19,male
v_BasketballDunk_g25_c01,44,6,male
v_BasketballDunk_g26_c01,44,6,male
v_BasketballDunk_g27_c01,36,14,male
v_BasketballDunk_g28_c01,36,14,male
v_BasketballDunk_g29_c01,41,9,male
v_BasketballDunk_g30_c01,43,7,male
v_BasketballDunk_g31_c01,42,8,male
v_BasketballDunk_g32_c01,11,39,female
v_BasketballDunk_g33_c01,38,12,male
v_BasketballDunk_g34_c01,50,0,male
v_BasketballDunk_g35_c01,40,10,male
v_BasketballDunk_g36_c01,39,11,male
v_BasketballDunk_g37_c01,46,4,male
v_BenchPress_g01_c01,7,43,female
v_BenchPress_g02_c01,16,34,female
v_BenchPress_g03_c01,21,29,female
v_BenchPress_g04_c01,50,0,male
v_BenchPress_g05_c01,23,27,female
v_BenchPress_g06_c01,44,6,male
v_BenchPress_g07_c01,46,4,male
v_BenchPress_g08_c01,47,3,male
v_BenchPress_g09_c01.,45,5,male
v_BenchPress_g10_c01,46,4,male
v_BenchPress_g11_c01,50,0,male
v_BenchPress_g12_c01.,11,39,female
v_BenchPress_g13_c01,50,0,male
v_BenchPress_g14_c01.,31,19,male
v_BenchPress_g15_c01.,44,6,male
v_BenchPress_g16_c01,47,3,male
v_BenchPress_g17_c01,48,2,male
v_BenchPress_g18_c01.,47,3,male
v_BenchPress_g19_c01,25,25,uncertain
v_BenchPress_g20_c01,7,43,female
v_BenchPress_g21_c01,0,50,female
v_BenchPress_g22_c01.,50,0,male
v_BenchPress_g23_c01.,40,10,male
v_BenchPress_g24_c01,50,0,male
v_BenchPress_g25_c01.,50,0,male
v_BenchPress_g26_c01,45,5,male
v_BenchPress_g27_c01,43,7,male
v_BenchPress_g28_c01,45,5,male
v_BenchPress_g29_c01,48,2,male
v_BenchPress_g30_c01,46,4,male
v_BenchPress_g31_c01.,46,4,male
v_BenchPress_g32_c01.,50,0,male
v_BenchPress_g33_c01,27,23,male
v_BenchPress_g34_c01,46,4,male
v_BenchPress_g35_c01,49,1,male
v_BenchPress_g36_c01,16,34,female
v_BenchPress_g37_c01,45,5,male
v_BenchPress_g38_c01,39,11,male
v_BenchPress_g39_c01,50,0,male
v_BenchPress_g40_c01,44,6,male
v_BenchPress_g41_c01,45,5,male
v_BenchPress_g42_c01.,37,13,male
v_BenchPress_g43_c01,42,8,male
v_BenchPress_g44_c01.,49,1,male
v_BenchPress_g45_c01.,42,8,male
v_BenchPress_g46_c01,50,0,male
v_BenchPress_g47_c01,48,2,male
v_BenchPress_g48_c01,49,1,male
v_BenchPress_g49_c01,48,2,male
v_BenchPress_g50_c01,44,6,male
v_BenchPress_g51_c01,50,0,male
v_BenchPress_g52_c01,43,7,male
v_BenchPress_g53_c01.,16,34,female
v_BenchPress_g54_c01.,44,6,male
v_BenchPress_g55_c01,49,1,male
v_BenchPress_g56_c01,42,8,male
v_BenchPress_g57_c01,50,0,male
v_BenchPress_g58_c01,36,14,male
v_Biking_g01_c01,47,3,male
v_Biking_g02_c01,21,29,female
v_Biking_g03_c01,46,4,male
v_Biking_g04_c01,45,5,male
v_Biking_g05_c01,29,21,male
v_Biking_g06_c01,0,50,female
v_Biking_g07_c01.,38,12,male
v_Biking_g08_c01,43,7,male
v_Biking_g09_c01,22,28,female
v_Biking_g10_c01,48,2,male
v_Biking_g11_c01,40,10,male
v_Biking_g12_c01,34,16,male
v_Biking_g13_c01,37,13,male
v_Biking_g14_c01.,26,24,male
v_Biking_g15_c01.,43,7,male
v_Biking_g16_c01.,50,0,male
v_Biking_g17_c01,32,18,male
v_Biking_g18_c01.,6,44,female
v_Biking_g19_c01.,30,20,male
v_Biking_g20_c01,20,30,female
v_Biking_g21_c01.,0,50,female
v_Biking_g22_c01,44,6,male
v_Biking_g23_c01,29,21,male
v_Biking_g24_c01.,40,10,male
v_Biking_g25_c01.,28,22,male
v_Biking_g26_c01,39,11,male
v_Biking_g27_c01.,14,36,female
v_Biking_g28_c01,49,1,male
v_Biking_g29_c01,26,24,male
v_Biking_g30_c01,14,36,female
v_Biking_g31_c01.,25,25,uncertain
v_Biking_g32_c01.,35,15,male
v_Biking_g33_c01,45,5,male
v_Biking_g34_c01,26,24,male
v_Biking_g35_c01.,42,8,male
v_Biking_g36_c01,32,18,male
v_Biking_g37_c01.,28,22,male
v_Biking_g38_c01,44,6,male
v_Biking_g39_c01,10,40,female
v_Biking_g40_c01,23,27,female
v_Biking_g41_c01,44,6,male
v_Biking_g42_c01,37,13,male
v_Biking_g43_c01,42,8,male
v_Biking_g44_c01.,50,0,male
v_Biking_g45_c01,28,22,male
v_Biking_g46_c01.,33,17,male
v_Biking_g47_c01,4,46,female
v_Biking_g48_c01.,29,21,male
v_Biking_g49_c01,20,30,female
v_Biking_g50_c01,26,24,male
v_Biking_g51_c01.,38,12,male
v_Biking_g52_c01.,39,11,male
v_Biking_g53_c01,28,22,male
v_Biking_g54_c01,34,16,male
v_Biking_g55_c01,43,7,male
v_Biking_g56_c01,30,20,male
v_Biking_g57_c01,35,15,male
v_Biking_g58_c01.,11,39,female
v_Biking_g59_c01,37,13,male
v_Biking_g60_c01,45,5,male
v_Biking_g61_c01,31,19,male
v_Biking_g62_c01,37,13,male
v_Biking_g63_c01,16,34,female
v_Biking_g64_c01.,9,41,female
v_Biking_g65_c01,31,19,male
v_Biking_g66_c01.,43,7,male
v_Biking_g67_c01.,36,14,male
v_Biking_g68_c01,9,41,female
v_Biking_g69_c01.,45,5,male
v_Biking_g70_c01,21,29,female
v_Billiards_g01_c01,48,2,male
v_Billiards_g02_c01.,49,1,male
v_Billiards_g03_c01.,44,6,male
v_Billiards_g04_c01,50,0,male
v_Billiards_g05_c01.,49,1,male
v_Billiards_g06_c01.,45,5,male
v_Billiards_g07_c01,50,0,male
v_Billiards_g08_c01,47,3,male
v_Billiards_g09_c01,26,24,male
v_Billiards_g10_c01,50,0,male
v_Billiards_g11_c01,49,1,male
v_Billiards_g12_c01.,47,3,male
v_Billiards_g13_c01,7,43,female
v_Billiards_g14_c01.,46,4,male
v_Billiards_g15_c01,15,35,female
v_Billiards_g16_c01,50,0,male
v_Billiards_g17_c01,49,1,male
v_Billiards_g18_c01,49,1,male
v_Billiards_g19_c01,39,11,male
v_Billiards_g20_c01,49,1,male
v_Billiards_g21_c01.,11,39,female
v_Billiards_g22_c01,46,4,male
v_Billiards_g23_c01,47,3,male
v_Billiards_g24_c01.,44,6,male
v_Billiards_g25_c01.,50,0,male
v_Billiards_g26_c01.,50,0,male
v_Billiards_g27_c01,50,0,male
v_Billiards_g28_c01.,45,5,male
v_Billiards_g29_c01,50,0,male
v_Billiards_g30_c01,34,16,male
v_Billiards_g31_c01,30,20,male
v_Billiards_g32_c01,4,46,female
v_Billiards_g33_c01,46,4,male
v_Billiards_g34_c01,50,0,male
v_Billiards_g35_c01,45,5,male
v_Billiards_g36_c01,28,22,male
v_Billiards_g37_c01,39,11,male
v_Billiards_g38_c01,49,1,male
v_Billiards_g39_c01,48,2,male
v_Billiards_g40_c01,38,12,male
v_Billiards_g41_c01,45,5,male
v_Billiards_g42_c01,6,44,female
v_Billiards_g43_c01,45,5,male
v_Billiards_g44_c01,43,7,male
v_Billiards_g45_c01,48,2,male
v_Billiards_g46_c01,47,3,male
v_Billiards_g47_c01,42,8,male
v_Billiards_g48_c01,48,2,male
v_Billiards_g49_c01,49,1,male
v_Billiards_g50_c01,47,3,male
v_Billiards_g51_c01,50,0,male
v_Billiards_g52_c01.,13,37,female
v_Billiards_g53_c01,47,3,male
v_Billiards_g54_c01,46,4,male
v_Billiards_g55_c01,49,1,male
v_Billiards_g56_c01.,49,1,male
v_Billiards_g57_c01.,47,3,male
v_Billiards_g58_c01.,38,12,male
v_Billiards_g59_c01.,50,0,male
v_Billiards_g60_c01,49,1,male
v_Billiards_g61_c01,46,4,male
v_Billiards_g62_c01,16,34,female
v_Billiards_g63_c01,25,25,uncertain
v_Billiards_g64_c01,49,1,male
v_Billiards_g65_c01,41,9,male
v_Billiards_g66_c01.,27,23,male
v_Billiards_g67_c01,22,28,female
v_Billiards_g68_c01,49,1,male
v_BlowDryHair_g01_c01,1,49,female
v_BlowDryHair_g02_c01,0,50,female
v_BlowDryHair_g03_c01,17,33,female
v_BlowDryHair_g04_c01,46,4,male
v_BlowDryHair_g05_c01,50,0,male
v_BlowDryHair_g06_c01,50,0,male
v_BlowDryHair_g07_c01,3,47,female
v_BlowDryHair_g08_c01,0,50,female
v_BlowDryHair_g09_c01.,3,47,female
v_BlowDryHair_g10_c01,20,30,female
v_BlowDryHair_g11_c01.,28,22,male
v_BlowDryHair_g12_c01,33,17,male
v_BlowDryHair_g13_c01,38,12,male
v_BlowDryHair_g14_c01.,0,50,female
v_BlowDryHair_g15_c01,49,1,male
v_BlowDryHair_g16_c01,47,3,male
v_BlowDryHair_g17_c01,50,0,male
v_BlowDryHair_g18_c01.,45,5,male
v_BlowDryHair_g19_c01,46,4,male
v_BlowDryHair_g20_c01.,50,0,male
v_BlowDryHair_g21_c01,6,44,female
v_BlowDryHair_g22_c01.,49,1,male
v_BlowDryHair_g23_c01,5,45,female
v_BlowDryHair_g24_c01,11,39,female
v_BlowDryHair_g25_c01,12,38,female
v_BlowDryHair_g26_c01,50,0,male
v_BlowDryHair_g27_c01,1,49,female
v_BlowDryHair_g28_c01,18,32,female
v_BlowDryHair_g29_c01,50,0,male
v_BlowDryHair_g30_c01,38,12,male
v_BlowDryHair_g31_c01,5,45,female
v_BlowDryHair_g32_c01,31,19,male
v_BlowDryHair_g33_c01,26,24,male
v_BlowDryHair_g34_c01,50,0,male
v_BlowDryHair_g35_c01,0,50,female
v_BlowDryHair_g36_c01,0,50,female
v_BlowDryHair_g37_c01,50,0,male
v_BlowDryHair_g38_c01,0,50,female
v_BlowDryHair_g39_c01.,0,50,female
v_BlowingCandles_g01_c01.,50,0,male
v_BlowingCandles_g02_c01,35,15,male
v_BlowingCandles_g03_c01,49,1,male
v_BlowingCandles_g04_c01.,50,0,male
v_BlowingCandles_g05_c01,27,23,male
v_BlowingCandles_g06_c01,20,30,female
v_BlowingCandles_g07_c01.,19,31,female
v_BlowingCandles_g08_c01,2,48,female
v_BlowingCandles_g09_c01,25,25,uncertain
v_BlowingCandles_g10_c01,33,17,male
v_BlowingCandles_g11_c01,24,26,female
v_BlowingCandles_g12_c01,27,23,male
v_BlowingCandles_g13_c01.,19,31,female
v_BlowingCandles_g14_c01,23,27,female
v_BlowingCandles_g15_c01,39,11,male
v_BlowingCandles_g16_c01.,30,20,male
v_BlowingCandles_g17_c01,21,29,female
v_BlowingCandles_g18_c01,37,13,male
v_BlowingCandles_g19_c01.,4,46,female
v_BlowingCandles_g20_c01,35,15,male
v_BlowingCandles_g21_c01,19,31,female
v_BlowingCandles_g22_c01.,30,20,male
v_BlowingCandles_g23_c01.,35,15,male
v_BlowingCandles_g24_c01,21,29,female
v_BlowingCandles_g25_c01,48,2,male
v_BlowingCandles_g26_c01,41,9,male
v_BlowingCandles_g27_c01,34,16,male
v_BlowingCandles_g28_c01,18,32,female
v_BlowingCandles_g29_c01,47,3,male
v_BlowingCandles_g30_c01,6,44,female
v_BlowingCandles_g31_c01,11,39,female
v_BlowingCandles_g32_c01,49,1,male
v_BlowingCandles_g33_c01,17,33,female
v_BlowingCandles_g34_c01,50,0,male
v_BlowingCandles_g35_c01,28,22,male
v_BlowingCandles_g36_c01,50,0,male
v_BlowingCandles_g37_c01,13,37,female
v_BlowingCandles_g38_c01.,34,16,male
v_BlowingCandles_g39_c01,40,10,male
v_BlowingCandles_g40_c01,28,22,male
v_BlowingCandles_g41_c01.,47,3,male
v_BlowingCandles_g42_c01,14,36,female
v_BlowingCandles_g43_c01,21,29,female
v_BlowingCandles_g44_c01.,45,5,male
v_BlowingCandles_g45_c01,35,15,male
v_BlowingCandles_g46_c01,50,0,male
v_BlowingCandles_g47_c01,1,49,female
v_BlowingCandles_g48_c01,35,15,male
v_BlowingCandles_g49_c01,43,7,male
v_BlowingCandles_g50_c01,4,46,female
v_BlowingCandles_g51_c01,7,43,female
v_BlowingCandles_g52_c01,46,4,male
v_BlowingCandles_g53_c01,50,0,male
v_BlowingCandles_g54_c01.,50,0,male
v_BlowingCandles_g55_c01,42,8,male
v_BlowingCandles_g56_c01.,14,36,female
v_BlowingCandles_g57_c01,50,0,male
v_BlowingCandles_g58_c01.,24,26,female
v_BlowingCandles_g59_c01.,45,5,male
v_BodyWeightSquats_g01_c01,14,36,female
v_BodyWeightSquats_g02_c01.,0,50,female
v_BodyWeightSquats_g03_c01,43,7,male
v_BodyWeightSquats_g04_c01.,50,0,male
v_BodyWeightSquats_g05_c01,43,7,male
v_BodyWeightSquats_g06_c01,47,3,male
v_BodyWeightSquats_g07_c01.,47,3,male
v_BodyWeightSquats_g08_c01,48,2,male
v_BodyWeightSquats_g09_c01,46,4,male
v_BodyWeightSquats_g10_c01,44,6,male
v_BodyWeightSquats_g11_c01,37,13,male
v_BodyWeightSquats_g12_c01,48,2,male
v_BodyWeightSquats_g13_c01,43,7,male
v_BodyWeightSquats_g14_c01.,43,7,male
v_BodyWeightSquats_g15_c01,50,0,male
v_BodyWeightSquats_g16_c01.,50,0,male
v_BodyWeightSquats_g17_c01.,49,1,male
v_BodyWeightSquats_g18_c01,50,0,male
v_BodyWeightSquats_g19_c01,50,0,male
v_BodyWeightSquats_g20_c01,50,0,male
v_BodyWeightSquats_g21_c01.,45,5,male
v_BodyWeightSquats_g22_c01.,43,7,male
v_BodyWeightSquats_g23_c01,48,2,male
v_BodyWeightSquats_g24_c01.,37,13,male
v_BodyWeightSquats_g25_c01,44,6,male
v_BodyWeightSquats_g26_c01,49,1,male
v_BodyWeightSquats_g27_c01,42,8,male
v_BodyWeightSquats_g28_c01.,2,48,female
v_BodyWeightSquats_g29_c01,50,0,male
v_BodyWeightSquats_g30_c01,44,6,male
v_BodyWeightSquats_g31_c01,50,0,male
v_BodyWeightSquats_g32_c01,50,0,male
v_BodyWeightSquats_g33_c01,0,50,female
v_BodyWeightSquats_g34_c01,47,3,male
v_BodyWeightSquats_g35_c01,48,2,male
v_BodyWeightSquats_g36_c01.,50,0,male
v_BodyWeightSquats_g37_c01,45,5,male
v_BodyWeightSquats_g38_c01.,50,0,male
v_BodyWeightSquats_g39_c01,50,0,male
v_BodyWeightSquats_g40_c01.,40,10,male
v_BodyWeightSquats_g41_c01,37,13,male
v_BodyWeightSquats_g42_c01,9,41,female
v_BodyWeightSquats_g43_c01,50,0,male
v_BodyWeightSquats_g44_c01,41,9,male
v_BodyWeightSquats_g45_c01,0,50,female
v_BodyWeightSquats_g46_c01.,46,4,male
v_BodyWeightSquats_g47_c01,24,26,female
v_BodyWeightSquats_g48_c01.,49,1,male
v_BodyWeightSquats_g49_c01,50,0,male
v_BodyWeightSquats_g50_c01,49,1,male
v_BodyWeightSquats_g51_c01.,40,10,male
v_BodyWeightSquats_g52_c01,50,0,male
v_BodyWeightSquats_g53_c01,30,20,male
v_BodyWeightSquats_g54_c01,28,22,male
v_BodyWeightSquats_g55_c01,47,3,male
v_BodyWeightSquats_g56_c01,50,0,male
v_BodyWeightSquats_g57_c01,50,0,male
v_BodyWeightSquats_g58_c01,48,2,male
v_BodyWeightSquats_g59_c01,46,4,male
v_BodyWeightSquats_g60_c01,48,2,male
v_BodyWeightSquats_g61_c01.,43,7,male
v_Bowling_g01_c01.,47,3,male
v_Bowling_g02_c01.,38,12,male
v_Bowling_g03_c01,35,15,male
v_Bowling_g04_c01,3,47,female
v_Bowling_g05_c01,7,43,female
v_Bowling_g06_c01,7,43,female
v_Bowling_g07_c01,40,10,male
v_Bowling_g08_c01,43,7,male
v_Bowling_g09_c01,46,4,male
v_Bowling_g100_c01,46,4,male
v_Bowling_g101_c01,43,7,male
v_Bowling_g102_c01,24,26,female
v_Bowling_g103_c01,3,47,female
v_Bowling_g104_c01,41,9,male
v_Bowling_g105_c01,39,11,male
v_Bowling_g106_c01,47,3,male
v_Bowling_g107_c01,50,0,male
v_Bowling_g108_c01,19,31,female
v_Bowling_g109_c01,48,2,male
v_Bowling_g10_c01,45,5,male
v_Bowling_g110_c01,42,8,male
v_Bowling_g111_c01,42,8,male
v_Bowling_g11_c01,2,48,female
v_Bowling_g12_c01.,27,23,male
v_Bowling_g13_c01,50,0,male
v_Bowling_g14_c01,30,20,male
v_Bowling_g15_c01,40,10,male
v_Bowling_g16_c01,45,5,male
v_Bowling_g17_c01,9,41,female
v_Bowling_g18_c01,49,1,male
v_Bowling_g19_c01,39,11,male
v_Bowling_g20_c01,50,0,male
v_Bowling_g21_c01,44,6,male
v_Bowling_g22_c01,10,40,female
v_Bowling_g23_c01.,48,2,male
v_Bowling_g24_c01,25,25,uncertain
v_Bowling_g25_c01,31,19,male
v_Bowling_g26_c01,39,11,male
v_Bowling_g27_c01.,24,26,female
v_Bowling_g28_c01.,30,20,male
v_Bowling_g29_c01.,33,17,male
v_Bowling_g30_c01,28,22,male
v_Bowling_g31_c01,27,23,male
v_Bowling_g32_c01,13,37,female
v_Bowling_g33_c01,32,18,male
v_Bowling_g34_c01,37,13,male
v_Bowling_g35_c01,50,0,male
v_Bowling_g36_c01,43,7,male
v_Bowling_g37_c01,23,27,female
v_Bowling_g38_c01.,50,0,male
v_Bowling_g39_c01,50,0,male
v_Bowling_g40_c01.,47,3,male
v_Bowling_g41_c01,22,28,female
v_Bowling_g42_c01,36,14,male
v_Bowling_g43_c01.,46,4,male
v_Bowling_g44_c01,50,0,male
v_Bowling_g45_c01,21,29,female
v_Bowling_g46_c01,29,21,male
v_Bowling_g47_c01,47,3,male
v_Bowling_g48_c01,47,3,male
v_Bowling_g49_c01.,5,45,female
v_Bowling_g50_c01.,49,1,male
v_Bowling_g51_c01,49,1,male
v_Bowling_g52_c01,6,44,female
v_Bowling_g53_c01.,26,24,male
v_Bowling_g54_c01,9,41,female
v_Bowling_g55_c01,23,27,female
v_Bowling_g56_c01,39,11,male
v_Bowling_g57_c01,38,12,male
v_Bowling_g58_c01,45,5,male
v_Bowling_g59_c01,36,14,male
v_Bowling_g60_c01,49,1,male
v_Bowling_g61_c01,50,0,male
v_Bowling_g62_c01,47,3,male
v_Bowling_g63_c01.,48,2,male
v_Bowling_g64_c01.,34,16,male
v_Bowling_g65_c01,46,4,male
v_Bowling_g66_c01,0,50,female
v_Bowling_g67_c01,9,41,female
v_Bowling_g68_c01,27,23,male
v_Bowling_g69_c01,49,1,male
v_Bowling_g70_c01,6,44,female
v_Bowling_g71_c01,35,15,male
v_Bowling_g72_c01,16,34,female
v_Bowling_g73_c01,49,1,male
v_Bowling_g74_c01,42,8,male
v_Bowling_g75_c01.,9,41,female
v_Bowling_g76_c01,17,33,female
v_Bowling_g77_c01,36,14,male
v_Bowling_g78_c01,34,16,male
v_Bowling_g79_c01.,12,38,female
v_Bowling_g80_c01,26,24,male
v_Bowling_g81_c01,20,30,female
v_Bowling_g82_c01,39,11,male
v_Bowling_g83_c01,7,43,female
v_Bowling_g84_c01.,32,18,male
v_Bowling_g85_c01.,39,11,male
v_Bowling_g86_c01,45,5,male
v_Bowling_g87_c01,42,8,male
v_Bowling_g88_c01.,19,31,female
v_Bowling_g89_c01,21,29,female
v_Bowling_g90_c01,42,8,male
v_Bowling_g91_c01,49,1,male
v_Bowling_g92_c01,45,5,male
v_Bowling_g93_c01,41,9,male
v_Bowling_g94_c01,50,0,male
v_Bowling_g95_c01,3,47,female
v_Bowling_g96_c01,22,28,female
v_Bowling_g97_c01,46,4,male
v_Bowling_g98_c01,5,45,female
v_Bowling_g99_c01,19,31,female
v_BoxingPunchingBag_g01_c01,42,8,male
v_BoxingPunchingBag_g02_c01,42,8,male
v_BoxingPunchingBag_g03_c01,42,8,male
v_BoxingPunchingBag_g04_c01,45,5,male
v_BoxingPunchingBag_g05_c01.,17,33,female
v_BoxingPunchingBag_g06_c01,16,33,female
v_BoxingPunchingBag_g07_c01,36,14,male
v_BoxingPunchingBag_g08_c01,50,0,male
v_BoxingPunchingBag_g09_c01,10,40,female
v_BoxingPunchingBag_g10_c01.,49,1,male
v_BoxingPunchingBag_g11_c01,49,1,male
v_BoxingPunchingBag_g12_c01,36,14,male
v_BoxingPunchingBag_g13_c01,47,3,male
v_BoxingPunchingBag_g14_c01,40,10,male
v_BoxingPunchingBag_g15_c01,39,11,male
v_BoxingPunchingBag_g16_c01,20,30,female
v_BoxingPunchingBag_g17_c01,47,3,male
v_BoxingPunchingBag_g18_c01,44,6,male
v_BoxingPunchingBag_g19_c01,13,37,female
v_BoxingPunchingBag_g20_c01,39,11,male
v_BoxingPunchingBag_g21_c01.,49,1,male
v_BoxingPunchingBag_g22_c01,42,8,male
v_BoxingPunchingBag_g23_c01,47,3,male
v_BoxingPunchingBag_g24_c01.,46,4,male
v_BoxingPunchingBag_g25_c01,48,2,male
v_BoxingPunchingBag_g26_c01.,50,0,male
v_BoxingPunchingBag_g27_c01,0,50,female
v_BoxingPunchingBag_g28_c01,1,49,female
v_BoxingPunchingBag_g29_c01,2,48,female
v_BoxingPunchingBag_g30_c01.,39,11,male
v_BoxingPunchingBag_g31_c01,50,0,male
v_BoxingPunchingBag_g32_c01,49,1,male
v_BoxingPunchingBag_g33_c01,50,0,male
v_BoxingPunchingBag_g34_c01,48,2,male
v_BoxingPunchingBag_g35_c01,40,10,male
v_BoxingPunchingBag_g36_c01,50,0,male
v_BoxingPunchingBag_g37_c01,49,1,male
v_BoxingPunchingBag_g38_c01,47,3,male
v_BoxingPunchingBag_g39_c01.,49,1,male
v_BoxingPunchingBag_g40_c01,25,25,uncertain
v_BoxingPunchingBag_g41_c01.,48,2,male
v_BoxingPunchingBag_g42_c01,50,0,male
v_BoxingPunchingBag_g43_c01,48,2,male
v_BoxingPunchingBag_g44_c01,49,1,male
v_BoxingPunchingBag_g45_c01,35,15,male
v_BoxingPunchingBag_g46_c01,32,18,male
v_BoxingPunchingBag_g47_c01,50,0,male
v_BoxingPunchingBag_g48_c01.,50,0,male
v_BoxingPunchingBag_g49_c01,50,0,male
v_BoxingPunchingBag_g50_c01.,50,0,male
v_BoxingPunchingBag_g51_c01,49,1,male
v_BoxingPunchingBag_g52_c01,46,4,male
v_BoxingPunchingBag_g53_c01.,32,18,male
v_BoxingPunchingBag_g54_c01,39,11,male
v_BoxingPunchingBag_g55_c01,49,1,male
v_BoxingPunchingBag_g56_c01,47,3,male
v_BoxingPunchingBag_g57_c01,37,13,male
v_BoxingPunchingBag_g58_c01.,44,6,male
v_BoxingPunchingBag_g59_c01,26,24,male
v_BoxingPunchingBag_g60_c01,33,17,male
v_BoxingPunchingBag_g61_c01,47,3,male
v_BoxingPunchingBag_g62_c01,47,3,male
v_BoxingPunchingBag_g63_c01,49,1,male
v_BoxingPunchingBag_g64_c01.,48,2,male
v_BoxingPunchingBag_g65_c01,45,5,male
v_BoxingPunchingBag_g66_c01,47,3,male
v_BoxingPunchingBag_g67_c01,48,2,male
v_BoxingPunchingBag_g68_c01,12,38,female
v_BoxingPunchingBag_g69_c01.,50,0,male
v_BoxingPunchingBag_g70_c01.,36,14,male
v_BoxingPunchingBag_g71_c01,21,29,female
v_BoxingPunchingBag_g72_c01.,49,1,male
v_BoxingPunchingBag_g73_c01,44,6,male
v_BoxingPunchingBag_g74_c01,50,0,male
v_BoxingPunchingBag_g75_c01.,48,2,male
v_BoxingPunchingBag_g76_c01,42,8,male
v_BoxingPunchingBag_g77_c01,46,4,male
v_BoxingSpeedBag_g01_c01,38,12,male
v_BoxingSpeedBag_g02_c01,49,1,male
v_BoxingSpeedBag_g03_c01,37,13,male
v_BoxingSpeedBag_g04_c01.,49,1,male
v_BoxingSpeedBag_g05_c01,1,49,female
v_BoxingSpeedBag_g06_c01,50,0,male
v_BoxingSpeedBag_g07_c01,45,5,male
v_BoxingSpeedBag_g08_c01,45,5,male
v_BoxingSpeedBag_g09_c01,39,11,male
v_BoxingSpeedBag_g10_c01,37,13,male
v_BoxingSpeedBag_g11_c01,39,11,male
v_BoxingSpeedBag_g12_c01,50,0,male
v_BoxingSpeedBag_g13_c01,48,2,male
v_BoxingSpeedBag_g14_c01.,49,1,male
v_BoxingSpeedBag_g15_c01,36,14,male
v_BoxingSpeedBag_g16_c01,36,14,male
v_BoxingSpeedBag_g17_c01,50,0,male
v_BoxingSpeedBag_g18_c01.,4,46,female
v_BoxingSpeedBag_g19_c01,20,30,female
v_BoxingSpeedBag_g20_c01,50,0,male
v_BoxingSpeedBag_g21_c01,47,3,male
v_BoxingSpeedBag_g22_c01,50,0,male
v_BoxingSpeedBag_g23_c01.,50,0,male
v_BoxingSpeedBag_g24_c01,44,6,male
v_BoxingSpeedBag_g25_c01,21,29,female
v_BoxingSpeedBag_g26_c01,46,4,male
v_BoxingSpeedBag_g27_c01,46,4,male
v_BoxingSpeedBag_g28_c01,50,0,male
v_BoxingSpeedBag_g29_c01.,49,1,male
v_BoxingSpeedBag_g30_c01,49,1,male
v_BoxingSpeedBag_g31_c01,50,0,male
v_BoxingSpeedBag_g32_c01,50,0,male
v_BoxingSpeedBag_g33_c01,49,1,male
v_BoxingSpeedBag_g34_c01,44,6,male
v_BoxingSpeedBag_g35_c01,49,1,male
v_BoxingSpeedBag_g36_c01,50,0,male
v_BoxingSpeedBag_g37_c01,38,12,male
v_BoxingSpeedBag_g38_c01,50,0,male
v_BoxingSpeedBag_g39_c01,49,1,male
v_BoxingSpeedBag_g40_c01,50,0,male
v_BoxingSpeedBag_g41_c01,50,0,male
v_BoxingSpeedBag_g42_c01,49,1,male
v_BoxingSpeedBag_g43_c01.,7,43,female
v_BoxingSpeedBag_g44_c01,19,31,female
v_BoxingSpeedBag_g45_c01,32,18,male
v_BoxingSpeedBag_g46_c01,40,10,male
v_BoxingSpeedBag_g47_c01.,50,0,male
v_BoxingSpeedBag_g48_c01,44,6,male
v_BoxingSpeedBag_g49_c01,40,10,male
v_BoxingSpeedBag_g50_c01,49,1,male
v_BoxingSpeedBag_g51_c01.,0,50,female
v_BoxingSpeedBag_g52_c01,50,0,male
v_BoxingSpeedBag_g53_c01,50,0,male
v_BoxingSpeedBag_g54_c01,45,5,male
v_BoxingSpeedBag_g55_c01.,50,0,male
v_BoxingSpeedBag_g56_c01,50,0,male
v_BoxingSpeedBag_g57_c01,44,6,male
v_BoxingSpeedBag_g58_c01,48,2,male
v_BoxingSpeedBag_g59_c01,38,12,male
v_BoxingSpeedBag_g60_c01.,20,30,female
v_BoxingSpeedBag_g61_c01,31,19,male
v_BoxingSpeedBag_g62_c01,49,1,male
v_BoxingSpeedBag_g63_c01,28,22,male
v_BoxingSpeedBag_g64_c01,48,2,male
v_BreastStroke_g01_c01,20,30,female
v_BreastStroke_g02_c01,14,36,female
v_BreastStroke_g03_c01,12,38,female
v_BreastStroke_g04_c01,50,0,male
v_BreastStroke_g05_c01,13,37,female
v_BreastStroke_g06_c01,24,26,female
v_BreastStroke_g07_c01,9,41,female
v_BreastStroke_g08_c01,19,31,female
v_BreastStroke_g09_c01.,35,15,male
v_BreastStroke_g100_c01,29,21,male
v_BreastStroke_g101_c01,29,21,male
v_BreastStroke_g102_c01,0,50,female
v_BreastStroke_g103_c01,28,22,male
v_BreastStroke_g104_c01,10,40,female
v_BreastStroke_g105_c01,34,16,male
v_BreastStroke_g106_c01,42,8,male
v_BreastStroke_g107_c01,43,7,male
v_BreastStroke_g108_c01,1,49,female
v_BreastStroke_g109_c01,45,5,male
v_BreastStroke_g10_c01,20,30,female
v_BreastStroke_g110_c01,5,45,female
v_BreastStroke_g111_c01,34,16,male
v_BreastStroke_g112_c01,12,38,female
v_BreastStroke_g113_c01,11,39,female
v_BreastStroke_g114_c01,12,38,female
v_BreastStroke_g115_c01,10,40,female
v_BreastStroke_g116_c01,1,49,female
v_BreastStroke_g117_c01,17,33,female
v_BreastStroke_g118_c01,6,44,female
v_BreastStroke_g119_c01,4,46,female
v_BreastStroke_g11_c01,9,41,female
v_BreastStroke_g120_c01,15,35,female
v_BreastStroke_g121_c01,13,37,female
v_BreastStroke_g122_c01,42,8,male
v_BreastStroke_g123_c01,31,19,male
v_BreastStroke_g12_c01,33,17,male
v_BreastStroke_g13_c01,8,42,female
v_BreastStroke_g14_c01,49,1,male
v_BreastStroke_g15_c01,31,19,male
v_BreastStroke_g16_c01,47,3,male
v_BreastStroke_g17_c01,46,4,male
v_BreastStroke_g18_c01.,17,33,female
v_BreastStroke_g19_c01,9,41,female
v_BreastStroke_g20_c01,11,39,female
v_BreastStroke_g21_c01.,50,0,male
v_BreastStroke_g22_c01,47,3,male
v_BreastStroke_g23_c01,14,36,female
v_BreastStroke_g24_c01,7,43,female
v_BreastStroke_g25_c01,47,3,male
v_BreastStroke_g26_c01,43,7,male
v_BreastStroke_g27_c01,43,7,male
v_BreastStroke_g28_c01,27,23,male
v_BreastStroke_g29_c01.,30,20,male
v_BreastStroke_g30_c01,28,22,male
v_BreastStroke_g31_c01,40,10,male
v_BreastStroke_g32_c01,48,2,male
v_BreastStroke_g33_c01,30,20,male
v_BreastStroke_g34_c01,28,22,male
v_BreastStroke_g35_c01.,6,44,female
v_BreastStroke_g36_c01,27,23,male
v_BreastStroke_g37_c01.,19,31,female
v_BreastStroke_g38_c01,45,5,male
v_BreastStroke_g39_c01,46,4,male
v_BreastStroke_g40_c01,0,50,female
v_BreastStroke_g41_c01,3,47,female
v_BreastStroke_g42_c01.,5,45,female
v_BreastStroke_g43_c01,11,39,female
v_BreastStroke_g44_c01.,47,3,male
v_BreastStroke_g45_c01,25,25,uncertain
v_BreastStroke_g46_c01,42,8,male
v_BreastStroke_g47_c01.,22,28,female
v_BreastStroke_g48_c01,12,38,female
v_BreastStroke_g49_c01,31,19,male
v_BreastStroke_g50_c01,33,17,male
v_BreastStroke_g51_c01,45,5,male
v_BreastStroke_g52_c01,36,14,male
v_BreastStroke_g53_c01,40,10,male
v_BreastStroke_g54_c01,39,11,male
v_BreastStroke_g55_c01,38,12,male
v_BreastStroke_g56_c01,29,21,male
v_BreastStroke_g57_c01,32,18,male
v_BreastStroke_g58_c01,41,9,male
v_BreastStroke_g59_c01,7,43,female
v_BreastStroke_g60_c01,22,28,female
v_BreastStroke_g61_c01,36,14,male
v_BreastStroke_g62_c01,24,26,female
v_BreastStroke_g63_c01,22,28,female
v_BreastStroke_g64_c01,26,24,male
v_BreastStroke_g65_c01,27,23,male
v_BreastStroke_g66_c01,38,12,male
v_BreastStroke_g67_c01.,36,14,male
v_BreastStroke_g68_c01,33,17,male
v_BreastStroke_g69_c01.,5,45,female
v_BreastStroke_g70_c01,41,9,male
v_BreastStroke_g71_c01,44,6,male
v_BreastStroke_g72_c01,35,15,male
v_BreastStroke_g73_c01,32,18,male
v_BreastStroke_g74_c01,33,17,male
v_BreastStroke_g75_c01,37,13,male
v_BreastStroke_g76_c01,36,14,male
v_BreastStroke_g77_c01,50,0,male
v_BreastStroke_g78_c01,50,0,male
v_BreastStroke_g79_c01,40,10,male
v_BreastStroke_g80_c01,47,3,male
v_BreastStroke_g81_c01,26,24,male
v_BreastStroke_g82_c01,32,18,male
v_BreastStroke_g83_c01.,9,41,female
v_BreastStroke_g84_c01,14,36,female
v_BreastStroke_g85_c01,14,36,female
v_BreastStroke_g86_c01,5,45,female
v_BreastStroke_g87_c01.,31,19,male
v_BreastStroke_g88_c01.,22,28,female
v_BreastStroke_g89_c01,27,23,male
v_BreastStroke_g90_c01,33,17,male
v_BreastStroke_g91_c01,6,44,female
v_BreastStroke_g92_c01.,7,43,female
v_BreastStroke_g93_c01,50,0,male
v_BreastStroke_g94_c01,32,18,male
v_BreastStroke_g95_c01,20,29,female
v_BreastStroke_g96_c01,14,36,female
v_BreastStroke_g97_c01,17,33,female
v_BreastStroke_g98_c01.,10,40,female
v_BreastStroke_g99_c01,2,48,female
v_BrushingTeeth_g01_c01,50,0,male
v_BrushingTeeth_g02_c01,28,22,male
v_BrushingTeeth_g03_c01,19,31,female
v_BrushingTeeth_g04_c01,0,50,female
v_BrushingTeeth_g05_c01,50,0,male
v_BrushingTeeth_g06_c01,43,7,male
v_BrushingTeeth_g07_c01.,43,7,male
v_BrushingTeeth_g08_c01,40,10,male
v_BrushingTeeth_g09_c01,10,40,female
v_BrushingTeeth_g10_c01.,30,20,male
v_BrushingTeeth_g11_c01,2,48,female
v_BrushingTeeth_g12_c01,48,2,male
v_BrushingTeeth_g13_c01,14,36,female
v_BrushingTeeth_g14_c01.,27,23,male
v_BrushingTeeth_g15_c01,13,37,female
v_BrushingTeeth_g16_c01.,4,46,female
v_BrushingTeeth_g17_c01,29,21,male
v_BrushingTeeth_g18_c01,41,9,male
v_BrushingTeeth_g19_c01,50,0,male
v_BrushingTeeth_g20_c01.,50,0,male
v_BrushingTeeth_g21_c01,32,18,male
v_BrushingTeeth_g22_c01,50,0,male
v_BrushingTeeth_g23_c01,40,10,male
v_BrushingTeeth_g24_c01,33,17,male
v_BrushingTeeth_g25_c01,46,4,male
v_BrushingTeeth_g26_c01.,23,27,female
v_BrushingTeeth_g27_c01,48,2,male
v_BrushingTeeth_g28_c01,24,26,female
v_BrushingTeeth_g29_c01,13,37,female
v_BrushingTeeth_g30_c01,17,33,female
v_BrushingTeeth_g31_c01,44,6,male
v_BrushingTeeth_g32_c01,44,6,male
v_BrushingTeeth_g33_c01.,9,41,female
v_BrushingTeeth_g34_c01,49,1,male
v_BrushingTeeth_g35_c01.,35,15,male
v_BrushingTeeth_g36_c01.,2,48,female
v_BrushingTeeth_g37_c01.,14,36,female
v_BrushingTeeth_g38_c01,46,4,male
v_BrushingTeeth_g39_c01,41,9,male
v_BrushingTeeth_g40_c01.,45,5,male
v_BrushingTeeth_g41_c01.,6,44,female
v_BrushingTeeth_g42_c01.,12,38,female
v_BrushingTeeth_g43_c01,9,41,female
v_BrushingTeeth_g44_c01,44,6,male
v_BrushingTeeth_g45_c01,8,42,female
v_BrushingTeeth_g46_c01,47,3,male
v_BrushingTeeth_g47_c01,19,31,female
v_BrushingTeeth_g48_c01,37,13,male
v_BrushingTeeth_g49_c01.,7,43,female
v_BrushingTeeth_g50_c01,14,36,female
v_BrushingTeeth_g51_c01,2,48,female
v_BrushingTeeth_g52_c01,19,31,female
v_BrushingTeeth_g53_c01,48,2,male
v_BrushingTeeth_g54_c01.,43,7,male
v_BrushingTeeth_g55_c01.,40,10,male
v_BrushingTeeth_g56_c01,1,49,female
v_BrushingTeeth_g57_c01.,2,48,female
v_BrushingTeeth_g58_c01.,34,16,male
v_BrushingTeeth_g59_c01,9,41,female
v_BrushingTeeth_g60_c01,40,10,male
v_BrushingTeeth_g61_c01,27,23,male
v_BrushingTeeth_g62_c01,44,6,male
v_BrushingTeeth_g63_c01.,7,43,female
v_BrushingTeeth_g64_c01,18,32,female
v_BrushingTeeth_g65_c01.,46,4,male
v_BrushingTeeth_g66_c01,44,6,male
v_BrushingTeeth_g67_c01,23,27,female
v_BrushingTeeth_g68_c01,25,25,uncertain
v_BrushingTeeth_g69_c01.,11,39,female
v_BrushingTeeth_g70_c01,43,7,male
v_BrushingTeeth_g71_c01,30,20,male
v_BrushingTeeth_g72_c01,0,50,female
v_BrushingTeeth_g73_c01,42,8,male
v_BrushingTeeth_g74_c01,11,39,female
v_BrushingTeeth_g75_c01.,9,41,female
v_BrushingTeeth_g76_c01,33,17,male
v_BrushingTeeth_g77_c01,7,43,female
v_BrushingTeeth_g78_c01,50,0,male
v_BrushingTeeth_g79_c01,12,38,female
v_BrushingTeeth_g80_c01,4,46,female
v_BrushingTeeth_g81_c01.,3,47,female
v_BrushingTeeth_g82_c01,25,25,uncertain
v_BrushingTeeth_g83_c01.,23,27,female
v_CleanAndJerk_g01_c01,37,13,male
v_CleanAndJerk_g02_c01,45,5,male
v_CleanAndJerk_g03_c01,30,20,male
v_CleanAndJerk_g04_c01,23,27,female
v_CleanAndJerk_g05_c01,49,1,male
v_CleanAndJerk_g06_c01,43,7,male
v_CleanAndJerk_g07_c01,48,2,male
v_CleanAndJerk_g08_c01,0,50,female
v_CleanAndJerk_g09_c01,41,9,male
v_CleanAndJerk_g10_c01,15,35,female
v_CleanAndJerk_g11_c01,42,8,male
v_CleanAndJerk_g12_c01,50,0,male
v_CleanAndJerk_g13_c01,49,1,male
v_CleanAndJerk_g14_c01,4,46,female
v_CleanAndJerk_g15_c01,38,12,male
v_CleanAndJerk_g16_c01,47,3,male
v_CleanAndJerk_g17_c01,9,41,female
v_CleanAndJerk_g18_c01,41,9,male
v_CleanAndJerk_g19_c01,50,0,male
v_CleanAndJerk_g20_c01,37,13,male
v_CleanAndJerk_g21_c01,50,0,male
v_CleanAndJerk_g22_c01,29,21,male
v_CleanAndJerk_g23_c01,39,11,male
v_CleanAndJerk_g24_c01,43,7,male
v_CleanAndJerk_g25_c01,33,17,male
v_CleanAndJerk_g26_c01,47,3,male
v_CleanAndJerk_g27_c01.,7,43,female
v_CleanAndJerk_g28_c01,23,27,female
v_CleanAndJerk_g29_c01,48,2,male
v_CleanAndJerk_g30_c01,46,4,male
v_CleanAndJerk_g31_c01.,46,4,male
v_CleanAndJerk_g32_c01,37,13,male
v_CleanAndJerk_g33_c01,8,42,female
v_CleanAndJerk_g34_c01,50,0,male
v_CleanAndJerk_g35_c01,43,7,male
v_CleanAndJerk_g36_c01,48,2,male
v_CleanAndJerk_g37_c01,50,0,male
v_CleanAndJerk_g38_c01,46,4,male
v_CleanAndJerk_g39_c01,50,0,male
v_CleanAndJerk_g40_c01.,42,8,male
v_CleanAndJerk_g41_c01.,15,35,female
v_CleanAndJerk_g42_c01,36,14,male
v_CleanAndJerk_g43_c01,12,38,female
v_CleanAndJerk_g44_c01,48,2,male
v_CleanAndJerk_g45_c01,15,35,female
v_CleanAndJerk_g46_c01,25,25,uncertain
v_CleanAndJerk_g47_c01,40,10,male
v_CleanAndJerk_g48_c01,33,17,male
v_CleanAndJerk_g49_c01,41,9,male
v_CleanAndJerk_g50_c01,50,0,male
v_CleanAndJerk_g51_c01,44,6,male
v_CleanAndJerk_g52_c01,5,45,female
v_CleanAndJerk_g53_c01,45,5,male
v_CleanAndJerk_g54_c01,42,7,male
v_CleanAndJerk_g55_c01,50,0,male
v_CleanAndJerk_g56_c01,50,0,male
v_CleanAndJerk_g57_c01,30,20,male
v_CleanAndJerk_g58_c01,36,14,male
v_CleanAndJerk_g59_c01,36,14,male
v_CleanAndJerk_g60_c01,45,5,male
v_CleanAndJerk_g61_c01.,16,34,female
v_CleanAndJerk_g62_c01,4,46,female
v_CleanAndJerk_g63_c01,45,5,male
v_CleanAndJerk_g64_c01,50,0,male
v_CleanAndJerk_g65_c01,50,0,male
v_CleanAndJerk_g66_c01,44,6,male
v_CleanAndJerk_g67_c01,44,6,male
v_CleanAndJerk_g68_c01,45,5,male
v_CleanAndJerk_g69_c01,37,13,male
v_CleanAndJerk_g70_c01.,5,45,female
v_CliffDiving_g01_c01,49,1,male
v_CliffDiving_g02_c01.,38,12,male
v_CliffDiving_g03_c01,43,7,male
v_CliffDiving_g04_c01,33,17,male
v_CliffDiving_g05_c01,39,11,male
v_CliffDiving_g06_c01,38,12,male
v_CliffDiving_g07_c01,36,14,male
v_CliffDiving_g08_c01,47,3,male
v_CliffDiving_g09_c01,20,30,female
v_CliffDiving_g10_c01,21,29,female
v_CliffDiving_g11_c01,23,27,female
v_CliffDiving_g12_c01,43,7,male
v_CliffDiving_g13_c01,50,0,male
v_CliffDiving_g14_c01,31,19,male
v_CliffDiving_g15_c01,35,15,male
v_CliffDiving_g16_c01.,45,5,male
v_CliffDiving_g17_c01,45,5,male
v_CliffDiving_g18_c01,43,7,male
v_CliffDiving_g19_c01,47,3,male
v_CliffDiving_g20_c01.,22,28,female
v_CliffDiving_g21_c01,38,12,male
v_CliffDiving_g22_c01,41,9,male
v_CliffDiving_g23_c01,38,12,male
v_CliffDiving_g24_c01,31,19,male
v_CliffDiving_g25_c01,43,7,male
v_CliffDiving_g26_c01,43,7,male
v_CliffDiving_g27_c01,43,7,male
v_CliffDiving_g28_c01,6,44,female
v_CliffDiving_g29_c01,45,5,male
v_CliffDiving_g30_c01,44,6,male
v_CliffDiving_g31_c01,47,3,male
v_CliffDiving_g32_c01,47,3,male
v_CliffDiving_g33_c01,49,1,male
v_CliffDiving_g34_c01,48,1,male
v_CliffDiving_g35_c01,34,16,male
v_CliffDiving_g36_c01,42,8,male
v_CliffDiving_g37_c01,24,26,female
v_CliffDiving_g38_c01,49,1,male
v_CliffDiving_g39_c01,45,5,male
v_CliffDiving_g40_c01,33,17,male
v_CliffDiving_g41_c01,48,2,male
v_CliffDiving_g42_c01.,36,14,male
v_CliffDiving_g43_c01,46,4,male
v_CliffDiving_g44_c01,39,11,male
v_CliffDiving_g45_c01,30,20,male
v_CliffDiving_g46_c01,41,9,male
v_CliffDiving_g47_c01,36,14,male
v_CliffDiving_g48_c01,36,14,male
v_CliffDiving_g49_c01,34,16,male
v_CliffDiving_g50_c01,50,0,male
v_CliffDiving_g51_c01,49,1,male
v_CliffDiving_g52_c01,38,12,male
v_CliffDiving_g53_c01,37,13,male
v_CliffDiving_g54_c01,49,1,male
v_CliffDiving_g55_c01,43,7,male
v_CliffDiving_g56_c01,40,10,male
v_CliffDiving_g57_c01,47,3,male
v_CliffDiving_g58_c01,42,8,male
v_CliffDiving_g59_c01,48,2,male
v_CliffDiving_g60_c01,40,10,male
v_CliffDiving_g61_c01,41,9,male
v_CliffDiving_g62_c01,40,10,male
v_CliffDiving_g63_c01,42,8,male
v_CliffDiving_g64_c01,47,3,male
v_CliffDiving_g65_c01,42,8,male
v_CliffDiving_g66_c01.,38,12,male
v_CliffDiving_g67_c01,45,5,male
v_CliffDiving_g68_c01,37,13,male
v_CliffDiving_g69_c01,30,20,male
v_CliffDiving_g70_c01,45,5,male
v_CliffDiving_g71_c01,48,2,male
v_CliffDiving_g72_c01,24,26,female
v_CliffDiving_g73_c01,41,9,male
v_CliffDiving_g74_c01,47,3,male
v_CliffDiving_g75_c01,49,1,male
v_CliffDiving_g76_c01,44,6,male
v_CliffDiving_g77_c01,36,14,male
v_CliffDiving_g78_c01,33,17,male
v_CliffDiving_g79_c01,31,19,male
v_CliffDiving_g80_c01.,35,15,male
v_CliffDiving_g81_c01,38,12,male
v_CliffDiving_g82_c01,42,8,male
v_CliffDiving_g83_c01,7,43,female
v_CliffDiving_g84_c01,12,38,female
v_CliffDiving_g85_c01.,50,0,male
v_CliffDiving_g86_c01,43,7,male
v_CricketBowling_g01_c01.,46,4,male
v_CricketBowling_g02_c01,8,42,female
v_CricketBowling_g03_c01,0,50,female
v_CricketBowling_g04_c01.,29,21,male
v_CricketBowling_g05_c01,33,17,male
v_CricketBowling_g06_c01,45,5,male
v_CricketBowling_g07_c01,50,0,male
v_CricketBowling_g08_c01,40,10,male
v_CricketBowling_g09_c01,42,8,male
v_CricketBowling_g10_c01,3,47,female
v_CricketBowling_g11_c01,44,6,male
v_CricketBowling_g12_c01,50,0,male
v_CricketBowling_g13_c01.,47,3,male
v_CricketBowling_g14_c01.,47,3,male
v_CricketBowling_g15_c01,50,0,male
v_CricketBowling_g16_c01,46,4,male
v_CricketBowling_g17_c01,31,19,male
v_CricketBowling_g18_c01,30,20,male
v_CricketBowling_g19_c01,50,0,male
v_CricketBowling_g20_c01,44,6,male
v_CricketBowling_g21_c01.,36,14,male
v_CricketBowling_g22_c01,36,14,male
v_CricketBowling_g23_c01,48,2,male
v_CricketBowling_g24_c01,47,3,male
v_CricketBowling_g25_c01.,40,10,male
v_CricketBowling_g26_c01,48,2,male
v_CricketBowling_g27_c01,34,16,male
v_CricketBowling_g28_c01,45,5,male
v_CricketBowling_g29_c01,45,5,male
v_CricketBowling_g30_c01.,49,1,male
v_CricketBowling_g31_c01,33,17,male
v_CricketBowling_g32_c01.,43,7,male
v_CricketBowling_g33_c01,47,3,male
v_CricketBowling_g34_c01,50,0,male
v_CricketBowling_g35_c01,48,2,male
v_CricketBowling_g36_c01.,45,5,male
v_CricketBowling_g37_c01,42,8,male
v_CricketBowling_g38_c01.,48,2,male
v_CricketBowling_g39_c01,5,45,female
v_CricketBowling_g40_c01,42,8,male
v_CricketBowling_g41_c01,7,43,female
v_CricketBowling_g42_c01.,40,10,male
v_CricketBowling_g43_c01,47,3,male
v_CricketBowling_g44_c01.,46,4,male
v_CricketBowling_g45_c01,43,7,male
v_CricketBowling_g46_c01,48,2,male
v_CricketBowling_g47_c01,38,12,male
v_CricketBowling_g48_c01,48,2,male
v_CricketBowling_g49_c01,50,0,male
v_CricketBowling_g50_c01,46,4,male
v_CricketBowling_g51_c01,50,0,male
v_CricketBowling_g52_c01,49,1,male
v_CricketBowling_g53_c01,49,1,male
v_CricketBowling_g54_c01,50,0,male
v_CricketBowling_g55_c01,45,5,male
v_CricketBowling_g56_c01.,44,6,male
v_CricketBowling_g57_c01,8,42,female
v_CricketBowling_g58_c01,48,2,male
v_CricketBowling_g59_c01,49,0,male
v_CricketBowling_g60_c01,48,2,male
v_CricketBowling_g61_c01,47,3,male
v_CricketBowling_g62_c01,24,26,female
v_CricketBowling_g63_c01,44,6,male
v_CricketBowling_g64_c01,47,3,male
v_CricketBowling_g65_c01.,36,14,male
v_CricketBowling_g66_c01,50,0,male
v_CricketBowling_g67_c01.,50,0,male
v_CricketBowling_g68_c01,50,0,male
v_CricketBowling_g69_c01,50,0,male
v_CricketBowling_g70_c01.,32,18,male
v_CricketBowling_g71_c01,50,0,male
v_CricketBowling_g72_c01.,43,7,male
v_CricketBowling_g73_c01,49,1,male
v_CricketBowling_g74_c01,50,0,male
v_CricketBowling_g75_c01,31,19,male
v_CricketBowling_g76_c01,3,47,female
v_CricketBowling_g77_c01,46,4,male
v_CricketBowling_g78_c01,47,3,male
v_CricketBowling_g79_c01,40,10,male
v_CricketBowling_g80_c01,11,39,female
v_CricketBowling_g81_c01.,32,18,male
v_CricketBowling_g82_c01,50,0,male
v_CricketBowling_g83_c01,20,30,female
v_CricketBowling_g84_c01,46,4,male
v_CricketBowling_g85_c01,46,4,male
v_CricketBowling_g86_c01,50,0,male
v_CricketBowling_g87_c01.,42,8,male
v_CricketBowling_g88_c01,42,8,male
v_CricketBowling_g89_c01.,49,1,male
v_CricketBowling_g90_c01.,50,0,male
v_CricketBowling_g91_c01,46,4,male
v_CricketShot_g01_c01.,47,3,male
v_CricketShot_g02_c01.,38,12,male
v_CricketShot_g03_c01.,31,19,male
v_CricketShot_g04_c01.,26,24,male
v_CricketShot_g05_c01,42,8,male
v_CricketShot_g06_c01,37,13,male
v_CricketShot_g07_c01,44,6,male
v_CricketShot_g08_c01,38,12,male
v_CricketShot_g09_c01,42,8,male
v_CricketShot_g10_c01,50,0,male
v_CricketShot_g11_c01,47,3,male
v_CricketShot_g12_c01,50,0,male
v_CricketShot_g13_c01,43,7,male
v_CricketShot_g14_c01,48,2,male
v_CricketShot_g15_c01.,44,6,male
v_CricketShot_g16_c01.,48,2,male
v_CricketShot_g17_c01.,43,7,male
v_CricketShot_g18_c01.,49,1,male
v_CricketShot_g19_c01,49,1,male
v_CricketShot_g20_c01,49,1,male
v_CricketShot_g21_c01.,45,5,male
v_CricketShot_g22_c01.,6,44,female
v_CricketShot_g23_c01,34,16,male
v_CricketShot_g24_c01,38,12,male
v_CricketShot_g25_c01,44,6,male
v_CricketShot_g26_c01,47,3,male
v_CricketShot_g27_c01,42,8,male
v_CricketShot_g28_c01,35,15,male
v_CricketShot_g29_c01.,48,2,male
v_CricketShot_g30_c01.,50,0,male
v_CricketShot_g31_c01,48,2,male
v_CricketShot_g32_c01.,48,2,male
v_CricketShot_g33_c01,50,0,male
v_CricketShot_g34_c01.,45,5,male
v_CricketShot_g35_c01,45,5,male
v_CricketShot_g36_c01.,50,0,male
v_CricketShot_g37_c01,46,4,male
v_CricketShot_g38_c01,39,11,male
v_CricketShot_g39_c01,35,15,male
v_CricketShot_g40_c01,47,3,male
v_CricketShot_g41_c01,20,30,female
v_CricketShot_g42_c01,46,4,male
v_CricketShot_g43_c01,42,8,male
v_CricketShot_g44_c01,38,12,male
v_CricketShot_g45_c01,48,2,male
v_CricketShot_g46_c01,42,8,male
v_CricketShot_g47_c01,39,11,male
v_CricketShot_g48_c01,45,5,male
v_CricketShot_g49_c01,48,2,male
v_CricketShot_g50_c01.,42,7,male
v_CricketShot_g51_c01,45,5,male
v_CricketShot_g52_c01,1,49,female
v_CricketShot_g53_c01,41,9,male
v_CricketShot_g54_c01.,48,2,male
v_CricketShot_g55_c01,46,4,male
v_CricketShot_g56_c01,46,4,male
v_CricketShot_g57_c01,50,0,male
v_CricketShot_g58_c01.,49,1,male
v_CricketShot_g59_c01.,41,9,male
v_CricketShot_g60_c01,41,9,male
v_CricketShot_g61_c01,41,9,male
v_CricketShot_g62_c01.,40,10,male
v_CricketShot_g63_c01,41,9,male
v_CricketShot_g64_c01,38,12,male
v_CricketShot_g65_c01,38,12,male
v_CricketShot_g66_c01.,45,5,male
v_CricketShot_g67_c01,9,41,female
v_CricketShot_g68_c01,44,6,male
v_CricketShot_g69_c01,8,42,female
v_CricketShot_g70_c01,50,0,male
v_CricketShot_g71_c01,50,0,male
v_CricketShot_g72_c01.,50,0,male
v_CuttingInKitchen_g01_c01.,0,50,female
v_CuttingInKitchen_g02_c01,0,50,female
v_CuttingInKitchen_g03_c01.,12,38,female
v_CuttingInKitchen_g04_c01.,6,44,female
v_CuttingInKitchen_g05_c01,16,34,female
v_CuttingInKitchen_g06_c01,26,24,male
v_CuttingInKitchen_g07_c01,39,11,male
v_CuttingInKitchen_g08_c01,11,39,female
v_CuttingInKitchen_g09_c01,16,34,female
v_CuttingInKitchen_g10_c01,36,14,male
v_CuttingInKitchen_g11_c01,31,19,male
v_CuttingInKitchen_g12_c01,19,31,female
v_CuttingInKitchen_g13_c01,29,21,male
v_CuttingInKitchen_g14_c01,35,15,male
v_CuttingInKitchen_g15_c01.,40,10,male
v_Diving_g01_c01.,40,10,male
v_Diving_g02_c01,37,13,male
v_Diving_g03_c01,1,49,female
v_Diving_g04_c01,11,39,female
v_Diving_g05_c01.,24,26,female
v_Diving_g06_c01,44,6,male
v_Diving_g07_c01,37,13,male
v_Diving_g08_c01,35,15,male
v_Diving_g09_c01,21,29,female
v_Diving_g10_c01,14,36,female
v_Diving_g11_c01,7,43,female
v_Diving_g12_c01,50,0,male
v_Diving_g13_c01,9,41,female
v_Diving_g14_c01,3,47,female
v_Diving_g15_c01,28,22,male
v_Diving_g16_c01.,40,10,male
v_Diving_g17_c01,44,6,male
v_Diving_g18_c01.,37,13,male
v_Diving_g19_c01.,21,29,female
v_Diving_g20_c01,22,28,female
v_Diving_g21_c01,40,10,male
v_Diving_g22_c01,27,23,male
v_Diving_g23_c01,4,46,female
v_Diving_g24_c01,39,11,male
v_Diving_g25_c01,0,50,female
v_Diving_g26_c01,38,12,male
v_Diving_g27_c01,42,8,male
v_Diving_g28_c01,44,6,male
v_Diving_g29_c01,7,43,female
v_Diving_g30_c01.,47,3,male
v_Diving_g31_c01,20,30,female
v_Diving_g32_c01,32,18,male
v_Diving_g33_c01.,50,0,male
v_Diving_g34_c01.,3,47,female
v_Diving_g35_c01,46,4,male
v_Diving_g36_c01,39,11,male
v_Diving_g37_c01,50,0,male
v_Diving_g38_c01,39,11,male
v_Diving_g39_c01,43,7,male
v_Diving_g40_c01.,6,44,female
v_Diving_g41_c01.,27,23,male
v_Diving_g42_c01,43,7,male
v_Diving_g43_c01,50,0,male
v_Diving_g44_c01,37,13,male
v_Diving_g45_c01,50,0,male
v_Diving_g46_c01,0,50,female
v_Diving_g47_c01,0,50,female
v_Diving_g48_c01,35,15,male
v_Diving_g49_c01,45,5,male
v_Diving_g50_c01,37,13,male
v_Diving_g51_c01.,48,2,male
v_Diving_g52_c01.,28,22,male
v_Diving_g53_c01,36,14,male
v_Diving_g54_c01.,32,18,male
v_Diving_g55_c01,33,17,male
v_Diving_g56_c01,23,27,female
v_Diving_g57_c01,50,0,male
v_Diving_g58_c01,10,40,female
v_Diving_g59_c01,50,0,male
v_Diving_g60_c01,46,4,male
v_Diving_g61_c01.,17,33,female
v_Diving_g62_c01,1,49,female
v_Diving_g63_c01,48,2,male
v_Diving_g64_c01,38,12,male
v_Diving_g65_c01.,48,2,male
v_Diving_g66_c01,5,45,female
v_Diving_g67_c01,8,42,female
v_Diving_g68_c01,11,39,female
v_Diving_g69_c01,31,19,male
v_Diving_g70_c01,14,36,female
v_Diving_g71_c01,10,40,female
v_Diving_g72_c01,21,29,female
v_Diving_g73_c01,31,19,male
v_Drumming_g01_c01,47,3,male
v_Drumming_g02_c01,10,40,female
v_Drumming_g03_c01,42,8,male
v_Drumming_g04_c01,34,16,male
v_Drumming_g05_c01,46,4,male
v_Drumming_g06_c01,30,20,male
v_Drumming_g07_c01,41,9,male
v_Drumming_g08_c01,42,8,male
v_Drumming_g09_c01,47,3,male
v_Drumming_g100_c01,45,5,male
v_Drumming_g101_c01,43,7,male
v_Drumming_g102_c01,21,29,female
v_Drumming_g103_c01,20,30,female
v_Drumming_g104_c01,5,45,female
v_Drumming_g105_c01,50,0,male
v_Drumming_g106_c01,47,3,male
v_Drumming_g107_c01,3,47,female
v_Drumming_g108_c01,48,2,male
v_Drumming_g109_c01,50,0,male
v_Drumming_g10_c01,48,1,male
v_Drumming_g110_c01,50,0,male
v_Drumming_g111_c01,30,20,male
v_Drumming_g112_c01,34,16,male
v_Drumming_g113_c01,14,36,female
v_Drumming_g114_c01,49,1,male
v_Drumming_g115_c01.,48,2,male
v_Drumming_g116_c01,46,4,male
v_Drumming_g117_c01,37,13,male
v_Drumming_g118_c01,50,0,male
v_Drumming_g119_c01,48,2,male
v_Drumming_g11_c01,47,3,male
v_Drumming_g120_c01.,50,0,male
v_Drumming_g121_c01,50,0,male
v_Drumming_g122_c01,32,18,male
v_Drumming_g123_c01,40,10,male
v_Drumming_g12_c01,4,46,female
v_Drumming_g13_c01,0,50,female
v_Drumming_g14_c01.,44,6,male
v_Drumming_g15_c01,0,50,female
v_Drumming_g16_c01,50,0,male
v_Drumming_g17_c01,2,48,female
v_Drumming_g18_c01,47,3,male
v_Drumming_g19_c01,26,24,male
v_Drumming_g20_c01,9,41,female
v_Drumming_g21_c01,43,7,male
v_Drumming_g22_c01,7,43,female
v_Drumming_g23_c01,0,50,female
v_Drumming_g24_c01,26,24,male
v_Drumming_g25_c01,28,22,male
v_Drumming_g26_c01.,50,0,male
v_Drumming_g27_c01,49,1,male
v_Drumming_g28_c01,50,0,male
v_Drumming_g29_c01,28,22,male
v_Drumming_g30_c01,45,5,male
v_Drumming_g31_c01,25,25,uncertain
v_Drumming_g32_c01,0,50,female
v_Drumming_g33_c01,14,36,female
v_Drumming_g34_c01,39,11,male
v_Drumming_g35_c01,0,50,female
v_Drumming_g36_c01,0,50,female
v_Drumming_g37_c01,50,0,male
v_Drumming_g38_c01,48,2,male
v_Drumming_g39_c01,1,49,female
v_Drumming_g40_c01,50,0,male
v_Drumming_g41_c01.,50,0,male
v_Drumming_g42_c01,13,37,female
v_Drumming_g43_c01,47,3,male
v_Drumming_g44_c01,46,4,male
v_Drumming_g45_c01,49,1,male
v_Drumming_g46_c01,50,0,male
v_Drumming_g47_c01,39,11,male
v_Drumming_g48_c01,33,17,male
v_Drumming_g49_c01.,30,20,male
v_Drumming_g50_c01,38,12,male
v_Drumming_g51_c01,45,5,male
v_Drumming_g52_c01,44,6,male
v_Drumming_g53_c01,43,7,male
v_Drumming_g54_c01,38,12,male
v_Drumming_g55_c01,0,50,female
v_Drumming_g56_c01,48,2,male
v_Drumming_g57_c01,40,10,male
v_Drumming_g58_c01,25,25,uncertain
v_Drumming_g59_c01,50,0,male
v_Drumming_g60_c01.,4,46,female
v_Drumming_g61_c01,45,5,male
v_Drumming_g62_c01,50,0,male
v_Drumming_g63_c01,10,40,female
v_Drumming_g64_c01,40,10,male
v_Drumming_g65_c01.,43,7,male
v_Drumming_g66_c01,39,11,male
v_Drumming_g67_c01,0,50,female
v_Drumming_g68_c01,37,13,male
v_Drumming_g69_c01,49,1,male
v_Drumming_g70_c01.,0,50,female
v_Drumming_g71_c01,42,8,male
v_Drumming_g72_c01,48,2,male
v_Drumming_g73_c01,6,44,female
v_Drumming_g74_c01.,47,3,male
v_Drumming_g75_c01,22,28,female
v_Drumming_g76_c01,45,5,male
v_Drumming_g77_c01,14,36,female
v_Drumming_g78_c01,49,0,male
v_Drumming_g79_c01.,26,24,male
v_Drumming_g80_c01,50,0,male
v_Drumming_g81_c01,39,11,male
v_Drumming_g82_c01,2,48,female
v_Drumming_g83_c01,2,48,female
v_Drumming_g84_c01,0,50,female
v_Drumming_g85_c01,50,0,male
v_Drumming_g86_c01,38,12,male
v_Drumming_g87_c01,44,6,male
v_Drumming_g88_c01,0,50,female
v_Drumming_g89_c01,0,50,female
v_Drumming_g90_c01,3,47,female
v_Drumming_g91_c01,47,3,male
v_Drumming_g92_c01,49,1,male
v_Drumming_g93_c01,2,48,female
v_Drumming_g94_c01.,0,50,female
v_Drumming_g95_c01,50,0,male
v_Drumming_g96_c01,50,0,male
v_Drumming_g97_c01,39,11,male
v_Drumming_g98_c01,1,49,female
v_Drumming_g99_c01,49,1,male
v_Fencing_g01_c01,31,19,male
v_Fencing_g02_c01,13,37,female
v_Fencing_g03_c01.,50,0,male
v_Fencing_g04_c01,6,44,female
v_Fencing_g05_c01,21,29,female
v_Fencing_g06_c01.,46,4,male
v_Fencing_g07_c01,41,9,male
v_Fencing_g08_c01,49,1,male
v_Fencing_g09_c01,24,26,female
v_Fencing_g10_c01.,21,29,female
v_Fencing_g11_c01,38,12,male
v_Fencing_g12_c01.,36,14,male
v_Fencing_g13_c01,46,4,male
v_Fencing_g14_c01,50,0,male
v_Fencing_g15_c01,5,45,female
v_Fencing_g16_c01,35,15,male
v_Fencing_g17_c01,31,19,male
v_Fencing_g18_c01,3,47,female
v_Fencing_g19_c01,23,27,female
v_Fencing_g20_c01,36,14,male
v_Fencing_g21_c01,30,20,male
v_Fencing_g22_c01,38,12,male
v_Fencing_g23_c01,39,11,male
v_Fencing_g24_c01,48,2,male
v_Fencing_g25_c01.,21,29,female
v_Fencing_g26_c01,48,2,male
v_Fencing_g27_c01,37,13,male
v_Fencing_g28_c01,41,9,male
v_Fencing_g29_c01,50,0,male
v_Fencing_g30_c01,29,21,male
v_Fencing_g31_c01,49,1,male
v_Fencing_g32_c01,27,23,male
v_Fencing_g33_c01,49,1,male
v_Fencing_g34_c01,42,8,male
v_Fencing_g35_c01,39,11,male
v_Fencing_g36_c01,32,18,male
v_Fencing_g37_c01,31,19,male
v_Fencing_g38_c01,43,7,male
v_Fencing_g39_c01,38,12,male
v_Fencing_g40_c01,45,5,male
v_Fencing_g41_c01.,50,0,male
v_Fencing_g42_c01,49,1,male
v_Fencing_g43_c01,48,2,male
v_Fencing_g44_c01,25,25,uncertain
v_Fencing_g45_c01,23,27,female
v_Fencing_g46_c01.,40,10,male
v_Fencing_g47_c01,31,19,male
v_Fencing_g48_c01,49,1,male
v_Fencing_g49_c01,18,32,female
v_Fencing_g50_c01,31,19,male
v_Fencing_g51_c01,40,10,male
v_Fencing_g52_c01.,10,40,female
v_Fencing_g53_c01,46,4,male
v_Fencing_g54_c01,28,22,male
v_Fencing_g55_c01,40,10,male
v_Fencing_g56_c01,20,30,female
v_Fencing_g57_c01.,50,0,male
v_Fencing_g58_c01,50,0,male
v_Fencing_g59_c01,33,17,male
v_Fencing_g60_c01,25,25,uncertain
v_Fencing_g61_c01,31,19,male
v_Fencing_g62_c01,20,30,female
v_Fencing_g63_c01.,49,1,male
v_Fencing_g64_c01,44,6,male
v_Fencing_g65_c01,48,2,male
v_Fencing_g66_c01,47,3,male
v_Fencing_g67_c01.,47,3,male
v_Fencing_g68_c01,6,44,female
v_Fencing_g69_c01,7,43,female
v_Fencing_g70_c01,30,20,male
v_Fencing_g71_c01,37,13,male
v_Fencing_g72_c01.,47,3,male
v_Fencing_g73_c01,1,49,female
v_Fencing_g74_c01,41,9,male
v_Fencing_g75_c01,43,7,male
v_Fencing_g76_c01,42,8,male
v_Fencing_g77_c01,5,45,female
v_Fencing_g78_c01,9,41,female
v_Fencing_g79_c01,11,39,female
v_FieldHockeyPenalty_g01_c01.,24,26,female
v_FieldHockeyPenalty_g02_c01,14,36,female
v_FieldHockeyPenalty_g03_c01,3,47,female
v_FieldHockeyPenalty_g04_c01.,32,18,male
v_FieldHockeyPenalty_g05_c01,44,6,male
v_FieldHockeyPenalty_g06_c01,48,2,male
v_FieldHockeyPenalty_g07_c01,44,6,male
v_FieldHockeyPenalty_g08_c01,10,40,female
v_FieldHockeyPenalty_g09_c01,41,9,male
v_FieldHockeyPenalty_g10_c01,43,7,male
v_FieldHockeyPenalty_g11_c01,9,41,female
v_FieldHockeyPenalty_g12_c01,18,32,female
v_FieldHockeyPenalty_g13_c01,39,11,male
v_FieldHockeyPenalty_g14_c01,3,47,female
v_FieldHockeyPenalty_g15_c01,48,2,male
v_FieldHockeyPenalty_g16_c01,48,2,male
v_FieldHockeyPenalty_g17_c01,22,28,female
v_FieldHockeyPenalty_g18_c01,45,5,male
v_FieldHockeyPenalty_g19_c01.,47,3,male
v_FieldHockeyPenalty_g20_c01,23,27,female
v_FieldHockeyPenalty_g21_c01,24,26,female
v_FieldHockeyPenalty_g22_c01,47,3,male
v_FieldHockeyPenalty_g23_c01,45,5,male
v_FieldHockeyPenalty_g24_c01,3,47,female
v_FieldHockeyPenalty_g25_c01.,38,12,male
v_FieldHockeyPenalty_g26_c01,13,37,female
v_FieldHockeyPenalty_g27_c01,48,2,male
v_FieldHockeyPenalty_g28_c01,42,8,male
v_FieldHockeyPenalty_g29_c01,3,47,female
v_FieldHockeyPenalty_g30_c01,24,26,female
v_FieldHockeyPenalty_g31_c01,49,0,male
v_FieldHockeyPenalty_g32_c01.,4,46,female
v_FieldHockeyPenalty_g33_c01,39,11,male
v_FieldHockeyPenalty_g34_c01,36,14,male
v_FieldHockeyPenalty_g35_c01,5,45,female
v_FieldHockeyPenalty_g36_c01,50,0,male
v_FieldHockeyPenalty_g37_c01,50,0,male
v_FieldHockeyPenalty_g38_c01,21,29,female
v_FieldHockeyPenalty_g39_c01,49,1,male
v_FieldHockeyPenalty_g40_c01,50,0,male
v_FieldHockeyPenalty_g41_c01,43,7,male
v_FieldHockeyPenalty_g42_c01.,33,17,male
v_FieldHockeyPenalty_g43_c01.,41,9,male
v_FieldHockeyPenalty_g44_c01,47,3,male
v_FieldHockeyPenalty_g45_c01,26,24,male
v_FieldHockeyPenalty_g46_c01,43,7,male
v_FieldHockeyPenalty_g47_c01,49,1,male
v_FieldHockeyPenalty_g48_c01,47,3,male
v_FieldHockeyPenalty_g49_c01,1,49,female
v_FieldHockeyPenalty_g50_c01,2,48,female
v_FieldHockeyPenalty_g51_c01,49,1,male
v_FieldHockeyPenalty_g52_c01.,47,3,male
v_FieldHockeyPenalty_g53_c01,36,14,male
v_FieldHockeyPenalty_g54_c01,29,21,male
v_FieldHockeyPenalty_g55_c01,0,50,female
v_FieldHockeyPenalty_g56_c01,37,13,male
v_FieldHockeyPenalty_g57_c01,40,10,male
v_FieldHockeyPenalty_g58_c01,45,5,male
v_FieldHockeyPenalty_g59_c01,29,21,male
v_FieldHockeyPenalty_g60_c01,14,36,female
v_FieldHockeyPenalty_g61_c01,22,28,female
v_FieldHockeyPenalty_g62_c01,29,21,male
v_FieldHockeyPenalty_g63_c01,14,36,female
v_FieldHockeyPenalty_g64_c01,40,10,male
v_FieldHockeyPenalty_g65_c01.,26,24,male
v_FieldHockeyPenalty_g66_c01,26,24,male
v_FieldHockeyPenalty_g67_c01,46,4,male
v_FieldHockeyPenalty_g68_c01,38,12,male
v_FieldHockeyPenalty_g69_c01,48,2,male
v_FieldHockeyPenalty_g70_c01,28,22,male
v_FieldHockeyPenalty_g71_c01.,29,21,male
v_FieldHockeyPenalty_g72_c01,20,30,female
v_FieldHockeyPenalty_g73_c01,38,12,male
v_FieldHockeyPenalty_g74_c01,34,16,male
v_FieldHockeyPenalty_g75_c01,43,7,male
v_FieldHockeyPenalty_g76_c01,12,38,female
v_FieldHockeyPenalty_g77_c01,33,17,male
v_FieldHockeyPenalty_g78_c01,38,12,male
v_FieldHockeyPenalty_g79_c01,24,26,female
v_FieldHockeyPenalty_g80_c01,34,16,male
v_FieldHockeyPenalty_g81_c01,50,0,male
v_FieldHockeyPenalty_g82_c01,42,8,male
v_FieldHockeyPenalty_g83_c01,47,3,male
v_FieldHockeyPenalty_g84_c01,14,36,female
v_FieldHockeyPenalty_g85_c01,49,1,male
v_FieldHockeyPenalty_g86_c01,43,7,male
v_FloorGymnastics_g01_c01,25,25,uncertain
v_FloorGymnastics_g02_c01.,2,48,female
v_FloorGymnastics_g03_c01,46,4,male
v_FloorGymnastics_g04_c01.,14,36,female
v_FloorGymnastics_g05_c01,4,46,female
v_FloorGymnastics_g06_c01,17,33,female
v_FloorGymnastics_g07_c01,27,23,male
v_FloorGymnastics_g08_c01,43,7,male
v_FloorGymnastics_g09_c01,19,31,female
v_FloorGymnastics_g10_c01,2,48,female
v_FloorGymnastics_g11_c01,0,50,female
v_FloorGymnastics_g12_c01,21,29,female
v_FloorGymnastics_g13_c01,1,49,female
v_FloorGymnastics_g14_c01,22,28,female
v_FloorGymnastics_g15_c01,4,46,female
v_FloorGymnastics_g16_c01,14,36,female
v_FloorGymnastics_g17_c01,5,45,female
v_FloorGymnastics_g18_c01.,4,46,female
v_FloorGymnastics_g19_c01,12,38,female
v_FloorGymnastics_g20_c01,33,17,male
v_FloorGymnastics_g21_c01,10,40,female
v_FloorGymnastics_g22_c01.,23,27,female
v_FloorGymnastics_g23_c01,1,49,female
v_FloorGymnastics_g24_c01,48,2,male
v_FloorGymnastics_g25_c01,46,4,male
v_FloorGymnastics_g26_c01.,25,25,uncertain
v_FloorGymnastics_g27_c01,50,0,male
v_FloorGymnastics_g28_c01,13,37,female
v_FloorGymnastics_g29_c01,30,20,male
v_FloorGymnastics_g30_c01,4,46,female
v_FloorGymnastics_g31_c01,10,40,female
v_FloorGymnastics_g32_c01,46,4,male
v_FloorGymnastics_g33_c01,22,28,female
v_FloorGymnastics_g34_c01,45,5,male
v_FloorGymnastics_g35_c01,4,46,female
v_FloorGymnastics_g36_c01.,1,49,female
v_FloorGymnastics_g37_c01,22,28,female
v_FloorGymnastics_g38_c01,28,22,male
v_FloorGymnastics_g39_c01.,35,15,male
v_FloorGymnastics_g40_c01,41,9,male
v_FloorGymnastics_g41_c01,24,26,female
v_FloorGymnastics_g42_c01,6,44,female
v_FloorGymnastics_g43_c01.,26,24,male
v_FloorGymnastics_g44_c01,42,8,male
v_FloorGymnastics_g45_c01.,7,43,female
v_FloorGymnastics_g46_c01,1,49,female
v_FloorGymnastics_g47_c01,14,36,female
v_FloorGymnastics_g48_c01,48,2,male
v_FloorGymnastics_g49_c01,22,28,female
v_FloorGymnastics_g50_c01,39,11,male
v_FloorGymnastics_g51_c01,4,46,female
v_FloorGymnastics_g52_c01,5,45,female
v_FloorGymnastics_g53_c01,19,31,female
v_FloorGymnastics_g54_c01,21,29,female
v_FloorGymnastics_g55_c01,4,46,female
v_FloorGymnastics_g56_c01.,12,38,female
v_FloorGymnastics_g57_c01,43,7,male
v_FloorGymnastics_g58_c01,39,11,male
v_FloorGymnastics_g59_c01,6,44,female
v_FloorGymnastics_g60_c01,14,36,female
v_FloorGymnastics_g61_c01,1,49,female
v_FloorGymnastics_g62_c01,36,14,male
v_FloorGymnastics_g63_c01.,1,49,female
v_FloorGymnastics_g64_c01,9,41,female
v_FloorGymnastics_g65_c01.,18,32,female
v_FloorGymnastics_g66_c01,30,20,male
v_FloorGymnastics_g67_c01,24,26,female
v_FloorGymnastics_g68_c01,45,5,male
v_FloorGymnastics_g69_c01,42,8,male
v_FloorGymnastics_g70_c01,24,26,female
v_FloorGymnastics_g71_c01,35,15,male
v_FloorGymnastics_g72_c01,2,48,female
v_FrisbeeCatch_g01_c01.,18,32,female
v_FrisbeeCatch_g02_c01,49,1,male
v_FrisbeeCatch_g03_c01,42,8,male
v_FrisbeeCatch_g04_c01.,46,4,male
v_FrisbeeCatch_g05_c01,45,5,male
v_FrisbeeCatch_g06_c01,24,26,female
v_FrisbeeCatch_g07_c01,49,1,male
v_FrisbeeCatch_g08_c01,39,11,male
v_FrisbeeCatch_g09_c01,49,1,male
v_FrisbeeCatch_g10_c01,39,11,male
v_FrisbeeCatch_g11_c01,45,5,male
v_FrisbeeCatch_g12_c01,16,34,female
v_FrisbeeCatch_g13_c01,45,5,male
v_FrisbeeCatch_g14_c01,48,2,male
v_FrisbeeCatch_g15_c01,45,5,male
v_FrisbeeCatch_g16_c01,25,25,uncertain
v_FrisbeeCatch_g17_c01,50,0,male
v_FrisbeeCatch_g18_c01,40,10,male
v_FrisbeeCatch_g19_c01,46,4,male
v_FrisbeeCatch_g20_c01,43,7,male
v_FrisbeeCatch_g21_c01,24,26,female
v_FrisbeeCatch_g22_c01,42,8,male
v_FrisbeeCatch_g23_c01,5,45,female
v_FrisbeeCatch_g24_c01,45,5,male
v_FrisbeeCatch_g25_c01,13,37,female
v_FrisbeeCatch_g26_c01,40,10,male
v_FrisbeeCatch_g27_c01.,48,2,male
v_FrisbeeCatch_g28_c01,24,26,female
v_FrisbeeCatch_g29_c01.,44,6,male
v_FrisbeeCatch_g30_c01.,50,0,male
v_FrisbeeCatch_g31_c01,45,5,male
v_FrisbeeCatch_g32_c01,40,10,male
v_FrisbeeCatch_g33_c01,32,18,male
v_FrisbeeCatch_g34_c01,41,9,male
v_FrisbeeCatch_g35_c01,11,39,female
v_FrisbeeCatch_g36_c01,30,20,male
v_FrisbeeCatch_g37_c01,36,14,male
v_FrisbeeCatch_g38_c01.,28,22,male
v_FrisbeeCatch_g39_c01,15,35,female
v_FrisbeeCatch_g40_c01,30,20,male
v_FrisbeeCatch_g41_c01,45,5,male
v_FrisbeeCatch_g42_c01,7,43,female
v_FrisbeeCatch_g43_c01,47,3,male
v_FrisbeeCatch_g44_c01,14,36,female
v_FrisbeeCatch_g45_c01,34,16,male
v_FrisbeeCatch_g46_c01,23,27,female
v_FrisbeeCatch_g47_c01,10,40,female
v_FrisbeeCatch_g48_c01,5,45,female
v_FrisbeeCatch_g49_c01,48,2,male
v_FrisbeeCatch_g50_c01.,47,3,male
v_FrisbeeCatch_g51_c01,41,9,male
v_FrisbeeCatch_g52_c01,44,6,male
v_FrisbeeCatch_g53_c01,24,26,female
v_FrisbeeCatch_g54_c01,39,11,male
v_FrisbeeCatch_g55_c01,26,24,male
v_FrisbeeCatch_g56_c01,16,34,female
v_FrisbeeCatch_g57_c01,43,7,male
v_FrisbeeCatch_g58_c01,43,7,male
v_FrisbeeCatch_g59_c01,10,40,female
v_FrisbeeCatch_g60_c01,45,5,male
v_FrisbeeCatch_g61_c01,47,3,male
v_FrisbeeCatch_g62_c01,32,18,male
v_FrisbeeCatch_g63_c01,35,15,male
v_FrisbeeCatch_g64_c01,16,34,female
v_FrisbeeCatch_g65_c01,48,2,male
v_FrisbeeCatch_g66_c01,45,5,male
v_FrisbeeCatch_g67_c01,39,11,male
v_FrisbeeCatch_g68_c01,44,6,male
v_FrisbeeCatch_g69_c01,36,14,male
v_FrisbeeCatch_g70_c01,30,20,male
v_FrisbeeCatch_g71_c01,46,4,male
v_FrisbeeCatch_g72_c01,38,12,male
v_FrisbeeCatch_g73_c01,37,13,male
v_FrisbeeCatch_g74_c01.,2,48,female
v_FrisbeeCatch_g75_c01,45,5,male
v_FrisbeeCatch_g76_c01,40,10,male
v_FrisbeeCatch_g77_c01,41,9,male
v_FrisbeeCatch_g78_c01,36,14,male
v_FrisbeeCatch_g79_c01.,29,21,male
v_FrisbeeCatch_g80_c01,41,9,male
v_FrisbeeCatch_g81_c01,45,5,male
v_FrisbeeCatch_g82_c01,35,15,male
v_FrisbeeCatch_g83_c01,47,3,male
v_FrisbeeCatch_g84_c01.,33,17,male
v_FrontCrawl_g01_c01,33,17,male
v_FrontCrawl_g02_c01,36,14,male
v_FrontCrawl_g03_c01,43,7,male
v_FrontCrawl_g04_c01,21,29,female
v_FrontCrawl_g05_c01,48,2,male
v_FrontCrawl_g06_c01,8,42,female
v_FrontCrawl_g07_c01,50,0,male
v_FrontCrawl_g08_c01,36,14,male
v_FrontCrawl_g09_c01,50,0,male
v_FrontCrawl_g100_c01,49,1,male
v_FrontCrawl_g101_c01,47,3,male
v_FrontCrawl_g102_c01,44,6,male
v_FrontCrawl_g103_c01,43,7,male
v_FrontCrawl_g104_c01,39,11,male
v_FrontCrawl_g105_c01,45,5,male
v_FrontCrawl_g106_c01,44,6,male
v_FrontCrawl_g107_c01.,50,0,male
v_FrontCrawl_g108_c01,43,7,male
v_FrontCrawl_g109_c01,0,50,female
v_FrontCrawl_g10_c01,46,4,male
v_FrontCrawl_g110_c01,49,1,male
v_FrontCrawl_g111_c01,50,0,male
v_FrontCrawl_g112_c01,49,1,male
v_FrontCrawl_g113_c01,45,5,male
v_FrontCrawl_g114_c01,45,5,male
v_FrontCrawl_g115_c01,9,41,female
v_FrontCrawl_g116_c01,44,6,male
v_FrontCrawl_g117_c01.,42,8,male
v_FrontCrawl_g118_c01.,49,1,male
v_FrontCrawl_g119_c01,46,4,male
v_FrontCrawl_g11_c01,21,29,female
v_FrontCrawl_g120_c01,0,50,female
v_FrontCrawl_g121_c01,43,7,male
v_FrontCrawl_g122_c01,15,35,female
v_FrontCrawl_g123_c01,49,1,male
v_FrontCrawl_g124_c01.,3,47,female
v_FrontCrawl_g125_c01.,2,48,female
v_FrontCrawl_g126_c01,50,0,male
v_FrontCrawl_g127_c01,49,1,male
v_FrontCrawl_g128_c01,45,5,male
v_FrontCrawl_g129_c01.,48,2,male
v_FrontCrawl_g12_c01,47,3,male
v_FrontCrawl_g130_c01.,5,45,female
v_FrontCrawl_g131_c01,47,3,male
v_FrontCrawl_g132_c01,45,5,male
v_FrontCrawl_g133_c01,50,0,male
v_FrontCrawl_g134_c01,50,0,male
v_FrontCrawl_g135_c01.,48,2,male
v_FrontCrawl_g136_c01,48,2,male
v_FrontCrawl_g137_c01.,50,0,male
v_FrontCrawl_g138_c01,22,28,female
v_FrontCrawl_g139_c01.,33,17,male
v_FrontCrawl_g13_c01.,47,3,male
v_FrontCrawl_g140_c01,47,3,male
v_FrontCrawl_g141_c01,46,4,male
v_FrontCrawl_g142_c01,44,6,male
v_FrontCrawl_g143_c01,50,0,male
v_FrontCrawl_g144_c01,50,0,male
v_FrontCrawl_g145_c01,50,0,male
v_FrontCrawl_g146_c01.,50,0,male
v_FrontCrawl_g147_c01.,49,1,male
v_FrontCrawl_g148_c01,0,50,female
v_FrontCrawl_g149_c01.,3,47,female
v_FrontCrawl_g14_c01,44,6,male
v_FrontCrawl_g150_c01.,14,36,female
v_FrontCrawl_g151_c01.,50,0,male
v_FrontCrawl_g152_c01,40,10,male
v_FrontCrawl_g153_c01,47,3,male
v_FrontCrawl_g154_c01.,50,0,male
v_FrontCrawl_g155_c01,50,0,male
v_FrontCrawl_g156_c01,2,48,female
v_FrontCrawl_g157_c01,49,1,male
v_FrontCrawl_g158_c01,49,1,male
v_FrontCrawl_g159_c01,31,19,male
v_FrontCrawl_g15_c01,50,0,male
v_FrontCrawl_g160_c01,49,1,male
v_FrontCrawl_g161_c01,49,1,male
v_FrontCrawl_g16_c01,14,36,female
v_FrontCrawl_g17_c01,23,27,female
v_FrontCrawl_g18_c01,50,0,male
v_FrontCrawl_g19_c01,49,1,male
v_FrontCrawl_g20_c01,34,16,male
v_FrontCrawl_g21_c01,46,4,male
v_FrontCrawl_g22_c01,50,0,male
v_FrontCrawl_g23_c01.,50,0,male
v_FrontCrawl_g24_c01,49,1,male
v_FrontCrawl_g25_c01,44,6,male
v_FrontCrawl_g26_c01.,50,0,male
v_FrontCrawl_g27_c01,44,6,male
v_FrontCrawl_g28_c01,49,1,male
v_FrontCrawl_g29_c01,14,36,female
v_FrontCrawl_g30_c01,49,1,male
v_FrontCrawl_g31_c01,50,0,male
v_FrontCrawl_g32_c01.,50,0,male
v_FrontCrawl_g33_c01,48,2,male
v_FrontCrawl_g34_c01,37,13,male
v_FrontCrawl_g35_c01,48,1,male
v_FrontCrawl_g36_c01,45,5,male
v_FrontCrawl_g37_c01.,50,0,male
v_FrontCrawl_g38_c01,50,0,male
v_FrontCrawl_g39_c01,49,1,male
v_FrontCrawl_g40_c01,35,15,male
v_FrontCrawl_g41_c01,50,0,male
v_FrontCrawl_g42_c01,42,8,male
v_FrontCrawl_g43_c01,42,8,male
v_FrontCrawl_g44_c01,48,2,male
v_FrontCrawl_g45_c01,50,0,male
v_FrontCrawl_g46_c01.,5,45,female
v_FrontCrawl_g47_c01,42,8,male
v_FrontCrawl_g48_c01,49,1,male
v_FrontCrawl_g49_c01,42,8,male
v_FrontCrawl_g50_c01,34,16,male
v_FrontCrawl_g51_c01,49,1,male
v_FrontCrawl_g52_c01,6,44,female
v_FrontCrawl_g53_c01,28,22,male
v_FrontCrawl_g54_c01,35,15,male
v_FrontCrawl_g55_c01,45,5,male
v_FrontCrawl_g56_c01.,47,2,male
v_FrontCrawl_g57_c01,18,32,female
v_FrontCrawl_g58_c01,40,10,male
v_FrontCrawl_g59_c01,47,3,male
v_FrontCrawl_g60_c01,50,0,male
v_FrontCrawl_g61_c01,49,1,male
v_FrontCrawl_g62_c01,41,9,male
v_FrontCrawl_g63_c01,48,2,male
v_FrontCrawl_g64_c01,40,10,male
v_FrontCrawl_g65_c01,48,2,male
v_FrontCrawl_g66_c01,41,9,male
v_FrontCrawl_g67_c01,49,1,male
v_FrontCrawl_g68_c01,50,0,male
v_FrontCrawl_g69_c01.,47,3,male
v_FrontCrawl_g70_c01,49,1,male
v_FrontCrawl_g71_c01,50,0,male
v_FrontCrawl_g72_c01,50,0,male
v_FrontCrawl_g73_c01,49,1,male
v_FrontCrawl_g74_c01,44,6,male
v_FrontCrawl_g75_c01,48,2,male
v_FrontCrawl_g76_c01,50,0,male
v_FrontCrawl_g77_c01,0,50,female
v_FrontCrawl_g78_c01.,45,5,male
v_FrontCrawl_g79_c01.,12,38,female
v_FrontCrawl_g80_c01,10,40,female
v_FrontCrawl_g81_c01.,7,43,female
v_FrontCrawl_g82_c01,50,0,male
v_FrontCrawl_g83_c01,41,9,male
v_FrontCrawl_g84_c01,44,6,male
v_FrontCrawl_g85_c01,32,18,male
v_FrontCrawl_g86_c01,29,21,male
v_FrontCrawl_g87_c01,26,24,male
v_FrontCrawl_g88_c01,50,0,male
v_FrontCrawl_g89_c01,50,0,male
v_FrontCrawl_g90_c01.,47,3,male
v_FrontCrawl_g91_c01,46,4,male
v_FrontCrawl_g92_c01,46,4,male
v_FrontCrawl_g93_c01,39,11,male
v_FrontCrawl_g94_c01,48,2,male
v_FrontCrawl_g95_c01,48,2,male
v_FrontCrawl_g96_c01,11,39,female
v_FrontCrawl_g97_c01,49,1,male
v_FrontCrawl_g98_c01.,50,0,male
v_FrontCrawl_g99_c01,50,0,male
v_GolfSwing_g01_c01,50,0,male
v_GolfSwing_g02_c01,13,37,female
v_GolfSwing_g03_c01,43,7,male
v_GolfSwing_g04_c01,48,2,male
v_GolfSwing_g05_c01,50,0,male
v_GolfSwing_g06_c01,49,1,male
v_GolfSwing_g07_c01,11,39,female
v_GolfSwing_g08_c01,47,3,male
v_GolfSwing_g09_c01.,46,4,male
v_GolfSwing_g10_c01,47,3,male
v_GolfSwing_g11_c01,41,9,male
v_GolfSwing_g12_c01,7,43,female
v_GolfSwing_g13_c01,49,1,male
v_GolfSwing_g14_c01,50,0,male
v_GolfSwing_g15_c01,13,37,female
v_GolfSwing_g16_c01,24,26,female
v_GolfSwing_g17_c01,50,0,male
v_GolfSwing_g18_c01,49,1,male
v_GolfSwing_g19_c01,50,0,male
v_GolfSwing_g20_c01,50,0,male
v_GolfSwing_g21_c01,30,20,male
v_GolfSwing_g22_c01,48,2,male
v_GolfSwing_g23_c01,49,1,male
v_GolfSwing_g24_c01,41,9,male
v_GolfSwing_g25_c01,50,0,male
v_GolfSwing_g26_c01,50,0,male
v_GolfSwing_g27_c01.,50,0,male
v_GolfSwing_g28_c01.,49,1,male
v_GolfSwing_g29_c01,6,44,female
v_GolfSwing_g30_c01,50,0,male
v_GolfSwing_g31_c01.,50,0,male
v_GolfSwing_g32_c01,47,3,male
v_GolfSwing_g33_c01,50,0,male
v_GolfSwing_g34_c01,13,37,female
v_GolfSwing_g35_c01,21,29,female
v_GolfSwing_g36_c01,47,3,male
v_GolfSwing_g37_c01,42,8,male
v_GolfSwing_g38_c01,49,1,male
v_GolfSwing_g39_c01,49,1,male
v_GolfSwing_g40_c01,49,1,male
v_GolfSwing_g41_c01.,50,0,male
v_GolfSwing_g42_c01,44,6,male
v_GolfSwing_g43_c01,50,0,male
v_GolfSwing_g44_c01,43,7,male
v_GolfSwing_g45_c01,40,10,male
v_GolfSwing_g46_c01,16,34,female
v_GolfSwing_g47_c01,44,6,male
v_GolfSwing_g48_c01,26,24,male
v_GolfSwing_g49_c01.,50,0,male
v_GolfSwing_g50_c01,15,35,female
v_GolfSwing_g51_c01,50,0,male
v_GolfSwing_g52_c01.,46,4,male
v_GolfSwing_g53_c01,42,8,male
v_GolfSwing_g54_c01,50,0,male
v_Haircut_g01_c01.,36,14,male
v_Haircut_g02_c01.,0,50,female
v_Haircut_g03_c01.,49,1,male
v_Haircut_g04_c01.,50,0,male
v_Haircut_g05_c01,43,7,male
v_Haircut_g06_c01.,50,0,male
v_Haircut_g07_c01.,50,0,male
v_Haircut_g08_c01.,49,1,male
v_Haircut_g09_c01,50,0,male
v_Haircut_g10_c01.,50,0,male
v_Haircut_g11_c01.,48,2,male
v_Haircut_g12_c01,0,50,female
v_Haircut_g13_c01,21,29,female
v_Haircut_g14_c01.,30,20,male
v_Haircut_g15_c01.,48,2,male
v_Haircut_g16_c01,0,50,female
v_Haircut_g17_c01.,0,50,female
v_Haircut_g18_c01,48,2,male
v_Haircut_g19_c01.,47,3,male
v_Haircut_g20_c01.,15,35,female
v_Haircut_g21_c01,50,0,male
v_Haircut_g22_c01.,1,49,female
v_Haircut_g23_c01,0,50,female
v_Haircut_g24_c01,37,13,male
v_Haircut_g25_c01,49,1,male
v_Haircut_g26_c01,35,15,male
v_Haircut_g27_c01,24,26,female
v_Haircut_g28_c01,2,48,female
v_Haircut_g29_c01,42,8,male
v_Haircut_g30_c01,46,4,male
v_Haircut_g31_c01,41,9,male
v_Haircut_g32_c01,45,5,male
v_Haircut_g33_c01,36,14,male
v_Haircut_g34_c01,44,6,male
v_Haircut_g35_c01,50,0,male
v_Haircut_g36_c01,31,19,male
v_Haircut_g37_c01,0,50,female
v_Haircut_g38_c01.,46,4,male
v_Haircut_g39_c01.,45,5,male
v_Haircut_g40_c01.,42,8,male
v_Haircut_g41_c01,50,0,male
v_Haircut_g42_c01,48,2,male
v_Haircut_g43_c01,49,1,male
v_Haircut_g44_c01.,41,9,male
v_Haircut_g45_c01.,45,5,male
v_Haircut_g46_c01.,44,6,male
v_Haircut_g47_c01.,36,14,male
v_Haircut_g48_c01,44,6,male
v_Haircut_g49_c01.,37,13,male
v_Haircut_g50_c01.,0,50,female
v_Haircut_g51_c01,47,3,male
v_Haircut_g52_c01,12,38,female
v_Haircut_g53_c01,44,6,male
v_Haircut_g54_c01,49,1,male
v_Haircut_g55_c01,46,4,male
v_Haircut_g56_c01,35,15,male
v_Haircut_g57_c01,27,23,male
v_HammerThrow_g01_c01,2,48,female
v_HammerThrow_g02_c01,12,38,female
v_HammerThrow_g03_c01,34,16,male
v_HammerThrow_g04_c01,34,16,male
v_HammerThrow_g05_c01,38,12,male
v_HammerThrow_g06_c01,16,34,female
v_HammerThrow_g07_c01,13,37,female
v_HammerThrow_g08_c01.,41,9,male
v_HammerThrow_g09_c01.,50,0,male
v_HammerThrow_g10_c01,11,39,female
v_HammerThrow_g11_c01,7,43,female
v_HammerThrow_g12_c01,35,15,male
v_HammerThrow_g13_c01,11,39,female
v_HammerThrow_g14_c01.,34,16,male
v_HammerThrow_g15_c01,5,45,female
v_HammerThrow_g16_c01.,9,41,female
v_HammerThrow_g17_c01,50,0,male
v_HammerThrow_g18_c01,0,50,female
v_HammerThrow_g19_c01,42,8,male
v_HammerThrow_g20_c01,27,23,male
v_HammerThrow_g21_c01,25,25,uncertain
v_HammerThrow_g22_c01.,38,12,male
v_HammerThrow_g23_c01,0,50,female
v_HammerThrow_g24_c01,49,1,male
v_HammerThrow_g25_c01,31,19,male
v_HammerThrow_g26_c01,29,21,male
v_HammerThrow_g27_c01,21,29,female
v_HammerThrow_g28_c01,22,28,female
v_HammerThrow_g29_c01,41,9,male
v_HammerThrow_g30_c01,29,21,male
v_HammerThrow_g31_c01,49,1,male
v_HammerThrow_g32_c01,8,42,female
v_HammerThrow_g33_c01,39,11,male
v_HammerThrow_g34_c01,20,30,female
v_HammerThrow_g35_c01.,50,0,male
v_HammerThrow_g36_c01,1,49,female
v_HammerThrow_g37_c01,39,11,male
v_HammerThrow_g38_c01,40,10,male
v_HammerThrow_g39_c01,12,38,female
v_HammerThrow_g40_c01,26,24,male
v_HammerThrow_g41_c01,17,33,female
v_HammerThrow_g42_c01,49,1,male
v_HammerThrow_g43_c01,13,37,female
v_HammerThrow_g44_c01,35,15,male
v_HammerThrow_g45_c01,48,2,male
v_HammerThrow_g46_c01.,44,6,male
v_HammerThrow_g47_c01,18,32,female
v_HammerThrow_g48_c01.,24,26,female
v_HammerThrow_g49_c01.,10,40,female
v_HammerThrow_g50_c01.,49,1,male
v_HammerThrow_g51_c01.,32,18,male
v_HammerThrow_g52_c01,15,35,female
v_HammerThrow_g53_c01,32,18,male
v_HammerThrow_g54_c01,27,23,male
v_HammerThrow_g55_c01,36,14,male
v_HammerThrow_g56_c01.,47,3,male
v_HammerThrow_g57_c01,48,2,male
v_HammerThrow_g58_c01,6,44,female
v_HammerThrow_g59_c01,11,39,female
v_HammerThrow_g60_c01,22,28,female
v_HammerThrow_g61_c01,16,34,female
v_HammerThrow_g62_c01,50,0,male
v_HammerThrow_g63_c01,35,15,male
v_HammerThrow_g64_c01,11,39,female
v_HammerThrow_g65_c01,49,1,male
v_HammerThrow_g66_c01,48,2,male
v_HammerThrow_g67_c01,50,0,male
v_HammerThrow_g68_c01.,41,9,male
v_HammerThrow_g69_c01,11,39,female
v_HammerThrow_g70_c01.,29,21,male
v_HammerThrow_g71_c01,41,9,male
v_HammerThrow_g72_c01,23,27,female
v_HammerThrow_g73_c01,44,6,male
v_HammerThrow_g74_c01,29,21,male
v_HammerThrow_g75_c01,38,12,male
v_HammerThrow_g76_c01,33,17,male
v_HammerThrow_g77_c01,47,3,male
v_HammerThrow_g78_c01,22,28,female
v_HammerThrow_g79_c01.,11,39,female
v_HammerThrow_g80_c01,10,40,female
v_HammerThrow_g81_c01,3,47,female
v_HammerThrow_g82_c01.,47,3,male
v_HammerThrow_g83_c01,49,1,male
v_HammerThrow_g84_c01,5,45,female
v_HammerThrow_g85_c01,25,24,male
v_HammerThrow_g86_c01.,0,50,female
v_HammerThrow_g87_c01,50,0,male
v_HammerThrow_g88_c01,25,25,uncertain
v_Hammering_g01_c01,9,41,female
v_Hammering_g02_c01,36,14,male
v_Hammering_g03_c01.,37,13,male
v_Hammering_g04_c01,44,6,male
v_Hammering_g05_c01,45,5,male
v_Hammering_g06_c01,45,5,male
v_Hammering_g07_c01,36,14,male
v_Hammering_g08_c01,35,15,male
v_Hammering_g09_c01,50,0,male
v_Hammering_g10_c01,44,6,male
v_Hammering_g11_c01.,32,18,male
v_Hammering_g12_c01,38,12,male
v_Hammering_g13_c01,50,0,male
v_Hammering_g14_c01,36,14,male
v_Hammering_g15_c01,37,13,male
v_Hammering_g16_c01,1,49,female
v_Hammering_g17_c01,50,0,male
v_Hammering_g18_c01,34,16,male
v_Hammering_g19_c01,46,4,male
v_Hammering_g20_c01,1,49,female
v_Hammering_g21_c01,50,0,male
v_Hammering_g22_c01,43,7,male
v_Hammering_g23_c01.,0,50,female
v_Hammering_g24_c01,37,13,male
v_Hammering_g25_c01,48,2,male
v_Hammering_g26_c01.,46,4,male
v_Hammering_g27_c01,42,8,male
v_Hammering_g28_c01,41,9,male
v_Hammering_g29_c01,48,2,male
v_Hammering_g30_c01,2,48,female
v_Hammering_g31_c01,49,1,male
v_Hammering_g32_c01,47,3,male
v_Hammering_g33_c01,26,24,male
v_Hammering_g34_c01,45,5,male
v_Hammering_g35_c01,50,0,male
v_Hammering_g36_c01,49,1,male
v_Hammering_g37_c01,48,2,male
v_Hammering_g38_c01,24,26,female
v_Hammering_g39_c01,19,31,female
v_Hammering_g40_c01,35,15,male
v_Hammering_g41_c01,47,3,male
v_Hammering_g42_c01,32,18,male
v_Hammering_g43_c01.,49,1,male
v_Hammering_g44_c01,16,34,female
v_Hammering_g45_c01.,50,0,male
v_Hammering_g46_c01,38,12,male
v_Hammering_g47_c01,37,13,male
v_Hammering_g48_c01,0,50,female
v_Hammering_g49_c01,45,5,male
v_Hammering_g50_c01,27,23,male
v_Hammering_g51_c01,50,0,male
v_Hammering_g52_c01,45,5,male
v_Hammering_g53_c01,23,27,female
v_Hammering_g54_c01,50,0,male
v_Hammering_g55_c01,38,12,male
v_Hammering_g56_c01.,39,11,male
v_Hammering_g57_c01,45,5,male
v_Hammering_g58_c01,49,1,male
v_Hammering_g59_c01,43,7,male
v_Hammering_g60_c01,33,17,male
v_Hammering_g61_c01,30,20,male
v_Hammering_g62_c01,40,10,male
v_Hammering_g63_c01,38,12,male
v_Hammering_g64_c01.,42,7,male
v_Hammering_g65_c01,30,20,male
v_Hammering_g66_c01,36,14,male
v_Hammering_g67_c01,36,14,male
v_Hammering_g68_c01,49,1,male
v_Hammering_g69_c01,47,3,male
v_Hammering_g70_c01,50,0,male
v_Hammering_g71_c01,43,7,male
v_Hammering_g72_c01,48,2,male
v_Hammering_g73_c01,38,12,male
v_Hammering_g74_c01,49,1,male
v_Hammering_g75_c01,50,0,male
v_Hammering_g76_c01,50,0,male
v_Hammering_g77_c01,50,0,male
v_Hammering_g78_c01,50,0,male
v_HandstandPushups_g01_c01,37,13,male
v_HandstandPushups_g02_c01,48,2,male
v_HandstandPushups_g03_c01,43,7,male
v_HandstandPushups_g04_c01,0,50,female
v_HandstandPushups_g05_c01,46,4,male
v_HandstandPushups_g06_c01,50,0,male
v_HandstandPushups_g07_c01,45,5,male
v_HandstandPushups_g08_c01,28,22,male
v_HandstandPushups_g09_c01.,9,41,female
v_HandstandPushups_g10_c01,1,49,female
v_HandstandPushups_g11_c01,47,3,male
v_HandstandPushups_g12_c01,50,0,male
v_HandstandPushups_g13_c01,50,0,male
v_HandstandPushups_g14_c01,5,45,female
v_HandstandPushups_g15_c01,50,0,male
v_HandstandPushups_g16_c01,50,0,male
v_HandstandPushups_g17_c01,45,5,male
v_HandstandPushups_g18_c01.,40,10,male
v_HandstandPushups_g19_c01,32,18,male
v_HandstandPushups_g20_c01,49,1,male
v_HandstandPushups_g21_c01,45,5,male
v_HandstandPushups_g22_c01,28,22,male
v_HandstandPushups_g23_c01,46,4,male
v_HandstandPushups_g24_c01,19,31,female
v_HandstandPushups_g25_c01,10,40,female
v_HandstandPushups_g26_c01,22,28,female
v_HandstandPushups_g27_c01,7,43,female
v_HandstandPushups_g28_c01,47,3,male
v_HandstandPushups_g29_c01.,29,21,male
v_HandstandPushups_g30_c01,41,9,male
v_HandstandPushups_g31_c01,35,15,male
v_HandstandPushups_g32_c01,9,41,female
v_HandstandPushups_g33_c01,50,0,male
v_HandstandPushups_g34_c01,47,3,male
v_HandstandPushups_g35_c01,1,49,female
v_HandstandPushups_g36_c01,44,6,male
v_HandstandPushups_g37_c01.,48,2,male
v_HandstandPushups_g38_c01,48,2,male
v_HandstandPushups_g39_c01,44,6,male
v_HandstandPushups_g40_c01,45,5,male
v_HandstandPushups_g41_c01,46,4,male
v_HandstandPushups_g42_c01,48,2,male
v_HandstandPushups_g43_c01.,34,16,male
v_HandstandPushups_g44_c01.,50,0,male
v_HandstandPushups_g45_c01,41,9,male
v_HandstandPushups_g46_c01,4,46,female
v_HandstandPushups_g47_c01,49,1,male
v_HandstandPushups_g48_c01,38,12,male
v_HandstandPushups_g49_c01,38,12,male
v_HandstandPushups_g50_c01,37,13,male
v_HandstandPushups_g51_c01,49,1,male
v_HandstandPushups_g52_c01.,50,0,male
v_HandstandPushups_g53_c01,21,29,female
v_HandstandPushups_g54_c01,21,29,female
v_HandstandPushups_g55_c01.,31,19,male
v_HandstandPushups_g56_c01,50,0,male
v_HandstandPushups_g57_c01,50,0,male
v_HandstandPushups_g58_c01,29,21,male
v_HandstandPushups_g59_c01,50,0,male
v_HandstandPushups_g60_c01,50,0,male
v_HandstandPushups_g61_c01,49,1,male
v_HandstandPushups_g62_c01,2,48,female
v_HandstandPushups_g63_c01,4,46,female
v_HandstandPushups_g64_c01,48,2,male
v_HandstandPushups_g65_c01,46,4,male
v_HandstandPushups_g66_c01.,2,48,female
v_HandstandPushups_g67_c01.,44,6,male
v_HandstandPushups_g68_c01.,46,4,male
v_HandstandPushups_g69_c01,5,45,female
v_HandstandPushups_g70_c01,45,5,male
v_HandstandPushups_g71_c01,3,47,female
v_HandstandPushups_g72_c01.,49,1,male
v_HandstandPushups_g73_c01,48,2,male
v_HandstandPushups_g74_c01.,21,29,female
v_HandstandPushups_g75_c01,50,0,male
v_HandstandPushups_g76_c01,29,20,male
v_HandstandPushups_g77_c01,47,3,male
v_HandstandPushups_g78_c01,43,7,male
v_HandstandPushups_g79_c01,42,8,male
v_HandstandPushups_g80_c01,49,1,male
v_HandstandWalking_g01_c01,37,13,male
v_HandstandWalking_g02_c01,50,0,male
v_HandstandWalking_g03_c01,1,49,female
v_HandstandWalking_g04_c01.,21,29,female
v_HandstandWalking_g05_c01,45,5,male
v_HandstandWalking_g06_c01.,50,0,male
v_HandstandWalking_g07_c01.,35,15,male
v_HandstandWalking_g08_c01,38,11,male
v_HandstandWalking_g09_c01,15,35,female
v_HandstandWalking_g10_c01,49,1,male
v_HandstandWalking_g11_c01,14,36,female
v_HandstandWalking_g12_c01.,10,40,female
v_HandstandWalking_g13_c01,48,1,male
v_HandstandWalking_g14_c01,27,23,male
v_HandstandWalking_g15_c01,47,3,male
v_HandstandWalking_g16_c01,0,50,female
v_HandstandWalking_g17_c01,14,36,female
v_HandstandWalking_g18_c01,28,22,male
v_HandstandWalking_g19_c01,27,23,male
v_HandstandWalking_g20_c01,34,16,male
v_HandstandWalking_g21_c01,8,42,female
v_HandstandWalking_g22_c01,0,50,female
v_HandstandWalking_g23_c01,36,14,male
v_HandstandWalking_g24_c01,44,6,male
v_HandstandWalking_g25_c01,2,48,female
v_HandstandWalking_g26_c01,47,3,male
v_HandstandWalking_g27_c01,3,47,female
v_HandstandWalking_g28_c01,35,15,male
v_HandstandWalking_g29_c01,1,49,female
v_HandstandWalking_g30_c01,37,13,male
v_HandstandWalking_g31_c01,43,7,male
v_HandstandWalking_g32_c01,48,2,male
v_HandstandWalking_g33_c01,42,8,male
v_HandstandWalking_g34_c01,41,9,male
v_HandstandWalking_g35_c01,1,49,female
v_HandstandWalking_g36_c01,33,17,male
v_HandstandWalking_g37_c01,15,35,female
v_HandstandWalking_g38_c01.,2,48,female
v_HandstandWalking_g39_c01,50,0,male
v_HandstandWalking_g40_c01.,50,0,male
v_HandstandWalking_g41_c01.,48,2,male
v_HandstandWalking_g42_c01.,29,21,male
v_HandstandWalking_g43_c01,0,50,female
v_HandstandWalking_g44_c01.,50,0,male
v_HandstandWalking_g45_c01,0,50,female
v_HandstandWalking_g46_c01,1,49,female
v_HandstandWalking_g47_c01,36,14,male
v_HandstandWalking_g48_c01,35,15,male
v_HandstandWalking_g49_c01,30,20,male
v_HandstandWalking_g50_c01,37,13,male
v_HandstandWalking_g51_c01,4,46,female
v_HandstandWalking_g52_c01,23,27,female
v_HandstandWalking_g53_c01,49,1,male
v_HandstandWalking_g54_c01,28,22,male
v_HandstandWalking_g55_c01,50,0,male
v_HandstandWalking_g56_c01,41,9,male
v_HandstandWalking_g57_c01,49,1,male
v_HandstandWalking_g58_c01,36,14,male
v_HandstandWalking_g59_c01,1,49,female
v_HandstandWalking_g60_c01,49,1,male
v_HandstandWalking_g61_c01,0,50,female
v_HandstandWalking_g62_c01,44,6,male
v_HandstandWalking_g63_c01,0,50,female
v_HandstandWalking_g64_c01.,39,11,male
v_HandstandWalking_g65_c01,6,44,female
v_HandstandWalking_g66_c01,7,43,female
v_HandstandWalking_g67_c01,41,9,male
v_HandstandWalking_g68_c01,43,7,male
v_HandstandWalking_g69_c01.,47,3,male
v_HandstandWalking_g70_c01.,46,4,male
v_HandstandWalking_g71_c01,50,0,male
v_HandstandWalking_g72_c01,38,12,male
v_HandstandWalking_g73_c01,36,14,male
v_HeadMassage_g01_c01,49,1,male
v_HeadMassage_g02_c01,50,0,male
v_HeadMassage_g03_c01,6,44,female
v_HeadMassage_g04_c01,50,0,male
v_HeadMassage_g05_c01.,50,0,male
v_HeadMassage_g06_c01,35,15,male
v_HeadMassage_g07_c01,38,11,male
v_HeadMassage_g08_c01.,46,4,male
v_HeadMassage_g09_c01,34,16,male
v_HeadMassage_g10_c01,49,1,male
v_HeadMassage_g11_c01,33,17,male
v_HeadMassage_g12_c01.,50,0,male
v_HeadMassage_g13_c01,34,16,male
v_HeadMassage_g14_c01.,50,0,male
v_HeadMassage_g15_c01.,28,22,male
v_HeadMassage_g16_c01,50,0,male
v_HeadMassage_g17_c01.,50,0,male
v_HeadMassage_g18_c01,50,0,male
v_HeadMassage_g19_c01,29,21,male
v_HeadMassage_g20_c01.,46,4,male
v_HeadMassage_g21_c01,50,0,male
v_HeadMassage_g22_c01,38,12,male
v_HighJump_g01_c01,50,0,male
v_HighJump_g02_c01,49,1,male
v_HighJump_g03_c01,49,1,male
v_HighJump_g04_c01,10,40,female
v_HighJump_g05_c01,16,34,female
v_HighJump_g06_c01,24,26,female
v_HighJump_g07_c01,48,2,male
v_HighJump_g08_c01,35,15,male
v_HighJump_g09_c01,49,1,male
v_HighJump_g10_c01,47,3,male
v_HighJump_g11_c01,36,14,male
v_HighJump_g12_c01,50,0,male
v_HighJump_g13_c01,46,4,male
v_HighJump_g14_c01,43,7,male
v_HighJump_g15_c01,50,0,male
v_HighJump_g16_c01,50,0,male
v_HighJump_g17_c01,48,2,male
v_HighJump_g18_c01.,48,2,male
v_HighJump_g19_c01,23,27,female
v_HighJump_g20_c01.,25,25,uncertain
v_HighJump_g21_c01,47,3,male
v_HighJump_g22_c01,47,3,male
v_HighJump_g23_c01,48,2,male
v_HighJump_g24_c01,19,31,female
v_HighJump_g25_c01,47,3,male
v_HighJump_g26_c01,6,44,female
v_HighJump_g27_c01,50,0,male
v_HighJump_g28_c01,46,4,male
v_HighJump_g29_c01,27,23,male
v_HighJump_g30_c01.,41,9,male
v_HighJump_g31_c01,39,11,male
v_HighJump_g32_c01,23,27,female
v_HighJump_g33_c01.,37,13,male
v_HighJump_g34_c01,23,27,female
v_HighJump_g35_c01.,43,7,male
v_HighJump_g36_c01,38,12,male
v_HighJump_g37_c01,50,0,male
v_HighJump_g38_c01,46,4,male
v_HighJump_g39_c01,47,3,male
v_HighJump_g40_c01,50,0,male
v_HighJump_g41_c01,27,23,male
v_HighJump_g42_c01,24,26,female
v_HighJump_g43_c01,36,14,male
v_HighJump_g44_c01,40,10,male
v_HighJump_g45_c01,48,2,male
v_HighJump_g46_c01,36,14,male
v_HighJump_g47_c01,44,6,male
v_HighJump_g48_c01.,38,12,male
v_HighJump_g49_c01,48,2,male
v_HighJump_g50_c01,37,13,male
v_HighJump_g51_c01,43,7,male
v_HighJump_g52_c01,47,3,male
v_HighJump_g53_c01,49,1,male
v_HighJump_g54_c01,45,5,male
v_HighJump_g55_c01.,17,33,female
v_HighJump_g56_c01,42,8,male
v_HighJump_g57_c01,41,9,male
v_HighJump_g58_c01,49,1,male
v_HighJump_g59_c01,49,1,male
v_HighJump_g60_c01.,50,0,male
v_HighJump_g61_c01.,10,40,female
v_HighJump_g62_c01,37,13,male
v_HighJump_g63_c01,43,7,male
v_HighJump_g64_c01,8,42,female
v_HighJump_g65_c01,3,47,female
v_HighJump_g66_c01,15,35,female
v_HighJump_g67_c01,45,5,male
v_HorseRace_g01_c01,10,40,female
v_HorseRace_g02_c01,12,38,female
v_HorseRace_g03_c01,50,0,male
v_HorseRace_g04_c01,34,16,male
v_HorseRace_g05_c01,32,18,male
v_HorseRace_g06_c01,23,27,female
v_HorseRace_g07_c01,35,15,male
v_HorseRace_g08_c01,34,16,male
v_HorseRace_g09_c01,3,47,female
v_HorseRace_g10_c01,33,17,male
v_HorseRace_g11_c01.,12,38,female
v_HorseRace_g12_c01,6,44,female
v_HorseRace_g13_c01.,37,13,male
v_HorseRace_g14_c01.,28,22,male
v_HorseRace_g15_c01,47,3,male
v_HorseRace_g16_c01,28,22,male
v_HorseRace_g17_c01,48,2,male
v_HorseRace_g18_c01,31,19,male
v_HorseRace_g19_c01,26,24,male
v_HorseRace_g20_c01,38,12,male
v_HorseRace_g21_c01,36,13,male
v_HorseRace_g22_c01,20,30,female
v_HorseRace_g23_c01,7,43,female
v_HorseRace_g24_c01.,45,5,male
v_HorseRace_g25_c01,47,3,male
v_HorseRace_g26_c01.,22,28,female
v_HorseRace_g27_c01.,50,0,male
v_HorseRace_g28_c01,31,19,male
v_HorseRace_g29_c01,27,23,male
v_HorseRace_g30_c01,50,0,male
v_HorseRace_g31_c01,26,24,male
v_HorseRace_g32_c01,25,25,uncertain
v_HorseRace_g33_c01,6,44,female
v_HorseRace_g34_c01,28,22,male
v_HorseRace_g35_c01.,44,6,male
v_HorseRace_g36_c01,24,26,female
v_HorseRace_g37_c01,45,5,male
v_HorseRace_g38_c01,14,36,female
v_HorseRace_g39_c01,49,1,male
v_HorseRace_g40_c01,39,11,male
v_HorseRace_g41_c01,33,17,male
v_HorseRace_g42_c01,31,19,male
v_HorseRace_g43_c01,32,18,male
v_HorseRace_g44_c01,20,30,female
v_HorseRace_g45_c01,50,0,male
v_HorseRace_g46_c01.,25,25,uncertain
v_HorseRace_g47_c01,28,22,male
v_HorseRace_g48_c01,28,22,male
v_HorseRace_g49_c01,24,26,female
v_HorseRace_g50_c01,26,24,male
v_HorseRace_g51_c01,44,6,male
v_HorseRace_g52_c01,48,2,male
v_HorseRace_g53_c01,43,7,male
v_HorseRace_g54_c01,44,6,male
v_HorseRace_g55_c01,13,37,female
v_HorseRace_g56_c01,30,20,male
v_HorseRace_g57_c01.,38,12,male
v_HorseRace_g58_c01,18,32,female
v_HorseRace_g59_c01,36,14,male
v_HorseRace_g60_c01,21,29,female
v_HorseRace_g61_c01,40,10,male
v_HorseRace_g62_c01,34,16,male
v_HorseRace_g63_c01,46,4,male
v_HorseRace_g64_c01,7,43,female
v_HorseRace_g65_c01,46,4,male
v_HorseRace_g66_c01,38,12,male
v_HorseRace_g67_c01,49,1,male
v_HorseRace_g68_c01.,43,7,male
v_HorseRace_g69_c01,23,27,female
v_HorseRace_g70_c01.,48,2,male
v_HorseRace_g71_c01,9,41,female
v_HorseRace_g72_c01,42,8,male
v_HorseRace_g73_c01,4,46,female
v_HorseRace_g74_c01,50,0,male
v_HorseRace_g75_c01,18,32,female
v_HorseRace_g76_c01,28,22,male
v_HorseRace_g77_c01,37,13,male
v_HorseRace_g78_c01,19,31,female
v_HorseRace_g79_c01.,41,9,male
v_HorseRace_g80_c01,35,15,male
v_HorseRace_g81_c01,43,7,male
v_HorseRace_g82_c01,40,10,male
v_HorseRiding_g01_c01,32,18,male
v_HorseRiding_g02_c01,5,45,female
v_HorseRiding_g03_c01,40,10,male
v_HorseRiding_g04_c01,12,38,female
v_HorseRiding_g05_c01,42,8,male
v_HorseRiding_g06_c01,32,18,male
v_HorseRiding_g07_c01.,39,11,male
v_HorseRiding_g08_c01,37,13,male
v_HorseRiding_g09_c01.,33,17,male
v_HorseRiding_g10_c01,26,24,male
v_HorseRiding_g11_c01,49,1,male
v_HorseRiding_g12_c01,39,11,male
v_HorseRiding_g13_c01.,21,29,female
v_HorseRiding_g14_c01.,26,24,male
v_HorseRiding_g15_c01.,44,6,male
v_HorseRiding_g16_c01,46,4,male
v_HorseRiding_g17_c01,18,32,female
v_HorseRiding_g18_c01,38,12,male
v_HorseRiding_g19_c01.,3,47,female
v_HorseRiding_g20_c01,33,17,male
v_HorseRiding_g21_c01.,7,43,female
v_HorseRiding_g22_c01,7,43,female
v_HorseRiding_g23_c01.,47,3,male
v_HorseRiding_g24_c01,5,45,female
v_HorseRiding_g25_c01,30,20,male
v_HorseRiding_g26_c01.,50,0,male
v_HorseRiding_g27_c01,45,5,male
v_HorseRiding_g28_c01,43,7,male
v_HorseRiding_g29_c01.,37,13,male
v_HorseRiding_g30_c01,22,28,female
v_HorseRiding_g31_c01,15,35,female
v_HorseRiding_g32_c01,32,18,male
v_HorseRiding_g33_c01,45,5,male
v_HorseRiding_g34_c01.,6,43,female
v_HorseRiding_g35_c01,22,28,female
v_HorseRiding_g36_c01,2,48,female
v_HorseRiding_g37_c01,42,8,male
v_HorseRiding_g38_c01.,44,6,male
v_HorseRiding_g39_c01,12,38,female
v_HorseRiding_g40_c01,33,17,male
v_HorseRiding_g41_c01.,44,6,male
v_HorseRiding_g42_c01.,32,18,male
v_HorseRiding_g43_c01,33,17,male
v_HorseRiding_g44_c01.,19,31,female
v_HorseRiding_g45_c01,31,19,male
v_HorseRiding_g46_c01.,27,23,male
v_HorseRiding_g47_c01,42,8,male
v_HorseRiding_g48_c01,36,14,male
v_HorseRiding_g49_c01.,38,12,male
v_HorseRiding_g50_c01,50,0,male
v_HorseRiding_g51_c01.,37,13,male
v_HulaHoop_g01_c01,23,27,female
v_HulaHoop_g02_c01,37,13,male
v_HulaHoop_g03_c01.,17,33,female
v_HulaHoop_g04_c01,7,43,female
v_HulaHoop_g05_c01.,50,0,male
v_HulaHoop_g06_c01,0,50,female
v_HulaHoop_g07_c01.,0,50,female
v_HulaHoop_g08_c01.,38,12,male
v_HulaHoop_g09_c01,0,50,female
v_HulaHoop_g100_c01,31,19,male
v_HulaHoop_g101_c01,46,4,male
v_HulaHoop_g102_c01,5,45,female
v_HulaHoop_g103_c01,2,48,female
v_HulaHoop_g104_c01,22,28,female
v_HulaHoop_g105_c01,17,33,female
v_HulaHoop_g106_c01,4,46,female
v_HulaHoop_g107_c01,18,32,female
v_HulaHoop_g108_c01,6,44,female
v_HulaHoop_g109_c01.,12,38,female
v_HulaHoop_g10_c01,12,38,female
v_HulaHoop_g110_c01,2,48,female
v_HulaHoop_g11_c01,35,15,male
v_HulaHoop_g12_c01,1,49,female
v_HulaHoop_g13_c01,0,50,female
v_HulaHoop_g14_c01,8,42,female
v_HulaHoop_g15_c01,12,38,female
v_HulaHoop_g16_c01,9,41,female
v_HulaHoop_g17_c01,1,49,female
v_HulaHoop_g18_c01,14,36,female
v_HulaHoop_g19_c01,2,48,female
v_HulaHoop_g20_c01.,50,0,male
v_HulaHoop_g21_c01.,47,3,male
v_HulaHoop_g22_c01,31,19,male
v_HulaHoop_g23_c01,5,45,female
v_HulaHoop_g24_c01,7,43,female
v_HulaHoop_g25_c01,0,50,female
v_HulaHoop_g26_c01,16,34,female
v_HulaHoop_g27_c01,22,28,female
v_HulaHoop_g28_c01,17,33,female
v_HulaHoop_g29_c01,1,49,female
v_HulaHoop_g30_c01.,11,39,female
v_HulaHoop_g31_c01,46,4,male
v_HulaHoop_g32_c01,2,48,female
v_HulaHoop_g33_c01,39,11,male
v_HulaHoop_g34_c01,0,49,female
v_HulaHoop_g35_c01,34,16,male
v_HulaHoop_g36_c01.,50,0,male
v_HulaHoop_g37_c01,35,15,male
v_HulaHoop_g38_c01,32,18,male
v_HulaHoop_g39_c01.,50,0,male
v_HulaHoop_g40_c01,0,50,female
v_HulaHoop_g41_c01,17,33,female
v_HulaHoop_g42_c01.,4,46,female
v_HulaHoop_g43_c01.,6,44,female
v_HulaHoop_g44_c01,2,48,female
v_HulaHoop_g45_c01,15,35,female
v_HulaHoop_g46_c01,1,49,female
v_HulaHoop_g47_c01,21,29,female
v_HulaHoop_g48_c01,41,9,male
v_HulaHoop_g49_c01,37,13,male
v_HulaHoop_g50_c01,46,4,male
v_HulaHoop_g51_c01,7,43,female
v_HulaHoop_g52_c01,45,5,male
v_HulaHoop_g53_c01.,45,5,male
v_HulaHoop_g54_c01,49,1,male
v_HulaHoop_g55_c01,50,0,male
v_HulaHoop_g56_c01,49,1,male
v_HulaHoop_g57_c01,47,3,male
v_HulaHoop_g58_c01,45,5,male
v_HulaHoop_g59_c01,45,5,male
v_HulaHoop_g60_c01,28,22,male
v_HulaHoop_g61_c01,20,30,female
v_HulaHoop_g62_c01.,0,50,female
v_HulaHoop_g63_c01,3,47,female
v_HulaHoop_g64_c01,14,36,female
v_HulaHoop_g65_c01,6,44,female
v_HulaHoop_g66_c01,49,1,male
v_HulaHoop_g67_c01,7,43,female
v_HulaHoop_g68_c01.,0,50,female
v_HulaHoop_g69_c01,8,42,female
v_HulaHoop_g70_c01,17,33,female
v_HulaHoop_g71_c01.,20,30,female
v_HulaHoop_g72_c01,40,10,male
v_HulaHoop_g73_c01,49,1,male
v_HulaHoop_g74_c01,33,17,male
v_HulaHoop_g75_c01,49,1,male
v_HulaHoop_g76_c01,48,2,male
v_HulaHoop_g77_c01,39,11,male
v_HulaHoop_g78_c01,0,50,female
v_HulaHoop_g79_c01,38,12,male
v_HulaHoop_g80_c01,50,0,male
v_HulaHoop_g81_c01,36,14,male
v_HulaHoop_g82_c01.,17,33,female
v_HulaHoop_g83_c01,39,11,male
v_HulaHoop_g84_c01,0,50,female
v_HulaHoop_g85_c01,21,29,female
v_HulaHoop_g86_c01.,26,24,male
v_HulaHoop_g87_c01,50,0,male
v_HulaHoop_g88_c01.,6,44,female
v_HulaHoop_g89_c01,10,40,female
v_HulaHoop_g90_c01,7,43,female
v_HulaHoop_g91_c01,42,8,male
v_HulaHoop_g92_c01,36,14,male
v_HulaHoop_g93_c01,3,47,female
v_HulaHoop_g94_c01,42,8,male
v_HulaHoop_g95_c01,5,45,female
v_HulaHoop_g96_c01,28,22,male
v_HulaHoop_g97_c01,19,31,female
v_HulaHoop_g98_c01,43,7,male
v_HulaHoop_g99_c01.,44,6,male
v_IceDancing_g01_c01,3,47,female
v_IceDancing_g02_c01,36,14,male
v_IceDancing_g03_c01,50,0,male
v_IceDancing_g04_c01.,49,1,male
v_IceDancing_g05_c01,49,1,male
v_IceDancing_g06_c01,5,45,female
v_IceDancing_g07_c01,50,0,male
v_IceDancing_g08_c01,3,47,female
v_IceDancing_g09_c01,18,32,female
v_IceDancing_g10_c01,15,35,female
v_IceDancing_g11_c01,40,10,male
v_IceDancing_g12_c01,36,14,male
v_IceDancing_g13_c01.,22,28,female
v_IceDancing_g14_c01,8,42,female
v_IceDancing_g15_c01,34,16,male
v_IceDancing_g16_c01,41,9,male
v_IceDancing_g17_c01.,40,10,male
v_IceDancing_g18_c01,37,13,male
v_IceDancing_g19_c01,20,30,female
v_IceDancing_g20_c01,30,20,male
v_IceDancing_g21_c01,15,35,female
v_IceDancing_g22_c01,23,27,female
v_IceDancing_g23_c01.,34,16,male
v_IceDancing_g24_c01,33,17,male
v_IceDancing_g25_c01,47,3,male
v_IceDancing_g26_c01.,40,10,male
v_IceDancing_g27_c01.,50,0,male
v_IceDancing_g28_c01,3,47,female
v_IceDancing_g29_c01.,48,2,male
v_IceDancing_g30_c01.,42,8,male
v_IceDancing_g31_c01,24,26,female
v_IceDancing_g32_c01,47,3,male
v_IceDancing_g33_c01,23,27,female
v_IceDancing_g34_c01,34,16,male
v_IceDancing_g35_c01,39,11,male
v_IceDancing_g36_c01,15,35,female
v_IceDancing_g37_c01,49,1,male
v_IceDancing_g38_c01,37,13,male
v_IceDancing_g39_c01,1,49,female
v_IceDancing_g40_c01,9,41,female
v_IceDancing_g41_c01,2,48,female
v_IceDancing_g42_c01,36,14,male
v_IceDancing_g43_c01,21,28,female
v_IceDancing_g44_c01.,40,10,male
v_IceDancing_g45_c01.,25,25,uncertain
v_IceDancing_g46_c01,35,15,male
v_IceDancing_g47_c01,41,9,male
v_IceDancing_g48_c01,29,21,male
v_IceDancing_g49_c01,32,18,male
v_IceDancing_g50_c01,31,19,male
v_IceDancing_g51_c01,3,47,female
v_IceDancing_g52_c01,0,50,female
v_IceDancing_g53_c01.,35,15,male
v_IceDancing_g54_c01.,19,31,female
v_IceDancing_g55_c01,48,2,male
v_IceDancing_g56_c01,23,27,female
v_IceDancing_g57_c01,44,6,male
v_IceDancing_g58_c01,47,3,male
v_IceDancing_g59_c01,27,23,male
v_IceDancing_g60_c01,42,8,male
v_IceDancing_g61_c01,13,37,female
v_IceDancing_g62_c01,27,23,male
v_IceDancing_g63_c01,31,19,male
v_IceDancing_g64_c01,24,26,female
v_IceDancing_g65_c01,25,25,uncertain
v_IceDancing_g66_c01,29,21,male
v_IceDancing_g67_c01,41,9,male
v_IceDancing_g68_c01.,4,46,female
v_IceDancing_g69_c01,34,16,male
v_IceDancing_g70_c01.,22,28,female
v_IceDancing_g71_c01.,24,26,female
v_IceDancing_g72_c01,43,7,male
v_IceDancing_g73_c01,40,10,male
v_IceDancing_g74_c01,31,19,male
v_IceDancing_g75_c01,35,15,male
v_IceDancing_g76_c01,34,16,male
v_IceDancing_g77_c01.,16,34,female
v_IceDancing_g78_c01,30,20,male
v_IceDancing_g79_c01,32,18,male
v_IceDancing_g80_c01,29,21,male
v_IceDancing_g81_c01.,5,45,female
v_IceDancing_g82_c01,45,5,male
v_IceDancing_g83_c01,49,1,male
v_IceDancing_g84_c01,50,0,male
v_IceDancing_g85_c01,32,18,male
v_IceDancing_g86_c01.,21,29,female
v_IceDancing_g87_c01,11,39,female
v_IceDancing_g88_c01,5,45,female
v_IceDancing_g89_c01,47,3,male
v_IceDancing_g90_c01,42,8,male
v_IceDancing_g91_c01,36,14,male
v_IceDancing_g92_c01.,0,50,female
v_IceDancing_g93_c01.,37,13,male
v_IceDancing_g94_c01,23,27,female
v_IceDancing_g95_c01,33,17,male
v_IceDancing_g96_c01,50,0,male
v_IceDancing_g97_c01.,36,14,male
v_IceDancing_g98_c01,18,32,female
v_JavelinThrow_g01_c01,13,37,female
v_JavelinThrow_g02_c01,3,47,female
v_JavelinThrow_g03_c01,49,1,male
v_JavelinThrow_g04_c01,38,12,male
v_JavelinThrow_g05_c01,50,0,male
v_JavelinThrow_g06_c01,30,20,male
v_JavelinThrow_g07_c01,50,0,male
v_JavelinThrow_g08_c01,45,5,male
v_JavelinThrow_g09_c01,38,12,male
v_JavelinThrow_g10_c01,30,20,male
v_JavelinThrow_g11_c01,38,12,male
v_JavelinThrow_g12_c01,15,35,female
v_JavelinThrow_g13_c01,25,25,uncertain
v_JavelinThrow_g14_c01,12,38,female
v_JavelinThrow_g15_c01,6,44,female
v_JavelinThrow_g16_c01.,49,1,male
v_JavelinThrow_g17_c01,48,2,male
v_JavelinThrow_g18_c01,35,15,male
v_JavelinThrow_g19_c01,49,1,male
v_JavelinThrow_g20_c01,47,3,male
v_JavelinThrow_g21_c01,41,9,male
v_JavelinThrow_g22_c01,49,1,male
v_JavelinThrow_g23_c01,50,0,male
v_JavelinThrow_g24_c01,42,8,male
v_JavelinThrow_g25_c01,48,2,male
v_JavelinThrow_g26_c01,38,12,male
v_JavelinThrow_g27_c01,44,6,male
v_JavelinThrow_g28_c01.,4,46,female
v_JavelinThrow_g29_c01,45,5,male
v_JavelinThrow_g30_c01.,43,7,male
v_JavelinThrow_g31_c01,14,36,female
v_JavelinThrow_g32_c01,50,0,male
v_JavelinThrow_g33_c01.,22,28,female
v_JavelinThrow_g34_c01,47,3,male
v_JavelinThrow_g35_c01,6,44,female
v_JavelinThrow_g36_c01,40,10,male
v_JavelinThrow_g37_c01,43,7,male
v_JavelinThrow_g38_c01,29,21,male
v_JavelinThrow_g39_c01,47,3,male
v_JavelinThrow_g40_c01,26,24,male
v_JavelinThrow_g41_c01,8,42,female
v_JavelinThrow_g42_c01,21,29,female
v_JavelinThrow_g43_c01,47,3,male
v_JavelinThrow_g44_c01,33,17,male
v_JavelinThrow_g45_c01,7,43,female
v_JavelinThrow_g46_c01,42,8,male
v_JavelinThrow_g47_c01,36,14,male
v_JavelinThrow_g48_c01,45,5,male
v_JavelinThrow_g49_c01,36,14,male
v_JavelinThrow_g50_c01,29,21,male
v_JavelinThrow_g51_c01,36,14,male
v_JavelinThrow_g52_c01,43,7,male
v_JavelinThrow_g53_c01,21,29,female
v_JavelinThrow_g54_c01,43,7,male
v_JavelinThrow_g55_c01,37,13,male
v_JavelinThrow_g56_c01.,47,3,male
v_JavelinThrow_g57_c01,46,4,male
v_JavelinThrow_g58_c01,39,11,male
v_JavelinThrow_g59_c01,50,0,male
v_JavelinThrow_g60_c01,40,10,male
v_JavelinThrow_g61_c01,45,5,male
v_JavelinThrow_g62_c01,47,3,male
v_JavelinThrow_g63_c01,22,28,female
v_JavelinThrow_g64_c01.,12,38,female
v_JavelinThrow_g65_c01,43,7,male
v_JavelinThrow_g66_c01,50,0,male
v_JavelinThrow_g67_c01.,49,1,male
v_JavelinThrow_g68_c01,39,11,male
v_JavelinThrow_g69_c01,50,0,male
v_JavelinThrow_g70_c01,50,0,male
v_JavelinThrow_g71_c01,39,11,male
v_JavelinThrow_g72_c01,30,20,male
v_JavelinThrow_g73_c01,39,11,male
v_JavelinThrow_g74_c01,0,50,female
v_JavelinThrow_g75_c01,35,15,male
v_JavelinThrow_g76_c01,45,5,male
v_JavelinThrow_g77_c01,44,6,male
v_JavelinThrow_g78_c01,30,20,male
v_JavelinThrow_g79_c01,39,11,male
v_JavelinThrow_g80_c01.,50,0,male
v_JavelinThrow_g81_c01,35,15,male
v_JavelinThrow_g82_c01,40,10,male
v_JavelinThrow_g83_c01,48,2,male
v_JavelinThrow_g84_c01,15,35,female
v_JavelinThrow_g85_c01,39,11,male
v_JavelinThrow_g86_c01,10,40,female
v_JavelinThrow_g87_c01,22,28,female
v_JavelinThrow_g88_c01,11,39,female
v_JavelinThrow_g89_c01,45,5,male
v_JavelinThrow_g90_c01.,42,8,male
v_JavelinThrow_g91_c01,31,19,male
v_JavelinThrow_g92_c01,38,12,male
v_JavelinThrow_g93_c01,27,23,male
v_JavelinThrow_g94_c01,49,1,male
v_JavelinThrow_g95_c01,11,39,female
v_JavelinThrow_g96_c01,32,18,male
v_JavelinThrow_g97_c01,36,14,male
v_JavelinThrow_g98_c01,47,3,male
v_JavelinThrow_g99_c01,47,3,male
v_JugglingBalls_g01_c01,49,1,male
v_JugglingBalls_g02_c01.,25,25,uncertain
v_JugglingBalls_g03_c01,37,13,male
v_JugglingBalls_g04_c01,45,5,male
v_JugglingBalls_g05_c01.,39,11,male
v_JugglingBalls_g06_c01,42,8,male
v_JugglingBalls_g07_c01,49,1,male
v_JugglingBalls_g08_c01,42,8,male
v_JugglingBalls_g09_c01,47,3,male
v_JugglingBalls_g10_c01,12,38,female
v_JugglingBalls_g11_c01,34,16,male
v_JugglingBalls_g12_c01.,47,3,male
v_JugglingBalls_g13_c01,38,12,male
v_JugglingBalls_g14_c01,29,21,male
v_JugglingBalls_g15_c01,49,1,male
v_JugglingBalls_g16_c01,40,10,male
v_JugglingBalls_g17_c01,16,34,female
v_JugglingBalls_g18_c01,13,37,female
v_JugglingBalls_g19_c01,35,15,male
v_JugglingBalls_g20_c01,46,4,male
v_JugglingBalls_g21_c01,50,0,male
v_JugglingBalls_g22_c01,30,20,male
v_JugglingBalls_g23_c01,34,16,male
v_JugglingBalls_g24_c01,30,20,male
v_JugglingBalls_g25_c01,35,15,male
v_JugglingBalls_g26_c01,8,42,female
v_JugglingBalls_g27_c01,5,45,female
v_JugglingBalls_g28_c01,11,38,female
v_JugglingBalls_g29_c01,37,13,male
v_JugglingBalls_g30_c01,49,1,male
v_JugglingBalls_g31_c01,5,45,female
v_JugglingBalls_g32_c01,50,0,male
v_JugglingBalls_g33_c01,15,35,female
v_JugglingBalls_g34_c01,29,21,male
v_JugglingBalls_g35_c01,5,45,female
v_JugglingBalls_g36_c01.,21,29,female
v_JugglingBalls_g37_c01,24,26,female
v_JugglingBalls_g38_c01,48,2,male
v_JugglingBalls_g39_c01,44,6,male
v_JugglingBalls_g40_c01,19,31,female
v_JugglingBalls_g41_c01,49,1,male
v_JugglingBalls_g42_c01,32,18,male
v_JugglingBalls_g43_c01,0,50,female
v_JugglingBalls_g44_c01,26,24,male
v_JugglingBalls_g45_c01.,42,8,male
v_JugglingBalls_g46_c01,12,38,female
v_JugglingBalls_g47_c01,46,4,male
v_JugglingBalls_g48_c01.,1,49,female
v_JugglingBalls_g49_c01,48,2,male
v_JugglingBalls_g50_c01,49,1,male
v_JugglingBalls_g51_c01,17,33,female
v_JugglingBalls_g52_c01.,30,20,male
v_JugglingBalls_g53_c01,46,4,male
v_JugglingBalls_g54_c01,48,2,male
v_JugglingBalls_g55_c01,41,9,male
v_JugglingBalls_g56_c01.,1,49,female
v_JugglingBalls_g57_c01,11,39,female
v_JugglingBalls_g58_c01,9,41,female
v_JugglingBalls_g59_c01,18,32,female
v_JugglingBalls_g60_c01,48,2,male
v_JugglingBalls_g61_c01,41,9,male
v_JugglingBalls_g62_c01,49,1,male
v_JugglingBalls_g63_c01,49,1,male
v_JugglingBalls_g64_c01,47,3,male
v_JugglingBalls_g65_c01,9,41,female
v_JugglingBalls_g66_c01,48,2,male
v_JugglingBalls_g67_c01.,50,0,male
v_JugglingBalls_g68_c01,47,3,male
v_JugglingBalls_g69_c01,50,0,male
v_JugglingBalls_g70_c01,44,6,male
v_JugglingBalls_g71_c01,49,1,male
v_JugglingBalls_g72_c01,28,22,male
v_JumpRope_g01_c01,1,49,female
v_JumpRope_g02_c01,50,0,male
v_JumpRope_g03_c01,1,49,female
v_JumpRope_g04_c01,14,36,female
v_JumpRope_g05_c01,23,27,female
v_JumpRope_g06_c01,29,21,male
v_JumpRope_g07_c01,15,35,female
v_JumpRope_g08_c01,44,6,male
v_JumpRope_g09_c01.,15,35,female
v_JumpRope_g10_c01,16,34,female
v_JumpRope_g11_c01,3,47,female
v_JumpRope_g12_c01.,48,2,male
v_JumpRope_g13_c01,45,5,male
v_JumpRope_g14_c01,0,50,female
v_JumpRope_g15_c01,32,18,male
v_JumpRope_g16_c01,5,45,female
v_JumpRope_g17_c01,48,2,male
v_JumpRope_g18_c01,28,22,male
v_JumpRope_g19_c01,35,15,male
v_JumpRope_g20_c01,23,27,female
v_JumpRope_g21_c01,16,34,female
v_JumpRope_g22_c01,34,16,male
v_JumpRope_g23_c01,47,3,male
v_JumpRope_g24_c01.,50,0,male
v_JumpRope_g25_c01,28,22,male
v_JumpRope_g26_c01,34,16,male
v_JumpRope_g27_c01,2,48,female
v_JumpRope_g28_c01,11,39,female
v_JumpRope_g29_c01,2,48,female
v_JumpRope_g30_c01,19,31,female
v_JumpRope_g31_c01,41,9,male
v_JumpRope_g32_c01,35,15,male
v_JumpRope_g33_c01,0,50,female
v_JumpRope_g34_c01,13,37,female
v_JumpRope_g35_c01,15,35,female
v_JumpRope_g36_c01,31,19,male
v_JumpRope_g37_c01,45,5,male
v_JumpRope_g38_c01,48,2,male
v_JumpRope_g39_c01,16,34,female
v_JumpRope_g40_c01,40,10,male
v_JumpRope_g41_c01,32,18,male
v_JumpRope_g42_c01,39,11,male
v_JumpRope_g43_c01,49,1,male
v_JumpRope_g44_c01,49,1,male
v_JumpRope_g45_c01,44,6,male
v_JumpRope_g46_c01,45,5,male
v_JumpRope_g47_c01,3,47,female
v_JumpRope_g48_c01,50,0,male
v_JumpRope_g49_c01,4,46,female
v_JumpRope_g50_c01,46,4,male
v_JumpRope_g51_c01,41,9,male
v_JumpRope_g52_c01,45,5,male
v_JumpRope_g53_c01,49,1,male
v_JumpRope_g54_c01.,28,22,male
v_JumpRope_g55_c01,48,2,male
v_JumpRope_g56_c01,46,4,male
v_JumpRope_g57_c01,1,49,female
v_JumpRope_g58_c01,20,30,female
v_JumpRope_g59_c01,2,48,female
v_JumpRope_g60_c01,12,38,female
v_JumpRope_g61_c01,41,9,male
v_JumpRope_g62_c01,50,0,male
v_JumpRope_g63_c01,50,0,male
v_JumpRope_g64_c01,38,12,male
v_JumpRope_g65_c01,31,19,male
v_JumpRope_g66_c01,19,31,female
v_JumpRope_g67_c01,26,24,male
v_JumpRope_g68_c01,46,4,male
v_JumpRope_g69_c01,11,39,female
v_JumpRope_g70_c01.,47,3,male
v_JumpRope_g71_c01,26,24,male
v_JumpRope_g72_c01,49,1,male
v_JumpRope_g73_c01,24,26,female
v_JumpingJack_g01_c01,14,36,female
v_JumpingJack_g02_c01,40,10,male
v_JumpingJack_g03_c01,40,10,male
v_JumpingJack_g04_c01,6,44,female
v_JumpingJack_g05_c01.,37,13,male
v_JumpingJack_g06_c01,15,35,female
v_JumpingJack_g07_c01.,43,7,male
v_JumpingJack_g08_c01,14,36,female
v_JumpingJack_g09_c01.,50,0,male
v_JumpingJack_g10_c01,50,0,male
v_JumpingJack_g11_c01,49,1,male
v_JumpingJack_g12_c01,27,23,male
v_JumpingJack_g13_c01,50,0,male
v_JumpingJack_g14_c01,42,8,male
v_JumpingJack_g15_c01,34,16,male
v_JumpingJack_g16_c01,46,4,male
v_JumpingJack_g17_c01.,50,0,male
v_JumpingJack_g18_c01,50,0,male
v_JumpingJack_g19_c01,9,41,female
v_JumpingJack_g20_c01,34,16,male
v_JumpingJack_g21_c01.,49,1,male
v_JumpingJack_g22_c01,50,0,male
v_JumpingJack_g23_c01.,33,17,male
v_JumpingJack_g24_c01,50,0,male
v_JumpingJack_g25_c01,47,3,male
v_JumpingJack_g26_c01,49,1,male
v_JumpingJack_g27_c01,50,0,male
v_JumpingJack_g28_c01.,17,33,female
v_JumpingJack_g29_c01,49,1,male
v_JumpingJack_g30_c01,30,20,male
v_JumpingJack_g31_c01,43,7,male
v_JumpingJack_g32_c01,21,29,female
v_JumpingJack_g33_c01,31,19,male
v_JumpingJack_g34_c01,43,7,male
v_JumpingJack_g35_c01,37,13,male
v_JumpingJack_g36_c01,37,13,male
v_JumpingJack_g37_c01,35,15,male
v_JumpingJack_g38_c01,47,3,male
v_JumpingJack_g39_c01.,48,2,male
v_JumpingJack_g40_c01,49,1,male
v_JumpingJack_g41_c01,50,0,male
v_JumpingJack_g42_c01,50,0,male
v_JumpingJack_g43_c01,41,9,male
v_JumpingJack_g44_c01,37,13,male
v_JumpingJack_g45_c01,50,0,male
v_JumpingJack_g46_c01,50,0,male
v_JumpingJack_g47_c01,45,5,male
v_JumpingJack_g48_c01,9,41,female
v_JumpingJack_g49_c01.,4,46,female
v_JumpingJack_g50_c01,50,0,male
v_JumpingJack_g51_c01,46,4,male
v_JumpingJack_g52_c01.,23,27,female
v_JumpingJack_g53_c01,38,12,male
v_JumpingJack_g54_c01,28,22,male
v_JumpingJack_g55_c01,50,0,male
v_JumpingJack_g56_c01,49,1,male
v_JumpingJack_g57_c01,42,8,male
v_JumpingJack_g58_c01,35,15,male
v_JumpingJack_g59_c01,34,16,male
v_JumpingJack_g60_c01,38,12,male
v_JumpingJack_g61_c01,25,25,uncertain
v_JumpingJack_g62_c01,33,17,male
v_JumpingJack_g63_c01,37,13,male
v_Kayaking_g01_c01,3,47,female
v_Kayaking_g02_c01,36,14,male
v_Kayaking_g03_c01,48,2,male
v_Kayaking_g04_c01,16,34,female
v_Kayaking_g05_c01,48,2,male
v_Kayaking_g06_c01.,36,14,male
v_Kayaking_g07_c01,31,19,male
v_Kayaking_g08_c01,11,39,female
v_Kayaking_g09_c01,40,10,male
v_Kayaking_g10_c01,45,5,male
v_Kayaking_g11_c01,50,0,male
v_Kayaking_g12_c01,20,30,female
v_Kayaking_g13_c01,25,25,uncertain
v_Kayaking_g14_c01,33,17,male
v_Kayaking_g15_c01.,33,17,male
v_Kayaking_g16_c01,25,25,uncertain
v_Kayaking_g17_c01,31,19,male
v_Kayaking_g18_c01,42,8,male
v_Kayaking_g19_c01,47,3,male
v_Kayaking_g20_c01,22,28,female
v_Kayaking_g21_c01,12,38,female
v_Kayaking_g22_c01,33,17,male
v_Kayaking_g23_c01,16,34,female
v_Kayaking_g24_c01,22,28,female
v_Kayaking_g25_c01.,28,22,male
v_Kayaking_g26_c01,48,2,male
v_Kayaking_g27_c01.,33,17,male
v_Kayaking_g28_c01.,19,31,female
v_Kayaking_g29_c01,19,31,female
v_Kayaking_g30_c01.,23,27,female
v_Kayaking_g31_c01,30,20,male
v_Kayaking_g32_c01,24,26,female
v_Kayaking_g33_c01.,34,16,male
v_Kayaking_g34_c01,43,7,male
v_Kayaking_g35_c01,37,13,male
v_Kayaking_g36_c01,26,24,male
v_Kayaking_g37_c01,50,0,male
v_Kayaking_g38_c01,21,29,female
v_Kayaking_g39_c01,28,22,male
v_Kayaking_g40_c01,28,22,male
v_Kayaking_g41_c01,41,9,male
v_Kayaking_g42_c01,48,2,male
v_Kayaking_g43_c01,25,25,uncertain
v_Kayaking_g44_c01,28,22,male
v_Kayaking_g45_c01,23,27,female
v_Kayaking_g46_c01,23,27,female
v_Kayaking_g47_c01.,15,35,female
v_Kayaking_g48_c01,41,9,male
v_Kayaking_g49_c01,24,26,female
v_Kayaking_g50_c01,44,6,male
v_Kayaking_g51_c01,28,21,male
v_Kayaking_g52_c01,30,20,male
v_Kayaking_g53_c01,42,8,male
v_Kayaking_g54_c01.,29,21,male
v_Kayaking_g55_c01,21,29,female
v_Kayaking_g56_c01,47,3,male
v_Kayaking_g57_c01,23,27,female
v_Kayaking_g58_c01,49,1,male
v_Kayaking_g59_c01,45,5,male
v_Kayaking_g60_c01,42,8,male
v_Kayaking_g61_c01,33,17,male
v_Kayaking_g62_c01,23,27,female
v_Kayaking_g63_c01,26,24,male
v_Kayaking_g64_c01,30,20,male
v_Kayaking_g65_c01,39,11,male
v_Kayaking_g66_c01,50,0,male
v_Kayaking_g67_c01,38,12,male
v_Kayaking_g68_c01.,34,16,male
v_Kayaking_g69_c01,30,20,male
v_Kayaking_g70_c01,33,17,male
v_Kayaking_g71_c01,39,11,male
v_Kayaking_g72_c01,10,40,female
v_Kayaking_g73_c01,44,5,male
v_Kayaking_g74_c01,16,34,female
v_Kayaking_g75_c01,44,6,male
v_Kayaking_g76_c01,18,32,female
v_Kayaking_g77_c01,36,14,male
v_Kayaking_g78_c01,5,45,female
v_Kayaking_g79_c01,48,2,male
v_Kayaking_g80_c01,25,25,uncertain
v_Kayaking_g81_c01,1,49,female
v_Knitting_g01_c01.,0,50,female
v_Knitting_g02_c01,1,49,female
v_Knitting_g03_c01.,0,50,female
v_Knitting_g04_c01,5,45,female
v_Knitting_g05_c01,49,1,male
v_Knitting_g06_c01,21,29,female
v_Knitting_g07_c01,1,49,female
v_Knitting_g08_c01,42,8,male
v_Knitting_g09_c01,13,37,female
v_Knitting_g10_c01,2,48,female
v_Knitting_g11_c01,3,47,female
v_Knitting_g12_c01,9,41,female
v_Knitting_g13_c01.,41,9,male
v_Knitting_g14_c01,0,50,female
v_Knitting_g15_c01,10,40,female
v_Knitting_g16_c01,34,16,male
v_Knitting_g17_c01,1,49,female
v_Knitting_g18_c01.,4,46,female
v_Knitting_g19_c01,15,35,female
v_Knitting_g20_c01,37,13,male
v_Knitting_g21_c01,25,25,uncertain
v_Knitting_g22_c01,2,48,female
v_Knitting_g23_c01,1,49,female
v_Knitting_g24_c01,12,38,female
v_Knitting_g25_c01.,19,31,female
v_Knitting_g26_c01,6,44,female
v_Knitting_g27_c01,21,29,female
v_Knitting_g28_c01,37,13,male
v_Knitting_g29_c01,39,11,male
v_Knitting_g30_c01,1,49,female
v_Knitting_g31_c01,3,47,female
v_Knitting_g32_c01,43,7,male
v_Knitting_g33_c01,10,40,female
v_Knitting_g34_c01,11,39,female
v_Knitting_g35_c01,18,32,female
v_Knitting_g36_c01,21,29,female
v_Knitting_g37_c01,24,26,female
v_Knitting_g38_c01,15,35,female
v_Knitting_g39_c01,12,38,female
v_Knitting_g40_c01,4,45,female
v_Knitting_g41_c01.,18,32,female
v_LongJump_g01_c01,45,5,male
v_LongJump_g02_c01,36,14,male
v_LongJump_g03_c01,16,34,female
v_LongJump_g04_c01,43,7,male
v_LongJump_g05_c01,28,22,male
v_LongJump_g06_c01,20,30,female
v_LongJump_g07_c01,35,15,male
v_LongJump_g08_c01,47,3,male
v_LongJump_g09_c01,47,3,male
v_LongJump_g10_c01,50,0,male
v_LongJump_g11_c01,29,21,male
v_LongJump_g12_c01,35,15,male
v_LongJump_g13_c01,6,44,female
v_LongJump_g14_c01,16,34,female
v_LongJump_g15_c01,31,19,male
v_LongJump_g16_c01,17,33,female
v_LongJump_g17_c01,46,4,male
v_LongJump_g18_c01.,6,44,female
v_LongJump_g19_c01,50,0,male
v_LongJump_g20_c01,27,23,male
v_LongJump_g21_c01,40,10,male
v_LongJump_g22_c01,29,21,male
v_LongJump_g23_c01.,8,42,female
v_LongJump_g24_c01.,41,9,male
v_LongJump_g25_c01,40,10,male
v_LongJump_g26_c01,44,6,male
v_LongJump_g27_c01,35,15,male
v_LongJump_g28_c01,45,5,male
v_LongJump_g29_c01,20,30,female
v_LongJump_g30_c01,43,7,male
v_LongJump_g31_c01.,37,13,male
v_LongJump_g32_c01,15,35,female
v_LongJump_g33_c01,50,0,male
v_LongJump_g34_c01.,41,9,male
v_LongJump_g35_c01.,40,10,male
v_LongJump_g36_c01,47,3,male
v_LongJump_g37_c01,14,36,female
v_LongJump_g38_c01,46,4,male
v_LongJump_g39_c01,45,5,male
v_LongJump_g40_c01,46,4,male
v_LongJump_g41_c01.,1,49,female
v_LongJump_g42_c01,35,15,male
v_LongJump_g43_c01,17,33,female
v_LongJump_g44_c01,11,39,female
v_LongJump_g45_c01,15,35,female
v_LongJump_g46_c01.,38,12,male
v_LongJump_g47_c01,21,29,female
v_LongJump_g48_c01.,30,20,male
v_LongJump_g49_c01,16,34,female
v_LongJump_g50_c01.,17,33,female
v_LongJump_g51_c01,46,4,male
v_LongJump_g52_c01,49,1,male
v_LongJump_g53_c01,29,21,male
v_LongJump_g54_c01,35,15,male
v_LongJump_g55_c01,38,12,male
v_LongJump_g56_c01,40,10,male
v_LongJump_g57_c01,42,8,male
v_LongJump_g58_c01.,39,11,male
v_LongJump_g59_c01,48,2,male
v_LongJump_g60_c01,43,7,male
v_LongJump_g61_c01,44,6,male
v_LongJump_g62_c01,6,44,female
v_LongJump_g63_c01.,3,47,female
v_LongJump_g64_c01,49,1,male
v_LongJump_g65_c01,46,4,male
v_LongJump_g66_c01,50,0,male
v_LongJump_g67_c01,22,28,female
v_LongJump_g68_c01,50,0,male
v_LongJump_g69_c01.,20,30,female
v_LongJump_g70_c01.,12,38,female
v_LongJump_g71_c01,39,11,male
v_LongJump_g72_c01,41,9,male
v_LongJump_g73_c01,49,1,male
v_LongJump_g74_c01,22,28,female
v_LongJump_g75_c01,27,23,male
v_LongJump_g76_c01,37,13,male
v_LongJump_g77_c01,8,42,female
v_LongJump_g78_c01,46,4,male
v_LongJump_g79_c01,45,5,male
v_LongJump_g80_c01.,17,33,female
v_LongJump_g81_c01,37,13,male
v_LongJump_g82_c01,21,29,female
v_LongJump_g83_c01,5,45,female
v_LongJump_g84_c01,37,13,male
v_LongJump_g85_c01,45,5,male
v_LongJump_g86_c01.,46,4,male
v_LongJump_g87_c01,34,16,male
v_LongJump_g88_c01,9,41,female
v_LongJump_g89_c01,44,6,male
v_LongJump_g90_c01,24,26,female
v_LongJump_g91_c01,46,4,male
v_LongJump_g92_c01,11,39,female
v_LongJump_g93_c01,46,4,male
v_LongJump_g94_c01,33,17,male
v_LongJump_g95_c01.,8,42,female
v_Lunges_g01_c01,40,10,male
v_Lunges_g02_c01,48,2,male
v_Lunges_g03_c01,47,3,male
v_Lunges_g04_c01,50,0,male
v_Lunges_g05_c01,48,2,male
v_Lunges_g06_c01,3,47,female
v_Lunges_g07_c01,17,33,female
v_Lunges_g08_c01,50,0,male
v_Lunges_g09_c01,50,0,male
v_Lunges_g10_c01,50,0,male
v_Lunges_g11_c01.,45,5,male
v_Lunges_g12_c01.,11,39,female
v_Lunges_g13_c01,0,50,female
v_Lunges_g14_c01,47,3,male
v_Lunges_g15_c01.,47,3,male
v_Lunges_g16_c01.,0,50,female
v_Lunges_g17_c01,2,48,female
v_Lunges_g18_c01,50,0,male
v_Lunges_g19_c01,48,2,male
v_Lunges_g20_c01,45,5,male
v_Lunges_g21_c01,50,0,male
v_Lunges_g22_c01,50,0,male
v_Lunges_g23_c01,50,0,male
v_Lunges_g24_c01,2,48,female
v_Lunges_g25_c01.,1,49,female
v_Lunges_g26_c01,49,1,male
v_Lunges_g27_c01,49,1,male
v_Lunges_g28_c01,14,36,female
v_Lunges_g29_c01.,41,9,male
v_Lunges_g30_c01,49,1,male
v_Lunges_g31_c01,6,44,female
v_Lunges_g32_c01,40,10,male
v_Lunges_g33_c01,9,41,female
v_Lunges_g34_c01,35,15,male
v_Lunges_g35_c01,34,16,male
v_Lunges_g36_c01,50,0,male
v_Lunges_g37_c01,50,0,male
v_Lunges_g38_c01.,7,43,female
v_Lunges_g39_c01,32,18,male
v_Lunges_g40_c01,50,0,male
v_Lunges_g41_c01,50,0,male
v_Lunges_g42_c01.,0,50,female
v_Lunges_g43_c01,50,0,male
v_Lunges_g44_c01,47,3,male
v_Lunges_g45_c01,13,37,female
v_Lunges_g46_c01,45,5,male
v_Lunges_g47_c01,42,8,male
v_Lunges_g48_c01.,3,47,female
v_Lunges_g49_c01,49,1,male
v_Lunges_g50_c01,49,1,male
v_Lunges_g51_c01,1,49,female
v_Lunges_g52_c01,49,1,male
v_Lunges_g53_c01.,50,0,male
v_Lunges_g54_c01,49,1,male
v_Lunges_g55_c01.,0,50,female
v_Lunges_g56_c01,46,4,male
v_Lunges_g57_c01,50,0,male
v_Lunges_g58_c01.,27,23,male
v_Lunges_g59_c01,50,0,male
v_Lunges_g60_c01,4,46,female
v_Lunges_g61_c01,49,1,male
v_Lunges_g62_c01,39,11,male
v_Lunges_g63_c01.,48,2,male
v_Lunges_g64_c01.,48,2,male
v_Lunges_g65_c01.,50,0,male
v_Lunges_g66_c01,43,7,male
v_Lunges_g67_c01,47,3,male
v_Lunges_g68_c01,1,49,female
v_Lunges_g69_c01,50,0,male
v_Lunges_g70_c01,49,1,male
v_MilitaryParade_g01_c01,50,0,male
v_MilitaryParade_g02_c01.,0,50,female
v_MilitaryParade_g03_c01,49,1,male
v_MilitaryParade_g04_c01,24,26,female
v_MilitaryParade_g05_c01,50,0,male
v_MilitaryParade_g06_c01,12,38,female
v_MilitaryParade_g07_c01.,38,12,male
v_MilitaryParade_g08_c01,44,6,male
v_MilitaryParade_g09_c01.,47,3,male
v_MilitaryParade_g10_c01,47,3,male
v_MilitaryParade_g11_c01,46,4,male
v_MilitaryParade_g12_c01,21,29,female
v_MilitaryParade_g13_c01,50,0,male
v_MilitaryParade_g14_c01,42,8,male
v_MilitaryParade_g15_c01,8,42,female
v_MilitaryParade_g16_c01,38,12,male
v_MilitaryParade_g17_c01,45,5,male
v_MilitaryParade_g18_c01,46,4,male
v_MilitaryParade_g19_c01,49,1,male
v_MilitaryParade_g20_c01.,46,4,male
v_MilitaryParade_g21_c01,43,7,male
v_MilitaryParade_g22_c01.,24,26,female
v_MilitaryParade_g23_c01.,22,28,female
v_MilitaryParade_g24_c01,15,35,female
v_MilitaryParade_g25_c01,24,26,female
v_MilitaryParade_g26_c01,19,31,female
v_MilitaryParade_g27_c01,36,14,male
v_MilitaryParade_g28_c01,40,10,male
v_MilitaryParade_g29_c01,48,2,male
v_MilitaryParade_g30_c01,46,4,male
v_MilitaryParade_g31_c01,17,33,female
v_MilitaryParade_g32_c01,18,32,female
v_MilitaryParade_g33_c01,30,20,male
v_MilitaryParade_g34_c01.,47,3,male
v_MilitaryParade_g35_c01,29,21,male
v_MilitaryParade_g36_c01,44,6,male
v_MilitaryParade_g37_c01,10,40,female
v_MilitaryParade_g38_c01.,48,2,male
v_MilitaryParade_g39_c01,47,2,male
v_MilitaryParade_g40_c01,47,3,male
v_MilitaryParade_g41_c01,38,12,male
v_MilitaryParade_g42_c01,50,0,male
v_MilitaryParade_g43_c01,44,6,male
v_MilitaryParade_g44_c01,12,38,female
v_MilitaryParade_g45_c01,27,23,male
v_MilitaryParade_g46_c01.,48,2,male
v_MilitaryParade_g47_c01,38,12,male
v_MilitaryParade_g48_c01,41,9,male
v_MilitaryParade_g49_c01,32,18,male
v_MilitaryParade_g50_c01,50,0,male
v_MilitaryParade_g51_c01,23,27,female
v_MilitaryParade_g52_c01,47,3,male
v_MilitaryParade_g53_c01,45,5,male
v_MilitaryParade_g54_c01,47,3,male
v_MilitaryParade_g55_c01,48,2,male
v_MilitaryParade_g56_c01,47,3,male
v_MilitaryParade_g57_c01,19,31,female
v_MilitaryParade_g58_c01,34,16,male
v_MilitaryParade_g59_c01,48,2,male
v_MilitaryParade_g60_c01,31,19,male
v_MilitaryParade_g61_c01,50,0,male
v_MilitaryParade_g62_c01,41,9,male
v_MilitaryParade_g63_c01,36,14,male
v_MilitaryParade_g64_c01,14,36,female
v_MilitaryParade_g65_c01,13,37,female
v_MilitaryParade_g66_c01,21,28,female
v_MilitaryParade_g67_c01,47,3,male
v_MilitaryParade_g68_c01,41,9,male
v_MilitaryParade_g69_c01,45,5,male
v_MilitaryParade_g70_c01,49,1,male
v_MilitaryParade_g71_c01,40,10,male
v_MilitaryParade_g72_c01.,10,40,female
v_MilitaryParade_g73_c01,26,24,male
v_MilitaryParade_g74_c01,48,2,male
v_MilitaryParade_g75_c01,41,9,male
v_MilitaryParade_g76_c01,44,6,male
v_MilitaryParade_g77_c01.,49,1,male
v_MilitaryParade_g78_c01,40,10,male
v_MilitaryParade_g79_c01.,49,1,male
v_MilitaryParade_g80_c01.,42,8,male
v_MilitaryParade_g81_c01,44,6,male
v_MilitaryParade_g82_c01,35,15,male
v_MilitaryParade_g83_c01,49,1,male
v_MilitaryParade_g84_c01,49,1,male
v_MilitaryParade_g85_c01,42,8,male
v_MilitaryParade_g86_c01,34,16,male
v_MilitaryParade_g87_c01,47,3,male
v_MilitaryParade_g88_c01.,25,25,uncertain
v_MilitaryParade_g89_c01,14,36,female
v_MilitaryParade_g90_c01,24,26,female
v_MilitaryParade_g91_c01.,22,28,female
v_Mixing_g01_c01,2,48,female
v_Mixing_g02_c01,1,49,female
v_Mixing_g03_c01,20,29,female
v_Mixing_g04_c01,35,15,male
v_Mixing_g05_c01.,6,44,female
v_Mixing_g06_c01,19,31,female
v_Mixing_g07_c01,50,0,male
v_Mixing_g08_c01,4,46,female
v_Mixing_g09_c01.,25,25,uncertain
v_Mixing_g10_c01,0,50,female
v_Mixing_g11_c01,7,43,female
v_Mixing_g12_c01,34,16,male
v_Mixing_g13_c01,50,0,male
v_Mixing_g14_c01,36,14,male
v_Mixing_g15_c01,34,16,male
v_Mixing_g16_c01,28,22,male
v_Mixing_g17_c01,3,47,female
v_Mixing_g18_c01,31,19,male
v_Mixing_g19_c01,50,0,male
v_Mixing_g20_c01,37,13,male
v_Mixing_g21_c01,31,19,male
v_Mixing_g22_c01,23,27,female
v_Mixing_g23_c01,23,27,female
v_Mixing_g24_c01,0,50,female
v_Mixing_g25_c01,47,3,male
v_Mixing_g26_c01.,33,17,male
v_Mixing_g27_c01,46,4,male
v_Mixing_g28_c01,32,18,male
v_Mixing_g29_c01,0,50,female
v_Mixing_g30_c01,45,5,male
v_Mixing_g31_c01.,29,21,male
v_Mixing_g32_c01,37,13,male
v_Mixing_g33_c01,1,49,female
v_Mixing_g34_c01,18,32,female
v_Mixing_g35_c01,33,17,male
v_Mixing_g36_c01.,23,27,female
v_Mixing_g37_c01,43,7,male
v_Mixing_g38_c01,16,34,female
v_Mixing_g39_c01,1,49,female
v_Mixing_g40_c01,8,42,female
v_Mixing_g41_c01,50,0,male
v_Mixing_g42_c01,19,31,female
v_Mixing_g43_c01,50,0,male
v_Mixing_g44_c01.,35,15,male
v_Mixing_g45_c01,4,46,female
v_Mixing_g46_c01.,15,35,female
v_Mixing_g47_c01,0,50,female
v_Mixing_g48_c01,31,19,male
v_Mixing_g49_c01,25,25,uncertain
v_Mixing_g50_c01,6,44,female
v_Mixing_g51_c01.,23,26,female
v_Mixing_g52_c01,9,41,female
v_Mixing_g53_c01,50,0,male
v_Mixing_g54_c01,0,50,female
v_Mixing_g55_c01,18,32,female
v_Mixing_g56_c01,18,32,female
v_Mixing_g57_c01,1,49,female
v_Mixing_g58_c01,31,19,male
v_Mixing_g59_c01,3,47,female
v_Mixing_g60_c01,13,37,female
v_Mixing_g61_c01,10,40,female
v_Mixing_g62_c01,8,42,female
v_Mixing_g63_c01,2,48,female
v_Mixing_g64_c01,35,15,male
v_Mixing_g65_c01,27,23,male
v_Mixing_g66_c01,0,50,female
v_Mixing_g67_c01,42,8,male
v_Mixing_g68_c01,23,27,female
v_Mixing_g69_c01,25,25,uncertain
v_Mixing_g70_c01,22,28,female
v_Mixing_g71_c01,7,43,female
v_Mixing_g72_c01,9,41,female
v_Mixing_g73_c01,23,27,female
v_Mixing_g74_c01,39,11,male
v_Mixing_g75_c01,13,37,female
v_Mixing_g76_c01.,48,2,male
v_Mixing_g77_c01,36,14,male
v_Mixing_g78_c01,21,29,female
v_Mixing_g79_c01,0,50,female
v_MoppingFloor_g01_c01.,3,47,female
v_MoppingFloor_g02_c01,0,50,female
v_MoppingFloor_g03_c01,26,24,male
v_MoppingFloor_g04_c01.,39,11,male
v_MoppingFloor_g05_c01,30,20,male
v_MoppingFloor_g06_c01.,0,50,female
v_MoppingFloor_g07_c01,12,38,female
v_MoppingFloor_g08_c01,45,5,male
v_MoppingFloor_g09_c01,50,0,male
v_MoppingFloor_g10_c01,48,2,male
v_MoppingFloor_g11_c01,42,8,male
v_MoppingFloor_g12_c01,3,47,female
v_MoppingFloor_g13_c01.,44,6,male
v_MoppingFloor_g14_c01.,16,34,female
v_MoppingFloor_g15_c01.,45,5,male
v_MoppingFloor_g16_c01,30,20,male
v_MoppingFloor_g17_c01,40,10,male
v_MoppingFloor_g18_c01,17,33,female
v_MoppingFloor_g19_c01.,39,11,male
v_MoppingFloor_g20_c01,42,8,male
v_MoppingFloor_g21_c01,22,28,female
v_MoppingFloor_g22_c01.,50,0,male
v_MoppingFloor_g23_c01,0,50,female
v_MoppingFloor_g24_c01.,48,2,male
v_MoppingFloor_g25_c01,33,17,male
v_MoppingFloor_g26_c01,50,0,male
v_MoppingFloor_g27_c01,46,4,male
v_MoppingFloor_g28_c01,24,26,female
v_MoppingFloor_g29_c01,50,0,male
v_MoppingFloor_g30_c01,37,13,male
v_MoppingFloor_g31_c01,17,33,female
v_MoppingFloor_g32_c01,22,28,female
v_Nunchucks_g01_c01,38,12,male
v_Nunchucks_g02_c01,32,18,male
v_Nunchucks_g03_c01,46,4,male
v_Nunchucks_g04_c01,41,9,male
v_Nunchucks_g05_c01,35,15,male
v_Nunchucks_g06_c01,50,0,male
v_Nunchucks_g07_c01,15,35,female
v_Nunchucks_g08_c01,41,9,male
v_Nunchucks_g09_c01,50,0,male
v_Nunchucks_g10_c01.,50,0,male
v_Nunchucks_g11_c01,44,6,male
v_Nunchucks_g12_c01,50,0,male
v_Nunchucks_g13_c01,11,39,female
v_Nunchucks_g14_c01,4,46,female
v_Nunchucks_g15_c01,49,1,male
v_Nunchucks_g16_c01,35,15,male
v_Nunchucks_g17_c01.,48,2,male
v_Nunchucks_g18_c01,43,7,male
v_Nunchucks_g19_c01,37,13,male
v_Nunchucks_g20_c01,5,45,female
v_Nunchucks_g21_c01,48,2,male
v_Nunchucks_g22_c01,50,0,male
v_Nunchucks_g23_c01,49,1,male
v_Nunchucks_g24_c01,0,50,female
v_Nunchucks_g25_c01,50,0,male
v_Nunchucks_g26_c01,40,10,male
v_Nunchucks_g27_c01,5,45,female
v_Nunchucks_g28_c01,43,7,male
v_Nunchucks_g29_c01,45,5,male
v_Nunchucks_g30_c01,44,6,male
v_Nunchucks_g31_c01,30,20,male
v_Nunchucks_g32_c01.,45,5,male
v_Nunchucks_g33_c01,44,6,male
v_Nunchucks_g34_c01.,46,4,male
v_Nunchucks_g35_c01,42,8,male
v_Nunchucks_g36_c01,50,0,male
v_Nunchucks_g37_c01,49,1,male
v_Nunchucks_g38_c01,50,0,male
v_Nunchucks_g39_c01,50,0,male
v_Nunchucks_g40_c01,49,1,male
v_Nunchucks_g41_c01,50,0,male
v_Nunchucks_g42_c01,50,0,male
v_Nunchucks_g43_c01,45,5,male
v_Nunchucks_g44_c01,46,4,male
v_Nunchucks_g45_c01,50,0,male
v_Nunchucks_g46_c01,50,0,male
v_Nunchucks_g47_c01,42,8,male
v_Nunchucks_g48_c01,50,0,male
v_Nunchucks_g49_c01.,48,2,male
v_Nunchucks_g50_c01,45,5,male
v_Nunchucks_g51_c01,49,1,male
v_Nunchucks_g52_c01,49,1,male
v_Nunchucks_g53_c01,45,5,male
v_Nunchucks_g54_c01,50,0,male
v_Nunchucks_g55_c01,31,19,male
v_Nunchucks_g56_c01.,3,47,female
v_Nunchucks_g57_c01,42,8,male
v_Nunchucks_g58_c01,46,4,male
v_Nunchucks_g59_c01.,48,2,male
v_Nunchucks_g60_c01,32,18,male
v_Nunchucks_g61_c01,47,3,male
v_Nunchucks_g62_c01,42,8,male
v_Nunchucks_g63_c01.,50,0,male
v_Nunchucks_g64_c01.,50,0,male
v_Nunchucks_g65_c01,42,8,male
v_Nunchucks_g66_c01,48,2,male
v_Nunchucks_g67_c01,49,1,male
v_Nunchucks_g68_c01,48,2,male
v_Nunchucks_g69_c01,50,0,male
v_Nunchucks_g70_c01,48,2,male
v_Nunchucks_g71_c01,48,2,male
v_Nunchucks_g72_c01,41,9,male
v_Nunchucks_g73_c01,50,0,male
v_ParallelBars_g01_c01,37,13,male
v_ParallelBars_g02_c01,28,22,male
v_ParallelBars_g03_c01.,34,16,male
v_ParallelBars_g04_c01,31,19,male
v_ParallelBars_g05_c01,36,14,male
v_ParallelBars_g06_c01,49,1,male
v_ParallelBars_g07_c01,29,21,male
v_ParallelBars_g08_c01,42,8,male
v_ParallelBars_g09_c01,50,0,male
v_ParallelBars_g100_c01,29,21,male
v_ParallelBars_g101_c01.,45,5,male
v_ParallelBars_g102_c01.,39,11,male
v_ParallelBars_g103_c01,41,9,male
v_ParallelBars_g104_c01,25,25,uncertain
v_ParallelBars_g105_c01,40,10,male
v_ParallelBars_g106_c01,36,14,male
v_ParallelBars_g107_c01,27,23,male
v_ParallelBars_g108_c01,39,11,male
v_ParallelBars_g109_c01,31,19,male
v_ParallelBars_g10_c01,45,5,male
v_ParallelBars_g110_c01,26,24,male
v_ParallelBars_g111_c01,47,3,male
v_ParallelBars_g112_c01,35,15,male
v_ParallelBars_g113_c01,50,0,male
v_ParallelBars_g114_c01,41,9,male
v_ParallelBars_g115_c01,43,7,male
v_ParallelBars_g116_c01.,42,8,male
v_ParallelBars_g117_c01,50,0,male
v_ParallelBars_g118_c01.,4,46,female
v_ParallelBars_g119_c01,38,12,male
v_ParallelBars_g11_c01,5,45,female
v_ParallelBars_g120_c01,37,13,male
v_ParallelBars_g121_c01,29,21,male
v_ParallelBars_g122_c01,38,12,male
v_ParallelBars_g123_c01,50,0,male
v_ParallelBars_g124_c01.,46,4,male
v_ParallelBars_g125_c01.,50,0,male
v_ParallelBars_g12_c01.,48,2,male
v_ParallelBars_g13_c01.,50,0,male
v_ParallelBars_g14_c01,17,33,female
v_ParallelBars_g15_c01,23,27,female
v_ParallelBars_g16_c01,24,26,female
v_ParallelBars_g17_c01,48,2,male
v_ParallelBars_g18_c01,41,9,male
v_ParallelBars_g19_c01,47,3,male
v_ParallelBars_g20_c01,44,6,male
v_ParallelBars_g21_c01,3,47,female
v_ParallelBars_g22_c01.,34,16,male
v_ParallelBars_g23_c01,48,2,male
v_ParallelBars_g24_c01,42,8,male
v_ParallelBars_g25_c01,47,3,male
v_ParallelBars_g26_c01,47,3,male
v_ParallelBars_g27_c01,50,0,male
v_ParallelBars_g28_c01,48,2,male
v_ParallelBars_g29_c01,33,17,male
v_ParallelBars_g30_c01,4,46,female
v_ParallelBars_g31_c01,38,12,male
v_ParallelBars_g32_c01,29,21,male
v_ParallelBars_g33_c01,48,2,male
v_ParallelBars_g34_c01,42,8,male
v_ParallelBars_g35_c01,44,6,male
v_ParallelBars_g36_c01,49,1,male
v_ParallelBars_g37_c01,35,15,male
v_ParallelBars_g38_c01,42,8,male
v_ParallelBars_g39_c01,24,26,female
v_ParallelBars_g40_c01,21,28,female
v_ParallelBars_g41_c01,49,1,male
v_ParallelBars_g42_c01.,48,2,male
v_ParallelBars_g43_c01,39,11,male
v_ParallelBars_g44_c01,20,30,female
v_ParallelBars_g45_c01,18,32,female
v_ParallelBars_g46_c01,40,10,male
v_ParallelBars_g47_c01,50,0,male
v_ParallelBars_g48_c01.,8,42,female
v_ParallelBars_g49_c01,37,13,male
v_ParallelBars_g50_c01,32,18,male
v_ParallelBars_g51_c01,22,28,female
v_ParallelBars_g52_c01.,0,50,female
v_ParallelBars_g53_c01.,4,46,female
v_ParallelBars_g54_c01.,44,6,male
v_ParallelBars_g55_c01.,39,11,male
v_ParallelBars_g56_c01.,49,1,male
v_ParallelBars_g57_c01.,6,44,female
v_ParallelBars_g58_c01,32,18,male
v_ParallelBars_g59_c01,49,0,male
v_ParallelBars_g60_c01,50,0,male
v_ParallelBars_g61_c01,30,20,male
v_ParallelBars_g62_c01,23,27,female
v_ParallelBars_g63_c01,31,19,male
v_ParallelBars_g64_c01.,1,49,female
v_ParallelBars_g65_c01,7,43,female
v_ParallelBars_g66_c01,27,23,male
v_ParallelBars_g67_c01,23,27,female
v_ParallelBars_g68_c01,36,14,male
v_ParallelBars_g69_c01,27,23,male
v_ParallelBars_g70_c01.,20,30,female
v_ParallelBars_g71_c01,39,11,male
v_ParallelBars_g72_c01.,6,44,female
v_ParallelBars_g73_c01,17,33,female
v_ParallelBars_g74_c01,47,3,male
v_ParallelBars_g75_c01,45,5,male
v_ParallelBars_g76_c01.,0,50,female
v_ParallelBars_g77_c01,5,45,female
v_ParallelBars_g78_c01,34,16,male
v_ParallelBars_g79_c01.,49,1,male
v_ParallelBars_g80_c01,50,0,male
v_ParallelBars_g81_c01,32,18,male
v_ParallelBars_g82_c01,35,15,male
v_ParallelBars_g83_c01.,31,19,male
v_ParallelBars_g84_c01,27,23,male
v_ParallelBars_g85_c01,45,5,male
v_ParallelBars_g86_c01,48,2,male
v_ParallelBars_g87_c01,11,39,female
v_ParallelBars_g88_c01,6,44,female
v_ParallelBars_g89_c01,11,39,female
v_ParallelBars_g90_c01.,29,21,male
v_ParallelBars_g91_c01,32,18,male
v_ParallelBars_g92_c01.,48,2,male
v_ParallelBars_g93_c01,11,39,female
v_ParallelBars_g94_c01,20,30,female
v_ParallelBars_g95_c01,36,14,male
v_ParallelBars_g96_c01,36,14,male
v_ParallelBars_g97_c01,42,8,male
v_ParallelBars_g98_c01,32,18,male
v_ParallelBars_g99_c01,44,6,male
v_PizzaTossing_g01_c01,12,38,female
v_PizzaTossing_g02_c01,48,2,male
v_PizzaTossing_g03_c01,40,10,male
v_PizzaTossing_g04_c01,48,2,male
v_PizzaTossing_g05_c01,40,10,male
v_PizzaTossing_g06_c01,50,0,male
v_PizzaTossing_g07_c01,44,6,male
v_PizzaTossing_g08_c01,45,5,male
v_PizzaTossing_g09_c01,48,2,male
v_PizzaTossing_g10_c01,49,1,male
v_PizzaTossing_g11_c01,45,5,male
v_PizzaTossing_g12_c01,25,25,uncertain
v_PizzaTossing_g13_c01,46,4,male
v_PizzaTossing_g14_c01,32,18,male
v_PizzaTossing_g15_c01,23,27,female
v_PizzaTossing_g16_c01,33,17,male
v_PizzaTossing_g17_c01.,40,10,male
v_PizzaTossing_g18_c01,46,4,male
v_PizzaTossing_g19_c01,47,3,male
v_PizzaTossing_g20_c01,44,6,male
v_PizzaTossing_g21_c01,31,19,male
v_PizzaTossing_g22_c01,44,6,male
v_PizzaTossing_g23_c01,44,6,male
v_PizzaTossing_g24_c01,40,10,male
v_PizzaTossing_g25_c01,9,41,female
v_PizzaTossing_g26_c01,31,19,male
v_PizzaTossing_g27_c01.,6,44,female
v_PizzaTossing_g28_c01,22,28,female
v_PizzaTossing_g29_c01,16,34,female
v_PizzaTossing_g30_c01,1,49,female
v_PizzaTossing_g31_c01,26,24,male
v_PizzaTossing_g32_c01.,42,8,male
v_PizzaTossing_g33_c01.,37,13,male
v_PizzaTossing_g34_c01.,32,18,male
v_PizzaTossing_g35_c01.,47,3,male
v_PizzaTossing_g36_c01,45,5,male
v_PizzaTossing_g37_c01,46,4,male
v_PizzaTossing_g38_c01,29,21,male
v_PizzaTossing_g39_c01,38,12,male
v_PizzaTossing_g40_c01,47,3,male
v_PizzaTossing_g41_c01,17,33,female
v_PizzaTossing_g42_c01,46,4,male
v_PizzaTossing_g43_c01,41,9,male
v_PizzaTossing_g44_c01,27,23,male
v_PizzaTossing_g45_c01.,11,39,female
v_PizzaTossing_g46_c01,41,9,male
v_PizzaTossing_g47_c01,6,44,female
v_PizzaTossing_g48_c01,36,14,male
v_PizzaTossing_g49_c01,40,10,male
v_PizzaTossing_g50_c01,35,15,male
v_PizzaTossing_g51_c01,40,10,male
v_PizzaTossing_g52_c01,48,2,male
v_PizzaTossing_g53_c01,50,0,male
v_PizzaTossing_g54_c01,33,17,male
v_PizzaTossing_g55_c01,34,16,male
v_PizzaTossing_g56_c01,35,15,male
v_PizzaTossing_g57_c01,41,9,male
v_PizzaTossing_g58_c01,44,6,male
v_PizzaTossing_g59_c01,41,9,male
v_PizzaTossing_g60_c01,46,4,male
v_PizzaTossing_g61_c01,33,17,male
v_PizzaTossing_g62_c01,8,42,female
v_PizzaTossing_g63_c01,44,6,male
v_PizzaTossing_g64_c01,23,27,female
v_PizzaTossing_g65_c01,41,9,male
v_PizzaTossing_g66_c01,48,2,male
v_PizzaTossing_g67_c01,13,37,female
v_PizzaTossing_g68_c01,32,18,male
v_PizzaTossing_g69_c01,3,47,female
v_PizzaTossing_g70_c01.,48,2,male
v_PizzaTossing_g71_c01,33,17,male
v_PizzaTossing_g72_c01.,17,33,female
v_PizzaTossing_g73_c01,8,42,female
v_PizzaTossing_g74_c01.,30,20,male
v_PizzaTossing_g75_c01,41,9,male
v_PizzaTossing_g76_c01,45,5,male
v_PizzaTossing_g77_c01,0,50,female
v_PizzaTossing_g78_c01,23,27,female
v_PizzaTossing_g79_c01,48,2,male
v_PizzaTossing_g80_c01,47,3,male
v_PizzaTossing_g81_c01,44,6,male
v_PlayingCello_g01_c01,30,20,male
v_PlayingCello_g02_c01.,0,50,female
v_PlayingCello_g03_c01,19,31,female
v_PlayingCello_g04_c01,40,10,male
v_PlayingCello_g05_c01,47,3,male
v_PlayingCello_g06_c01,41,9,male
v_PlayingCello_g07_c01,48,2,male
v_PlayingCello_g08_c01,45,5,male
v_PlayingCello_g09_c01,36,14,male
v_PlayingCello_g10_c01.,45,5,male
v_PlayingCello_g11_c01,49,1,male
v_PlayingCello_g12_c01,50,0,male
v_PlayingCello_g13_c01,8,42,female
v_PlayingCello_g14_c01,1,49,female
v_PlayingCello_g15_c01.,5,45,female
v_PlayingCello_g16_c01,42,8,male
v_PlayingCello_g17_c01,36,14,male
v_PlayingCello_g18_c01,50,0,male
v_PlayingCello_g19_c01,47,3,male
v_PlayingCello_g20_c01,33,17,male
v_PlayingCello_g21_c01,6,44,female
v_PlayingCello_g22_c01,50,0,male
v_PlayingCello_g23_c01,50,0,male
v_PlayingCello_g24_c01,13,37,female
v_PlayingCello_g25_c01,36,14,male
v_PlayingCello_g26_c01,34,16,male
v_PlayingCello_g27_c01,8,42,female
v_PlayingCello_g28_c01,50,0,male
v_PlayingCello_g29_c01,4,46,female
v_PlayingCello_g30_c01,5,45,female
v_PlayingCello_g31_c01,43,7,male
v_PlayingCello_g32_c01,23,27,female
v_PlayingCello_g33_c01,6,44,female
v_PlayingCello_g34_c01,50,0,male
v_PlayingCello_g35_c01.,47,3,male
v_PlayingCello_g36_c01,49,1,male
v_PlayingCello_g37_c01,42,8,male
v_PlayingCello_g38_c01,50,0,male
v_PlayingCello_g39_c01,48,2,male
v_PlayingCello_g40_c01,35,15,male
v_PlayingCello_g41_c01,0,50,female
v_PlayingCello_g42_c01,43,7,male
v_PlayingCello_g43_c01,13,37,female
v_PlayingCello_g44_c01,50,0,male
v_PlayingCello_g45_c01,50,0,male
v_PlayingCello_g46_c01,46,4,male
v_PlayingCello_g47_c01,1,49,female
v_PlayingCello_g48_c01,48,2,male
v_PlayingCello_g49_c01,31,19,male
v_PlayingCello_g50_c01,46,4,male
v_PlayingCello_g51_c01,44,6,male
v_PlayingCello_g52_c01,50,0,male
v_PlayingCello_g53_c01,36,14,male
v_PlayingCello_g54_c01,0,50,female
v_PlayingCello_g55_c01,17,33,female
v_PlayingCello_g56_c01,21,29,female
v_PlayingCello_g57_c01,50,0,male
v_PlayingCello_g58_c01.,50,0,male
v_PlayingCello_g59_c01,0,50,female
v_PlayingCello_g60_c01,49,1,male
v_PlayingCello_g61_c01,0,50,female
v_PlayingCello_g62_c01,50,0,male
v_PlayingCello_g63_c01.,7,43,female
v_PlayingCello_g64_c01,3,47,female
v_PlayingCello_g65_c01.,32,18,male
v_PlayingCello_g66_c01.,50,0,male
v_PlayingCello_g67_c01,0,50,female
v_PlayingCello_g68_c01.,47,3,male
v_PlayingCello_g69_c01,48,2,male
v_PlayingCello_g70_c01,41,9,male
v_PlayingCello_g71_c01.,39,11,male
v_PlayingCello_g72_c01,35,15,male
v_PlayingCello_g73_c01,0,50,female
v_PlayingCello_g74_c01,5,45,female
v_PlayingCello_g75_c01,16,34,female
v_PlayingCello_g76_c01,50,0,male
v_PlayingCello_g77_c01,34,15,male
v_PlayingCello_g78_c01,25,25,uncertain
v_PlayingCello_g79_c01,6,44,female
v_PlayingCello_g80_c01,7,43,female
v_PlayingCello_g81_c01.,50,0,male
v_PlayingCello_g82_c01.,31,19,male
v_PlayingCello_g83_c01,26,24,male
v_PlayingCello_g84_c01,0,50,female
v_PlayingCello_g85_c01,7,43,female
v_PlayingCello_g86_c01,1,49,female
v_PlayingCello_g87_c01,7,43,female
v_PlayingCello_g88_c01,39,11,male
v_PlayingCello_g89_c01,0,50,female
v_PlayingCello_g90_c01,44,6,male
v_PlayingCello_g91_c01,23,27,female
v_PlayingDaf_g01_c01,50,0,male
v_PlayingDaf_g02_c01,17,33,female
v_PlayingDaf_g03_c01,36,14,male
v_PlayingDaf_g04_c01,47,3,male
v_PlayingDaf_g05_c01,32,18,male
v_PlayingDaf_g06_c01,0,50,female
v_PlayingDaf_g07_c01,49,1,male
v_PlayingDaf_g08_c01,7,43,female
v_PlayingDaf_g09_c01,0,50,female
v_PlayingDaf_g10_c01,46,4,male
v_PlayingDaf_g11_c01,44,6,male
v_PlayingDaf_g12_c01.,50,0,male
v_PlayingDaf_g13_c01,13,37,female
v_PlayingDaf_g14_c01.,2,48,female
v_PlayingDaf_g15_c01.,50,0,male
v_PlayingDaf_g16_c01,6,44,female
v_PlayingDaf_g17_c01,13,37,female
v_PlayingDaf_g18_c01,12,38,female
v_PlayingDaf_g19_c01,37,13,male
v_PlayingDaf_g20_c01,26,24,male
v_PlayingDaf_g21_c01,27,23,male
v_PlayingDaf_g22_c01,50,0,male
v_PlayingDaf_g23_c01,50,0,male
v_PlayingDaf_g24_c01,48,2,male
v_PlayingDaf_g25_c01,13,37,female
v_PlayingDaf_g26_c01,45,5,male
v_PlayingDaf_g27_c01,0,50,female
v_PlayingDaf_g28_c01,33,17,male
v_PlayingDaf_g29_c01,50,0,male
v_PlayingDaf_g30_c01,33,17,male
v_PlayingDaf_g31_c01.,44,6,male
v_PlayingDaf_g32_c01,50,0,male
v_PlayingDaf_g33_c01,0,50,female
v_PlayingDaf_g34_c01.,50,0,male
v_PlayingDaf_g35_c01.,1,49,female
v_PlayingDaf_g36_c01,12,38,female
v_PlayingDaf_g37_c01,46,4,male
v_PlayingDaf_g38_c01,2,48,female
v_PlayingDaf_g39_c01,0,50,female
v_PlayingDaf_g40_c01,48,2,male
v_PlayingDaf_g41_c01,50,0,male
v_PlayingDaf_g42_c01.,43,7,male
v_PlayingDaf_g43_c01,34,16,male
v_PlayingDaf_g44_c01.,3,47,female
v_PlayingDaf_g45_c01,48,2,male
v_PlayingDaf_g46_c01,19,31,female
v_PlayingDaf_g47_c01,13,37,female
v_PlayingDaf_g48_c01,42,8,male
v_PlayingDhol_g01_c01,45,5,male
v_PlayingDhol_g02_c01,15,35,female
v_PlayingDhol_g03_c01,44,6,male
v_PlayingDhol_g04_c01,48,2,male
v_PlayingDhol_g05_c01,22,28,female
v_PlayingDhol_g06_c01,24,26,female
v_PlayingDhol_g07_c01.,47,3,male
v_PlayingDhol_g08_c01,50,0,male
v_PlayingDhol_g09_c01,37,13,male
v_PlayingDhol_g100_c01,39,11,male
v_PlayingDhol_g101_c01,28,22,male
v_PlayingDhol_g102_c01,3,47,female
v_PlayingDhol_g103_c01,29,21,male
v_PlayingDhol_g104_c01,50,0,male
v_PlayingDhol_g105_c01,0,50,female
v_PlayingDhol_g106_c01,48,2,male
v_PlayingDhol_g107_c01,10,40,female
v_PlayingDhol_g108_c01.,49,0,male
v_PlayingDhol_g109_c01,17,33,female
v_PlayingDhol_g10_c01,4,46,female
v_PlayingDhol_g110_c01.,0,50,female
v_PlayingDhol_g111_c01.,26,24,male
v_PlayingDhol_g112_c01,47,3,male
v_PlayingDhol_g113_c01,25,25,uncertain
v_PlayingDhol_g114_c01,35,15,male
v_PlayingDhol_g115_c01,47,3,male
v_PlayingDhol_g116_c01,50,0,male
v_PlayingDhol_g117_c01,45,5,male
v_PlayingDhol_g118_c01,50,0,male
v_PlayingDhol_g119_c01,44,6,male
v_PlayingDhol_g11_c01.,0,50,female
v_PlayingDhol_g120_c01.,20,30,female
v_PlayingDhol_g121_c01,47,3,male
v_PlayingDhol_g122_c01.,2,48,female
v_PlayingDhol_g123_c01.,15,34,female
v_PlayingDhol_g124_c01.,14,36,female
v_PlayingDhol_g125_c01,50,0,male
v_PlayingDhol_g126_c01.,0,50,female
v_PlayingDhol_g127_c01,47,3,male
v_PlayingDhol_g128_c01,42,8,male
v_PlayingDhol_g129_c01,0,50,female
v_PlayingDhol_g12_c01,29,21,male
v_PlayingDhol_g130_c01,49,1,male
v_PlayingDhol_g131_c01,29,21,male
v_PlayingDhol_g132_c01,50,0,male
v_PlayingDhol_g133_c01,50,0,male
v_PlayingDhol_g13_c01,49,1,male
v_PlayingDhol_g14_c01,45,5,male
v_PlayingDhol_g15_c01.,1,49,female
v_PlayingDhol_g16_c01,46,4,male
v_PlayingDhol_g17_c01,50,0,male
v_PlayingDhol_g18_c01,45,5,male
v_PlayingDhol_g19_c01,6,44,female
v_PlayingDhol_g20_c01,49,1,male
v_PlayingDhol_g21_c01,38,12,male
v_PlayingDhol_g22_c01,50,0,male
v_PlayingDhol_g23_c01,49,1,male
v_PlayingDhol_g24_c01,36,14,male
v_PlayingDhol_g25_c01,4,46,female
v_PlayingDhol_g26_c01.,16,34,female
v_PlayingDhol_g27_c01.,30,20,male
v_PlayingDhol_g28_c01,50,0,male
v_PlayingDhol_g29_c01,29,21,male
v_PlayingDhol_g30_c01.,16,34,female
v_PlayingDhol_g31_c01,21,29,female
v_PlayingDhol_g32_c01,33,17,male
v_PlayingDhol_g33_c01,49,1,male
v_PlayingDhol_g34_c01,31,19,male
v_PlayingDhol_g35_c01,49,1,male
v_PlayingDhol_g36_c01.,14,36,female
v_PlayingDhol_g37_c01,50,0,male
v_PlayingDhol_g38_c01,48,2,male
v_PlayingDhol_g39_c01,50,0,male
v_PlayingDhol_g40_c01,50,0,male
v_PlayingDhol_g41_c01,44,6,male
v_PlayingDhol_g42_c01,44,6,male
v_PlayingDhol_g43_c01,24,26,female
v_PlayingDhol_g44_c01,2,48,female
v_PlayingDhol_g45_c01,50,0,male
v_PlayingDhol_g46_c01,49,1,male
v_PlayingDhol_g47_c01,50,0,male
v_PlayingDhol_g48_c01,39,11,male
v_PlayingDhol_g49_c01,32,18,male
v_PlayingDhol_g50_c01,49,1,male
v_PlayingDhol_g51_c01,50,0,male
v_PlayingDhol_g52_c01,31,19,male
v_PlayingDhol_g53_c01.,50,0,male
v_PlayingDhol_g54_c01,0,50,female
v_PlayingDhol_g55_c01,47,3,male
v_PlayingDhol_g56_c01,50,0,male
v_PlayingDhol_g57_c01,50,0,male
v_PlayingDhol_g58_c01.,0,50,female
v_PlayingDhol_g59_c01,43,7,male
v_PlayingDhol_g60_c01.,11,39,female
v_PlayingDhol_g61_c01.,50,0,male
v_PlayingDhol_g62_c01,19,31,female
v_PlayingDhol_g63_c01.,1,49,female
v_PlayingDhol_g64_c01.,2,48,female
v_PlayingDhol_g65_c01,49,1,male
v_PlayingDhol_g66_c01.,50,0,male
v_PlayingDhol_g67_c01.,50,0,male
v_PlayingDhol_g68_c01.,45,5,male
v_PlayingDhol_g69_c01.,31,19,male
v_PlayingDhol_g70_c01,50,0,male
v_PlayingDhol_g71_c01.,50,0,male
v_PlayingDhol_g72_c01.,50,0,male
v_PlayingDhol_g73_c01.,50,0,male
v_PlayingDhol_g74_c01,50,0,male
v_PlayingDhol_g75_c01,30,20,male
v_PlayingDhol_g76_c01,50,0,male
v_PlayingDhol_g77_c01,33,17,male
v_PlayingDhol_g78_c01,15,35,female
v_PlayingDhol_g79_c01,12,38,female
v_PlayingDhol_g80_c01,48,2,male
v_PlayingDhol_g81_c01,50,0,male
v_PlayingDhol_g82_c01,50,0,male
v_PlayingDhol_g83_c01.,0,50,female
v_PlayingDhol_g84_c01,50,0,male
v_PlayingDhol_g85_c01,50,0,male
v_PlayingDhol_g86_c01.,41,9,male
v_PlayingDhol_g87_c01.,4,46,female
v_PlayingDhol_g88_c01,50,0,male
v_PlayingDhol_g89_c01,47,3,male
v_PlayingDhol_g90_c01,2,48,female
v_PlayingDhol_g91_c01,25,25,uncertain
v_PlayingDhol_g92_c01.,28,22,male
v_PlayingDhol_g93_c01,50,0,male
v_PlayingDhol_g94_c01,42,8,male
v_PlayingDhol_g95_c01,46,4,male
v_PlayingDhol_g96_c01,42,8,male
v_PlayingDhol_g97_c01,50,0,male
v_PlayingDhol_g98_c01.,35,15,male
v_PlayingDhol_g99_c01.,23,27,female
v_PlayingFlute_g01_c01.,3,47,female
v_PlayingFlute_g02_c01.,9,41,female
v_PlayingFlute_g03_c01,24,26,female
v_PlayingFlute_g04_c01,47,3,male
v_PlayingFlute_g05_c01,0,50,female
v_PlayingFlute_g06_c01.,29,21,male
v_PlayingFlute_g07_c01,50,0,male
v_PlayingFlute_g08_c01,49,1,male
v_PlayingFlute_g09_c01,2,48,female
v_PlayingFlute_g10_c01,0,50,female
v_PlayingFlute_g11_c01,11,39,female
v_PlayingFlute_g12_c01,11,39,female
v_PlayingFlute_g13_c01,41,9,male
v_PlayingFlute_g14_c01,40,10,male
v_PlayingFlute_g15_c01,45,5,male
v_PlayingFlute_g16_c01,48,2,male
v_PlayingFlute_g17_c01,49,1,male
v_PlayingFlute_g18_c01,2,48,female
v_PlayingFlute_g19_c01,35,15,male
v_PlayingFlute_g20_c01.,50,0,male
v_PlayingFlute_g21_c01,2,48,female
v_PlayingFlute_g22_c01,7,43,female
v_PlayingFlute_g23_c01.,25,25,uncertain
v_PlayingFlute_g24_c01.,47,3,male
v_PlayingFlute_g25_c01,48,2,male
v_PlayingFlute_g26_c01.,44,6,male
v_PlayingFlute_g27_c01.,5,45,female
v_PlayingFlute_g28_c01,46,4,male
v_PlayingFlute_g29_c01,38,12,male
v_PlayingFlute_g30_c01,40,10,male
v_PlayingFlute_g31_c01,11,39,female
v_PlayingFlute_g32_c01,0,50,female
v_PlayingFlute_g33_c01,31,19,male
v_PlayingFlute_g34_c01,37,13,male
v_PlayingFlute_g35_c01,0,50,female
v_PlayingFlute_g36_c01,0,50,female
v_PlayingFlute_g37_c01,14,36,female
v_PlayingFlute_g38_c01.,39,11,male
v_PlayingFlute_g39_c01,17,33,female
v_PlayingFlute_g40_c01,41,9,male
v_PlayingFlute_g41_c01,35,15,male
v_PlayingFlute_g42_c01,27,23,male
v_PlayingFlute_g43_c01,39,11,male
v_PlayingFlute_g44_c01,3,47,female
v_PlayingFlute_g45_c01,38,12,male
v_PlayingFlute_g46_c01,50,0,male
v_PlayingFlute_g47_c01,23,27,female
v_PlayingFlute_g48_c01,27,23,male
v_PlayingFlute_g49_c01,50,0,male
v_PlayingFlute_g50_c01,18,32,female
v_PlayingFlute_g51_c01,29,21,male
v_PlayingFlute_g52_c01,50,0,male
v_PlayingFlute_g53_c01,46,4,male
v_PlayingFlute_g54_c01,0,50,female
v_PlayingFlute_g55_c01,49,1,male
v_PlayingFlute_g56_c01,26,24,male
v_PlayingFlute_g57_c01,50,0,male
v_PlayingFlute_g58_c01,49,1,male
v_PlayingFlute_g59_c01.,48,2,male
v_PlayingFlute_g60_c01,40,10,male
v_PlayingFlute_g61_c01,0,50,female
v_PlayingFlute_g62_c01,46,4,male
v_PlayingFlute_g63_c01,49,1,male
v_PlayingFlute_g64_c01.,9,41,female
v_PlayingFlute_g65_c01,26,24,male
v_PlayingFlute_g66_c01,27,23,male
v_PlayingFlute_g67_c01,17,33,female
v_PlayingFlute_g68_c01,23,27,female
v_PlayingFlute_g69_c01,37,13,male
v_PlayingFlute_g70_c01,3,47,female
v_PlayingFlute_g71_c01,18,32,female
v_PlayingFlute_g72_c01,46,4,male
v_PlayingFlute_g73_c01,35,15,male
v_PlayingFlute_g74_c01,50,0,male
v_PlayingFlute_g75_c01,27,23,male
v_PlayingFlute_g76_c01,10,40,female
v_PlayingFlute_g77_c01,7,43,female
v_PlayingFlute_g78_c01,19,31,female
v_PlayingFlute_g79_c01,35,15,male
v_PlayingFlute_g80_c01,44,6,male
v_PlayingFlute_g81_c01.,46,4,male
v_PlayingFlute_g82_c01,1,49,female
v_PlayingFlute_g83_c01,0,50,female
v_PlayingFlute_g84_c01,45,5,male
v_PlayingFlute_g85_c01,18,32,female
v_PlayingFlute_g86_c01,30,20,male
v_PlayingFlute_g87_c01,24,26,female
v_PlayingGuitar_g01_c01,25,25,uncertain
v_PlayingGuitar_g02_c01,19,31,female
v_PlayingGuitar_g03_c01.,40,10,male
v_PlayingGuitar_g04_c01.,50,0,male
v_PlayingGuitar_g05_c01,36,14,male
v_PlayingGuitar_g06_c01,28,22,male
v_PlayingGuitar_g07_c01.,42,8,male
v_PlayingGuitar_g08_c01,50,0,male
v_PlayingGuitar_g09_c01,50,0,male
v_PlayingGuitar_g10_c01,50,0,male
v_PlayingGuitar_g11_c01,45,5,male
v_PlayingGuitar_g12_c01,49,0,male
v_PlayingGuitar_g13_c01,4,46,female
v_PlayingGuitar_g14_c01,45,5,male
v_PlayingGuitar_g15_c01,45,5,male
v_PlayingGuitar_g16_c01,43,7,male
v_PlayingGuitar_g17_c01.,46,4,male
v_PlayingGuitar_g18_c01,46,4,male
v_PlayingGuitar_g19_c01,41,9,male
v_PlayingGuitar_g20_c01,50,0,male
v_PlayingGuitar_g21_c01,50,0,male
v_PlayingGuitar_g22_c01,49,1,male
v_PlayingGuitar_g23_c01,49,1,male
v_PlayingGuitar_g24_c01,47,3,male
v_PlayingGuitar_g25_c01,41,9,male
v_PlayingGuitar_g26_c01,49,1,male
v_PlayingGuitar_g27_c01,11,39,female
v_PlayingGuitar_g28_c01,11,39,female
v_PlayingGuitar_g29_c01.,50,0,male
v_PlayingGuitar_g30_c01,50,0,male
v_PlayingGuitar_g31_c01,50,0,male
v_PlayingGuitar_g32_c01,49,1,male
v_PlayingGuitar_g33_c01,50,0,male
v_PlayingGuitar_g34_c01,49,1,male
v_PlayingGuitar_g35_c01,49,1,male
v_PlayingGuitar_g36_c01,50,0,male
v_PlayingGuitar_g37_c01,50,0,male
v_PlayingGuitar_g38_c01,34,16,male
v_PlayingGuitar_g39_c01.,44,6,male
v_PlayingGuitar_g40_c01,38,12,male
v_PlayingGuitar_g41_c01,48,2,male
v_PlayingGuitar_g42_c01,42,8,male
v_PlayingGuitar_g43_c01,34,16,male
v_PlayingGuitar_g44_c01,11,39,female
v_PlayingGuitar_g45_c01,41,9,male
v_PlayingGuitar_g46_c01,36,14,male
v_PlayingGuitar_g47_c01,27,23,male
v_PlayingGuitar_g48_c01,50,0,male
v_PlayingGuitar_g49_c01,46,4,male
v_PlayingGuitar_g50_c01,39,11,male
v_PlayingGuitar_g51_c01,11,39,female
v_PlayingGuitar_g52_c01,49,1,male
v_PlayingGuitar_g53_c01,41,9,male
v_PlayingGuitar_g54_c01,50,0,male
v_PlayingGuitar_g55_c01,42,8,male
v_PlayingGuitar_g56_c01,47,3,male
v_PlayingGuitar_g57_c01,26,24,male
v_PlayingGuitar_g58_c01,17,33,female
v_PlayingGuitar_g59_c01,50,0,male
v_PlayingGuitar_g60_c01,50,0,male
v_PlayingGuitar_g61_c01,11,39,female
v_PlayingGuitar_g62_c01,49,1,male
v_PlayingGuitar_g63_c01,49,1,male
v_PlayingGuitar_g64_c01,50,0,male
v_PlayingGuitar_g65_c01,24,26,female
v_PlayingGuitar_g66_c01,0,50,female
v_PlayingGuitar_g67_c01,39,11,male
v_PlayingGuitar_g68_c01,35,15,male
v_PlayingGuitar_g69_c01,32,18,male
v_PlayingGuitar_g70_c01,50,0,male
v_PlayingGuitar_g71_c01,14,36,female
v_PlayingGuitar_g72_c01,50,0,male
v_PlayingGuitar_g73_c01,40,10,male
v_PlayingGuitar_g74_c01,41,9,male
v_PlayingGuitar_g75_c01,0,50,female
v_PlayingGuitar_g76_c01,2,48,female
v_PlayingGuitar_g77_c01,30,20,male
v_PlayingGuitar_g78_c01,39,11,male
v_PlayingGuitar_g79_c01,48,2,male
v_PlayingGuitar_g80_c01,50,0,male
v_PlayingGuitar_g81_c01,46,4,male
v_PlayingGuitar_g82_c01,12,38,female
v_PlayingGuitar_g83_c01,1,49,female
v_PlayingGuitar_g84_c01.,50,0,male
v_PlayingGuitar_g85_c01,40,10,male
v_PlayingGuitar_g86_c01,40,10,male
v_PlayingGuitar_g87_c01,32,18,male
v_PlayingGuitar_g88_c01,20,30,female
v_PlayingGuitar_g89_c01,43,7,male
v_PlayingGuitar_g90_c01.,50,0,male
v_PlayingGuitar_g91_c01,50,0,male
v_PlayingGuitar_g92_c01,50,0,male
v_PlayingGuitar_g93_c01,49,1,male
v_PlayingGuitar_g94_c01,50,0,male
v_PlayingGuitar_g95_c01,28,22,male
v_PlayingGuitar_g96_c01,34,16,male
v_PlayingPiano_g01_c01,26,24,male
v_PlayingPiano_g02_c01,22,28,female
v_PlayingPiano_g03_c01,4,46,female
v_PlayingPiano_g04_c01,40,10,male
v_PlayingPiano_g05_c01,35,15,male
v_PlayingPiano_g06_c01,18,32,female
v_PlayingPiano_g07_c01,28,22,male
v_PlayingPiano_g08_c01,34,16,male
v_PlayingPiano_g09_c01,50,0,male
v_PlayingPiano_g100_c01,50,0,male
v_PlayingPiano_g101_c01,39,11,male
v_PlayingPiano_g10_c01,48,2,male
v_PlayingPiano_g11_c01,23,27,female
v_PlayingPiano_g12_c01,49,1,male
v_PlayingPiano_g13_c01,7,43,female
v_PlayingPiano_g14_c01,48,2,male
v_PlayingPiano_g15_c01.,50,0,male
v_PlayingPiano_g16_c01,11,39,female
v_PlayingPiano_g17_c01,49,1,male
v_PlayingPiano_g18_c01,50,0,male
v_PlayingPiano_g19_c01,29,21,male
v_PlayingPiano_g20_c01,44,6,male
v_PlayingPiano_g21_c01,36,14,male
v_PlayingPiano_g22_c01.,3,47,female
v_PlayingPiano_g23_c01.,21,29,female
v_PlayingPiano_g24_c01.,12,38,female
v_PlayingPiano_g25_c01,32,18,male
v_PlayingPiano_g26_c01,49,1,male
v_PlayingPiano_g27_c01,41,9,male
v_PlayingPiano_g28_c01,50,0,male
v_PlayingPiano_g29_c01,49,1,male
v_PlayingPiano_g30_c01,7,43,female
v_PlayingPiano_g31_c01,2,48,female
v_PlayingPiano_g32_c01.,43,7,male
v_PlayingPiano_g33_c01,9,41,female
v_PlayingPiano_g34_c01,43,7,male
v_PlayingPiano_g35_c01,35,15,male
v_PlayingPiano_g36_c01,28,22,male
v_PlayingPiano_g37_c01,37,13,male
v_PlayingPiano_g38_c01,35,15,male
v_PlayingPiano_g39_c01,15,35,female
v_PlayingPiano_g40_c01,1,49,female
v_PlayingPiano_g41_c01,26,24,male
v_PlayingPiano_g42_c01,44,6,male
v_PlayingPiano_g43_c01.,50,0,male
v_PlayingPiano_g44_c01,21,29,female
v_PlayingPiano_g45_c01,3,47,female
v_PlayingPiano_g46_c01.,47,3,male
v_PlayingPiano_g47_c01,36,14,male
v_PlayingPiano_g48_c01,38,12,male
v_PlayingPiano_g49_c01,38,12,male
v_PlayingPiano_g50_c01,25,25,uncertain
v_PlayingPiano_g51_c01.,50,0,male
v_PlayingPiano_g52_c01,50,0,male
v_PlayingPiano_g53_c01,38,12,male
v_PlayingPiano_g54_c01,0,50,female
v_PlayingPiano_g55_c01,9,41,female
v_PlayingPiano_g56_c01,46,4,male
v_PlayingPiano_g57_c01,49,1,male
v_PlayingPiano_g58_c01,50,0,male
v_PlayingPiano_g59_c01,38,12,male
v_PlayingPiano_g60_c01,27,23,male
v_PlayingPiano_g61_c01,42,8,male
v_PlayingPiano_g62_c01.,17,33,female
v_PlayingPiano_g63_c01,26,24,male
v_PlayingPiano_g64_c01,47,3,male
v_PlayingPiano_g65_c01,35,15,male
v_PlayingPiano_g66_c01,43,7,male
v_PlayingPiano_g67_c01,49,1,male
v_PlayingPiano_g68_c01.,0,50,female
v_PlayingPiano_g69_c01.,40,10,male
v_PlayingPiano_g70_c01,50,0,male
v_PlayingPiano_g71_c01.,33,17,male
v_PlayingPiano_g72_c01,35,15,male
v_PlayingPiano_g73_c01,0,50,female
v_PlayingPiano_g74_c01,49,1,male
v_PlayingPiano_g75_c01,25,25,uncertain
v_PlayingPiano_g76_c01,50,0,male
v_PlayingPiano_g77_c01,44,6,male
v_PlayingPiano_g78_c01,48,2,male
v_PlayingPiano_g79_c01,46,4,male
v_PlayingPiano_g80_c01,31,19,male
v_PlayingPiano_g81_c01,49,1,male
v_PlayingPiano_g82_c01,36,14,male
v_PlayingPiano_g83_c01,50,0,male
v_PlayingPiano_g84_c01,48,2,male
v_PlayingPiano_g85_c01,28,22,male
v_PlayingPiano_g86_c01,21,29,female
v_PlayingPiano_g87_c01,50,0,male
v_PlayingPiano_g88_c01,33,17,male
v_PlayingPiano_g89_c01,2,48,female
v_PlayingPiano_g90_c01,16,34,female
v_PlayingPiano_g91_c01,19,31,female
v_PlayingPiano_g92_c01,50,0,male
v_PlayingPiano_g93_c01,18,32,female
v_PlayingPiano_g94_c01,33,17,male
v_PlayingPiano_g95_c01,50,0,male
v_PlayingPiano_g96_c01,50,0,male
v_PlayingPiano_g97_c01,50,0,male
v_PlayingPiano_g98_c01,24,26,female
v_PlayingPiano_g99_c01,31,19,male
v_PlayingSitar_g01_c01,27,23,male
v_PlayingSitar_g02_c01,33,17,male
v_PlayingSitar_g03_c01,5,45,female
v_PlayingSitar_g04_c01,48,2,male
v_PlayingSitar_g05_c01.,49,1,male
v_PlayingSitar_g06_c01,30,20,male
v_PlayingSitar_g07_c01,50,0,male
v_PlayingSitar_g08_c01,50,0,male
v_PlayingSitar_g09_c01.,5,45,female
v_PlayingSitar_g10_c01,50,0,male
v_PlayingSitar_g11_c01,50,0,male
v_PlayingSitar_g12_c01.,0,50,female
v_PlayingSitar_g13_c01.,48,2,male
v_PlayingSitar_g14_c01,11,39,female
v_PlayingSitar_g15_c01,50,0,male
v_PlayingSitar_g16_c01,46,4,male
v_PlayingSitar_g17_c01,43,7,male
v_PlayingSitar_g18_c01,50,0,male
v_PlayingSitar_g19_c01,11,39,female
v_PlayingSitar_g20_c01,50,0,male
v_PlayingSitar_g21_c01,50,0,male
v_PlayingSitar_g22_c01,50,0,male
v_PlayingSitar_g23_c01,27,23,male
v_PlayingSitar_g24_c01,47,3,male
v_PlayingSitar_g25_c01,19,31,female
v_PlayingSitar_g26_c01,34,16,male
v_PlayingSitar_g27_c01,50,0,male
v_PlayingSitar_g28_c01,44,6,male
v_PlayingSitar_g29_c01,50,0,male
v_PlayingSitar_g30_c01,48,2,male
v_PlayingSitar_g31_c01,34,16,male
v_PlayingSitar_g32_c01,50,0,male
v_PlayingSitar_g33_c01,25,25,uncertain
v_PlayingSitar_g34_c01,42,8,male
v_PlayingSitar_g35_c01.,50,0,male
v_PlayingSitar_g36_c01,50,0,male
v_PlayingSitar_g37_c01.,50,0,male
v_PlayingSitar_g38_c01,50,0,male
v_PlayingSitar_g39_c01,50,0,male
v_PlayingSitar_g40_c01.,50,0,male
v_PlayingSitar_g41_c01,34,16,male
v_PlayingSitar_g42_c01,50,0,male
v_PlayingSitar_g43_c01,50,0,male
v_PlayingSitar_g44_c01,27,23,male
v_PlayingSitar_g45_c01,50,0,male
v_PlayingSitar_g46_c01,49,1,male
v_PlayingSitar_g47_c01.,0,50,female
v_PlayingSitar_g48_c01,50,0,male
v_PlayingSitar_g49_c01,36,14,male
v_PlayingSitar_g50_c01.,50,0,male
v_PlayingSitar_g51_c01.,50,0,male
v_PlayingSitar_g52_c01.,0,50,female
v_PlayingSitar_g53_c01,50,0,male
v_PlayingSitar_g54_c01,50,0,male
v_PlayingSitar_g55_c01.,37,13,male
v_PlayingSitar_g56_c01,3,47,female
v_PlayingSitar_g57_c01,49,1,male
v_PlayingSitar_g58_c01,50,0,male
v_PlayingSitar_g59_c01,44,6,male
v_PlayingSitar_g60_c01,21,29,female
v_PlayingSitar_g61_c01,49,1,male
v_PlayingSitar_g62_c01,50,0,male
v_PlayingSitar_g63_c01,46,4,male
v_PlayingSitar_g64_c01,49,1,male
v_PlayingSitar_g65_c01,13,37,female
v_PlayingSitar_g66_c01,38,12,male
v_PlayingSitar_g67_c01,41,9,male
v_PlayingSitar_g68_c01,50,0,male
v_PlayingSitar_g69_c01.,38,12,male
v_PlayingSitar_g70_c01,22,28,female
v_PlayingSitar_g71_c01,50,0,male
v_PlayingSitar_g72_c01,50,0,male
v_PlayingTabla_g01_c01,37,13,male
v_PlayingTabla_g02_c01.,6,44,female
v_PlayingTabla_g03_c01,14,36,female
v_PlayingTabla_g04_c01.,5,45,female
v_PlayingTabla_g05_c01.,2,48,female
v_PlayingTabla_g06_c01,17,33,female
v_PlayingTabla_g07_c01,4,46,female
v_PlayingTabla_g08_c01.,4,46,female
v_PlayingTabla_g09_c01,37,13,male
v_PlayingTabla_g10_c01.,9,41,female
v_PlayingTabla_g11_c01,5,45,female
v_PlayingTabla_g12_c01.,6,44,female
v_PlayingTabla_g13_c01,20,30,female
v_PlayingTabla_g14_c01,14,36,female
v_PlayingTabla_g15_c01,0,50,female
v_PlayingTabla_g16_c01,50,0,male
v_PlayingTabla_g17_c01,45,5,male
v_PlayingTabla_g18_c01,0,50,female
v_PlayingTabla_g19_c01.,49,1,male
v_PlayingTabla_g20_c01,50,0,male
v_PlayingTabla_g21_c01,45,5,male
v_PlayingTabla_g22_c01,48,2,male
v_PlayingTabla_g23_c01,41,9,male
v_PlayingTabla_g24_c01,50,0,male
v_PlayingTabla_g25_c01,48,2,male
v_PlayingTabla_g26_c01,40,10,male
v_PlayingTabla_g27_c01,3,47,female
v_PlayingTabla_g28_c01,0,50,female
v_PlayingTabla_g29_c01,50,0,male
v_PlayingTabla_g30_c01,49,1,male
v_PlayingTabla_g31_c01.,0,50,female
v_PlayingTabla_g32_c01,50,0,male
v_PlayingTabla_g33_c01,48,2,male
v_PlayingTabla_g34_c01,2,48,female
v_PlayingTabla_g35_c01.,5,45,female
v_PlayingTabla_g36_c01,4,46,female
v_PlayingTabla_g37_c01,50,0,male
v_PlayingTabla_g38_c01,39,11,male
v_PlayingTabla_g39_c01,20,30,female
v_PlayingTabla_g40_c01,32,18,male
v_PlayingTabla_g41_c01,13,37,female
v_PlayingTabla_g42_c01,40,10,male
v_PlayingTabla_g43_c01,24,26,female
v_PlayingTabla_g44_c01,48,2,male
v_PlayingTabla_g45_c01,43,7,male
v_PlayingTabla_g46_c01,50,0,male
v_PlayingTabla_g47_c01,7,43,female
v_PlayingTabla_g48_c01.,50,0,male
v_PlayingTabla_g49_c01,46,4,male
v_PlayingTabla_g50_c01,29,21,male
v_PlayingTabla_g51_c01,36,14,male
v_PlayingTabla_g52_c01,13,37,female
v_PlayingTabla_g53_c01,36,14,male
v_PlayingTabla_g54_c01,0,50,female
v_PlayingTabla_g55_c01,50,0,male
v_PlayingTabla_g56_c01,49,1,male
v_PlayingTabla_g57_c01,34,16,male
v_PlayingTabla_g58_c01,47,3,male
v_PlayingTabla_g59_c01,7,43,female
v_PlayingTabla_g60_c01.,50,0,male
v_PlayingTabla_g61_c01,2,48,female
v_PlayingTabla_g62_c01.,34,16,male
v_PlayingTabla_g63_c01,37,13,male
v_PlayingTabla_g64_c01,47,3,male
v_PlayingTabla_g65_c01,47,3,male
v_PlayingTabla_g66_c01.,46,4,male
v_PlayingTabla_g67_c01,29,21,male
v_PlayingTabla_g68_c01,34,16,male
v_PlayingTabla_g69_c01,50,0,male
v_PlayingTabla_g70_c01,39,11,male
v_PlayingTabla_g71_c01,0,50,female
v_PlayingTabla_g72_c01,50,0,male
v_PlayingTabla_g73_c01,0,50,female
v_PlayingTabla_g74_c01,45,5,male
v_PlayingTabla_g75_c01.,32,18,male
v_PlayingTabla_g76_c01,47,3,male
v_PlayingTabla_g77_c01,42,8,male
v_PlayingTabla_g78_c01,39,11,male
v_PlayingTabla_g79_c01,50,0,male
v_PlayingTabla_g80_c01,6,44,female
v_PlayingTabla_g81_c01,0,50,female
v_PlayingTabla_g82_c01,50,0,male
v_PlayingTabla_g83_c01,50,0,male
v_PlayingTabla_g84_c01,44,6,male
v_PlayingTabla_g85_c01,36,14,male
v_PlayingTabla_g86_c01,50,0,male
v_PlayingTabla_g87_c01,3,47,female
v_PlayingTabla_g88_c01,13,37,female
v_PlayingTabla_g89_c01,50,0,male
v_PlayingTabla_g90_c01,20,30,female
v_PlayingTabla_g91_c01,50,0,male
v_PlayingTabla_g92_c01,39,11,male
v_PlayingTabla_g93_c01,50,0,male
v_PlayingTabla_g94_c01,34,16,male
v_PlayingViolin_g01_c01,12,38,female
v_PlayingViolin_g02_c01,4,46,female
v_PlayingViolin_g03_c01,1,49,female
v_PlayingViolin_g04_c01,35,15,male
v_PlayingViolin_g05_c01,29,21,male
v_PlayingViolin_g06_c01,41,9,male
v_PlayingViolin_g07_c01,33,17,male
v_PlayingViolin_g08_c01,38,12,male
v_PlayingViolin_g09_c01,4,46,female
v_PlayingViolin_g100_c01.,40,10,male
v_PlayingViolin_g10_c01.,20,30,female
v_PlayingViolin_g11_c01,50,0,male
v_PlayingViolin_g12_c01,50,0,male
v_PlayingViolin_g13_c01,31,19,male
v_PlayingViolin_g14_c01.,47,3,male
v_PlayingViolin_g15_c01,36,14,male
v_PlayingViolin_g16_c01,50,0,male
v_PlayingViolin_g17_c01,50,0,male
v_PlayingViolin_g18_c01,19,31,female
v_PlayingViolin_g19_c01.,36,14,male
v_PlayingViolin_g20_c01,48,2,male
v_PlayingViolin_g21_c01.,33,17,male
v_PlayingViolin_g22_c01.,28,22,male
v_PlayingViolin_g23_c01,29,21,male
v_PlayingViolin_g24_c01,41,9,male
v_PlayingViolin_g25_c01,48,2,male
v_PlayingViolin_g26_c01,28,22,male
v_PlayingViolin_g27_c01,49,1,male
v_PlayingViolin_g28_c01,39,11,male
v_PlayingViolin_g29_c01,11,39,female
v_PlayingViolin_g30_c01,50,0,male
v_PlayingViolin_g31_c01,0,50,female
v_PlayingViolin_g32_c01,10,40,female
v_PlayingViolin_g33_c01,0,50,female
v_PlayingViolin_g34_c01.,11,39,female
v_PlayingViolin_g35_c01.,50,0,male
v_PlayingViolin_g36_c01,7,43,female
v_PlayingViolin_g37_c01,50,0,male
v_PlayingViolin_g38_c01,22,28,female
v_PlayingViolin_g39_c01,31,19,male
v_PlayingViolin_g40_c01,17,33,female
v_PlayingViolin_g41_c01,18,32,female
v_PlayingViolin_g42_c01,49,1,male
v_PlayingViolin_g43_c01,0,50,female
v_PlayingViolin_g44_c01,0,50,female
v_PlayingViolin_g45_c01,9,41,female
v_PlayingViolin_g46_c01,13,37,female
v_PlayingViolin_g47_c01,13,37,female
v_PlayingViolin_g48_c01,7,43,female
v_PlayingViolin_g49_c01,28,22,male
v_PlayingViolin_g50_c01,4,46,female
v_PlayingViolin_g51_c01,20,30,female
v_PlayingViolin_g52_c01,0,50,female
v_PlayingViolin_g53_c01,37,13,male
v_PlayingViolin_g54_c01,26,24,male
v_PlayingViolin_g55_c01.,50,0,male
v_PlayingViolin_g56_c01,9,41,female
v_PlayingViolin_g57_c01.,10,40,female
v_PlayingViolin_g58_c01,43,7,male
v_PlayingViolin_g59_c01,5,45,female
v_PlayingViolin_g60_c01,2,48,female
v_PlayingViolin_g61_c01,50,0,male
v_PlayingViolin_g62_c01,5,45,female
v_PlayingViolin_g63_c01,1,49,female
v_PlayingViolin_g64_c01,26,24,male
v_PlayingViolin_g65_c01,22,28,female
v_PlayingViolin_g66_c01,45,5,male
v_PlayingViolin_g67_c01,22,28,female
v_PlayingViolin_g68_c01,39,11,male
v_PlayingViolin_g69_c01,50,0,male
v_PlayingViolin_g70_c01,47,3,male
v_PlayingViolin_g71_c01,2,48,female
v_PlayingViolin_g72_c01,37,13,male
v_PlayingViolin_g73_c01,31,19,male
v_PlayingViolin_g74_c01,10,40,female
v_PlayingViolin_g75_c01,48,2,male
v_PlayingViolin_g76_c01.,50,0,male
v_PlayingViolin_g77_c01,32,18,male
v_PlayingViolin_g78_c01,6,44,female
v_PlayingViolin_g79_c01,43,7,male
v_PlayingViolin_g80_c01.,0,50,female
v_PlayingViolin_g81_c01,33,17,male
v_PlayingViolin_g82_c01,40,10,male
v_PlayingViolin_g83_c01.,50,0,male
v_PlayingViolin_g84_c01,1,49,female
v_PlayingViolin_g85_c01,50,0,male
v_PlayingViolin_g86_c01,29,21,male
v_PlayingViolin_g87_c01,15,35,female
v_PlayingViolin_g88_c01,20,30,female
v_PlayingViolin_g89_c01,3,47,female
v_PlayingViolin_g90_c01,47,3,male
v_PlayingViolin_g91_c01,42,8,male
v_PlayingViolin_g92_c01,49,1,male
v_PlayingViolin_g93_c01,33,17,male
v_PlayingViolin_g94_c01,50,0,male
v_PlayingViolin_g95_c01,43,7,male
v_PlayingViolin_g96_c01,42,8,male
v_PlayingViolin_g97_c01,24,26,female
v_PlayingViolin_g98_c01.,47,3,male
v_PlayingViolin_g99_c01.,47,3,male
v_PoleVault_g01_c01,25,25,uncertain
v_PoleVault_g02_c01,49,1,male
v_PoleVault_g03_c01,27,23,male
v_PoleVault_g04_c01,39,11,male
v_PoleVault_g05_c01,38,12,male
v_PoleVault_g06_c01,31,19,male
v_PoleVault_g07_c01,42,8,male
v_PoleVault_g08_c01,40,10,male
v_PoleVault_g09_c01,39,11,male
v_PoleVault_g10_c01.,12,38,female
v_PoleVault_g11_c01,43,7,male
v_PoleVault_g12_c01,14,36,female
v_PoleVault_g13_c01,38,12,male
v_PoleVault_g14_c01,5,45,female
v_PoleVault_g15_c01.,49,1,male
v_PoleVault_g16_c01,44,6,male
v_PoleVault_g17_c01,34,16,male
v_PoleVault_g18_c01,47,3,male
v_PoleVault_g19_c01,40,10,male
v_PoleVault_g20_c01,37,13,male
v_PoleVault_g21_c01,38,12,male
v_PoleVault_g22_c01,30,20,male
v_PoleVault_g23_c01.,36,14,male
v_PoleVault_g24_c01,47,3,male
v_PoleVault_g25_c01,4,46,female
v_PoleVault_g26_c01,34,16,male
v_PoleVault_g27_c01,2,48,female
v_PoleVault_g28_c01.,48,2,male
v_PoleVault_g29_c01,15,35,female
v_PoleVault_g30_c01,18,32,female
v_PoleVault_g31_c01,22,28,female
v_PoleVault_g32_c01,33,17,male
v_PoleVault_g33_c01,36,14,male
v_PoleVault_g34_c01,50,0,male
v_PoleVault_g35_c01,36,14,male
v_PoleVault_g36_c01,49,1,male
v_PoleVault_g37_c01,43,7,male
v_PoleVault_g38_c01,46,4,male
v_PoleVault_g39_c01,17,33,female
v_PoleVault_g40_c01,36,14,male
v_PoleVault_g41_c01,45,5,male
v_PoleVault_g42_c01.,5,45,female
v_PoleVault_g43_c01,39,11,male
v_PoleVault_g44_c01,50,0,male
v_PoleVault_g45_c01,41,9,male
v_PoleVault_g46_c01,27,23,male
v_PoleVault_g47_c01,46,4,male
v_PoleVault_g48_c01.,19,31,female
v_PoleVault_g49_c01,29,21,male
v_PoleVault_g50_c01,44,6,male
v_PoleVault_g51_c01,11,39,female
v_PoleVault_g52_c01.,50,0,male
v_PoleVault_g53_c01,8,42,female
v_PoleVault_g54_c01,33,17,male
v_PoleVault_g55_c01,8,42,female
v_PoleVault_g56_c01,7,43,female
v_PoleVault_g57_c01,49,1,male
v_PoleVault_g58_c01,45,5,male
v_PoleVault_g59_c01,43,7,male
v_PoleVault_g60_c01,37,13,male
v_PoleVault_g61_c01,50,0,male
v_PoleVault_g62_c01,2,48,female
v_PoleVault_g63_c01,10,40,female
v_PoleVault_g64_c01,13,37,female
v_PoleVault_g65_c01,40,10,male
v_PoleVault_g66_c01,22,28,female
v_PoleVault_g67_c01.,44,6,male
v_PoleVault_g68_c01,49,1,male
v_PoleVault_g69_c01,49,1,male
v_PoleVault_g70_c01,42,8,male
v_PoleVault_g71_c01,8,42,female
v_PoleVault_g72_c01,16,34,female
v_PoleVault_g73_c01,45,5,male
v_PoleVault_g74_c01,20,30,female
v_PoleVault_g75_c01,6,44,female
v_PoleVault_g76_c01,15,35,female
v_PoleVault_g77_c01,38,12,male
v_PoleVault_g78_c01,40,10,male
v_PoleVault_g79_c01,35,15,male
v_PoleVault_g80_c01,17,33,female
v_PoleVault_g81_c01,50,0,male
v_PoleVault_g82_c01,50,0,male
v_PoleVault_g83_c01,26,24,male
v_PoleVault_g84_c01,9,41,female
v_PoleVault_g85_c01.,8,42,female
v_PoleVault_g86_c01.,47,3,male
v_PoleVault_g87_c01,45,5,male
v_PoleVault_g88_c01,50,0,male
v_PoleVault_g89_c01,48,2,male
v_PoleVault_g90_c01.,46,4,male
v_PoleVault_g91_c01,34,16,male
v_PoleVault_g92_c01,46,4,male
v_PoleVault_g93_c01,47,3,male
v_PoleVault_g94_c01,38,12,male
v_PoleVault_g95_c01,50,0,male
v_PoleVault_g96_c01,45,5,male
v_PommelHorse_g01_c01,4,46,female
v_PommelHorse_g02_c01,45,5,male
v_PommelHorse_g03_c01,45,5,male
v_PommelHorse_g04_c01,47,3,male
v_PommelHorse_g05_c01,50,0,male
v_PommelHorse_g06_c01,37,13,male
v_PommelHorse_g07_c01,50,0,male
v_PommelHorse_g08_c01,34,16,male
v_PommelHorse_g09_c01,32,18,male
v_PommelHorse_g10_c01,34,16,male
v_PommelHorse_g11_c01,38,12,male
v_PommelHorse_g12_c01,39,11,male
v_PommelHorse_g13_c01.,35,15,male
v_PommelHorse_g14_c01,44,6,male
v_PommelHorse_g15_c01,25,25,uncertain
v_PommelHorse_g16_c01,43,7,male
v_PommelHorse_g17_c01,46,4,male
v_PommelHorse_g18_c01,45,5,male
v_PommelHorse_g19_c01,33,17,male
v_PommelHorse_g20_c01.,39,11,male
v_PommelHorse_g21_c01.,35,15,male
v_PommelHorse_g22_c01,46,4,male
v_PommelHorse_g23_c01,46,4,male
v_PommelHorse_g24_c01,35,15,male
v_PommelHorse_g25_c01.,45,5,male
v_PommelHorse_g26_c01,49,1,male
v_PommelHorse_g27_c01,49,0,male
v_PommelHorse_g28_c01.,46,4,male
v_PommelHorse_g29_c01.,34,16,male
v_PommelHorse_g30_c01,48,2,male
v_PommelHorse_g31_c01,43,7,male
v_PommelHorse_g32_c01,42,8,male
v_PommelHorse_g33_c01,44,6,male
v_PommelHorse_g34_c01,50,0,male
v_PommelHorse_g35_c01,39,11,male
v_PommelHorse_g36_c01,50,0,male
v_PommelHorse_g37_c01.,35,15,male
v_PommelHorse_g38_c01.,41,9,male
v_PommelHorse_g39_c01.,43,7,male
v_PommelHorse_g40_c01,45,5,male
v_PommelHorse_g41_c01,34,16,male
v_PommelHorse_g42_c01,35,15,male
v_PommelHorse_g43_c01,42,8,male
v_PommelHorse_g44_c01,48,2,male
v_PommelHorse_g45_c01,46,4,male
v_PommelHorse_g46_c01,34,16,male
v_PommelHorse_g47_c01,50,0,male
v_PommelHorse_g48_c01,50,0,male
v_PommelHorse_g49_c01,43,7,male
v_PommelHorse_g50_c01.,50,0,male
v_PommelHorse_g51_c01,38,12,male
v_PommelHorse_g52_c01,46,4,male
v_PommelHorse_g53_c01,46,4,male
v_PommelHorse_g54_c01,50,0,male
v_PommelHorse_g55_c01.,2,48,female
v_PommelHorse_g56_c01.,47,3,male
v_PommelHorse_g57_c01.,43,7,male
v_PommelHorse_g58_c01,45,5,male
v_PommelHorse_g59_c01,14,36,female
v_PommelHorse_g60_c01.,44,6,male
v_PommelHorse_g61_c01,40,10,male
v_PommelHorse_g62_c01,37,13,male
v_PommelHorse_g63_c01,26,24,male
v_PommelHorse_g64_c01,34,16,male
v_PommelHorse_g65_c01,31,19,male
v_PommelHorse_g66_c01,40,10,male
v_PommelHorse_g67_c01,42,8,male
v_PommelHorse_g68_c01.,36,14,male
v_PommelHorse_g69_c01,40,10,male
v_PommelHorse_g70_c01,30,20,male
v_PommelHorse_g71_c01.,41,9,male
v_PommelHorse_g72_c01,43,7,male
v_PommelHorse_g73_c01,41,9,male
v_PommelHorse_g74_c01,39,11,male
v_PommelHorse_g75_c01.,44,6,male
v_PommelHorse_g76_c01,39,11,male
v_PommelHorse_g77_c01.,45,5,male
v_PommelHorse_g78_c01,45,5,male
v_PommelHorse_g79_c01,40,10,male
v_PommelHorse_g80_c01,40,10,male
v_PommelHorse_g81_c01,41,9,male
v_PommelHorse_g82_c01,32,18,male
v_PommelHorse_g83_c01.,40,10,male
v_PommelHorse_g84_c01,48,2,male
v_PommelHorse_g85_c01,48,2,male
v_PommelHorse_g86_c01,31,19,male
v_PommelHorse_g87_c01,30,20,male
v_PommelHorse_g88_c01,48,2,male
v_PommelHorse_g89_c01,50,0,male
v_PommelHorse_g90_c01,50,0,male
v_PommelHorse_g91_c01,48,2,male
v_PommelHorse_g92_c01,49,1,male
v_PommelHorse_g93_c01,46,4,male
v_PommelHorse_g94_c01,50,0,male
v_PommelHorse_g95_c01,48,2,male
v_PommelHorse_g96_c01.,1,49,female
v_PullUps_g01_c01.,22,28,female
v_PullUps_g02_c01,43,7,male
v_PullUps_g03_c01,19,31,female
v_PullUps_g04_c01.,36,14,male
v_PullUps_g05_c01.,50,0,male
v_PullUps_g06_c01,5,45,female
v_PullUps_g07_c01,50,0,male
v_PullUps_g08_c01,47,3,male
v_PullUps_g09_c01,50,0,male
v_PullUps_g10_c01,3,47,female
v_PullUps_g11_c01,40,10,male
v_PullUps_g12_c01,32,18,male
v_PullUps_g13_c01,45,5,male
v_PullUps_g14_c01,40,10,male
v_PullUps_g15_c01,50,0,male
v_PullUps_g16_c01,44,6,male
v_PullUps_g17_c01,37,13,male
v_PullUps_g18_c01,30,20,male
v_PullUps_g19_c01,50,0,male
v_PullUps_g20_c01,41,9,male
v_PullUps_g21_c01.,21,29,female
v_PullUps_g22_c01,50,0,male
v_PullUps_g23_c01,43,7,male
v_PullUps_g24_c01.,1,49,female
v_PullUps_g25_c01,43,7,male
v_PullUps_g26_c01,0,50,female
v_PullUps_g27_c01,39,11,male
v_PullUps_g28_c01,39,11,male
v_PullUps_g29_c01,50,0,male
v_PullUps_g30_c01,50,0,male
v_PullUps_g31_c01.,50,0,male
v_PullUps_g32_c01,50,0,male
v_PullUps_g33_c01.,50,0,male
v_PullUps_g34_c01,50,0,male
v_PullUps_g35_c01,25,25,uncertain
v_PullUps_g36_c01,0,50,female
v_PullUps_g37_c01,0,50,female
v_PullUps_g38_c01,50,0,male
v_PullUps_g39_c01,50,0,male
v_PullUps_g40_c01,49,1,male
v_PullUps_g41_c01,50,0,male
v_PullUps_g42_c01,0,50,female
v_PullUps_g43_c01,3,47,female
v_PullUps_g44_c01,47,3,male
v_PullUps_g45_c01,0,50,female
v_PullUps_g46_c01,21,29,female
v_PullUps_g47_c01.,39,11,male
v_PullUps_g48_c01,1,49,female
v_PullUps_g49_c01,3,47,female
v_PullUps_g50_c01,9,41,female
v_PullUps_g51_c01,46,4,male
v_PullUps_g52_c01,50,0,male
v_PullUps_g53_c01,50,0,male
v_PullUps_g54_c01,40,10,male
v_PullUps_g55_c01,47,3,male
v_PullUps_g56_c01,47,3,male
v_PullUps_g57_c01,41,9,male
v_PullUps_g58_c01,0,50,female
v_PullUps_g59_c01,50,0,male
v_PullUps_g60_c01,50,0,male
v_PullUps_g61_c01.,50,0,male
v_PullUps_g62_c01.,50,0,male
v_PullUps_g63_c01,47,3,male
v_PullUps_g64_c01,29,21,male
v_PullUps_g65_c01.,50,0,male
v_PullUps_g66_c01,49,1,male
v_PullUps_g67_c01,47,3,male
v_PullUps_g68_c01,50,0,male
v_PullUps_g69_c01,10,40,female
v_PullUps_g70_c01,31,19,male
v_Punch_g01_c01,49,1,male
v_Punch_g02_c01,39,11,male
v_Punch_g03_c01,5,45,female
v_Punch_g04_c01,45,5,male
v_Punch_g05_c01,38,12,male
v_Punch_g06_c01,35,15,male
v_Punch_g07_c01,41,9,male
v_Punch_g08_c01,10,40,female
v_Punch_g09_c01,44,6,male
v_Punch_g10_c01,48,2,male
v_Punch_g11_c01,9,41,female
v_Punch_g12_c01,8,42,female
v_Punch_g13_c01,48,2,male
v_Punch_g14_c01,50,0,male
v_Punch_g15_c01,49,1,male
v_Punch_g16_c01,48,2,male
v_Punch_g17_c01,19,31,female
v_Punch_g18_c01.,50,0,male
v_Punch_g19_c01,42,8,male
v_Punch_g20_c01,50,0,male
v_Punch_g21_c01,46,4,male
v_Punch_g22_c01,50,0,male
v_Punch_g23_c01.,48,2,male
v_Punch_g24_c01,48,2,male
v_Punch_g25_c01,46,4,male
v_Punch_g26_c01.,38,12,male
v_Punch_g27_c01.,28,22,male
v_Punch_g28_c01,50,0,male
v_Punch_g29_c01,44,6,male
v_Punch_g30_c01.,45,5,male
v_Punch_g31_c01,7,43,female
v_Punch_g32_c01,4,46,female
v_Punch_g33_c01,50,0,male
v_Punch_g34_c01,46,4,male
v_Punch_g35_c01,26,24,male
v_Punch_g36_c01,5,45,female
v_Punch_g37_c01,50,0,male
v_Punch_g38_c01,50,0,male
v_Punch_g39_c01,13,37,female
v_Punch_g40_c01,8,42,female
v_Punch_g41_c01,10,40,female
v_Punch_g42_c01,4,46,female
v_Punch_g43_c01,40,10,male
v_Punch_g44_c01,11,39,female
v_Punch_g45_c01,43,7,male
v_Punch_g46_c01,16,34,female
v_Punch_g47_c01,49,1,male
v_Punch_g48_c01,47,3,male
v_Punch_g49_c01,40,10,male
v_Punch_g50_c01,27,23,male
v_Punch_g51_c01,42,8,male
v_Punch_g52_c01,29,21,male
v_Punch_g53_c01,38,12,male
v_Punch_g54_c01,44,6,male
v_Punch_g55_c01,43,7,male
v_Punch_g56_c01,47,3,male
v_Punch_g57_c01,41,9,male
v_Punch_g58_c01,38,12,male
v_Punch_g59_c01,39,11,male
v_Punch_g60_c01,32,18,male
v_Punch_g61_c01,47,3,male
v_Punch_g62_c01,34,16,male
v_PushUps_g01_c01,47,3,male
v_PushUps_g02_c01,4,46,female
v_PushUps_g03_c01,15,35,female
v_PushUps_g04_c01,37,13,male
v_PushUps_g05_c01,47,3,male
v_PushUps_g06_c01,44,6,male
v_PushUps_g07_c01,50,0,male
v_PushUps_g08_c01,42,8,male
v_PushUps_g09_c01,3,47,female
v_PushUps_g10_c01,50,0,male
v_PushUps_g11_c01,38,12,male
v_PushUps_g12_c01,47,3,male
v_PushUps_g13_c01,48,2,male
v_PushUps_g14_c01,2,48,female
v_PushUps_g15_c01,49,1,male
v_PushUps_g16_c01,4,46,female
v_PushUps_g17_c01,47,3,male
v_PushUps_g18_c01.,43,7,male
v_PushUps_g19_c01,50,0,male
v_PushUps_g20_c01,11,39,female
v_PushUps_g21_c01,50,0,male
v_PushUps_g22_c01,50,0,male
v_PushUps_g23_c01,18,32,female
v_PushUps_g24_c01.,47,3,male
v_PushUps_g25_c01,44,6,male
v_PushUps_g26_c01,50,0,male
v_PushUps_g27_c01,29,21,male
v_PushUps_g28_c01,31,19,male
v_PushUps_g29_c01,43,7,male
v_PushUps_g30_c01,43,7,male
v_PushUps_g31_c01,50,0,male
v_PushUps_g32_c01,50,0,male
v_PushUps_g33_c01,41,9,male
v_PushUps_g34_c01,44,6,male
v_PushUps_g35_c01,15,35,female
v_PushUps_g36_c01,48,2,male
v_PushUps_g37_c01,44,6,male
v_PushUps_g38_c01,45,5,male
v_PushUps_g39_c01,48,2,male
v_PushUps_g40_c01,44,6,male
v_PushUps_g41_c01,42,8,male
v_PushUps_g42_c01,45,5,male
v_PushUps_g43_c01.,38,12,male
v_PushUps_g44_c01,39,11,male
v_PushUps_g45_c01,31,19,male
v_PushUps_g46_c01,49,1,male
v_PushUps_g47_c01.,41,9,male
v_PushUps_g48_c01,0,50,female
v_PushUps_g49_c01.,38,11,male
v_PushUps_g50_c01.,50,0,male
v_PushUps_g51_c01.,40,10,male
v_PushUps_g52_c01,47,3,male
v_PushUps_g53_c01,49,1,male
v_PushUps_g54_c01.,47,3,male
v_PushUps_g55_c01,49,1,male
v_PushUps_g56_c01,35,15,male
v_PushUps_g57_c01,35,15,male
v_PushUps_g58_c01,22,28,female
v_PushUps_g59_c01,48,2,male
v_Rafting_g01_c01,18,32,female
v_Rafting_g02_c01,15,35,female
v_Rafting_g03_c01,46,4,male
v_Rafting_g04_c01,33,17,male
v_Rafting_g05_c01,27,23,male
v_Rafting_g06_c01.,21,29,female
v_Rafting_g07_c01,39,11,male
v_Rafting_g08_c01,47,3,male
v_Rafting_g09_c01.,16,33,female
v_Rafting_g10_c01,44,6,male
v_Rafting_g11_c01,32,17,male
v_Rafting_g12_c01,36,14,male
v_Rafting_g13_c01,31,19,male
v_Rafting_g14_c01,28,22,male
v_Rafting_g15_c01,32,18,male
v_Rafting_g16_c01,36,14,male
v_Rafting_g17_c01,22,28,female
v_Rafting_g18_c01,22,28,female
v_Rafting_g19_c01,47,3,male
v_Rafting_g20_c01,41,9,male
v_Rafting_g21_c01,30,20,male
v_Rafting_g22_c01,28,22,male
v_Rafting_g23_c01,38,12,male
v_Rafting_g24_c01,3,47,female
v_Rafting_g25_c01,44,6,male
v_Rafting_g26_c01,38,12,male
v_Rafting_g27_c01,49,1,male
v_Rafting_g28_c01,34,16,male
v_Rafting_g29_c01,36,14,male
v_Rafting_g30_c01,41,9,male
v_Rafting_g31_c01,45,5,male
v_Rafting_g32_c01,18,32,female
v_Rafting_g33_c01,44,6,male
v_Rafting_g34_c01,50,0,male
v_Rafting_g35_c01,19,31,female
v_Rafting_g36_c01,36,14,male
v_Rafting_g37_c01,40,10,male
v_Rafting_g38_c01,40,10,male
v_Rafting_g39_c01,31,19,male
v_Rafting_g40_c01,38,12,male
v_Rafting_g41_c01,42,8,male
v_Rafting_g42_c01,38,12,male
v_Rafting_g43_c01.,38,12,male
v_Rafting_g44_c01,28,22,male
v_Rafting_g45_c01,47,3,male
v_Rafting_g46_c01,36,14,male
v_Rafting_g47_c01,34,16,male
v_Rafting_g48_c01.,34,16,male
v_Rafting_g49_c01,35,15,male
v_Rafting_g50_c01,13,37,female
v_Rafting_g51_c01,28,22,male
v_Rafting_g52_c01,41,9,male
v_Rafting_g53_c01,35,15,male
v_Rafting_g54_c01.,15,35,female
v_Rafting_g55_c01,2,48,female
v_Rafting_g56_c01,33,17,male
v_Rafting_g57_c01,27,23,male
v_Rafting_g58_c01,22,28,female
v_Rafting_g59_c01,47,3,male
v_Rafting_g60_c01,35,14,male
v_Rafting_g61_c01,25,25,uncertain
v_Rafting_g62_c01,37,13,male
v_Rafting_g63_c01,43,7,male
v_Rafting_g64_c01,40,10,male
v_Rafting_g65_c01,35,15,male
v_Rafting_g66_c01,38,12,male
v_Rafting_g67_c01,27,23,male
v_Rafting_g68_c01,41,9,male
v_Rafting_g69_c01,43,7,male
v_Rafting_g70_c01,28,22,male
v_Rafting_g71_c01,29,21,male
v_Rafting_g72_c01.,17,33,female
v_Rafting_g73_c01,44,6,male
v_Rafting_g74_c01,44,6,male
v_Rafting_g75_c01,49,1,male
v_Rafting_g76_c01,28,22,male
v_Rafting_g77_c01,32,18,male
v_Rafting_g78_c01,27,23,male
v_Rafting_g79_c01,29,20,male
v_Rafting_g80_c01,31,19,male
v_Rafting_g81_c01,21,29,female
v_Rafting_g82_c01,43,7,male
v_Rafting_g83_c01,31,19,male
v_Rafting_g84_c01,25,25,uncertain
v_Rafting_g85_c01,20,30,female
v_Rafting_g86_c01,23,27,female
v_Rafting_g87_c01,35,15,male
v_Rafting_g88_c01,35,15,male
v_Rafting_g89_c01,33,17,male
v_Rafting_g90_c01,31,19,male
v_Rafting_g91_c01,48,2,male
v_Rafting_g92_c01,22,28,female
v_Rafting_g93_c01,34,16,male
v_Rafting_g94_c01,42,8,male
v_Rafting_g95_c01,42,8,male
v_Rafting_g96_c01,31,19,male
v_Rafting_g97_c01.,44,6,male
v_Rafting_g98_c01,34,16,male
v_RockClimbingIndoor_g01_c01,41,9,male
v_RockClimbingIndoor_g02_c01,6,44,female
v_RockClimbingIndoor_g03_c01.,12,38,female
v_RockClimbingIndoor_g04_c01,6,44,female
v_RockClimbingIndoor_g05_c01,46,4,male
v_RockClimbingIndoor_g06_c01.,5,45,female
v_RockClimbingIndoor_g07_c01,30,20,male
v_RockClimbingIndoor_g08_c01,20,30,female
v_RockClimbingIndoor_g09_c01.,19,31,female
v_RockClimbingIndoor_g10_c01,45,5,male
v_RockClimbingIndoor_g11_c01,8,42,female
v_RockClimbingIndoor_g12_c01.,33,17,male
v_RockClimbingIndoor_g13_c01,33,17,male
v_RockClimbingIndoor_g14_c01,31,19,male
v_RockClimbingIndoor_g15_c01,40,10,male
v_RockClimbingIndoor_g16_c01,42,8,male
v_RockClimbingIndoor_g17_c01,35,15,male
v_RockClimbingIndoor_g18_c01,26,24,male
v_RockClimbingIndoor_g19_c01,2,48,female
v_RockClimbingIndoor_g20_c01.,5,44,female
v_RockClimbingIndoor_g21_c01,45,5,male
v_RockClimbingIndoor_g22_c01.,34,16,male
v_RockClimbingIndoor_g23_c01,16,34,female
v_RockClimbingIndoor_g24_c01,19,30,female
v_RockClimbingIndoor_g25_c01,33,17,male
v_RockClimbingIndoor_g26_c01,39,11,male
v_RockClimbingIndoor_g27_c01,6,44,female
v_RockClimbingIndoor_g28_c01,7,43,female
v_RockClimbingIndoor_g29_c01,5,45,female
v_RockClimbingIndoor_g30_c01,13,37,female
v_RockClimbingIndoor_g31_c01.,2,48,female
v_RockClimbingIndoor_g32_c01.,7,43,female
v_RockClimbingIndoor_g33_c01,37,13,male
v_RockClimbingIndoor_g34_c01,46,4,male
v_RockClimbingIndoor_g35_c01,28,22,male
v_RockClimbingIndoor_g36_c01,47,3,male
v_RockClimbingIndoor_g37_c01,44,6,male
v_RockClimbingIndoor_g38_c01,39,11,male
v_RockClimbingIndoor_g39_c01.,5,45,female
v_RockClimbingIndoor_g40_c01,45,5,male
v_RockClimbingIndoor_g41_c01,41,9,male
v_RockClimbingIndoor_g42_c01.,35,15,male
v_RockClimbingIndoor_g43_c01,43,7,male
v_RockClimbingIndoor_g44_c01.,15,35,female
v_RockClimbingIndoor_g45_c01,20,30,female
v_RockClimbingIndoor_g46_c01,10,40,female
v_RockClimbingIndoor_g47_c01,32,18,male
v_RockClimbingIndoor_g48_c01,35,15,male
v_RockClimbingIndoor_g49_c01,20,30,female
v_RockClimbingIndoor_g50_c01.,26,24,male
v_RockClimbingIndoor_g51_c01,12,37,female
v_RockClimbingIndoor_g52_c01,39,11,male
v_RockClimbingIndoor_g53_c01,21,29,female
v_RopeClimbing_g01_c01,16,34,female
v_RopeClimbing_g02_c01.,18,32,female
v_RopeClimbing_g03_c01,9,41,female
v_RopeClimbing_g04_c01.,30,20,male
v_RopeClimbing_g05_c01.,1,49,female
v_RopeClimbing_g06_c01.,38,12,male
v_RopeClimbing_g07_c01,44,6,male
v_RopeClimbing_g08_c01,43,7,male
v_RopeClimbing_g09_c01,23,27,female
v_RopeClimbing_g10_c01,35,15,male
v_RopeClimbing_g11_c01.,47,3,male
v_RopeClimbing_g12_c01.,15,35,female
v_RopeClimbing_g13_c01,45,5,male
v_RopeClimbing_g14_c01,48,2,male
v_RopeClimbing_g15_c01.,49,1,male
v_RopeClimbing_g16_c01.,33,17,male
v_RopeClimbing_g17_c01,5,45,female
v_RopeClimbing_g18_c01,14,36,female
v_RopeClimbing_g19_c01.,32,18,male
v_RopeClimbing_g20_c01,36,14,male
v_RopeClimbing_g21_c01.,2,48,female
v_RopeClimbing_g22_c01.,41,9,male
v_RopeClimbing_g23_c01,41,9,male
v_RopeClimbing_g24_c01,31,19,male
v_RopeClimbing_g25_c01.,34,16,male
v_RopeClimbing_g26_c01,24,26,female
v_RopeClimbing_g27_c01,21,29,female
v_RopeClimbing_g28_c01.,38,12,male
v_RopeClimbing_g29_c01,27,23,male
v_RopeClimbing_g30_c01,40,10,male
v_RopeClimbing_g31_c01.,44,6,male
v_RopeClimbing_g32_c01,29,21,male
v_RopeClimbing_g33_c01.,49,1,male
v_RopeClimbing_g34_c01,47,3,male
v_RopeClimbing_g35_c01.,39,11,male
v_RopeClimbing_g36_c01,5,45,female
v_RopeClimbing_g37_c01.,38,12,male
v_RopeClimbing_g38_c01,50,0,male
v_RopeClimbing_g39_c01.,35,15,male
v_RopeClimbing_g40_c01,39,11,male
v_RopeClimbing_g41_c01,22,28,female
v_RopeClimbing_g42_c01,34,16,male
v_RopeClimbing_g43_c01,50,0,male
v_RopeClimbing_g44_c01,1,49,female
v_RopeClimbing_g45_c01,24,26,female
v_RopeClimbing_g46_c01,28,22,male
v_RopeClimbing_g47_c01,26,24,male
v_RopeClimbing_g48_c01,0,50,female
v_RopeClimbing_g49_c01,29,21,male
v_RopeClimbing_g50_c01,40,10,male
v_RopeClimbing_g51_c01.,19,31,female
v_RopeClimbing_g52_c01,24,26,female
v_RopeClimbing_g53_c01,31,19,male
v_RopeClimbing_g54_c01,18,32,female
v_RopeClimbing_g55_c01,11,39,female
v_RopeClimbing_g56_c01,37,13,male
v_RopeClimbing_g57_c01.,36,14,male
v_RopeClimbing_g58_c01,22,28,female
v_RopeClimbing_g59_c01,18,32,female
v_RopeClimbing_g60_c01,2,48,female
v_RopeClimbing_g61_c01,48,2,male
v_RopeClimbing_g62_c01,46,4,male
v_RopeClimbing_g63_c01,17,33,female
v_RopeClimbing_g64_c01.,44,6,male
v_RopeClimbing_g65_c01.,32,18,male
v_RopeClimbing_g66_c01.,48,2,male
v_RopeClimbing_g67_c01,32,18,male
v_RopeClimbing_g68_c01,35,15,male
v_RopeClimbing_g69_c01,42,8,male
v_RopeClimbing_g70_c01,43,7,male
v_RopeClimbing_g71_c01,28,22,male
v_RopeClimbing_g72_c01,47,3,male
v_RopeClimbing_g73_c01,50,0,male
v_RopeClimbing_g74_c01,47,3,male
v_RopeClimbing_g75_c01,44,6,male
v_RopeClimbing_g76_c01,25,25,uncertain
v_RopeClimbing_g77_c01,33,17,male
v_RopeClimbing_g78_c01,28,22,male
v_RopeClimbing_g79_c01,15,35,female
v_Rowing_g01_c01.,41,9,male
v_Rowing_g02_c01,40,10,male
v_Rowing_g03_c01,19,31,female
v_Rowing_g04_c01,23,27,female
v_Rowing_g05_c01,44,6,male
v_Rowing_g06_c01.,32,18,male
v_Rowing_g07_c01,44,6,male
v_Rowing_g08_c01.,38,12,male
v_Rowing_g09_c01,3,47,female
v_Rowing_g10_c01,45,5,male
v_Rowing_g11_c01.,9,41,female
v_Rowing_g12_c01,19,31,female
v_Rowing_g13_c01,49,1,male
v_Rowing_g14_c01,17,33,female
v_Rowing_g15_c01,19,31,female
v_Rowing_g16_c01,49,1,male
v_Rowing_g17_c01,39,11,male
v_Rowing_g18_c01,14,36,female
v_Rowing_g19_c01,27,23,male
v_Rowing_g20_c01,19,31,female
v_Rowing_g21_c01,19,31,female
v_Rowing_g22_c01.,50,0,male
v_Rowing_g23_c01,3,47,female
v_Rowing_g24_c01.,31,19,male
v_Rowing_g25_c01,36,14,male
v_Rowing_g26_c01.,50,0,male
v_Rowing_g27_c01,11,39,female
v_Rowing_g28_c01,40,10,male
v_Rowing_g29_c01.,29,21,male
v_Rowing_g30_c01,50,0,male
v_Rowing_g31_c01,8,42,female
v_Rowing_g32_c01,18,32,female
v_Rowing_g33_c01,36,14,male
v_Rowing_g34_c01,45,5,male
v_Rowing_g35_c01,45,5,male
v_Rowing_g36_c01.,50,0,male
v_Rowing_g37_c01.,41,9,male
v_Rowing_g38_c01,39,11,male
v_Rowing_g39_c01,34,16,male
v_Rowing_g40_c01,1,49,female
v_Rowing_g41_c01,21,29,female
v_Rowing_g42_c01,29,21,male
v_Rowing_g43_c01,50,0,male
v_Rowing_g44_c01,44,6,male
v_Rowing_g45_c01,15,35,female
v_Rowing_g46_c01,24,26,female
v_Rowing_g47_c01,38,12,male
v_Rowing_g48_c01,35,15,male
v_Rowing_g49_c01,18,32,female
v_Rowing_g50_c01,27,23,male
v_Rowing_g51_c01,15,35,female
v_Rowing_g52_c01.,44,5,male
v_Rowing_g53_c01,45,5,male
v_Rowing_g54_c01,23,27,female
v_Rowing_g55_c01,42,8,male
v_Rowing_g56_c01,24,26,female
v_Rowing_g57_c01.,30,20,male
v_Rowing_g58_c01,21,29,female
v_Rowing_g59_c01,46,4,male
v_Rowing_g60_c01,47,3,male
v_Rowing_g61_c01,17,33,female
v_Rowing_g62_c01,48,2,male
v_Rowing_g63_c01,8,42,female
v_Rowing_g64_c01,37,13,male
v_Rowing_g65_c01,25,25,uncertain
v_Rowing_g66_c01.,22,28,female
v_Rowing_g67_c01,36,14,male
v_Rowing_g68_c01,47,3,male
v_Rowing_g69_c01,27,23,male
v_Rowing_g70_c01.,33,17,male
v_Rowing_g71_c01,19,31,female
v_Rowing_g72_c01,36,14,male
v_Rowing_g73_c01,14,36,female
v_Rowing_g74_c01,41,9,male
v_Rowing_g75_c01,25,25,uncertain
v_Rowing_g76_c01.,18,32,female
v_Rowing_g77_c01.,42,8,male
v_Rowing_g78_c01,15,35,female
v_Rowing_g79_c01,28,22,male
v_Rowing_g80_c01,4,46,female
v_Rowing_g81_c01,26,24,male
v_Rowing_g82_c01,11,39,female
v_Rowing_g83_c01,29,21,male
v_Rowing_g84_c01,18,32,female
v_Rowing_g85_c01,28,22,male
v_Rowing_g86_c01,27,23,male
v_Rowing_g87_c01,30,20,male
v_Rowing_g88_c01,21,29,female
v_Rowing_g89_c01,44,6,male
v_Rowing_g90_c01,35,15,male
v_Rowing_g91_c01,20,30,female
v_Rowing_g92_c01,49,1,male
v_Rowing_g93_c01.,25,25,uncertain
v_SalsaSpin_g01_c01,13,37,female
v_SalsaSpin_g02_c01,21,29,female
v_SalsaSpin_g03_c01.,0,50,female
v_SalsaSpin_g04_c01,39,11,male
v_SalsaSpin_g05_c01,50,0,male
v_SalsaSpin_g06_c01,4,46,female
v_SalsaSpin_g07_c01,36,14,male
v_SalsaSpin_g08_c01,37,13,male
v_SalsaSpin_g09_c01,50,0,male
v_SalsaSpin_g10_c01,0,50,female
v_SalsaSpin_g11_c01,50,0,male
v_SalsaSpin_g12_c01.,25,25,uncertain
v_SalsaSpin_g13_c01,5,45,female
v_SalsaSpin_g14_c01,24,26,female
v_SalsaSpin_g15_c01,50,0,male
v_SalsaSpin_g16_c01,21,29,female
v_SalsaSpin_g17_c01,28,22,male
v_SalsaSpin_g18_c01,32,18,male
v_SalsaSpin_g19_c01,44,6,male
v_SalsaSpin_g20_c01,32,18,male
v_SalsaSpin_g21_c01,39,11,male
v_SalsaSpin_g22_c01,15,35,female
v_ShavingBeard_g01_c01.,49,1,male
v_ShavingBeard_g02_c01.,50,0,male
v_ShavingBeard_g03_c01,48,2,male
v_ShavingBeard_g04_c01.,48,2,male
v_ShavingBeard_g05_c01.,47,3,male
v_ShavingBeard_g06_c01.,34,16,male
v_ShavingBeard_g07_c01,45,5,male
v_ShavingBeard_g08_c01,47,3,male
v_ShavingBeard_g09_c01,38,12,male
v_ShavingBeard_g10_c01,41,9,male
v_ShavingBeard_g11_c01.,50,0,male
v_ShavingBeard_g12_c01.,49,0,male
v_ShavingBeard_g13_c01,49,1,male
v_ShavingBeard_g14_c01,3,47,female
v_ShavingBeard_g15_c01,46,4,male
v_ShavingBeard_g16_c01,6,44,female
v_ShavingBeard_g17_c01,35,15,male
v_ShavingBeard_g18_c01.,49,1,male
v_ShavingBeard_g19_c01,38,12,male
v_ShavingBeard_g20_c01,18,32,female
v_ShavingBeard_g21_c01.,31,19,male
v_ShavingBeard_g22_c01.,49,1,male
v_ShavingBeard_g23_c01,42,8,male
v_ShavingBeard_g24_c01,50,0,male
v_ShavingBeard_g25_c01,50,0,male
v_ShavingBeard_g26_c01,50,0,male
v_ShavingBeard_g27_c01.,27,23,male
v_ShavingBeard_g28_c01.,44,6,male
v_ShavingBeard_g29_c01,49,1,male
v_ShavingBeard_g30_c01.,47,3,male
v_ShavingBeard_g31_c01,11,39,female
v_ShavingBeard_g32_c01.,26,24,male
v_ShavingBeard_g33_c01,44,6,male
v_ShavingBeard_g34_c01.,50,0,male
v_ShavingBeard_g35_c01.,0,50,female
v_Shotput_g01_c01,42,8,male
v_Shotput_g02_c01,42,8,male
v_Shotput_g03_c01,34,16,male
v_Shotput_g04_c01.,50,0,male
v_Shotput_g05_c01,32,18,male
v_Shotput_g06_c01,50,0,male
v_Shotput_g07_c01,43,7,male
v_Shotput_g08_c01,42,8,male
v_Shotput_g09_c01,28,22,male
v_Shotput_g10_c01,17,33,female
v_Shotput_g11_c01,46,4,male
v_Shotput_g12_c01,25,25,uncertain
v_Shotput_g13_c01,38,12,male
v_Shotput_g14_c01,44,6,male
v_Shotput_g15_c01,48,2,male
v_Shotput_g16_c01,27,23,male
v_Shotput_g17_c01,33,17,male
v_Shotput_g18_c01,17,33,female
v_Shotput_g19_c01,46,4,male
v_Shotput_g20_c01,47,3,male
v_Shotput_g21_c01,33,17,male
v_Shotput_g22_c01,40,10,male
v_Shotput_g23_c01.,11,39,female
v_Shotput_g24_c01,39,11,male
v_Shotput_g25_c01,32,18,male
v_Shotput_g26_c01,23,27,female
v_Shotput_g27_c01.,49,1,male
v_Shotput_g28_c01,40,10,male
v_Shotput_g29_c01,43,7,male
v_Shotput_g30_c01,38,12,male
v_Shotput_g31_c01,50,0,male
v_Shotput_g32_c01,50,0,male
v_Shotput_g33_c01,23,27,female
v_Shotput_g34_c01.,21,29,female
v_Shotput_g35_c01.,0,50,female
v_Shotput_g36_c01,38,12,male
v_Shotput_g37_c01,41,9,male
v_Shotput_g38_c01,48,2,male
v_Shotput_g39_c01,46,4,male
v_Shotput_g40_c01,42,8,male
v_Shotput_g41_c01,30,20,male
v_Shotput_g42_c01,42,8,male
v_Shotput_g43_c01.,39,11,male
v_Shotput_g44_c01.,43,7,male
v_Shotput_g45_c01,50,0,male
v_Shotput_g46_c01,41,9,male
v_Shotput_g47_c01,44,6,male
v_Shotput_g48_c01,50,0,male
v_Shotput_g49_c01,48,2,male
v_Shotput_g50_c01,45,5,male
v_Shotput_g51_c01,31,19,male
v_Shotput_g52_c01,37,13,male
v_Shotput_g53_c01,45,5,male
v_Shotput_g54_c01,28,22,male
v_Shotput_g55_c01,21,29,female
v_Shotput_g56_c01,46,4,male
v_Shotput_g57_c01,49,1,male
v_Shotput_g58_c01,13,37,female
v_Shotput_g59_c01.,45,5,male
v_Shotput_g60_c01,22,28,female
v_Shotput_g61_c01,28,22,male
v_Shotput_g62_c01,47,3,male
v_Shotput_g63_c01,30,20,male
v_Shotput_g64_c01,17,33,female
v_Shotput_g65_c01.,4,46,female
v_Shotput_g66_c01,35,15,male
v_Shotput_g67_c01.,48,2,male
v_Shotput_g68_c01,43,7,male
v_Shotput_g69_c01,36,14,male
v_Shotput_g70_c01,38,12,male
v_Shotput_g71_c01,42,8,male
v_Shotput_g72_c01,19,31,female
v_Shotput_g73_c01,43,7,male
v_Shotput_g74_c01,30,20,male
v_Shotput_g75_c01,8,42,female
v_Shotput_g76_c01,36,14,male
v_Shotput_g77_c01,30,20,male
v_Shotput_g78_c01,46,4,male
v_Shotput_g79_c01,37,13,male
v_Shotput_g80_c01,45,5,male
v_Shotput_g81_c01,10,40,female
v_Shotput_g82_c01.,29,21,male
v_Shotput_g83_c01,4,46,female
v_Shotput_g84_c01,46,4,male
v_Shotput_g85_c01,19,31,female
v_Shotput_g86_c01,20,30,female
v_Shotput_g87_c01,22,28,female
v_Shotput_g88_c01,23,27,female
v_Shotput_g89_c01,31,19,male
v_Shotput_g90_c01,27,23,male
v_Shotput_g91_c01,20,30,female
v_Shotput_g92_c01,31,19,male
v_Shotput_g93_c01,43,7,male
v_Shotput_g94_c01,50,0,male
v_SkateBoarding_g01_c01.,49,1,male
v_SkateBoarding_g02_c01.,49,1,male
v_SkateBoarding_g03_c01,40,10,male
v_SkateBoarding_g04_c01,45,5,male
v_SkateBoarding_g05_c01,37,13,male
v_SkateBoarding_g06_c01,47,3,male
v_SkateBoarding_g07_c01.,17,33,female
v_SkateBoarding_g08_c01,46,4,male
v_SkateBoarding_g09_c01,40,10,male
v_SkateBoarding_g10_c01,18,32,female
v_SkateBoarding_g11_c01,31,19,male
v_SkateBoarding_g12_c01,43,7,male
v_SkateBoarding_g13_c01,42,8,male
v_SkateBoarding_g14_c01,1,49,female
v_SkateBoarding_g15_c01,21,29,female
v_SkateBoarding_g16_c01,26,24,male
v_SkateBoarding_g17_c01,41,9,male
v_SkateBoarding_g18_c01,13,37,female
v_SkateBoarding_g19_c01,29,21,male
v_SkateBoarding_g20_c01,43,7,male
v_SkateBoarding_g21_c01,47,3,male
v_SkateBoarding_g22_c01,33,17,male
v_SkateBoarding_g23_c01.,46,4,male
v_SkateBoarding_g24_c01,47,3,male
v_SkateBoarding_g25_c01,35,15,male
v_SkateBoarding_g26_c01.,44,6,male
v_SkateBoarding_g27_c01,41,9,male
v_SkateBoarding_g28_c01,44,6,male
v_SkateBoarding_g29_c01,36,14,male
v_SkateBoarding_g30_c01,38,12,male
v_SkateBoarding_g31_c01,16,34,female
v_SkateBoarding_g32_c01.,40,10,male
v_SkateBoarding_g33_c01,44,6,male
v_SkateBoarding_g34_c01,33,17,male
v_SkateBoarding_g35_c01,35,15,male
v_SkateBoarding_g36_c01.,44,6,male
v_SkateBoarding_g37_c01,48,2,male
v_SkateBoarding_g38_c01.,49,1,male
v_SkateBoarding_g39_c01,44,6,male
v_SkateBoarding_g40_c01,35,15,male
v_SkateBoarding_g41_c01,32,18,male
v_SkateBoarding_g42_c01,46,4,male
v_SkateBoarding_g43_c01,38,12,male
v_SkateBoarding_g44_c01,46,4,male
v_SkateBoarding_g45_c01.,22,28,female
v_SkateBoarding_g46_c01,10,40,female
v_SkateBoarding_g47_c01,45,5,male
v_SkateBoarding_g48_c01,16,34,female
v_SkateBoarding_g49_c01,45,5,male
v_SkateBoarding_g50_c01,15,35,female
v_SkateBoarding_g51_c01,41,9,male
v_SkateBoarding_g52_c01,2,48,female
v_SkateBoarding_g53_c01.,38,12,male
v_SkateBoarding_g54_c01,49,1,male
v_SkateBoarding_g55_c01,37,13,male
v_SkateBoarding_g56_c01,49,1,male
v_SkateBoarding_g57_c01.,48,1,male
v_SkateBoarding_g58_c01,42,8,male
v_SkateBoarding_g59_c01,41,9,male
v_SkateBoarding_g60_c01,1,49,female
v_SkateBoarding_g61_c01,45,5,male
v_SkateBoarding_g62_c01,46,4,male
v_SkateBoarding_g63_c01,45,5,male
v_SkateBoarding_g64_c01,23,27,female
v_SkateBoarding_g65_c01.,35,15,male
v_SkateBoarding_g66_c01,47,3,male
v_Skiing_g01_c01,30,20,male
v_Skiing_g02_c01,45,5,male
v_Skiing_g03_c01,29,21,male
v_Skiing_g04_c01,34,16,male
v_Skiing_g05_c01,31,19,male
v_Skiing_g06_c01,19,31,female
v_Skiing_g07_c01,48,2,male
v_Skiing_g08_c01,37,13,male
v_Skiing_g09_c01,27,23,male
v_Skiing_g10_c01,48,2,male
v_Skiing_g11_c01.,48,2,male
v_Skiing_g12_c01.,14,36,female
v_Skiing_g13_c01,48,2,male
v_Skiing_g14_c01,36,14,male
v_Skiing_g15_c01,20,30,female
v_Skiing_g16_c01,45,5,male
v_Skiing_g17_c01.,11,39,female
v_Skiing_g18_c01,38,12,male
v_Skiing_g19_c01.,6,44,female
v_Skiing_g20_c01,40,10,male
v_Skiing_g21_c01.,4,46,female
v_Skiing_g22_c01.,35,15,male
v_Skiing_g23_c01,24,26,female
v_Skiing_g24_c01.,9,41,female
v_Skiing_g25_c01.,36,14,male
v_Skiing_g26_c01,32,18,male
v_Skiing_g27_c01,42,8,male
v_Skiing_g28_c01,20,30,female
v_Skiing_g29_c01,8,42,female
v_Skiing_g30_c01,12,38,female
v_Skiing_g31_c01,22,28,female
v_Skiing_g32_c01,12,38,female
v_Skiing_g33_c01,41,9,male
v_Skiing_g34_c01,24,26,female
v_Skiing_g35_c01,48,2,male
v_Skiing_g36_c01,35,15,male
v_Skiing_g37_c01,47,3,male
v_Skiing_g38_c01.,36,14,male
v_Skiing_g39_c01.,18,32,female
v_Skiing_g40_c01,42,8,male
v_Skiing_g41_c01.,9,41,female
v_Skiing_g42_c01.,22,28,female
v_Skiing_g43_c01.,44,6,male
v_Skiing_g44_c01,47,3,male
v_Skiing_g45_c01,13,37,female
v_Skiing_g46_c01.,16,34,female
v_Skiing_g47_c01,37,13,male
v_Skiing_g48_c01.,49,1,male
v_Skiing_g49_c01,7,43,female
v_Skiing_g50_c01,43,7,male
v_Skiing_g51_c01,16,34,female
v_Skijet_g01_c01.,45,5,male
v_Skijet_g02_c01,39,11,male
v_Skijet_g03_c01,36,14,male
v_Skijet_g04_c01,20,30,female
v_Skijet_g05_c01,17,33,female
v_Skijet_g06_c01,31,19,male
v_Skijet_g07_c01,31,19,male
v_Skijet_g08_c01,39,11,male
v_Skijet_g09_c01,36,14,male
v_Skijet_g10_c01,29,21,male
v_Skijet_g11_c01,47,3,male
v_Skijet_g12_c01,34,16,male
v_Skijet_g13_c01,34,16,male
v_Skijet_g14_c01.,23,27,female
v_Skijet_g15_c01,50,0,male
v_Skijet_g16_c01,44,6,male
v_Skijet_g17_c01,10,40,female
v_Skijet_g18_c01,33,17,male
v_Skijet_g19_c01,22,28,female
v_Skijet_g20_c01,47,3,male
v_Skijet_g21_c01,28,22,male
v_Skijet_g22_c01,35,15,male
v_Skijet_g23_c01,40,10,male
v_Skijet_g24_c01,29,21,male
v_Skijet_g25_c01.,34,16,male
v_Skijet_g26_c01.,31,19,male
v_Skijet_g27_c01,50,0,male
v_Skijet_g28_c01.,36,14,male
v_Skijet_g29_c01,50,0,male
v_Skijet_g30_c01.,28,22,male
v_Skijet_g31_c01,32,18,male
v_Skijet_g32_c01,43,7,male
v_Skijet_g33_c01,44,6,male
v_Skijet_g34_c01,35,15,male
v_Skijet_g35_c01,36,14,male
v_Skijet_g36_c01.,40,10,male
v_Skijet_g37_c01,5,45,female
v_Skijet_g38_c01.,22,28,female
v_Skijet_g39_c01,47,3,male
v_SkyDiving_g01_c01.,16,34,female
v_SkyDiving_g02_c01,30,20,male
v_SkyDiving_g03_c01.,43,7,male
v_SkyDiving_g04_c01,49,1,male
v_SkyDiving_g05_c01,47,3,male
v_SkyDiving_g06_c01,49,1,male
v_SkyDiving_g07_c01,47,3,male
v_SkyDiving_g08_c01,24,26,female
v_SkyDiving_g09_c01,40,10,male
v_SkyDiving_g10_c01,42,8,male
v_SkyDiving_g11_c01,41,9,male
v_SkyDiving_g12_c01,47,3,male
v_SkyDiving_g13_c01,46,4,male
v_SkyDiving_g14_c01,48,2,male
v_SkyDiving_g15_c01,30,20,male
v_SkyDiving_g16_c01,27,23,male
v_SkyDiving_g17_c01,35,15,male
v_SkyDiving_g18_c01,49,1,male
v_SkyDiving_g19_c01,47,3,male
v_SkyDiving_g20_c01,44,6,male
v_SkyDiving_g21_c01,31,19,male
v_SkyDiving_g22_c01,40,10,male
v_SkyDiving_g23_c01,44,6,male
v_SkyDiving_g24_c01.,43,7,male
v_SkyDiving_g25_c01,48,2,male
v_SkyDiving_g26_c01,49,1,male
v_SkyDiving_g27_c01,26,24,male
v_SkyDiving_g28_c01,36,14,male
v_SkyDiving_g29_c01.,49,1,male
v_SkyDiving_g30_c01,39,11,male
v_SkyDiving_g31_c01,46,4,male
v_SkyDiving_g32_c01,50,0,male
v_SkyDiving_g33_c01,45,5,male
v_SkyDiving_g34_c01,2,48,female
v_SkyDiving_g35_c01,43,7,male
v_SkyDiving_g36_c01,34,16,male
v_SkyDiving_g37_c01,47,3,male
v_SkyDiving_g38_c01,35,15,male
v_SkyDiving_g39_c01,44,6,male
v_SkyDiving_g40_c01,49,1,male
v_SkyDiving_g41_c01,46,4,male
v_SkyDiving_g42_c01.,42,8,male
v_SkyDiving_g43_c01,21,29,female
v_SkyDiving_g44_c01,26,24,male
v_SoccerJuggling_g01_c01.,46,4,male
v_SoccerJuggling_g02_c01,48,2,male
v_SoccerJuggling_g03_c01.,36,14,male
v_SoccerJuggling_g04_c01,28,22,male
v_SoccerJuggling_g05_c01,38,12,male
v_SoccerJuggling_g06_c01,32,18,male
v_SoccerJuggling_g07_c01,27,23,male
v_SoccerJuggling_g08_c01.,17,33,female
v_SoccerJuggling_g09_c01,13,37,female
v_SoccerJuggling_g10_c01.,48,2,male
v_SoccerJuggling_g11_c01.,7,43,female
v_SoccerJuggling_g12_c01.,48,2,male
v_SoccerJuggling_g13_c01.,40,10,male
v_SoccerJuggling_g14_c01,41,9,male
v_SoccerJuggling_g15_c01.,42,8,male
v_SoccerJuggling_g16_c01.,41,9,male
v_SoccerJuggling_g17_c01,45,5,male
v_SoccerJuggling_g18_c01,41,9,male
v_SoccerJuggling_g19_c01,0,50,female
v_SoccerJuggling_g20_c01,47,3,male
v_SoccerJuggling_g21_c01,50,0,male
v_SoccerJuggling_g22_c01,35,15,male
v_SoccerJuggling_g23_c01,23,27,female
v_SoccerJuggling_g24_c01,43,7,male
v_SoccerJuggling_g25_c01,43,7,male
v_SoccerJuggling_g26_c01,6,44,female
v_SoccerJuggling_g27_c01,35,15,male
v_SoccerJuggling_g28_c01,48,2,male
v_SoccerJuggling_g29_c01.,49,1,male
v_SoccerJuggling_g30_c01,34,16,male
v_SoccerJuggling_g31_c01,50,0,male
v_SoccerJuggling_g32_c01,42,8,male
v_SoccerJuggling_g33_c01,43,7,male
v_SoccerJuggling_g34_c01,44,6,male
v_SoccerJuggling_g35_c01,45,5,male
v_SoccerJuggling_g36_c01,41,9,male
v_SoccerJuggling_g37_c01,50,0,male
v_SoccerJuggling_g38_c01,45,5,male
v_SoccerJuggling_g39_c01.,37,13,male
v_SoccerJuggling_g40_c01,42,8,male
v_SoccerJuggling_g41_c01,43,7,male
v_SoccerJuggling_g42_c01,22,28,female
v_SoccerJuggling_g43_c01,42,8,male
v_SoccerJuggling_g44_c01,47,3,male
v_SoccerJuggling_g45_c01,41,9,male
v_SoccerJuggling_g46_c01,35,15,male
v_SoccerJuggling_g47_c01.,36,14,male
v_SoccerJuggling_g48_c01,44,6,male
v_SoccerJuggling_g49_c01,38,12,male
v_SoccerJuggling_g50_c01,13,37,female
v_SoccerJuggling_g51_c01.,48,2,male
v_SoccerJuggling_g52_c01.,7,43,female
v_SoccerJuggling_g53_c01.,48,2,male
v_SoccerJuggling_g54_c01,38,12,male
v_SoccerJuggling_g55_c01.,42,8,male
v_SoccerJuggling_g56_c01.,41,9,male
v_SoccerJuggling_g57_c01,0,50,female
v_SoccerJuggling_g58_c01,23,27,female
v_SoccerJuggling_g59_c01.,35,14,male
v_SoccerJuggling_g60_c01,48,2,male
v_SoccerJuggling_g61_c01,43,7,male
v_SoccerJuggling_g62_c01,6,44,female
v_SoccerJuggling_g63_c01,35,15,male
v_SoccerJuggling_g64_c01,48,2,male
v_SoccerJuggling_g65_c01.,49,1,male
v_SoccerJuggling_g66_c01,34,16,male
v_SoccerJuggling_g67_c01,43,7,male
v_SoccerJuggling_g68_c01,44,6,male
v_SoccerJuggling_g69_c01,45,5,male
v_SoccerJuggling_g70_c01,41,9,male
v_SoccerJuggling_g71_c01.,37,13,male
v_SoccerJuggling_g72_c01,47,3,male
v_SoccerJuggling_g73_c01,41,9,male
v_SoccerPenalty_g01_c01,49,1,male
v_SoccerPenalty_g02_c01,46,4,male
v_SoccerPenalty_g03_c01,40,10,male
v_SoccerPenalty_g04_c01,44,6,male
v_SoccerPenalty_g05_c01,47,3,male
v_SoccerPenalty_g06_c01.,45,5,male
v_SoccerPenalty_g07_c01,47,3,male
v_SoccerPenalty_g08_c01,44,6,male
v_SoccerPenalty_g09_c01,50,0,male
v_SoccerPenalty_g10_c01.,31,19,male
v_SoccerPenalty_g11_c01,26,24,male
v_SoccerPenalty_g12_c01,49,1,male
v_SoccerPenalty_g13_c01,47,3,male
v_SoccerPenalty_g14_c01,43,7,male
v_SoccerPenalty_g15_c01.,30,20,male
v_SoccerPenalty_g16_c01,35,15,male
v_SoccerPenalty_g17_c01.,47,3,male
v_SoccerPenalty_g18_c01,43,7,male
v_SoccerPenalty_g19_c01.,42,8,male
v_SoccerPenalty_g20_c01.,44,6,male
v_SoccerPenalty_g21_c01,25,25,uncertain
v_SoccerPenalty_g22_c01,41,9,male
v_SoccerPenalty_g23_c01,46,4,male
v_SoccerPenalty_g24_c01,31,19,male
v_SoccerPenalty_g25_c01,49,1,male
v_SoccerPenalty_g26_c01.,35,15,male
v_SoccerPenalty_g27_c01,45,5,male
v_SoccerPenalty_g28_c01,13,37,female
v_SoccerPenalty_g29_c01,40,10,male
v_SoccerPenalty_g30_c01,12,38,female
v_SoccerPenalty_g31_c01,34,16,male
v_SoccerPenalty_g32_c01.,29,21,male
v_SoccerPenalty_g33_c01,50,0,male
v_SoccerPenalty_g34_c01,47,3,male
v_SoccerPenalty_g35_c01,44,6,male
v_SoccerPenalty_g36_c01.,30,20,male
v_SoccerPenalty_g37_c01.,35,15,male
v_SoccerPenalty_g38_c01.,35,15,male
v_SoccerPenalty_g39_c01.,43,7,male
v_SoccerPenalty_g40_c01,37,13,male
v_SoccerPenalty_g41_c01,13,37,female
v_SoccerPenalty_g42_c01.,50,0,male
v_SoccerPenalty_g43_c01.,48,2,male
v_StillRings_g01_c01,48,2,male
v_StillRings_g02_c01,41,9,male
v_StillRings_g03_c01,3,47,female
v_StillRings_g04_c01,23,27,female
v_StillRings_g05_c01,49,1,male
v_StillRings_g07_c01,26,24,male
v_StillRings_g08_c01,48,2,male
v_StillRings_g09_c01,29,21,male
v_StillRings_g10_c01,32,18,male
v_StillRings_g11_c01,23,27,female
v_StillRings_g12_c01,33,17,male
v_StillRings_g13_c01,24,26,female
v_StillRings_g14_c01.,43,7,male
v_StillRings_g15_c01,16,34,female
v_StillRings_g16_c01,50,0,male
v_StillRings_g17_c01.,45,5,male
v_StillRings_g18_c01.,11,39,female
v_StillRings_g19_c01,49,1,male
v_StillRings_g20_c01.,43,7,male
v_StillRings_g21_c01.,26,24,male
v_StillRings_g22_c01.,31,19,male
v_StillRings_g23_c01.,43,7,male
v_StillRings_g24_c01.,45,5,male
v_StillRings_g25_c01,49,1,male
v_StillRings_g26_c01,43,7,male
v_StillRings_g27_c01,49,1,male
v_StillRings_g28_c01,28,22,male
v_StillRings_g29_c01,46,4,male
v_StillRings_g30_c01,34,16,male
v_StillRings_g31_c01,32,18,male
v_StillRings_g32_c01,17,33,female
v_StillRings_g33_c01,2,48,female
v_StillRings_g34_c01,42,8,male
v_StillRings_g35_c01,18,32,female
v_StillRings_g36_c01,35,15,male
v_StillRings_g37_c01,47,3,male
v_StillRings_g38_c01,46,4,male
v_StillRings_g39_c01,42,8,male
v_StillRings_g40_c01,34,16,male
v_StillRings_g41_c01.,0,50,female
v_StillRings_g42_c01.,42,8,male
v_StillRings_g43_c01,47,3,male
v_StillRings_g44_c01,35,15,male
v_StillRings_g45_c01,2,48,female
v_StillRings_g46_c01,23,27,female
v_StillRings_g47_c01.,0,50,female
v_StillRings_g48_c01,36,14,male
v_StillRings_g49_c01,2,48,female
v_StillRings_g50_c01,41,9,male
v_StillRings_g51_c01,50,0,male
v_StillRings_g52_c01,49,1,male
v_StillRings_g53_c01,27,23,male
v_StillRings_g54_c01,33,17,male
v_StillRings_g55_c01,48,2,male
v_StillRings_g56_c01,10,40,female
v_StillRings_g57_c01,32,18,male
v_StillRings_g58_c01,46,4,male
v_StillRings_g59_c01,7,43,female
v_StillRings_g60_c01,0,50,female
v_StillRings_g61_c01,0,50,female
v_StillRings_g62_c01,16,34,female
v_StillRings_g63_c01.,35,15,male
v_StillRings_g64_c01,38,12,male
v_StillRings_g65_c01,50,0,male
v_StillRings_g66_c01,42,8,male
v_StillRings_g67_c01,40,10,male
v_SumoWrestling_g01_c01,37,13,male
v_SumoWrestling_g02_c01,39,11,male
v_SumoWrestling_g03_c01,24,26,female
v_SumoWrestling_g04_c01,19,31,female
v_SumoWrestling_g06_c01,49,1,male
v_SumoWrestling_g07_c01,49,1,male
v_SumoWrestling_g08_c01,10,40,female
v_SumoWrestling_g09_c01,50,0,male
v_SumoWrestling_g10_c01,32,18,male
v_SumoWrestling_g11_c01,11,39,female
v_SumoWrestling_g12_c01,50,0,male
v_SumoWrestling_g13_c01,43,7,male
v_SumoWrestling_g14_c01,40,10,male
v_SumoWrestling_g15_c01,40,10,male
v_SumoWrestling_g16_c01,50,0,male
v_SumoWrestling_g17_c01,11,39,female
v_SumoWrestling_g18_c01,9,41,female
v_SumoWrestling_g19_c01.,13,37,female
v_SumoWrestling_g20_c01,8,42,female
v_SumoWrestling_g21_c01,35,15,male
v_SumoWrestling_g22_c01,1,49,female
v_SumoWrestling_g23_c01.,50,0,male
v_SumoWrestling_g24_c01,30,20,male
v_SumoWrestling_g25_c01,44,6,male
v_SumoWrestling_g26_c01,30,20,male
v_SumoWrestling_g27_c01.,10,40,female
v_SumoWrestling_g28_c01,45,5,male
v_SumoWrestling_g29_c01,34,16,male
v_SumoWrestling_g30_c01,33,17,male
v_SumoWrestling_g31_c01,44,6,male
v_SumoWrestling_g32_c01,50,0,male
v_SumoWrestling_g33_c01,28,22,male
v_SumoWrestling_g34_c01,18,32,female
v_SumoWrestling_g35_c01,44,6,male
v_SumoWrestling_g36_c01.,26,24,male
v_SumoWrestling_g37_c01,20,30,female
v_SumoWrestling_g38_c01,33,17,male
v_SumoWrestling_g39_c01,27,23,male
v_SumoWrestling_g40_c01,41,9,male
v_SumoWrestling_g41_c01.,37,13,male
v_SumoWrestling_g42_c01,46,4,male
v_SumoWrestling_g43_c01,20,30,female
v_SumoWrestling_g44_c01,40,10,male
v_SumoWrestling_g45_c01,20,30,female
v_SumoWrestling_g46_c01,38,12,male
v_SumoWrestling_g47_c01,46,4,male
v_SumoWrestling_g48_c01,40,10,male
v_Surfing_g01_c01.,18,32,female
v_Surfing_g02_c01,46,4,male
v_Surfing_g03_c01,48,2,male
v_Surfing_g04_c01,44,6,male
v_Surfing_g05_c01,4,46,female
v_Surfing_g06_c01.,45,5,male
v_Surfing_g07_c01,6,44,female
v_Surfing_g08_c01,7,43,female
v_Surfing_g09_c01,45,5,male
v_Surfing_g10_c01,31,19,male
v_Surfing_g11_c01,15,35,female
v_Surfing_g12_c01,33,17,male
v_Surfing_g13_c01,38,12,male
v_Surfing_g14_c01,50,0,male
v_Surfing_g15_c01,28,22,male
v_Surfing_g16_c01,49,1,male
v_Surfing_g17_c01,27,23,male
v_Surfing_g18_c01,32,18,male
v_Surfing_g19_c01,44,6,male
v_Surfing_g20_c01,43,7,male
v_Surfing_g21_c01,48,2,male
v_Surfing_g22_c01,45,5,male
v_Surfing_g23_c01,28,22,male
v_Surfing_g24_c01,50,0,male
v_Surfing_g25_c01.,14,36,female
v_Surfing_g26_c01,34,16,male
v_Surfing_g27_c01.,37,13,male
v_Surfing_g28_c01.,36,14,male
v_Surfing_g29_c01.,48,2,male
v_Surfing_g30_c01,36,14,male
v_Surfing_g31_c01,39,11,male
v_Surfing_g32_c01,7,43,female
v_Surfing_g33_c01.,36,14,male
v_Surfing_g34_c01,46,4,male
v_Surfing_g35_c01,41,9,male
v_Surfing_g36_c01,49,1,male
v_Surfing_g37_c01,35,15,male
v_Surfing_g38_c01,34,16,male
v_Surfing_g39_c01,44,6,male
v_Surfing_g40_c01,37,13,male
v_Surfing_g41_c01,42,8,male
v_Surfing_g42_c01,40,10,male
v_Surfing_g43_c01,48,2,male
v_Surfing_g44_c01,13,37,female
v_Surfing_g45_c01,12,38,female
v_Surfing_g46_c01,37,13,male
v_Surfing_g47_c01,48,2,male
v_Surfing_g48_c01,23,27,female
v_Surfing_g49_c01,47,3,male
v_Surfing_g50_c01,47,3,male
v_Surfing_g51_c01,50,0,male
v_Surfing_g52_c01,48,2,male
v_Surfing_g53_c01,37,13,male
v_Surfing_g54_c01,41,9,male
v_Surfing_g55_c01,30,20,male
v_Surfing_g56_c01,22,28,female
v_Surfing_g57_c01,46,4,male
v_Surfing_g58_c01,43,7,male
v_Surfing_g59_c01,49,1,male
v_Surfing_g60_c01,44,6,male
v_Surfing_g61_c01,30,20,male
v_Surfing_g62_c01,43,7,male
v_Surfing_g63_c01,25,25,uncertain
v_Surfing_g64_c01,35,15,male
v_Swing_g01_c01,23,27,female
v_Swing_g02_c01,34,16,male
v_Swing_g03_c01,32,18,male
v_Swing_g04_c01,48,2,male
v_Swing_g05_c01,50,0,male
v_Swing_g06_c01,23,27,female
v_Swing_g07_c01,39,11,male
v_Swing_g08_c01,39,11,male
v_Swing_g09_c01,42,8,male
v_Swing_g10_c01.,49,1,male
v_Swing_g11_c01,50,0,male
v_Swing_g12_c01,16,34,female
v_Swing_g13_c01,50,0,male
v_Swing_g14_c01,47,3,male
v_Swing_g15_c01,47,3,male
v_Swing_g16_c01,28,22,male
v_Swing_g17_c01,26,24,male
v_Swing_g18_c01,35,15,male
v_Swing_g19_c01,50,0,male
v_Swing_g20_c01.,0,50,female
v_Swing_g21_c01,49,1,male
v_Swing_g22_c01,49,1,male
v_Swing_g23_c01,50,0,male
v_Swing_g24_c01.,41,9,male
v_Swing_g25_c01.,5,45,female
v_Swing_g26_c01,26,24,male
v_Swing_g27_c01.,49,1,male
v_Swing_g28_c01,6,44,female
v_Swing_g29_c01,15,35,female
v_Swing_g30_c01,18,32,female
v_Swing_g31_c01,14,36,female
v_Swing_g32_c01,37,13,male
v_Swing_g33_c01,4,45,female
v_Swing_g34_c01,50,0,male
v_Swing_g35_c01.,2,48,female
v_Swing_g36_c01,16,34,female
v_Swing_g37_c01,25,25,uncertain
v_Swing_g38_c01,45,5,male
v_Swing_g39_c01.,25,25,uncertain
v_Swing_g40_c01.,47,3,male
v_Swing_g41_c01,13,37,female
v_Swing_g42_c01,50,0,male
v_Swing_g43_c01.,8,42,female
v_Swing_g44_c01,43,7,male
v_Swing_g45_c01.,50,0,male
v_Swing_g46_c01,30,20,male
v_Swing_g47_c01,50,0,male
v_Swing_g48_c01,0,50,female
v_Swing_g49_c01,26,24,male
v_Swing_g50_c01,17,33,female
v_Swing_g51_c01,45,5,male
v_Swing_g52_c01.,34,16,male
v_Swing_g53_c01,20,30,female
v_Swing_g54_c01,45,5,male
v_Swing_g55_c01,11,39,female
v_Swing_g56_c01,48,2,male
v_Swing_g57_c01,49,1,male
v_Swing_g58_c01,49,1,male
v_Swing_g59_c01.,49,1,male
v_Swing_g60_c01,44,6,male
v_Swing_g61_c01.,50,0,male
v_Swing_g62_c01,47,3,male
v_Swing_g63_c01,25,25,uncertain
v_Swing_g64_c01,45,5,male
v_Swing_g65_c01,31,19,male
v_Swing_g66_c01.,21,29,female
v_Swing_g67_c01.,22,28,female
v_Swing_g68_c01.,50,0,male
v_Swing_g69_c01,18,32,female
v_Swing_g70_c01,17,33,female
v_Swing_g71_c01,6,44,female
v_Swing_g72_c01,12,38,female
v_Swing_g73_c01,49,1,male
v_Swing_g74_c01,50,0,male
v_Swing_g75_c01,43,7,male
v_Swing_g76_c01,49,1,male
v_Swing_g77_c01,44,6,male
v_Swing_g78_c01,40,10,male
v_Swing_g79_c01,22,28,female
v_Swing_g80_c01,43,7,male
v_Swing_g81_c01.,47,3,male
v_Swing_g82_c01,30,20,male
v_Swing_g83_c01,36,14,male
v_Swing_g84_c01,43,7,male
v_Swing_g85_c01,27,23,male
v_Swing_g86_c01,9,41,female
v_Swing_g87_c01,15,35,female
v_Swing_g88_c01,46,4,male
v_Swing_g89_c01,40,10,male
v_Swing_g90_c01,50,0,male
v_Swing_g91_c01,23,27,female
v_Swing_g92_c01,34,16,male
v_Swing_g93_c01,40,10,male
v_Swing_g94_c01,26,24,male
v_Swing_g95_c01,9,41,female
v_Swing_g96_c01,27,23,male
v_Swing_g97_c01,39,11,male
v_Swing_g98_c01,45,5,male
v_TableTennisShot_g01_c01,40,10,male
v_TableTennisShot_g02_c01,22,28,female
v_TableTennisShot_g03_c01,31,19,male
v_TableTennisShot_g04_c01,50,0,male
v_TableTennisShot_g05_c01,45,5,male
v_TableTennisShot_g06_c01,26,24,male
v_TableTennisShot_g07_c01,44,6,male
v_TableTennisShot_g08_c01,49,1,male
v_TableTennisShot_g09_c01,30,20,male
v_TableTennisShot_g10_c01,41,9,male
v_TableTennisShot_g11_c01,7,43,female
v_TableTennisShot_g12_c01,50,0,male
v_TableTennisShot_g13_c01,34,16,male
v_TableTennisShot_g14_c01,19,31,female
v_TableTennisShot_g15_c01,21,29,female
v_TableTennisShot_g16_c01,33,17,male
v_TableTennisShot_g17_c01,36,14,male
v_TableTennisShot_g18_c01,23,27,female
v_TableTennisShot_g19_c01,37,13,male
v_TableTennisShot_g20_c01,22,28,female
v_TableTennisShot_g21_c01,34,16,male
v_TableTennisShot_g22_c01,13,37,female
v_TableTennisShot_g23_c01.,23,27,female
v_TableTennisShot_g24_c01,35,15,male
v_TableTennisShot_g25_c01,46,4,male
v_TableTennisShot_g26_c01,49,1,male
v_TableTennisShot_g27_c01,45,5,male
v_TaiChi_g01_c01.,44,6,male
v_TaiChi_g02_c01.,47,3,male
v_TaiChi_g03_c01.,7,43,female
v_TaiChi_g04_c01,8,42,female
v_TaiChi_g05_c01,3,47,female
v_TaiChi_g06_c01,49,1,male
v_TaiChi_g07_c01,41,9,male
v_TaiChi_g08_c01,48,2,male
v_TaiChi_g09_c01,49,1,male
v_TaiChi_g10_c01.,36,14,male
v_TaiChi_g11_c01,50,0,male
v_TaiChi_g12_c01,42,8,male
v_TaiChi_g13_c01,22,28,female
v_TaiChi_g14_c01,46,4,male
v_TaiChi_g15_c01.,50,0,male
v_TaiChi_g16_c01,50,0,male
v_TaiChi_g17_c01,48,2,male
v_TaiChi_g18_c01,46,4,male
v_TaiChi_g19_c01.,46,4,male
v_TaiChi_g20_c01.,43,7,male
v_TaiChi_g21_c01,46,4,male
v_TaiChi_g22_c01,49,1,male
v_TaiChi_g23_c01.,38,12,male
v_TaiChi_g24_c01.,30,20,male
v_TaiChi_g25_c01,43,7,male
v_TaiChi_g26_c01,47,3,male
v_TaiChi_g27_c01,50,0,male
v_TaiChi_g28_c01,32,18,male
v_TaiChi_g29_c01,43,7,male
v_TaiChi_g30_c01,47,3,male
v_TaiChi_g31_c01,16,34,female
v_TaiChi_g32_c01,47,3,male
v_TaiChi_g33_c01.,50,0,male
v_TaiChi_g34_c01.,43,7,male
v_TaiChi_g35_c01,2,48,female
v_TaiChi_g36_c01.,7,43,female
v_TaiChi_g37_c01,1,49,female
v_TaiChi_g38_c01,49,1,male
v_TaiChi_g39_c01,50,0,male
v_TaiChi_g40_c01,47,3,male
v_TaiChi_g41_c01.,5,45,female
v_TaiChi_g42_c01.,21,29,female
v_TaiChi_g43_c01,50,0,male
v_TaiChi_g44_c01,27,23,male
v_TaiChi_g45_c01,4,46,female
v_TaiChi_g46_c01,46,4,male
v_TaiChi_g47_c01,48,2,male
v_TaiChi_g48_c01,42,8,male
v_TaiChi_g49_c01.,50,0,male
v_TaiChi_g50_c01,42,8,male
v_TaiChi_g51_c01,42,8,male
v_TaiChi_g52_c01,49,1,male
v_TaiChi_g53_c01,48,2,male
v_TaiChi_g54_c01,49,1,male
v_TaiChi_g55_c01,30,20,male
v_TaiChi_g56_c01,18,32,female
v_TaiChi_g57_c01,26,24,male
v_TaiChi_g58_c01.,50,0,male
v_TennisSwing_g01_c01.,44,6,male
v_TennisSwing_g02_c01.,27,23,male
v_TennisSwing_g03_c01,50,0,male
v_TennisSwing_g04_c01,50,0,male
v_TennisSwing_g05_c01.,45,5,male
v_TennisSwing_g06_c01,50,0,male
v_TennisSwing_g07_c01,15,35,female
v_TennisSwing_g08_c01.,47,3,male
v_TennisSwing_g09_c01,49,1,male
v_TennisSwing_g10_c01,50,0,male
v_TennisSwing_g11_c01,50,0,male
v_TennisSwing_g12_c01,49,1,male
v_TennisSwing_g13_c01,50,0,male
v_TennisSwing_g14_c01,47,3,male
v_TennisSwing_g15_c01.,12,38,female
v_TennisSwing_g16_c01,1,49,female
v_TennisSwing_g17_c01,50,0,male
v_TennisSwing_g18_c01,35,15,male
v_TennisSwing_g19_c01.,0,50,female
v_TennisSwing_g20_c01.,4,46,female
v_TennisSwing_g21_c01,8,42,female
v_TennisSwing_g22_c01.,42,8,male
v_TennisSwing_g23_c01,49,1,male
v_TennisSwing_g24_c01.,50,0,male
v_TennisSwing_g25_c01.,0,50,female
v_TennisSwing_g26_c01.,50,0,male
v_TennisSwing_g27_c01,0,50,female
v_ThrowDiscus_g01_c01.,37,13,male
v_ThrowDiscus_g02_c01,50,0,male
v_ThrowDiscus_g03_c01,44,6,male
v_ThrowDiscus_g04_c01.,16,34,female
v_ThrowDiscus_g05_c01,45,5,male
v_ThrowDiscus_g06_c01,44,6,male
v_ThrowDiscus_g07_c01.,2,48,female
v_ThrowDiscus_g08_c01,47,3,male
v_ThrowDiscus_g09_c01,50,0,male
v_ThrowDiscus_g10_c01,23,27,female
v_ThrowDiscus_g11_c01,50,0,male
v_ThrowDiscus_g12_c01,46,4,male
v_ThrowDiscus_g13_c01.,45,5,male
v_ThrowDiscus_g14_c01,46,4,male
v_ThrowDiscus_g15_c01,22,28,female
v_ThrowDiscus_g16_c01,45,5,male
v_ThrowDiscus_g17_c01,37,13,male
v_ThrowDiscus_g18_c01,16,34,female
v_ThrowDiscus_g19_c01,33,17,male
v_ThrowDiscus_g20_c01,16,34,female
v_ThrowDiscus_g21_c01,48,2,male
v_ThrowDiscus_g22_c01.,47,3,male
v_ThrowDiscus_g23_c01,42,8,male
v_ThrowDiscus_g24_c01,0,50,female
v_ThrowDiscus_g25_c01,31,19,male
v_ThrowDiscus_g26_c01,45,5,male
v_ThrowDiscus_g27_c01,15,35,female
v_ThrowDiscus_g28_c01,38,12,male
v_ThrowDiscus_g29_c01,47,3,male
v_ThrowDiscus_g30_c01,46,4,male
v_ThrowDiscus_g31_c01,34,16,male
v_ThrowDiscus_g32_c01,50,0,male
v_ThrowDiscus_g33_c01,10,40,female
v_ThrowDiscus_g34_c01,44,6,male
v_TrampolineJumping_g01_c01,42,8,male
v_TrampolineJumping_g02_c01,50,0,male
v_TrampolineJumping_g03_c01,23,27,female
v_TrampolineJumping_g04_c01,44,6,male
v_TrampolineJumping_g05_c01,5,45,female
v_TrampolineJumping_g06_c01,28,22,male
v_TrampolineJumping_g07_c01,26,24,male
v_TrampolineJumping_g08_c01,50,0,male
v_TrampolineJumping_g09_c01.,47,3,male
v_TrampolineJumping_g10_c01,21,29,female
v_TrampolineJumping_g11_c01.,35,15,male
v_TrampolineJumping_g12_c01,32,18,male
v_TrampolineJumping_g13_c01.,45,5,male
v_TrampolineJumping_g14_c01,48,2,male
v_TrampolineJumping_g15_c01.,48,2,male
v_TrampolineJumping_g16_c01,14,36,female
v_TrampolineJumping_g17_c01.,50,0,male
v_TrampolineJumping_g18_c01.,0,50,female
v_TrampolineJumping_g19_c01,2,48,female
v_TrampolineJumping_g20_c01,3,47,female
v_TrampolineJumping_g21_c01.,12,38,female
v_TrampolineJumping_g22_c01,37,13,male
v_TrampolineJumping_g23_c01,35,15,male
v_TrampolineJumping_g24_c01,44,6,male
v_TrampolineJumping_g25_c01,49,1,male
v_TrampolineJumping_g26_c01,44,6,male
v_TrampolineJumping_g27_c01.,40,10,male
v_TrampolineJumping_g28_c01.,42,8,male
v_TrampolineJumping_g29_c01,37,13,male
v_Typing_g01_c01.,33,17,male
v_Typing_g02_c01,34,16,male
v_Typing_g03_c01,11,39,female
v_Typing_g04_c01.,40,10,male
v_Typing_g05_c01,47,3,male
v_Typing_g06_c01.,35,15,male
v_Typing_g07_c01,48,2,male
v_Typing_g08_c01,0,50,female
v_Typing_g09_c01,26,24,male
v_Typing_g10_c01.,43,7,male
v_Typing_g11_c01.,44,6,male
v_Typing_g12_c01.,50,0,male
v_Typing_g13_c01,50,0,male
v_Typing_g14_c01,50,0,male
v_Typing_g15_c01,49,1,male
v_Typing_g16_c01,34,16,male
v_Typing_g17_c01.,34,16,male
v_Typing_g18_c01,10,40,female
v_Typing_g19_c01,4,46,female
v_Typing_g20_c01,5,45,female
v_Typing_g21_c01,23,27,female
v_Typing_g22_c01,25,25,uncertain
v_Typing_g23_c01,18,32,female
v_Typing_g24_c01,50,0,male
v_Typing_g25_c01.,46,4,male
v_Typing_g26_c01,46,4,male
v_Typing_g27_c01.,29,21,male
v_Typing_g28_c01.,48,2,male
v_Typing_g29_c01.,25,25,uncertain
v_Typing_g30_c01,41,9,male
v_Typing_g31_c01,39,11,male
v_Typing_g32_c01,0,50,female
v_Typing_g33_c01,39,11,male
v_Typing_g34_c01,40,10,male
v_Typing_g35_c01.,0,50,female
v_Typing_g36_c01,50,0,male
v_Typing_g37_c01,23,27,female
v_Typing_g38_c01,33,17,male
v_Typing_g39_c01,39,11,male
v_Typing_g40_c01,47,2,male
v_Typing_g41_c01,37,13,male
v_Typing_g42_c01,50,0,male
v_Typing_g43_c01,34,16,male
v_Typing_g44_c01,14,36,female
v_Typing_g45_c01,49,1,male
v_Typing_g46_c01,47,3,male
v_Typing_g47_c01,11,39,female
v_Typing_g48_c01.,30,20,male
v_Typing_g49_c01,17,33,female
v_Typing_g50_c01,24,26,female
v_Typing_g51_c01,35,15,male
v_Typing_g52_c01,24,26,female
v_Typing_g53_c01,18,32,female
v_Typing_g54_c01,10,40,female
v_Typing_g55_c01,30,20,male
v_Typing_g56_c01.,42,8,male
v_Typing_g57_c01,24,26,female
v_Typing_g58_c01.,50,0,male
v_Typing_g59_c01.,50,0,male
v_Typing_g60_c01,48,2,male
v_Typing_g61_c01,0,50,female
v_UnevenBars_g01_c01,22,28,female
v_UnevenBars_g02_c01,16,34,female
v_UnevenBars_g03_c01,9,41,female
v_UnevenBars_g04_c01,19,31,female
v_UnevenBars_g05_c01.,12,38,female
v_UnevenBars_g06_c01.,1,49,female
v_UnevenBars_g07_c01,3,47,female
v_UnevenBars_g08_c01,17,33,female
v_UnevenBars_g09_c01,14,36,female
v_UnevenBars_g10_c01,9,41,female
v_UnevenBars_g11_c01,5,45,female
v_UnevenBars_g12_c01,1,49,female
v_UnevenBars_g13_c01,13,37,female
v_UnevenBars_g14_c01,34,16,male
v_UnevenBars_g15_c01,21,29,female
v_UnevenBars_g16_c01,0,50,female
v_UnevenBars_g17_c01,21,29,female
v_UnevenBars_g18_c01,18,32,female
v_UnevenBars_g19_c01,9,41,female
v_UnevenBars_g20_c01,26,24,male
v_UnevenBars_g21_c01,12,38,female
v_UnevenBars_g22_c01,9,41,female
v_UnevenBars_g23_c01.,0,50,female
v_UnevenBars_g24_c01.,3,47,female
v_UnevenBars_g25_c01,13,37,female
v_UnevenBars_g26_c01,34,16,male
v_UnevenBars_g27_c01.,4,46,female
v_UnevenBars_g28_c01,26,24,male
v_UnevenBars_g29_c01,8,42,female
v_UnevenBars_g30_c01,18,31,female
v_UnevenBars_g31_c01,2,48,female
v_UnevenBars_g32_c01.,2,48,female
v_UnevenBars_g33_c01,14,36,female
v_UnevenBars_g34_c01.,2,48,female
v_UnevenBars_g35_c01,3,47,female
v_UnevenBars_g36_c01.,7,43,female
v_UnevenBars_g37_c01,5,45,female
v_UnevenBars_g38_c01,5,45,female
v_UnevenBars_g39_c01,6,44,female
v_UnevenBars_g40_c01,12,38,female
v_UnevenBars_g41_c01,7,43,female
v_UnevenBars_g42_c01.,6,44,female
v_UnevenBars_g43_c01.,13,37,female
v_UnevenBars_g44_c01.,11,39,female
v_UnevenBars_g45_c01,41,9,male
v_UnevenBars_g46_c01,4,46,female
v_UnevenBars_g47_c01.,9,41,female
v_UnevenBars_g48_c01,13,37,female
v_UnevenBars_g49_c01,0,50,female
v_UnevenBars_g50_c01.,32,18,male
v_UnevenBars_g51_c01,49,1,male
v_UnevenBars_g52_c01,8,42,female
v_UnevenBars_g53_c01,1,49,female
v_UnevenBars_g54_c01,15,35,female
v_UnevenBars_g55_c01,16,34,female
v_UnevenBars_g56_c01,21,29,female
v_UnevenBars_g57_c01,12,38,female
v_UnevenBars_g58_c01.,10,40,female
v_UnevenBars_g59_c01,16,34,female
v_UnevenBars_g60_c01,6,44,female
v_UnevenBars_g61_c01,15,35,female
v_UnevenBars_g62_c01.,2,48,female
v_UnevenBars_g63_c01,39,11,male
v_UnevenBars_g64_c01,6,44,female
v_UnevenBars_g65_c01,26,24,male
v_VolleyballSpiking_g01_c01.,17,33,female
v_VolleyballSpiking_g02_c01,41,9,male
v_VolleyballSpiking_g03_c01,48,2,male
v_VolleyballSpiking_g04_c01.,12,38,female
v_VolleyballSpiking_g05_c01,37,13,male
v_VolleyballSpiking_g06_c01.,18,32,female
v_VolleyballSpiking_g07_c01,30,20,male
v_VolleyballSpiking_g08_c01,45,5,male
v_VolleyballSpiking_g09_c01,38,12,male
v_VolleyballSpiking_g10_c01,34,16,male
v_VolleyballSpiking_g11_c01.,42,8,male
v_VolleyballSpiking_g12_c01,5,45,female
v_VolleyballSpiking_g13_c01,14,36,female
v_VolleyballSpiking_g14_c01,40,10,male
v_VolleyballSpiking_g15_c01,35,15,male
v_VolleyballSpiking_g16_c01,33,17,male
v_VolleyballSpiking_g17_c01,50,0,male
v_VolleyballSpiking_g18_c01,50,0,male
v_VolleyballSpiking_g19_c01,50,0,male
v_VolleyballSpiking_g20_c01,30,20,male
v_VolleyballSpiking_g21_c01,35,15,male
v_VolleyballSpiking_g22_c01,49,1,male
v_VolleyballSpiking_g23_c01.,48,2,male
v_VolleyballSpiking_g24_c01,2,48,female
v_VolleyballSpiking_g25_c01,13,37,female
v_VolleyballSpiking_g26_c01.,25,25,uncertain
v_VolleyballSpiking_g27_c01.,7,43,female
v_VolleyballSpiking_g28_c01,43,7,male
v_VolleyballSpiking_g29_c01,31,19,male
v_VolleyballSpiking_g30_c01,29,21,male
v_VolleyballSpiking_g31_c01,34,15,male
v_VolleyballSpiking_g32_c01,49,1,male
v_VolleyballSpiking_g33_c01,43,7,male
v_VolleyballSpiking_g34_c01.,5,45,female
v_VolleyballSpiking_g35_c01.,9,41,female
v_VolleyballSpiking_g36_c01,24,26,female
v_VolleyballSpiking_g37_c01,48,2,male
v_VolleyballSpiking_g38_c01,42,7,male
v_VolleyballSpiking_g39_c01.,41,9,male
v_VolleyballSpiking_g40_c01,44,6,male
v_VolleyballSpiking_g41_c01,21,29,female
v_VolleyballSpiking_g42_c01,43,7,male
v_VolleyballSpiking_g43_c01,50,0,male
v_VolleyballSpiking_g44_c01,11,39,female
v_VolleyballSpiking_g45_c01,30,20,male
v_VolleyballSpiking_g46_c01.,44,6,male
v_VolleyballSpiking_g47_c01,45,5,male
v_VolleyballSpiking_g48_c01,50,0,male
v_VolleyballSpiking_g49_c01,50,0,male
v_VolleyballSpiking_g50_c01.,2,48,female
v_VolleyballSpiking_g51_c01,50,0,male
v_VolleyballSpiking_g52_c01,49,1,male
v_VolleyballSpiking_g53_c01,29,21,male
v_VolleyballSpiking_g54_c01,48,2,male
v_VolleyballSpiking_g55_c01,45,5,male
v_VolleyballSpiking_g56_c01,22,28,female
v_VolleyballSpiking_g57_c01,45,5,male
v_VolleyballSpiking_g58_c01,50,0,male
v_WalkingWithDog_g01_c01,9,41,female
v_WalkingWithDog_g02_c01,2,48,female
v_WalkingWithDog_g03_c01,5,45,female
v_WalkingWithDog_g04_c01,9,41,female
v_WalkingWithDog_g05_c01,4,46,female
v_WalkingWithDog_g06_c01,12,38,female
v_WalkingWithDog_g07_c01.,4,46,female
v_WalkingWithDog_g08_c01,35,15,male
v_WalkingWithDog_g09_c01,1,49,female
v_WalkingWithDog_g10_c01,32,18,male
v_WalkingWithDog_g11_c01,27,23,male
v_WalkingWithDog_g12_c01,0,50,female
v_WalkingWithDog_g13_c01,32,18,male
v_WalkingWithDog_g14_c01,9,41,female
v_WalkingWithDog_g15_c01,3,47,female
v_WalkingWithDog_g16_c01.,13,37,female
v_WalkingWithDog_g17_c01,35,15,male
v_WallPushups_g01_c01.,41,9,male
v_WallPushups_g02_c01,48,2,male
v_WallPushups_g03_c01,50,0,male
v_WallPushups_g04_c01,2,48,female
v_WallPushups_g05_c01,47,3,male
v_WallPushups_g06_c01,48,2,male
v_WallPushups_g07_c01.,50,0,male
v_WallPushups_g08_c01,5,45,female
v_WallPushups_g09_c01,5,45,female
v_WallPushups_g10_c01,8,42,female
v_WallPushups_g11_c01,0,50,female
v_WallPushups_g12_c01,3,47,female
v_WallPushups_g13_c01,0,50,female
v_WallPushups_g14_c01,1,49,female
v_WallPushups_g15_c01,0,50,female
v_WallPushups_g16_c01.,45,5,male
v_WallPushups_g17_c01,46,4,male
v_WallPushups_g18_c01,2,48,female
v_WallPushups_g19_c01,45,5,male
v_WallPushups_g20_c01,1,49,female
v_WallPushups_g21_c01,2,48,female
v_WallPushups_g22_c01,3,47,female
v_WallPushups_g23_c01,50,0,male
v_WallPushups_g24_c01,5,45,female
v_WallPushups_g25_c01,48,2,male
v_WallPushups_g26_c01,0,50,female
v_WallPushups_g27_c01,35,15,male
v_WallPushups_g28_c01,26,24,male
v_WallPushups_g29_c01,49,1,male
v_WallPushups_g30_c01,0,50,female
v_WallPushups_g31_c01,6,44,female
v_WallPushups_g32_c01,45,5,male
v_WallPushups_g33_c01.,44,6,male
v_WallPushups_g34_c01,37,13,male
v_WallPushups_g35_c01,50,0,male
v_WallPushups_g36_c01,33,17,male
v_WallPushups_g37_c01,48,2,male
v_WallPushups_g38_c01,36,14,male
v_WritingOnBoard_g01_c01,31,19,male
v_WritingOnBoard_g02_c01,37,13,male
v_WritingOnBoard_g03_c01,43,7,male
v_WritingOnBoard_g04_c01.,41,9,male
v_WritingOnBoard_g05_c01,50,0,male
v_YoYo_g01_c01,50,0,male
v_YoYo_g02_c01,0,50,female
v_YoYo_g03_c01,38,12,male
v_YoYo_g04_c01,32,18,male
v_YoYo_g05_c01,41,9,male
v_YoYo_g06_c01,39,11,male
v_YoYo_g07_c01,1,49,female
v_YoYo_g08_c01,37,13,male
v_YoYo_g09_c01,20,30,female
v_YoYo_g100_c01.,44,6,male
v_YoYo_g10_c01,49,1,male
v_YoYo_g11_c01,48,2,male
v_YoYo_g12_c01,36,14,male
v_YoYo_g13_c01.,15,35,female
v_YoYo_g14_c01,43,7,male
v_YoYo_g15_c01,11,39,female
v_YoYo_g16_c01,49,1,male
v_YoYo_g17_c01,42,8,male
v_YoYo_g18_c01,34,16,male
v_YoYo_g19_c01,0,50,female
v_YoYo_g20_c01,43,7,male
v_YoYo_g21_c01,24,26,female
v_YoYo_g22_c01,7,43,female
v_YoYo_g23_c01,47,3,male
v_YoYo_g24_c01,41,9,male
v_YoYo_g25_c01,33,17,male
v_YoYo_g26_c01,44,6,male
v_YoYo_g27_c01,45,5,male
v_YoYo_g28_c01,44,6,male
v_YoYo_g29_c01,49,1,male
v_YoYo_g30_c01.,48,2,male
v_YoYo_g31_c01,41,9,male
v_YoYo_g32_c01,24,26,female
v_YoYo_g33_c01,42,8,male
v_YoYo_g34_c01,36,14,male
v_YoYo_g35_c01,12,38,female
v_YoYo_g36_c01,13,37,female
v_YoYo_g37_c01,37,13,male
v_YoYo_g38_c01,18,32,female
v_YoYo_g39_c01,27,23,male
v_YoYo_g40_c01,1,49,female
v_YoYo_g41_c01,11,39,female
v_YoYo_g42_c01,42,8,male
v_YoYo_g43_c01,26,24,male
v_YoYo_g44_c01,50,0,male
v_YoYo_g45_c01,50,0,male
v_YoYo_g46_c01,50,0,male
v_YoYo_g47_c01,50,0,male
v_YoYo_g48_c01,49,1,male
v_YoYo_g49_c01,24,26,female
v_YoYo_g50_c01,47,3,male
v_YoYo_g51_c01,29,21,male
v_YoYo_g52_c01,41,9,male
v_YoYo_g53_c01,33,16,male
v_YoYo_g54_c01,48,2,male
v_YoYo_g55_c01,37,13,male
v_YoYo_g56_c01,20,30,female
v_YoYo_g57_c01,48,2,male
v_YoYo_g58_c01,36,14,male
v_YoYo_g59_c01,39,11,male
v_YoYo_g60_c01,36,14,male
v_YoYo_g61_c01,36,14,male
v_YoYo_g62_c01,29,21,male
v_YoYo_g63_c01,41,9,male
v_YoYo_g64_c01,33,17,male
v_YoYo_g65_c01,47,3,male
v_YoYo_g66_c01.,39,11,male
v_YoYo_g67_c01,32,18,male
v_YoYo_g68_c01,6,44,female
v_YoYo_g69_c01,12,38,female
v_YoYo_g70_c01,3,47,female
v_YoYo_g71_c01,7,43,female
v_YoYo_g72_c01,29,21,male
v_YoYo_g73_c01,23,27,female
v_YoYo_g74_c01,46,4,male
v_YoYo_g75_c01,21,29,female
v_YoYo_g76_c01,50,0,male
v_YoYo_g77_c01,38,12,male
v_YoYo_g78_c01,12,38,female
v_YoYo_g79_c01,46,4,male
v_YoYo_g80_c01,48,2,male
v_YoYo_g81_c01,38,12,male
v_YoYo_g82_c01,47,3,male
v_YoYo_g83_c01,38,12,male
v_YoYo_g84_c01,44,6,male
v_YoYo_g85_c01,37,13,male
v_YoYo_g86_c01,16,34,female
v_YoYo_g87_c01,10,40,female
v_YoYo_g88_c01,34,16,male
v_YoYo_g89_c01.,47,3,male
v_YoYo_g90_c01,36,14,male
v_YoYo_g91_c01,50,0,male
v_YoYo_g92_c01.,49,1,male
v_YoYo_g93_c01,47,3,male
v_YoYo_g94_c01,38,12,male
v_YoYo_g95_c01,47,3,male
v_YoYo_g96_c01,12,38,female
v_YoYo_g97_c01,50,0,male
v_YoYo_g98_c01,28,21,male
v_YoYo_g99_c01.,45,5,male
