video_name,count_white,count_asian,count_black,count_middle_eastern,count_indian,count_hispanic,count_unknown,final
v_ApplyEyeMakeup_g01_c01,2,0,0,10,38,0,0,indian
v_ApplyEyeMakeup_g02_c01,24,0,0,1,0,22,3,white
v_ApplyEyeMakeup_g03_c01,14,6,1,28,0,1,0,middle eastern
v_ApplyEyeMakeup_g04_c01,3,31,4,0,0,0,12,asian
v_ApplyEyeMakeup_g05_c01,0,0,0,0,0,50,0,hispanic
v_ApplyEyeMakeup_g06_c01,18,7,4,7,3,9,2,white
v_ApplyEyeMakeup_g07_c01,3,45,0,0,0,1,1,asian
v_ApplyEyeMakeup_g08_c01,10,9,12,3,1,8,7,black
v_ApplyEyeMakeup_g09_c01.,46,0,0,0,0,4,0,white
v_ApplyEyeMakeup_g10_c01,2,36,1,3,0,0,8,asian
v_ApplyEyeMakeup_g11_c01,15,5,2,0,0,10,18,white
v_ApplyEyeMakeup_g12_c01,9,35,2,2,1,1,0,asian
v_ApplyEyeMakeup_g13_c01,11,9,4,26,0,0,0,middle eastern
v_ApplyEyeMakeup_g14_c01,29,0,0,2,0,19,0,white
v_ApplyEyeMakeup_g15_c01,1,0,46,0,0,3,0,black
v_ApplyEyeMakeup_g16_c01,0,0,48,0,2,0,0,black
v_ApplyEyeMakeup_g17_c01,24,13,11,0,0,0,2,white
v_ApplyEyeMakeup_g18_c01,0,9,11,6,6,18,0,hispanic
v_ApplyEyeMakeup_g19_c01.,0,3,46,0,0,1,0,black
v_ApplyEyeMakeup_g20_c01,0,2,8,37,0,2,1,middle eastern
v_ApplyEyeMakeup_g21_c01,1,1,46,1,0,1,0,black
v_ApplyEyeMakeup_g22_c01,1,2,45,0,1,1,0,black
v_ApplyEyeMakeup_g23_c01,5,12,0,24,0,7,2,middle eastern
v_ApplyEyeMakeup_g24_c01,3,2,3,0,0,12,30,unknown
v_ApplyEyeMakeup_g25_c01.,43,0,0,1,0,5,1,white
v_ApplyEyeMakeup_g26_c01,0,2,38,0,10,0,0,black
v_ApplyEyeMakeup_g27_c01,25,1,0,10,0,14,0,white
v_ApplyEyeMakeup_g28_c01,16,8,2,4,1,16,3,white
v_ApplyEyeMakeup_g29_c01.,39,2,1,1,0,1,6,white
v_ApplyEyeMakeup_g30_c01,44,1,1,3,0,1,0,white
v_ApplyEyeMakeup_g31_c01.,3,0,33,1,2,10,1,black
v_ApplyEyeMakeup_g32_c01,5,25,1,15,0,2,2,asian
v_ApplyEyeMakeup_g33_c01,1,0,49,0,0,0,0,black
v_ApplyEyeMakeup_g34_c01,46,1,0,0,0,3,0,white
v_ApplyEyeMakeup_g35_c01.,6,24,0,1,0,19,0,asian
v_ApplyEyeMakeup_g36_c01,15,0,17,0,0,14,4,black
v_ApplyEyeMakeup_g37_c01,0,1,49,0,0,0,0,black
v_ApplyEyeMakeup_g38_c01,11,0,2,36,0,1,0,middle eastern
v_ApplyEyeMakeup_g39_c01,10,2,0,21,0,10,7,middle eastern
v_ApplyEyeMakeup_g40_c01,13,4,19,9,1,4,0,black
v_ApplyEyeMakeup_g41_c01,3,1,1,16,4,22,3,hispanic
v_ApplyLipstick_g01_c01,19,0,4,6,0,21,0,hispanic
v_ApplyLipstick_g02_c01.,0,3,0,31,16,0,0,middle eastern
v_ApplyLipstick_g03_c01,2,45,2,0,0,1,0,asian
v_ApplyLipstick_g04_c01,48,0,0,0,0,2,0,white
v_ApplyLipstick_g05_c01,39,0,2,0,0,4,5,white
v_ApplyLipstick_g06_c01.,10,0,0,0,0,40,0,hispanic
v_ApplyLipstick_g07_c01,35,0,0,2,0,13,0,white
v_ApplyLipstick_g08_c01,46,0,0,3,0,0,1,white
v_ApplyLipstick_g09_c01.,4,0,2,33,0,11,0,middle eastern
v_ApplyLipstick_g10_c01,0,48,0,1,0,0,1,asian
v_ApplyLipstick_g11_c01,11,0,0,3,0,14,22,hispanic
v_ApplyLipstick_g12_c01,16,3,0,0,0,21,10,hispanic
v_ApplyLipstick_g13_c01,50,0,0,0,0,0,0,white
v_ApplyLipstick_g14_c01,0,49,0,0,0,0,1,asian
v_ApplyLipstick_g15_c01,4,42,0,0,0,0,4,asian
v_ApplyLipstick_g16_c01,5,4,2,0,30,7,2,indian
v_ApplyLipstick_g17_c01,0,10,0,29,8,3,0,middle eastern
v_ApplyLipstick_g18_c01,5,8,0,21,5,11,0,middle eastern
v_ApplyLipstick_g19_c01,3,0,46,1,0,0,0,black
v_ApplyLipstick_g20_c01,1,5,0,39,2,3,0,middle eastern
v_ApplyLipstick_g21_c01,1,0,0,28,1,20,0,middle eastern
v_ApplyLipstick_g22_c01,11,9,4,26,0,0,0,middle eastern
v_ApplyLipstick_g23_c01,0,25,0,0,1,24,0,asian
v_ApplyLipstick_g24_c01.,3,0,2,0,0,0,45,unknown
v_ApplyLipstick_g25_c01.,1,25,21,0,0,2,1,asian
v_ApplyLipstick_g26_c01.,26,10,7,3,0,3,1,white
v_ApplyLipstick_g27_c01,50,0,0,0,0,0,0,white
v_ApplyLipstick_g28_c01,39,0,4,1,0,6,0,white
v_ApplyLipstick_g29_c01,2,23,0,0,0,18,7,asian
v_ApplyLipstick_g30_c01,0,0,0,0,47,3,0,indian
v_ApplyLipstick_g31_c01.,23,11,2,0,0,11,3,white
v_ApplyLipstick_g32_c01.,1,7,11,2,28,1,0,indian
v_ApplyLipstick_g33_c01.,3,0,33,1,2,10,1,black
v_ApplyLipstick_g34_c01.,16,1,0,22,0,11,0,middle eastern
v_ApplyLipstick_g35_c01,25,5,2,2,0,4,12,white
v_ApplyLipstick_g36_c01,0,44,2,3,0,0,1,asian
v_ApplyLipstick_g37_c01,30,2,2,5,0,6,5,white
v_ApplyLipstick_g38_c01,0,0,50,0,0,0,0,black
v_ApplyLipstick_g39_c01,2,0,0,34,2,12,0,middle eastern
v_ApplyLipstick_g40_c01.,2,1,46,1,0,0,0,black
v_ApplyLipstick_g41_c01,1,0,49,0,0,0,0,black
v_ApplyLipstick_g42_c01,0,19,0,0,18,12,1,asian
v_ApplyLipstick_g43_c01,0,6,0,0,28,12,4,indian
v_ApplyLipstick_g44_c01,3,1,0,30,0,16,0,middle eastern
v_ApplyLipstick_g45_c01,50,0,0,0,0,0,0,white
v_ApplyLipstick_g46_c01.,0,3,2,2,38,4,1,indian
v_ApplyLipstick_g47_c01,0,4,2,2,29,5,8,indian
v_ApplyLipstick_g48_c01,9,1,0,5,20,15,0,indian
v_ApplyLipstick_g49_c01,0,0,0,1,46,3,0,indian
v_ApplyLipstick_g50_c01,4,9,25,1,5,6,0,black
v_Archery_g01_c01.,6,11,2,5,2,5,19,asian
v_Archery_g02_c01,27,0,1,0,0,15,7,white
v_Archery_g03_c01,4,0,5,13,4,6,18,middle eastern
v_Archery_g04_c01.,4,2,2,0,0,5,37,unknown
v_Archery_g05_c01,9,4,1,1,0,34,1,hispanic
v_Archery_g06_c01,6,17,9,1,0,4,13,asian
v_Archery_g07_c01,1,16,1,23,1,8,0,middle eastern
v_Archery_g08_c01.,0,5,2,2,2,39,0,hispanic
v_Archery_g09_c01,26,14,1,4,0,0,5,white
v_Archery_g10_c01,1,10,3,5,19,1,11,indian
v_Archery_g11_c01,0,3,41,0,0,4,2,black
v_Archery_g12_c01,2,33,5,1,1,4,4,asian
v_Archery_g13_c01,19,10,7,0,0,8,6,white
v_Archery_g14_c01,17,7,13,4,0,5,4,white
v_Archery_g15_c01,4,0,4,0,38,3,1,indian
v_Archery_g16_c01.,2,6,0,0,33,7,2,indian
v_Archery_g17_c01.,9,1,3,1,0,21,15,hispanic
v_Archery_g18_c01,0,38,0,4,1,6,1,asian
v_Archery_g19_c01,6,39,0,0,0,2,3,asian
v_Archery_g20_c01,2,4,1,1,42,0,0,indian
v_Archery_g21_c01.,11,30,4,0,5,0,0,asian
v_Archery_g22_c01,22,1,3,2,0,20,2,white
v_Archery_g23_c01.,2,0,0,0,0,48,0,hispanic
v_Archery_g24_c01,35,1,10,0,2,1,1,white
v_Archery_g25_c01,20,10,3,0,0,12,5,white
v_Archery_g26_c01,7,16,12,0,0,0,15,asian
v_Archery_g27_c01.,24,1,1,5,0,10,9,white
v_Archery_g28_c01,0,38,2,0,0,9,1,asian
v_Archery_g29_c01,10,12,7,0,13,5,3,indian
v_Archery_g30_c01,0,22,5,0,21,2,0,asian
v_Archery_g31_c01.,5,1,0,40,0,4,0,middle eastern
v_Archery_g32_c01,4,3,0,0,0,13,30,unknown
v_Archery_g33_c01,0,9,2,0,37,2,0,indian
v_Archery_g34_c01,3,8,4,1,26,5,2,indian
v_Archery_g35_c01,10,1,8,2,0,18,11,hispanic
v_Archery_g36_c01,1,25,6,14,0,1,3,asian
v_Archery_g37_c01.,3,40,0,5,0,0,2,asian
v_Archery_g38_c01,40,1,3,0,0,4,2,white
v_Archery_g39_c01,36,9,2,0,0,3,0,white
v_Archery_g40_c01,12,6,0,0,2,26,4,hispanic
v_Archery_g41_c01,4,6,28,1,1,9,1,black
v_Archery_g42_c01,3,35,2,0,0,5,5,asian
v_Archery_g43_c01,1,0,13,0,10,7,19,black
v_Archery_g44_c01,0,33,0,13,3,1,0,asian
v_Archery_g45_c01,24,1,0,0,0,25,0,hispanic
v_Archery_g46_c01.,2,11,3,3,28,3,0,indian
v_Archery_g47_c01,4,27,5,5,0,0,9,asian
v_Archery_g48_c01,3,4,4,1,37,1,0,indian
v_Archery_g49_c01,0,2,45,2,0,0,1,black
v_Archery_g50_c01.,33,2,0,4,0,11,0,white
v_Archery_g51_c01,5,10,6,3,5,7,14,asian
v_Archery_g52_c01.,24,6,4,5,0,10,1,white
v_Archery_g53_c01,29,0,2,0,0,9,10,white
v_Archery_g54_c01,13,13,0,9,0,5,10,white
v_Archery_g55_c01,0,38,2,3,0,3,4,asian
v_Archery_g56_c01,18,4,3,4,0,0,21,white
v_Archery_g57_c01,0,20,1,1,21,6,1,indian
v_Archery_g58_c01,9,3,5,2,0,0,31,unknown
v_Archery_g59_c01,6,10,16,1,0,4,13,black
v_Archery_g60_c01,5,8,0,0,1,30,6,hispanic
v_Archery_g61_c01.,4,23,4,0,0,18,1,asian
v_BabyCrawling_g01_c01.,39,1,6,1,0,0,3,white
v_BabyCrawling_g02_c01,36,0,12,0,0,2,0,white
v_BabyCrawling_g03_c01,5,2,40,0,0,2,1,black
v_BabyCrawling_g04_c01,5,4,0,0,0,0,41,unknown
v_BabyCrawling_g05_c01,0,35,5,2,0,2,6,asian
v_BabyCrawling_g06_c01,20,3,22,1,0,1,3,black
v_BabyCrawling_g07_c01,32,7,11,0,0,0,0,white
v_BabyCrawling_g08_c01,8,0,0,4,0,32,6,hispanic
v_BabyCrawling_g09_c01,12,0,27,0,0,4,7,black
v_BabyCrawling_g10_c01.,39,2,0,0,0,3,6,white
v_BabyCrawling_g11_c01.,32,1,14,1,0,1,1,white
v_BabyCrawling_g12_c01.,0,12,0,13,24,0,1,indian
v_BabyCrawling_g13_c01,20,10,1,2,2,9,6,white
v_BabyCrawling_g14_c01,0,1,23,4,0,4,18,black
v_BabyCrawling_g15_c01,37,6,3,0,0,4,0,white
v_BabyCrawling_g16_c01,5,1,3,1,0,28,12,hispanic
v_BabyCrawling_g17_c01,1,7,0,0,0,0,42,unknown
v_BabyCrawling_g18_c01,6,2,0,0,0,11,31,unknown
v_BabyCrawling_g19_c01,2,8,0,1,2,37,0,hispanic
v_BabyCrawling_g20_c01,0,4,0,2,36,7,1,indian
v_BabyCrawling_g21_c01,1,40,0,0,0,9,0,asian
v_BabyCrawling_g22_c01,0,0,2,0,46,0,2,indian
v_BabyCrawling_g23_c01,37,2,0,8,0,0,3,white
v_BabyCrawling_g24_c01,27,13,0,0,0,5,5,white
v_BabyCrawling_g25_c01,22,4,2,7,0,3,12,white
v_BabyCrawling_g26_c01,0,0,50,0,0,0,0,black
v_BabyCrawling_g27_c01.,9,0,27,0,0,4,10,black
v_BabyCrawling_g28_c01,29,1,1,3,0,7,9,white
v_BabyCrawling_g29_c01.,6,40,1,1,0,1,1,asian
v_BabyCrawling_g30_c01,1,22,0,19,4,3,1,asian
v_BabyCrawling_g31_c01,1,22,0,2,1,13,11,asian
v_BabyCrawling_g32_c01,8,3,4,0,0,23,12,hispanic
v_BabyCrawling_g33_c01,8,2,30,4,0,5,1,black
v_BabyCrawling_g34_c01.,0,46,0,0,0,3,1,asian
v_BabyCrawling_g35_c01,0,0,49,0,0,1,0,black
v_BabyCrawling_g36_c01,2,36,2,0,2,4,4,asian
v_BabyCrawling_g37_c01,9,4,29,1,0,0,7,black
v_BabyCrawling_g38_c01,0,1,2,3,0,36,8,hispanic
v_BabyCrawling_g39_c01,1,1,2,4,0,33,9,hispanic
v_BabyCrawling_g40_c01,20,7,5,3,0,9,6,white
v_BabyCrawling_g41_c01,0,19,1,4,2,13,11,asian
v_BabyCrawling_g42_c01,14,4,4,2,1,1,24,white
v_BabyCrawling_g43_c01,4,7,6,11,0,10,12,middle eastern
v_BabyCrawling_g44_c01,1,3,2,9,4,23,8,hispanic
v_BabyCrawling_g45_c01,0,1,9,23,0,0,17,middle eastern
v_BalanceBeam_g01_c01,25,1,3,1,0,12,8,white
v_BalanceBeam_g02_c01,18,2,1,0,0,25,4,hispanic
v_BalanceBeam_g03_c01,19,13,11,0,3,4,0,white
v_BalanceBeam_g04_c01,17,12,7,4,3,4,3,white
v_BalanceBeam_g05_c01,4,14,1,5,0,10,16,asian
v_BalanceBeam_g06_c01,3,0,0,5,23,18,1,indian
v_BalanceBeam_g07_c01.,0,1,2,0,47,0,0,indian
v_BalanceBeam_g08_c01,21,2,2,1,0,0,24,white
v_BalanceBeam_g09_c01,11,2,1,0,1,35,0,hispanic
v_BalanceBeam_g10_c01,6,7,21,9,0,7,0,black
v_BalanceBeam_g11_c01.,50,0,0,0,0,0,0,white
v_BalanceBeam_g12_c01,0,2,10,38,0,0,0,middle eastern
v_BalanceBeam_g13_c01,0,50,0,0,0,0,0,asian
v_BalanceBeam_g14_c01,12,13,4,0,0,3,18,asian
v_BalanceBeam_g15_c01.,3,10,1,0,4,27,4,hispanic
v_BalanceBeam_g16_c01,4,14,10,13,0,9,0,asian
v_BalanceBeam_g17_c01,9,27,7,1,0,1,5,asian
v_BalanceBeam_g18_c01,0,3,47,0,0,0,0,black
v_BalanceBeam_g19_c01,0,0,50,0,0,0,0,black
v_BalanceBeam_g20_c01,19,21,4,1,2,1,2,asian
v_BalanceBeam_g21_c01,15,8,2,0,2,23,0,hispanic
v_BalanceBeam_g22_c01,10,40,0,0,0,0,0,asian
v_BalanceBeam_g23_c01,29,8,3,0,0,2,8,white
v_BalanceBeam_g24_c01,10,1,23,2,0,0,14,black
v_BalanceBeam_g25_c01,31,4,3,1,0,8,3,white
v_BalanceBeam_g26_c01,0,11,3,4,24,7,0,indian
v_BalanceBeam_g27_c01,0,0,0,0,50,0,0,indian
v_BalanceBeam_g28_c01,3,7,2,0,36,2,0,indian
v_BalanceBeam_g29_c01,17,8,6,1,1,1,16,white
v_BalanceBeam_g30_c01,11,8,29,1,0,1,0,black
v_BalanceBeam_g31_c01.,4,4,35,0,0,1,6,black
v_BalanceBeam_g32_c01,6,0,0,0,42,1,1,indian
v_BalanceBeam_g33_c01,12,6,0,2,0,0,30,unknown
v_BalanceBeam_g34_c01.,2,11,0,2,0,2,33,unknown
v_BalanceBeam_g35_c01,6,25,5,1,0,0,13,asian
v_BalanceBeam_g36_c01,1,49,0,0,0,0,0,asian
v_BalanceBeam_g37_c01.,29,8,8,0,1,2,2,white
v_BalanceBeam_g38_c01,26,3,10,2,0,6,3,white
v_BalanceBeam_g39_c01,0,2,5,0,0,0,43,unknown
v_BalanceBeam_g40_c01,2,24,4,1,14,1,4,asian
v_BalanceBeam_g41_c01,1,5,2,0,36,2,4,indian
v_BalanceBeam_g42_c01,49,0,0,0,0,0,1,white
v_BalanceBeam_g43_c01,19,12,4,1,0,5,9,white
v_BalanceBeam_g44_c01,3,0,39,2,0,4,2,black
v_BalanceBeam_g45_c01.,14,0,10,11,1,14,0,white
v_BalanceBeam_g46_c01,1,32,0,0,0,3,14,asian
v_BalanceBeam_g47_c01,12,0,23,1,3,6,5,black
v_BalanceBeam_g48_c01,16,21,3,0,0,6,4,asian
v_BalanceBeam_g49_c01,11,4,14,4,0,9,8,black
v_BalanceBeam_g50_c01,8,36,1,3,0,1,1,asian
v_BalanceBeam_g51_c01,2,36,2,1,3,1,5,asian
v_BalanceBeam_g52_c01.,10,31,6,0,0,1,2,asian
v_BalanceBeam_g53_c01,0,25,0,1,1,6,17,asian
v_BalanceBeam_g54_c01,42,3,2,0,1,2,0,white
v_BalanceBeam_g55_c01,4,6,0,2,0,3,35,unknown
v_BalanceBeam_g56_c01,0,1,0,0,49,0,0,indian
v_BalanceBeam_g57_c01,28,6,7,0,0,0,9,white
v_BalanceBeam_g58_c01,0,19,2,0,0,29,0,hispanic
v_BalanceBeam_g59_c01,13,4,4,3,0,26,0,hispanic
v_BalanceBeam_g60_c01,14,14,5,5,1,4,7,white
v_BalanceBeam_g61_c01,0,0,32,1,0,17,0,black
v_BalanceBeam_g62_c01,4,14,30,1,0,0,1,black
v_BalanceBeam_g63_c01,5,2,43,0,0,0,0,black
v_BalanceBeam_g64_c01,9,39,2,0,0,0,0,asian
v_BalanceBeam_g65_c01,1,5,22,0,0,5,17,black
v_BalanceBeam_g66_c01,24,3,4,0,0,5,14,white
v_BalanceBeam_g67_c01,9,0,6,2,0,0,33,unknown
v_BalanceBeam_g68_c01,4,16,1,0,2,21,6,hispanic
v_BalanceBeam_g69_c01,5,1,5,1,0,8,30,unknown
v_BalanceBeam_g70_c01.,0,4,4,8,27,5,2,indian
v_BalanceBeam_g71_c01,5,26,16,0,1,1,1,asian
v_BalanceBeam_g72_c01,10,20,2,0,0,5,13,asian
v_BalanceBeam_g73_c01,41,1,7,0,0,1,0,white
v_BalanceBeam_g74_c01,3,0,2,0,0,45,0,hispanic
v_BalanceBeam_g75_c01,1,18,11,3,11,1,5,asian
v_BalanceBeam_g76_c01,17,11,22,0,0,0,0,black
v_BalanceBeam_g77_c01,29,2,7,8,0,2,2,white
v_BandMarching_g01_c01,0,0,0,48,2,0,0,middle eastern
v_BandMarching_g02_c01.,17,0,30,0,0,1,2,black
v_BandMarching_g03_c01,0,0,14,2,15,18,1,hispanic
v_BandMarching_g04_c01,0,50,0,0,0,0,0,asian
v_BandMarching_g05_c01,23,0,1,1,0,0,25,unknown
v_BandMarching_g06_c01,3,10,4,2,0,31,0,hispanic
v_BandMarching_g07_c01,24,5,1,0,13,1,6,white
v_BandMarching_g08_c01,19,4,2,0,0,1,24,white
v_BandMarching_g09_c01,0,0,8,1,40,1,0,indian
v_BandMarching_g10_c01,1,2,0,6,30,8,3,indian
v_BandMarching_g11_c01,0,50,0,0,0,0,0,asian
v_BandMarching_g12_c01,0,8,28,0,0,14,0,black
v_BandMarching_g13_c01,8,3,0,0,0,30,9,hispanic
v_BandMarching_g14_c01,2,5,6,0,0,15,22,hispanic
v_BandMarching_g15_c01,16,0,26,3,0,0,5,black
v_BandMarching_g16_c01,12,1,18,0,0,19,0,hispanic
v_BandMarching_g17_c01,0,14,4,0,19,5,8,indian
v_BandMarching_g18_c01,3,24,4,2,0,11,6,asian
v_BandMarching_g19_c01,0,0,0,0,50,0,0,indian
v_BandMarching_g20_c01,3,1,45,0,0,1,0,black
v_BandMarching_g21_c01,13,0,14,0,0,2,21,black
v_BandMarching_g22_c01,0,1,27,0,3,14,5,black
v_BandMarching_g23_c01.,4,1,28,1,0,13,3,black
v_BandMarching_g24_c01,35,0,13,2,0,0,0,white
v_BandMarching_g25_c01,25,0,15,0,0,10,0,white
v_BandMarching_g26_c01,40,0,6,0,0,1,3,white
v_BandMarching_g27_c01.,41,1,4,0,0,1,3,white
v_BandMarching_g28_c01,17,1,29,0,0,3,0,black
v_BandMarching_g29_c01,34,0,1,0,0,15,0,white
v_BandMarching_g30_c01,0,0,48,0,1,0,1,black
v_BandMarching_g31_c01,1,15,0,1,31,1,1,indian
v_BandMarching_g32_c01,3,0,44,0,0,2,1,black
v_BandMarching_g33_c01,0,5,3,0,39,0,3,indian
v_BandMarching_g34_c01,0,0,37,0,0,10,3,black
v_BandMarching_g35_c01,17,0,33,0,0,0,0,black
v_BandMarching_g36_c01,13,4,4,4,0,0,25,unknown
v_BandMarching_g37_c01,9,1,2,19,0,1,18,middle eastern
v_BandMarching_g38_c01.,0,1,0,0,49,0,0,indian
v_BandMarching_g39_c01.,0,0,1,0,49,0,0,indian
v_BandMarching_g40_c01,3,8,6,2,10,8,13,indian
v_BandMarching_g41_c01,3,0,20,0,0,15,12,black
v_BandMarching_g42_c01,0,2,2,3,40,3,0,indian
v_BandMarching_g43_c01.,19,0,29,1,0,0,1,black
v_BandMarching_g44_c01,12,0,13,6,0,4,15,black
v_BandMarching_g45_c01,37,0,11,0,2,0,0,white
v_BandMarching_g46_c01,4,0,46,0,0,0,0,black
v_BandMarching_g47_c01.,37,3,1,0,0,1,8,white
v_BandMarching_g48_c01,0,15,6,0,2,1,26,unknown
v_BandMarching_g49_c01,13,0,31,0,0,1,5,black
v_BandMarching_g50_c01,0,0,8,0,2,37,3,hispanic
v_BandMarching_g51_c01,0,3,8,16,2,19,2,hispanic
v_BandMarching_g52_c01.,1,2,3,3,39,0,2,indian
v_BandMarching_g53_c01,10,11,8,0,0,15,6,hispanic
v_BandMarching_g54_c01,0,43,2,0,1,2,2,asian
v_BandMarching_g55_c01,0,0,47,0,0,3,0,black
v_BandMarching_g56_c01,6,3,3,0,0,30,8,hispanic
v_BandMarching_g57_c01,6,28,0,0,3,9,4,asian
v_BandMarching_g58_c01,0,10,0,7,16,13,4,indian
v_BandMarching_g59_c01.,0,2,0,0,47,1,0,indian
v_BandMarching_g60_c01,48,0,2,0,0,0,0,white
v_BandMarching_g61_c01,45,2,1,0,0,0,2,white
v_BandMarching_g62_c01,6,0,4,1,0,34,5,hispanic
v_BandMarching_g63_c01,1,0,1,0,0,0,48,unknown
v_BandMarching_g64_c01,0,48,1,0,0,0,1,asian
v_BandMarching_g65_c01,2,0,47,0,0,0,1,black
v_BandMarching_g66_c01,8,3,33,0,0,2,4,black
v_BandMarching_g67_c01,25,4,16,1,0,2,2,white
v_BandMarching_g68_c01,50,0,0,0,0,0,0,white
v_BandMarching_g69_c01,13,5,11,3,1,14,3,hispanic
v_BandMarching_g70_c01,0,3,4,3,1,31,8,hispanic
v_BandMarching_g71_c01,0,1,41,0,0,8,0,black
v_BandMarching_g72_c01,23,2,24,0,0,0,1,black
v_BaseballPitch_g01_c01,31,14,3,0,0,0,2,white
v_BaseballPitch_g02_c01,4,3,13,17,0,13,0,middle eastern
v_BaseballPitch_g03_c01,23,0,18,0,0,3,6,white
v_BaseballPitch_g04_c01,6,0,0,0,0,44,0,hispanic
v_BaseballPitch_g05_c01,18,0,0,0,0,32,0,hispanic
v_BaseballPitch_g06_c01,20,1,7,0,0,14,8,white
v_BaseballPitch_g07_c01.,17,11,12,7,1,2,0,white
v_BaseballPitch_g08_c01,50,0,0,0,0,0,0,white
v_BaseballPitch_g09_c01,27,4,11,0,0,4,4,white
v_BaseballPitch_g10_c01,8,19,2,1,0,4,16,asian
v_BaseballPitch_g11_c01,18,0,7,2,0,12,11,white
v_BaseballPitch_g12_c01,23,11,11,0,0,4,1,white
v_BaseballPitch_g13_c01,38,3,0,1,0,2,6,white
v_BaseballPitch_g14_c01.,0,44,0,0,4,0,2,asian
v_BaseballPitch_g15_c01,0,0,8,0,0,41,1,hispanic
v_BaseballPitch_g16_c01,2,10,35,0,1,2,0,black
v_BaseballPitch_g17_c01,6,22,14,0,0,4,4,asian
v_BaseballPitch_g18_c01,15,10,7,0,0,12,6,white
v_BaseballPitch_g19_c01.,36,0,0,0,0,14,0,white
v_BaseballPitch_g20_c01.,48,0,0,0,0,2,0,white
v_BaseballPitch_g21_c01,29,2,2,6,0,5,6,white
v_BaseballPitch_g22_c01,2,8,1,0,0,39,0,hispanic
v_BaseballPitch_g23_c01,45,0,1,0,0,4,0,white
v_BaseballPitch_g24_c01,2,6,34,0,0,7,1,black
v_BaseballPitch_g25_c01,35,2,7,0,0,6,0,white
v_BaseballPitch_g26_c01,17,3,6,0,0,17,7,white
v_BaseballPitch_g27_c01,21,1,14,0,0,14,0,white
v_BaseballPitch_g28_c01,0,43,0,0,0,0,7,asian
v_BaseballPitch_g29_c01,5,39,3,0,0,0,3,asian
v_BaseballPitch_g30_c01,0,0,50,0,0,0,0,black
v_BaseballPitch_g31_c01,0,1,3,0,0,43,3,hispanic
v_BaseballPitch_g32_c01.,13,5,25,0,0,7,0,black
v_BaseballPitch_g33_c01,7,15,17,0,0,6,5,black
v_BaseballPitch_g34_c01,0,0,49,0,0,1,0,black
v_BaseballPitch_g35_c01.,19,9,20,0,0,2,0,black
v_BaseballPitch_g36_c01,5,2,2,1,0,1,39,unknown
v_BaseballPitch_g37_c01,29,8,7,0,0,4,2,white
v_BaseballPitch_g38_c01.,25,2,7,2,0,5,9,white
v_BaseballPitch_g39_c01,20,6,4,2,0,18,0,white
v_BaseballPitch_g40_c01,23,0,27,0,0,0,0,black
v_BaseballPitch_g41_c01,5,7,14,0,0,24,0,hispanic
v_BaseballPitch_g42_c01,2,3,15,0,0,11,19,black
v_BaseballPitch_g43_c01.,14,10,21,0,0,1,4,black
v_BaseballPitch_g44_c01,3,1,27,1,1,5,12,black
v_BaseballPitch_g45_c01,2,0,25,1,1,5,16,black
v_BaseballPitch_g46_c01,9,16,2,13,0,0,10,asian
v_BaseballPitch_g47_c01,20,21,7,0,0,2,0,asian
v_BaseballPitch_g48_c01,3,3,40,0,1,0,3,black
v_BaseballPitch_g49_c01,2,3,34,0,4,7,0,black
v_BaseballPitch_g50_c01,50,0,0,0,0,0,0,white
v_BaseballPitch_g51_c01.,23,12,12,0,0,3,0,white
v_BaseballPitch_g52_c01,49,0,0,0,0,1,0,white
v_BaseballPitch_g53_c01,9,11,15,0,0,13,2,black
v_BaseballPitch_g54_c01.,19,0,4,0,0,2,25,unknown
v_BaseballPitch_g55_c01,24,1,5,2,0,1,17,white
v_BaseballPitch_g56_c01,25,3,1,0,0,14,7,white
v_BaseballPitch_g57_c01,1,2,21,0,0,22,4,hispanic
v_BaseballPitch_g58_c01,16,3,27,0,0,3,1,black
v_BaseballPitch_g59_c01,23,1,23,0,0,3,0,white
v_Basketball_g01_c01,16,2,32,0,0,0,0,black
v_Basketball_g02_c01,30,3,16,0,0,0,1,white
v_Basketball_g03_c01,23,13,7,0,0,7,0,white
v_Basketball_g04_c01.,1,0,45,2,0,2,0,black
v_Basketball_g05_c01.,4,1,42,0,0,1,2,black
v_Basketball_g06_c01,2,25,8,0,0,14,1,asian
v_Basketball_g07_c01,2,20,0,1,0,26,1,hispanic
v_Basketball_g08_c01,8,2,14,0,0,24,2,hispanic
v_Basketball_g09_c01.,0,4,38,0,0,3,5,black
v_Basketball_g10_c01,45,0,4,0,0,1,0,white
v_Basketball_g11_c01,21,0,28,0,0,0,1,black
v_Basketball_g12_c01,46,0,2,0,0,2,0,white
v_Basketball_g13_c01,0,0,49,0,0,1,0,black
v_Basketball_g14_c01,41,5,0,2,0,1,1,white
v_Basketball_g15_c01.,42,1,5,0,0,0,2,white
v_Basketball_g16_c01,10,23,2,2,0,10,3,asian
v_Basketball_g17_c01,4,12,31,0,0,1,2,black
v_Basketball_g18_c01,2,0,42,2,0,4,0,black
v_Basketball_g19_c01,21,3,19,3,0,4,0,white
v_Basketball_g20_c01,2,4,1,0,0,32,11,hispanic
v_Basketball_g21_c01,43,0,7,0,0,0,0,white
v_Basketball_g22_c01,3,7,39,0,0,1,0,black
v_Basketball_g23_c01.,8,1,22,5,0,14,0,black
v_Basketball_g24_c01,5,0,22,3,0,20,0,black
v_Basketball_g25_c01,10,0,23,0,1,11,5,black
v_Basketball_g26_c01,0,5,2,3,33,1,6,indian
v_Basketball_g27_c01,0,0,44,0,0,5,1,black
v_Basketball_g28_c01,2,3,43,1,0,0,1,black
v_Basketball_g29_c01,2,2,40,1,0,5,0,black
v_Basketball_g30_c01,2,14,4,13,0,16,1,hispanic
v_Basketball_g31_c01,2,10,6,11,11,8,2,middle eastern
v_Basketball_g32_c01,4,2,38,2,0,4,0,black
v_Basketball_g33_c01,6,0,44,0,0,0,0,black
v_Basketball_g34_c01.,18,1,31,0,0,0,0,black
v_Basketball_g35_c01,0,11,22,4,2,7,4,black
v_Basketball_g36_c01,3,0,43,0,0,0,4,black
v_Basketball_g37_c01,2,5,35,3,0,3,2,black
v_Basketball_g38_c01,0,5,38,1,0,0,6,black
v_Basketball_g39_c01,20,0,2,4,0,3,21,white
v_Basketball_g40_c01,1,1,41,5,1,0,1,black
v_Basketball_g41_c01,36,0,11,2,0,1,0,white
v_Basketball_g42_c01,1,1,23,5,0,20,0,black
v_Basketball_g43_c01.,28,1,19,2,0,0,0,white
v_Basketball_g44_c01,17,1,23,0,0,5,4,black
v_Basketball_g45_c01,7,3,35,0,0,3,2,black
v_Basketball_g46_c01.,0,3,33,11,1,1,1,black
v_Basketball_g47_c01.,4,1,40,0,2,2,1,black
v_Basketball_g48_c01.,24,16,10,0,0,0,0,white
v_Basketball_g49_c01,29,2,18,0,0,1,0,white
v_Basketball_g50_c01,0,4,34,4,6,2,0,black
v_Basketball_g51_c01,34,2,9,2,0,1,2,white
v_Basketball_g52_c01,20,0,2,4,0,3,21,white
v_BasketballDunk_g01_c01,2,0,47,0,0,1,0,black
v_BasketballDunk_g02_c01,5,0,45,0,0,0,0,black
v_BasketballDunk_g03_c01,10,0,40,0,0,0,0,black
v_BasketballDunk_g04_c01,31,5,11,2,0,0,1,white
v_BasketballDunk_g05_c01,0,4,36,4,1,0,5,black
v_BasketballDunk_g06_c01,0,2,37,1,0,3,7,black
v_BasketballDunk_g07_c01,24,4,4,0,0,13,5,white
v_BasketballDunk_g08_c01,1,2,17,0,0,13,17,black
v_BasketballDunk_g09_c01,0,1,46,0,1,2,0,black
v_BasketballDunk_g10_c01,15,0,29,5,0,1,0,black
v_BasketballDunk_g11_c01,29,6,3,0,0,11,1,white
v_BasketballDunk_g12_c01,21,3,19,3,0,4,0,white
v_BasketballDunk_g13_c01,21,1,27,0,0,1,0,black
v_BasketballDunk_g14_c01,12,4,27,1,0,4,2,black
v_BasketballDunk_g15_c01.,35,0,2,1,0,6,6,white
v_BasketballDunk_g16_c01,3,13,16,0,11,6,1,black
v_BasketballDunk_g17_c01,12,3,34,0,0,0,1,black
v_BasketballDunk_g18_c01,16,1,25,4,0,3,1,black
v_BasketballDunk_g19_c01,9,0,39,0,0,1,1,black
v_BasketballDunk_g20_c01,4,3,37,1,0,4,1,black
v_BasketballDunk_g21_c01,11,1,34,1,0,2,1,black
v_BasketballDunk_g22_c01,17,4,19,2,0,5,3,black
v_BasketballDunk_g23_c01,36,4,10,0,0,0,0,white
v_BasketballDunk_g24_c01,0,3,35,12,0,0,0,black
v_BasketballDunk_g25_c01,0,11,22,4,2,7,4,black
v_BasketballDunk_g26_c01,2,5,35,3,0,3,2,black
v_BasketballDunk_g27_c01,0,2,48,0,0,0,0,black
v_BasketballDunk_g28_c01,0,5,38,1,0,0,6,black
v_BasketballDunk_g29_c01,13,34,3,0,0,0,0,asian
v_BasketballDunk_g30_c01,28,4,2,1,0,6,9,white
v_BasketballDunk_g31_c01,37,1,5,3,0,4,0,white
v_BasketballDunk_g32_c01,7,3,35,0,0,3,2,black
v_BasketballDunk_g33_c01,9,7,28,3,0,3,0,black
v_BasketballDunk_g34_c01,0,0,47,0,0,3,0,black
v_BasketballDunk_g35_c01,17,4,28,0,0,1,0,black
v_BasketballDunk_g36_c01,1,4,43,0,0,2,0,black
v_BasketballDunk_g37_c01,8,0,37,4,0,0,1,black
v_BenchPress_g01_c01,0,7,19,0,0,24,0,hispanic
v_BenchPress_g02_c01,0,14,3,1,2,23,7,hispanic
v_BenchPress_g03_c01,3,7,0,1,0,38,1,hispanic
v_BenchPress_g04_c01,26,2,0,1,0,15,6,white
v_BenchPress_g05_c01,7,5,6,7,1,7,17,white
v_BenchPress_g06_c01,36,0,4,2,0,2,6,white
v_BenchPress_g07_c01,5,27,1,3,0,12,2,asian
v_BenchPress_g08_c01,0,31,1,1,0,16,1,asian
v_BenchPress_g09_c01.,4,7,4,5,17,12,1,indian
v_BenchPress_g10_c01,40,0,1,1,0,7,1,white
v_BenchPress_g11_c01,33,1,0,2,0,11,3,white
v_BenchPress_g12_c01.,16,29,0,1,0,2,2,asian
v_BenchPress_g13_c01,0,0,1,21,1,27,0,hispanic
v_BenchPress_g14_c01.,22,15,0,12,0,1,0,white
v_BenchPress_g15_c01.,4,5,1,8,0,26,6,hispanic
v_BenchPress_g16_c01,1,8,0,20,18,0,3,middle eastern
v_BenchPress_g17_c01,19,0,14,12,1,3,1,white
v_BenchPress_g18_c01.,2,4,20,10,0,11,3,black
v_BenchPress_g19_c01,5,23,2,4,0,10,6,asian
v_BenchPress_g20_c01,0,14,1,0,0,18,17,hispanic
v_BenchPress_g21_c01,5,0,0,30,0,12,3,middle eastern
v_BenchPress_g22_c01.,0,0,0,50,0,0,0,middle eastern
v_BenchPress_g23_c01.,22,3,7,3,0,7,8,white
v_BenchPress_g24_c01,6,0,0,39,0,4,1,middle eastern
v_BenchPress_g25_c01.,9,2,1,2,0,36,0,hispanic
v_BenchPress_g26_c01,5,1,39,1,1,3,0,black
v_BenchPress_g27_c01,2,4,3,31,0,1,9,middle eastern
v_BenchPress_g28_c01,40,6,1,0,0,1,2,white
v_BenchPress_g29_c01,11,0,0,0,0,39,0,hispanic
v_BenchPress_g30_c01,0,40,0,4,0,4,2,asian
v_BenchPress_g31_c01.,8,0,35,3,0,0,4,black
v_BenchPress_g32_c01.,26,1,3,0,0,8,12,white
v_BenchPress_g33_c01,0,0,39,1,0,9,1,black
v_BenchPress_g34_c01,0,5,4,7,24,5,5,indian
v_BenchPress_g35_c01,44,3,1,1,0,0,1,white
v_BenchPress_g36_c01,0,4,9,0,0,30,7,hispanic
v_BenchPress_g37_c01,11,3,2,7,0,14,13,hispanic
v_BenchPress_g38_c01,9,3,17,6,0,13,2,black
v_BenchPress_g39_c01,50,0,0,0,0,0,0,white
v_BenchPress_g40_c01,2,1,32,1,1,10,3,black
v_BenchPress_g41_c01,7,2,0,4,0,34,3,hispanic
v_BenchPress_g42_c01.,21,1,11,3,0,8,6,white
v_BenchPress_g43_c01,29,4,6,0,0,9,2,white
v_BenchPress_g44_c01.,20,7,4,7,0,11,1,white
v_BenchPress_g45_c01.,17,2,1,0,0,16,14,white
v_BenchPress_g46_c01,4,1,0,1,0,44,0,hispanic
v_BenchPress_g47_c01,3,0,5,0,0,6,36,unknown
v_BenchPress_g48_c01,1,20,6,0,0,0,23,asian
v_BenchPress_g49_c01,8,9,1,8,0,6,18,asian
v_BenchPress_g50_c01,24,0,0,3,0,14,9,white
v_BenchPress_g51_c01,1,1,0,0,0,48,0,hispanic
v_BenchPress_g52_c01,2,0,22,1,1,5,19,black
v_BenchPress_g53_c01.,9,2,5,2,0,7,25,unknown
v_BenchPress_g54_c01.,19,0,3,3,0,21,4,hispanic
v_BenchPress_g55_c01,6,4,5,18,6,10,1,middle eastern
v_BenchPress_g56_c01,9,18,2,7,0,12,2,asian
v_BenchPress_g57_c01,50,0,0,0,0,0,0,white
v_BenchPress_g58_c01,23,10,0,7,0,7,3,white
v_Biking_g01_c01,33,1,2,0,0,4,10,white
v_Biking_g02_c01,1,0,0,2,3,8,36,unknown
v_Biking_g03_c01,37,4,9,0,0,0,0,white
v_Biking_g04_c01,20,1,4,2,0,9,14,white
v_Biking_g05_c01,17,1,25,0,0,1,6,black
v_Biking_g06_c01,0,0,0,50,0,0,0,middle eastern
v_Biking_g07_c01.,16,0,6,3,3,14,8,white
v_Biking_g08_c01,34,3,2,0,0,3,8,white
v_Biking_g09_c01,0,17,8,0,1,7,17,asian
v_Biking_g10_c01,4,1,6,3,0,36,0,hispanic
v_Biking_g11_c01,26,0,1,4,2,11,6,white
v_Biking_g12_c01,8,1,27,0,0,9,5,black
v_Biking_g13_c01,22,4,11,0,0,4,9,white
v_Biking_g14_c01.,3,0,9,38,0,0,0,middle eastern
v_Biking_g15_c01.,2,1,29,0,0,7,11,black
v_Biking_g16_c01.,2,0,48,0,0,0,0,black
v_Biking_g17_c01,3,4,0,1,1,14,27,unknown
v_Biking_g18_c01.,0,4,2,1,42,0,1,indian
v_Biking_g19_c01.,3,0,2,0,0,5,40,unknown
v_Biking_g20_c01,9,0,3,0,0,36,2,hispanic
v_Biking_g21_c01.,50,0,0,0,0,0,0,white
v_Biking_g22_c01,1,3,7,5,31,1,2,indian
v_Biking_g23_c01,0,9,14,0,0,3,24,black
v_Biking_g24_c01.,4,10,6,3,10,8,9,asian
v_Biking_g25_c01.,3,1,2,1,0,43,0,hispanic
v_Biking_g26_c01,3,4,9,0,0,25,9,hispanic
v_Biking_g27_c01.,0,10,2,0,0,31,7,hispanic
v_Biking_g28_c01,9,10,2,1,0,27,1,hispanic
v_Biking_g29_c01,2,5,3,0,0,2,38,unknown
v_Biking_g30_c01,11,0,2,0,0,10,27,unknown
v_Biking_g31_c01.,21,0,29,0,0,0,0,black
v_Biking_g32_c01.,26,2,0,0,0,13,9,white
v_Biking_g33_c01,35,7,1,0,0,3,4,white
v_Biking_g34_c01,1,8,5,36,0,0,0,middle eastern
v_Biking_g35_c01.,2,2,10,2,2,7,25,unknown
v_Biking_g36_c01,7,0,43,0,0,0,0,black
v_Biking_g37_c01.,18,0,17,3,0,0,12,white
v_Biking_g38_c01,16,0,25,0,0,5,4,black
v_Biking_g39_c01,5,0,0,2,0,40,3,hispanic
v_Biking_g40_c01,2,0,4,0,0,8,36,unknown
v_Biking_g41_c01,8,1,2,4,0,35,0,hispanic
v_Biking_g42_c01,19,3,9,2,0,8,9,white
v_Biking_g43_c01,4,1,28,4,2,8,3,black
v_Biking_g44_c01.,0,2,4,0,4,40,0,hispanic
v_Biking_g45_c01,20,1,13,4,0,9,3,white
v_Biking_g46_c01.,4,0,2,1,0,4,39,unknown
v_Biking_g47_c01,35,0,11,1,0,3,0,white
v_Biking_g48_c01.,5,0,8,1,0,21,15,hispanic
v_Biking_g49_c01,24,1,11,1,0,3,10,white
v_Biking_g50_c01,1,6,9,0,1,22,11,hispanic
v_Biking_g51_c01.,5,1,0,2,0,1,41,unknown
v_Biking_g52_c01.,14,1,3,1,0,4,27,unknown
v_Biking_g53_c01,24,1,14,2,0,7,2,white
v_Biking_g54_c01,4,4,2,19,3,6,12,middle eastern
v_Biking_g55_c01,11,1,6,0,0,0,32,unknown
v_Biking_g56_c01,10,1,5,3,1,21,9,hispanic
v_Biking_g57_c01,0,5,2,28,1,5,9,middle eastern
v_Biking_g58_c01.,16,4,3,3,0,8,16,white
v_Biking_g59_c01,5,1,6,0,2,10,26,unknown
v_Biking_g60_c01,1,0,49,0,0,0,0,black
v_Biking_g61_c01,14,1,19,0,0,10,6,black
v_Biking_g62_c01,37,0,2,2,0,1,8,white
v_Biking_g63_c01,9,6,0,2,0,19,14,hispanic
v_Biking_g64_c01.,6,10,0,0,0,13,21,hispanic
v_Biking_g65_c01,3,0,3,0,1,1,42,unknown
v_Biking_g66_c01.,13,1,35,0,0,1,0,black
v_Biking_g67_c01.,5,11,21,3,0,2,8,black
v_Biking_g68_c01,10,0,38,0,0,2,0,black
v_Biking_g69_c01.,1,6,1,27,8,7,0,middle eastern
v_Biking_g70_c01,0,0,2,39,2,4,3,middle eastern
v_Billiards_g01_c01,3,1,39,0,0,2,5,black
v_Billiards_g02_c01.,4,40,1,1,0,0,4,asian
v_Billiards_g03_c01.,13,4,3,0,0,8,22,white
v_Billiards_g04_c01,0,0,50,0,0,0,0,black
v_Billiards_g05_c01.,4,4,18,0,0,2,22,black
v_Billiards_g06_c01.,2,1,40,0,0,4,3,black
v_Billiards_g07_c01,0,5,44,1,0,0,0,black
v_Billiards_g08_c01,1,8,21,12,1,4,3,black
v_Billiards_g09_c01,0,24,20,0,0,0,6,asian
v_Billiards_g10_c01,7,3,2,0,0,26,12,hispanic
v_Billiards_g11_c01,4,1,6,3,0,36,0,hispanic
v_Billiards_g12_c01.,0,38,8,0,1,0,3,asian
v_Billiards_g13_c01,1,44,2,0,0,2,1,asian
v_Billiards_g14_c01.,0,17,12,1,7,3,10,asian
v_Billiards_g15_c01,26,1,15,6,0,2,0,white
v_Billiards_g16_c01,0,38,6,2,2,0,2,asian
v_Billiards_g17_c01,18,20,4,1,0,0,7,asian
v_Billiards_g18_c01,3,45,2,0,0,0,0,asian
v_Billiards_g19_c01,6,22,15,2,0,1,4,asian
v_Billiards_g20_c01,6,36,2,0,0,3,3,asian
v_Billiards_g21_c01.,39,0,5,0,0,3,3,white
v_Billiards_g22_c01,0,15,19,0,0,0,16,black
v_Billiards_g23_c01,12,4,2,7,0,7,18,white
v_Billiards_g24_c01.,12,5,7,3,0,5,18,white
v_Billiards_g25_c01.,11,0,33,1,0,4,1,black
v_Billiards_g26_c01.,6,1,39,0,0,0,4,black
v_Billiards_g27_c01,6,3,2,1,0,38,0,hispanic
v_Billiards_g28_c01.,7,17,13,0,0,0,13,asian
v_Billiards_g29_c01,7,1,39,0,0,0,3,black
v_Billiards_g30_c01,0,46,0,0,0,0,4,asian
v_Billiards_g31_c01,13,2,12,2,0,5,16,white
v_Billiards_g32_c01,0,20,2,0,0,27,1,hispanic
v_Billiards_g33_c01,35,7,2,0,0,4,2,white
v_Billiards_g34_c01,0,0,0,44,6,0,0,middle eastern
v_Billiards_g35_c01,1,24,5,2,0,0,18,asian
v_Billiards_g36_c01,0,27,18,5,0,0,0,asian
v_Billiards_g37_c01,20,0,30,0,0,0,0,black
v_Billiards_g38_c01,1,2,11,0,0,0,36,unknown
v_Billiards_g39_c01,0,2,44,0,0,0,4,black
v_Billiards_g40_c01,46,0,3,0,0,1,0,white
v_Billiards_g41_c01,0,43,0,5,0,1,1,asian
v_Billiards_g42_c01,1,2,19,0,0,28,0,hispanic
v_Billiards_g43_c01,39,0,11,0,0,0,0,white
v_Billiards_g44_c01,30,1,4,0,1,8,6,white
v_Billiards_g45_c01,0,3,36,3,4,1,3,black
v_Billiards_g46_c01,1,0,44,2,3,0,0,black
v_Billiards_g47_c01,38,1,1,0,0,1,9,white
v_Billiards_g48_c01,1,10,9,3,21,0,6,indian
v_Billiards_g49_c01,0,44,6,0,0,0,0,asian
v_Billiards_g50_c01,8,13,5,6,0,8,10,asian
v_Billiards_g51_c01,14,35,1,0,0,0,0,asian
v_Billiards_g52_c01.,0,8,3,3,32,1,3,indian
v_Billiards_g53_c01,1,39,8,2,0,0,0,asian
v_Billiards_g54_c01,10,14,14,7,0,0,5,asian
v_Billiards_g55_c01,3,32,7,4,0,0,4,asian
v_Billiards_g56_c01.,5,2,0,0,0,6,37,unknown
v_Billiards_g57_c01.,7,20,13,5,1,3,1,asian
v_Billiards_g58_c01.,9,7,15,4,0,2,13,black
v_Billiards_g59_c01.,11,6,17,5,0,2,9,black
v_Billiards_g60_c01,2,8,20,6,0,4,10,black
v_Billiards_g61_c01,0,0,4,13,0,0,33,unknown
v_Billiards_g62_c01,11,8,1,0,0,22,8,hispanic
v_Billiards_g63_c01,13,4,0,0,0,30,3,hispanic
v_Billiards_g64_c01,0,15,3,13,0,15,4,asian
v_Billiards_g65_c01,8,3,3,0,0,23,13,hispanic
v_Billiards_g66_c01.,0,32,15,2,0,0,1,asian
v_Billiards_g67_c01,10,4,0,7,0,14,15,hispanic
v_Billiards_g68_c01,4,7,4,4,0,1,30,unknown
v_BlowDryHair_g01_c01,2,0,46,2,0,0,0,black
v_BlowDryHair_g02_c01,44,0,3,1,0,0,2,white
v_BlowDryHair_g03_c01,33,5,0,0,0,2,10,white
v_BlowDryHair_g04_c01,4,16,3,2,8,15,2,asian
v_BlowDryHair_g05_c01,3,9,1,6,14,16,1,hispanic
v_BlowDryHair_g06_c01,2,3,0,24,15,5,1,middle eastern
v_BlowDryHair_g07_c01,8,1,28,3,0,10,0,black
v_BlowDryHair_g08_c01,36,0,0,4,0,5,5,white
v_BlowDryHair_g09_c01.,2,11,3,16,0,18,0,hispanic
v_BlowDryHair_g10_c01,0,1,41,0,0,5,3,black
v_BlowDryHair_g11_c01.,0,42,0,0,0,0,8,asian
v_BlowDryHair_g12_c01,32,1,2,0,0,15,0,white
v_BlowDryHair_g13_c01,8,1,1,0,1,0,39,unknown
v_BlowDryHair_g14_c01.,0,4,0,38,0,7,1,middle eastern
v_BlowDryHair_g15_c01,11,0,1,2,0,36,0,hispanic
v_BlowDryHair_g16_c01,3,0,47,0,0,0,0,black
v_BlowDryHair_g17_c01,38,2,0,4,1,4,1,white
v_BlowDryHair_g18_c01.,0,0,49,0,0,1,0,black
v_BlowDryHair_g19_c01,14,19,3,1,0,11,2,asian
v_BlowDryHair_g20_c01.,12,0,0,21,0,0,17,middle eastern
v_BlowDryHair_g21_c01,0,2,43,0,0,5,0,black
v_BlowDryHair_g22_c01.,4,18,2,0,0,25,1,hispanic
v_BlowDryHair_g23_c01,13,24,0,4,0,7,2,asian
v_BlowDryHair_g24_c01,2,4,37,1,0,2,4,black
v_BlowDryHair_g25_c01,19,5,2,0,0,21,3,hispanic
v_BlowDryHair_g26_c01,0,15,1,7,25,0,2,indian
v_BlowDryHair_g27_c01,11,10,4,15,1,8,1,middle eastern
v_BlowDryHair_g28_c01,0,48,0,0,0,0,2,asian
v_BlowDryHair_g29_c01,1,0,0,0,0,32,17,hispanic
v_BlowDryHair_g30_c01,7,2,3,1,0,29,8,hispanic
v_BlowDryHair_g31_c01,1,3,2,3,0,39,2,hispanic
v_BlowDryHair_g32_c01,0,2,14,0,0,30,4,hispanic
v_BlowDryHair_g33_c01,2,5,34,0,5,1,3,black
v_BlowDryHair_g34_c01,14,1,0,0,1,26,8,hispanic
v_BlowDryHair_g35_c01,0,1,3,3,9,34,0,hispanic
v_BlowDryHair_g36_c01,50,0,0,0,0,0,0,white
v_BlowDryHair_g37_c01,1,0,43,4,0,2,0,black
v_BlowDryHair_g38_c01,0,1,48,0,0,1,0,black
v_BlowDryHair_g39_c01.,0,0,0,0,0,50,0,hispanic
v_BlowingCandles_g01_c01.,6,1,0,0,0,0,43,unknown
v_BlowingCandles_g02_c01,35,2,9,0,0,3,1,white
v_BlowingCandles_g03_c01,5,0,0,0,0,36,9,hispanic
v_BlowingCandles_g04_c01.,1,47,0,0,0,0,2,asian
v_BlowingCandles_g05_c01,0,3,6,4,0,3,34,unknown
v_BlowingCandles_g06_c01,0,21,5,0,0,1,23,asian
v_BlowingCandles_g07_c01.,0,17,1,1,4,15,12,asian
v_BlowingCandles_g08_c01,12,0,2,0,0,36,0,hispanic
v_BlowingCandles_g09_c01,0,25,1,0,0,8,16,asian
v_BlowingCandles_g10_c01,11,0,0,39,0,0,0,middle eastern
v_BlowingCandles_g11_c01,8,10,5,1,0,9,17,asian
v_BlowingCandles_g12_c01,0,18,5,0,3,14,10,asian
v_BlowingCandles_g13_c01.,19,2,4,3,0,10,12,white
v_BlowingCandles_g14_c01,2,2,0,4,0,36,6,hispanic
v_BlowingCandles_g15_c01,12,3,11,3,3,0,18,white
v_BlowingCandles_g16_c01.,0,32,0,1,0,14,3,asian
v_BlowingCandles_g17_c01,0,36,0,4,1,6,3,asian
v_BlowingCandles_g18_c01,17,0,5,1,0,6,21,white
v_BlowingCandles_g19_c01.,5,26,0,1,0,9,9,asian
v_BlowingCandles_g20_c01,0,9,0,0,33,7,1,indian
v_BlowingCandles_g21_c01,16,0,11,0,0,22,1,hispanic
v_BlowingCandles_g22_c01.,3,4,4,1,0,5,33,unknown
v_BlowingCandles_g23_c01.,12,1,1,4,0,8,24,white
v_BlowingCandles_g24_c01,6,24,0,5,0,3,12,asian
v_BlowingCandles_g25_c01,1,0,48,0,0,0,1,black
v_BlowingCandles_g26_c01,11,8,10,1,3,2,15,white
v_BlowingCandles_g27_c01,28,1,0,0,0,1,20,white
v_BlowingCandles_g28_c01,34,1,1,5,0,0,9,white
v_BlowingCandles_g29_c01,35,10,5,0,0,0,0,white
v_BlowingCandles_g30_c01,0,3,11,5,17,12,2,indian
v_BlowingCandles_g31_c01,0,7,1,2,4,35,1,hispanic
v_BlowingCandles_g32_c01,1,0,0,0,0,11,38,unknown
v_BlowingCandles_g33_c01,1,19,0,0,0,27,3,hispanic
v_BlowingCandles_g34_c01,0,0,50,0,0,0,0,black
v_BlowingCandles_g35_c01,4,0,3,1,0,2,40,unknown
v_BlowingCandles_g36_c01,40,0,0,1,0,0,9,white
v_BlowingCandles_g37_c01,0,11,1,6,27,3,2,indian
v_BlowingCandles_g38_c01.,7,1,22,1,0,18,1,black
v_BlowingCandles_g39_c01,24,1,6,0,0,1,18,white
v_BlowingCandles_g40_c01,8,2,0,0,0,21,19,hispanic
v_BlowingCandles_g41_c01.,0,0,49,1,0,0,0,black
v_BlowingCandles_g42_c01,0,15,3,4,0,2,26,unknown
v_BlowingCandles_g43_c01,11,1,4,1,0,3,30,unknown
v_BlowingCandles_g44_c01.,0,0,48,0,0,0,2,black
v_BlowingCandles_g45_c01,8,1,1,0,0,38,2,hispanic
v_BlowingCandles_g46_c01,8,0,0,0,0,36,6,hispanic
v_BlowingCandles_g47_c01,0,28,0,0,1,3,18,asian
v_BlowingCandles_g48_c01,10,1,2,0,0,5,32,unknown
v_BlowingCandles_g49_c01,26,2,0,1,0,16,5,white
v_BlowingCandles_g50_c01,42,0,3,0,0,0,5,white
v_BlowingCandles_g51_c01,0,7,1,4,34,3,1,indian
v_BlowingCandles_g52_c01,12,12,7,5,0,4,10,white
v_BlowingCandles_g53_c01,14,0,28,1,0,6,1,black
v_BlowingCandles_g54_c01.,0,0,0,0,0,50,0,hispanic
v_BlowingCandles_g55_c01,32,3,0,5,0,3,7,white
v_BlowingCandles_g56_c01.,1,16,5,2,19,3,4,indian
v_BlowingCandles_g57_c01,0,45,0,0,0,0,5,asian
v_BlowingCandles_g58_c01.,0,3,0,20,0,9,18,middle eastern
v_BlowingCandles_g59_c01.,0,28,1,19,1,1,0,asian
v_BodyWeightSquats_g01_c01,1,3,45,0,0,0,1,black
v_BodyWeightSquats_g02_c01.,0,40,0,0,0,5,5,asian
v_BodyWeightSquats_g03_c01,50,0,0,0,0,0,0,white
v_BodyWeightSquats_g04_c01.,0,12,1,0,32,5,0,indian
v_BodyWeightSquats_g05_c01,3,3,0,9,4,30,1,hispanic
v_BodyWeightSquats_g06_c01,0,47,0,0,1,2,0,asian
v_BodyWeightSquats_g07_c01.,47,1,0,0,0,0,2,white
v_BodyWeightSquats_g08_c01,2,37,0,0,0,2,9,asian
v_BodyWeightSquats_g09_c01,6,4,0,1,0,32,7,hispanic
v_BodyWeightSquats_g10_c01,18,5,2,11,0,11,3,white
v_BodyWeightSquats_g11_c01,6,24,4,4,0,12,0,asian
v_BodyWeightSquats_g12_c01,0,4,2,15,25,4,0,indian
v_BodyWeightSquats_g13_c01,32,9,0,6,0,2,1,white
v_BodyWeightSquats_g14_c01.,0,1,28,0,0,19,2,black
v_BodyWeightSquats_g15_c01,2,0,0,11,0,36,1,hispanic
v_BodyWeightSquats_g16_c01.,16,23,0,6,0,3,2,asian
v_BodyWeightSquats_g17_c01.,34,0,0,16,0,0,0,white
v_BodyWeightSquats_g18_c01,3,18,4,0,0,23,2,hispanic
v_BodyWeightSquats_g19_c01,0,0,50,0,0,0,0,black
v_BodyWeightSquats_g20_c01,0,0,0,48,0,2,0,middle eastern
v_BodyWeightSquats_g21_c01.,0,18,1,21,8,2,0,middle eastern
v_BodyWeightSquats_g22_c01.,7,11,8,1,0,22,1,hispanic
v_BodyWeightSquats_g23_c01,4,2,4,33,0,5,2,middle eastern
v_BodyWeightSquats_g24_c01.,13,8,3,0,0,9,17,white
v_BodyWeightSquats_g25_c01,1,27,3,16,0,3,0,asian
v_BodyWeightSquats_g26_c01,5,0,20,4,7,0,14,black
v_BodyWeightSquats_g27_c01,0,6,9,22,0,0,13,middle eastern
v_BodyWeightSquats_g28_c01.,6,18,0,5,0,21,0,hispanic
v_BodyWeightSquats_g29_c01,37,0,0,0,0,0,13,white
v_BodyWeightSquats_g30_c01,0,7,35,1,0,5,2,black
v_BodyWeightSquats_g31_c01,0,47,0,0,0,3,0,asian
v_BodyWeightSquats_g32_c01,48,0,0,0,0,2,0,white
v_BodyWeightSquats_g33_c01,0,17,1,0,0,32,0,hispanic
v_BodyWeightSquats_g34_c01,0,1,26,20,0,0,3,black
v_BodyWeightSquats_g35_c01,0,0,2,9,38,1,0,indian
v_BodyWeightSquats_g36_c01.,6,4,0,0,0,40,0,hispanic
v_BodyWeightSquats_g37_c01,6,36,2,0,2,0,4,asian
v_BodyWeightSquats_g38_c01.,0,27,18,0,0,5,0,asian
v_BodyWeightSquats_g39_c01,6,24,2,12,5,0,1,asian
v_BodyWeightSquats_g40_c01.,24,2,5,7,0,5,7,white
v_BodyWeightSquats_g41_c01,0,3,6,3,29,0,9,indian
v_BodyWeightSquats_g42_c01,31,0,0,0,2,11,6,white
v_BodyWeightSquats_g43_c01,49,0,1,0,0,0,0,white
v_BodyWeightSquats_g44_c01,12,4,2,1,0,13,18,hispanic
v_BodyWeightSquats_g45_c01,3,2,1,1,0,20,23,hispanic
v_BodyWeightSquats_g46_c01.,19,15,1,2,0,12,1,white
v_BodyWeightSquats_g47_c01,3,0,12,0,0,34,1,hispanic
v_BodyWeightSquats_g48_c01.,33,2,4,6,0,3,2,white
v_BodyWeightSquats_g49_c01,40,4,0,2,0,0,4,white
v_BodyWeightSquats_g50_c01,1,9,0,39,0,0,1,middle eastern
v_BodyWeightSquats_g51_c01.,9,26,1,1,9,4,0,asian
v_BodyWeightSquats_g52_c01,42,0,2,0,0,0,6,white
v_BodyWeightSquats_g53_c01,6,1,12,4,1,12,14,black
v_BodyWeightSquats_g54_c01,0,0,4,38,8,0,0,middle eastern
v_BodyWeightSquats_g55_c01,27,3,0,5,0,9,6,white
v_BodyWeightSquats_g56_c01,17,0,0,31,0,2,0,middle eastern
v_BodyWeightSquats_g57_c01,3,4,0,24,0,19,0,middle eastern
v_BodyWeightSquats_g58_c01,4,0,3,0,0,18,25,unknown
v_BodyWeightSquats_g59_c01,19,11,1,0,1,14,4,white
v_BodyWeightSquats_g60_c01,0,0,1,8,0,41,0,hispanic
v_BodyWeightSquats_g61_c01.,4,3,17,5,0,6,15,black
v_Bowling_g01_c01.,9,1,5,0,27,0,8,indian
v_Bowling_g02_c01.,0,2,1,1,46,0,0,indian
v_Bowling_g03_c01,1,45,1,1,0,2,0,asian
v_Bowling_g04_c01,3,15,6,5,0,10,11,asian
v_Bowling_g05_c01,2,9,7,1,0,12,19,hispanic
v_Bowling_g06_c01,37,4,3,1,0,1,4,white
v_Bowling_g07_c01,13,8,11,0,1,15,2,hispanic
v_Bowling_g08_c01,5,0,1,0,0,43,1,hispanic
v_Bowling_g09_c01,17,22,2,3,0,3,3,asian
v_Bowling_g100_c01,0,0,41,1,4,4,0,black
v_Bowling_g101_c01,1,0,5,1,43,0,0,indian
v_Bowling_g102_c01,21,1,2,1,0,15,10,white
v_Bowling_g103_c01,28,3,13,0,0,1,5,white
v_Bowling_g104_c01,26,3,6,0,0,0,15,white
v_Bowling_g105_c01,0,7,3,20,17,1,2,middle eastern
v_Bowling_g106_c01,17,0,1,3,28,0,1,indian
v_Bowling_g107_c01,1,0,0,4,17,27,1,hispanic
v_Bowling_g108_c01,13,2,27,0,0,3,5,black
v_Bowling_g109_c01,18,0,4,8,19,1,0,indian
v_Bowling_g10_c01,5,35,4,4,0,1,1,asian
v_Bowling_g110_c01,18,0,2,0,0,8,22,white
v_Bowling_g111_c01,20,0,2,4,0,3,21,white
v_Bowling_g11_c01,21,9,5,4,0,4,7,white
v_Bowling_g12_c01.,8,17,7,0,0,17,1,asian
v_Bowling_g13_c01,15,0,13,0,0,16,6,hispanic
v_Bowling_g14_c01,10,2,17,3,0,1,17,black
v_Bowling_g15_c01,0,4,0,35,11,0,0,middle eastern
v_Bowling_g16_c01,1,10,5,7,24,0,3,indian
v_Bowling_g17_c01,8,0,19,1,0,3,19,black
v_Bowling_g18_c01,1,0,47,0,0,1,1,black
v_Bowling_g19_c01,1,4,6,13,0,5,21,middle eastern
v_Bowling_g20_c01,0,1,1,1,47,0,0,indian
v_Bowling_g21_c01,0,11,18,0,0,21,0,hispanic
v_Bowling_g22_c01,3,35,1,3,0,2,6,asian
v_Bowling_g23_c01.,0,2,0,0,22,23,3,hispanic
v_Bowling_g24_c01,4,4,11,4,0,1,26,unknown
v_Bowling_g25_c01,9,3,19,0,0,5,14,black
v_Bowling_g26_c01,3,0,2,0,0,3,42,unknown
v_Bowling_g27_c01.,10,1,33,1,0,1,4,black
v_Bowling_g28_c01.,12,0,27,3,0,1,7,black
v_Bowling_g29_c01.,15,0,16,1,0,7,11,black
v_Bowling_g30_c01,0,2,16,0,0,7,25,unknown
v_Bowling_g31_c01,0,6,34,1,0,0,9,black
v_Bowling_g32_c01,6,0,44,0,0,0,0,black
v_Bowling_g33_c01,0,30,2,3,0,1,14,asian
v_Bowling_g34_c01,7,8,2,0,0,32,1,hispanic
v_Bowling_g35_c01,2,1,3,3,40,0,1,indian
v_Bowling_g36_c01,0,1,10,1,31,4,3,indian
v_Bowling_g37_c01,10,6,4,0,0,14,16,hispanic
v_Bowling_g38_c01.,1,7,31,2,7,1,1,black
v_Bowling_g39_c01,3,0,3,0,15,0,29,unknown
v_Bowling_g40_c01.,0,0,38,2,0,1,9,black
v_Bowling_g41_c01,7,1,13,2,0,0,27,unknown
v_Bowling_g42_c01,6,6,7,22,0,6,3,middle eastern
v_Bowling_g43_c01.,7,5,9,0,0,23,6,hispanic
v_Bowling_g44_c01,30,0,2,3,0,5,10,white
v_Bowling_g45_c01,31,2,4,0,0,11,2,white
v_Bowling_g46_c01,0,4,5,16,14,1,10,middle eastern
v_Bowling_g47_c01,0,3,2,2,43,0,0,indian
v_Bowling_g48_c01,2,0,2,1,42,0,3,indian
v_Bowling_g49_c01.,17,1,1,2,0,11,18,white
v_Bowling_g50_c01.,0,1,0,0,49,0,0,indian
v_Bowling_g51_c01,12,0,36,0,0,0,2,black
v_Bowling_g52_c01,36,0,2,0,0,8,4,white
v_Bowling_g53_c01.,15,0,7,1,0,4,23,white
v_Bowling_g54_c01,2,14,4,13,0,16,1,hispanic
v_Bowling_g55_c01,0,17,0,2,0,28,3,hispanic
v_Bowling_g56_c01,9,12,18,0,1,4,6,black
v_Bowling_g57_c01,15,3,13,0,0,4,15,white
v_Bowling_g58_c01,23,4,4,10,0,0,9,white
v_Bowling_g59_c01,29,0,7,3,0,1,10,white
v_Bowling_g60_c01,45,0,0,0,0,4,1,white
v_Bowling_g61_c01,50,0,0,0,0,0,0,white
v_Bowling_g62_c01,4,0,2,1,39,1,3,indian
v_Bowling_g63_c01.,5,0,1,2,41,1,0,indian
v_Bowling_g64_c01.,6,1,2,2,0,2,37,unknown
v_Bowling_g65_c01,1,1,3,0,40,0,5,indian
v_Bowling_g66_c01,48,0,0,0,0,1,1,white
v_Bowling_g67_c01,50,0,0,0,0,0,0,white
v_Bowling_g68_c01,2,4,37,2,0,0,5,black
v_Bowling_g69_c01,3,0,2,0,44,0,1,indian
v_Bowling_g70_c01,0,6,8,1,0,33,2,hispanic
v_Bowling_g71_c01,9,2,12,2,0,15,10,hispanic
v_Bowling_g72_c01,28,0,9,1,0,11,1,white
v_Bowling_g73_c01,0,1,1,0,48,0,0,indian
v_Bowling_g74_c01,20,0,2,4,0,3,21,white
v_Bowling_g75_c01.,13,4,11,2,0,9,11,white
v_Bowling_g76_c01,18,5,13,1,0,9,4,white
v_Bowling_g77_c01,2,2,37,1,0,3,5,black
v_Bowling_g78_c01,6,4,6,0,0,6,28,unknown
v_Bowling_g79_c01.,6,33,1,4,0,4,2,asian
v_Bowling_g80_c01,10,0,0,0,0,1,39,unknown
v_Bowling_g81_c01,45,2,1,0,0,2,0,white
v_Bowling_g82_c01,13,3,30,1,0,1,2,black
v_Bowling_g83_c01,9,1,0,0,0,40,0,hispanic
v_Bowling_g84_c01.,19,5,6,0,0,2,18,white
v_Bowling_g85_c01.,13,10,4,0,2,18,3,hispanic
v_Bowling_g86_c01,33,2,4,9,0,1,1,white
v_Bowling_g87_c01,32,1,2,4,0,8,3,white
v_Bowling_g88_c01.,4,2,2,0,0,42,0,hispanic
v_Bowling_g89_c01,7,4,6,2,0,7,24,white
v_Bowling_g90_c01,21,3,11,0,0,4,11,white
v_Bowling_g91_c01,0,0,0,2,28,18,2,indian
v_Bowling_g92_c01,17,1,23,0,0,5,4,black
v_Bowling_g93_c01,15,26,0,1,0,5,3,asian
v_Bowling_g94_c01,0,0,0,0,50,0,0,indian
v_Bowling_g95_c01,8,16,5,3,0,5,13,asian
v_Bowling_g96_c01,15,1,0,1,0,29,4,hispanic
v_Bowling_g97_c01,5,3,22,7,0,9,4,black
v_Bowling_g98_c01,10,5,3,3,0,10,19,white
v_Bowling_g99_c01,5,8,1,2,0,32,2,hispanic
v_BoxingPunchingBag_g01_c01,23,9,2,1,0,5,10,white
v_BoxingPunchingBag_g02_c01,37,2,1,0,0,0,10,white
v_BoxingPunchingBag_g03_c01,15,3,8,5,0,13,6,white
v_BoxingPunchingBag_g04_c01,2,2,7,1,38,0,0,indian
v_BoxingPunchingBag_g05_c01.,12,25,5,0,0,2,6,asian
v_BoxingPunchingBag_g06_c01,5,15,2,1,1,1,24,asian
v_BoxingPunchingBag_g07_c01,29,3,6,0,0,4,8,white
v_BoxingPunchingBag_g08_c01,0,0,50,0,0,0,0,black
v_BoxingPunchingBag_g09_c01,1,40,1,2,1,4,1,asian
v_BoxingPunchingBag_g10_c01.,2,0,6,11,0,27,4,hispanic
v_BoxingPunchingBag_g11_c01,12,0,0,0,0,38,0,hispanic
v_BoxingPunchingBag_g12_c01,0,3,1,1,39,2,4,indian
v_BoxingPunchingBag_g13_c01,4,7,7,0,0,3,29,unknown
v_BoxingPunchingBag_g14_c01,1,23,2,1,0,19,4,asian
v_BoxingPunchingBag_g15_c01,1,3,10,2,3,11,20,hispanic
v_BoxingPunchingBag_g16_c01,13,4,11,0,0,20,2,hispanic
v_BoxingPunchingBag_g17_c01,27,2,7,2,0,11,1,white
v_BoxingPunchingBag_g18_c01,4,34,5,1,0,0,6,asian
v_BoxingPunchingBag_g19_c01,10,4,19,1,0,6,10,black
v_BoxingPunchingBag_g20_c01,6,4,1,1,0,7,31,unknown
v_BoxingPunchingBag_g21_c01.,0,7,2,21,1,17,2,middle eastern
v_BoxingPunchingBag_g22_c01,5,5,24,1,0,12,3,black
v_BoxingPunchingBag_g23_c01,0,21,0,13,13,1,2,asian
v_BoxingPunchingBag_g24_c01.,9,10,3,4,0,19,5,hispanic
v_BoxingPunchingBag_g25_c01,0,23,6,0,0,19,2,asian
v_BoxingPunchingBag_g26_c01.,2,9,4,1,0,33,1,hispanic
v_BoxingPunchingBag_g27_c01,24,1,0,1,0,2,22,white
v_BoxingPunchingBag_g28_c01,1,32,0,1,0,4,12,asian
v_BoxingPunchingBag_g29_c01,4,1,14,0,0,7,24,black
v_BoxingPunchingBag_g30_c01.,27,5,6,0,0,3,9,white
v_BoxingPunchingBag_g31_c01,0,15,11,1,0,12,11,asian
v_BoxingPunchingBag_g32_c01,12,3,8,7,0,15,5,hispanic
v_BoxingPunchingBag_g33_c01,0,0,0,0,12,38,0,hispanic
v_BoxingPunchingBag_g34_c01,46,1,0,0,0,0,3,white
v_BoxingPunchingBag_g35_c01,0,40,0,3,6,1,0,asian
v_BoxingPunchingBag_g36_c01,0,0,7,9,0,34,0,hispanic
v_BoxingPunchingBag_g37_c01,0,20,0,2,0,28,0,hispanic
v_BoxingPunchingBag_g38_c01,33,0,2,4,0,1,10,white
v_BoxingPunchingBag_g39_c01.,0,28,4,1,7,8,2,asian
v_BoxingPunchingBag_g40_c01,4,18,1,6,0,14,7,asian
v_BoxingPunchingBag_g41_c01.,0,1,45,0,0,0,4,black
v_BoxingPunchingBag_g42_c01,4,27,9,0,0,9,1,asian
v_BoxingPunchingBag_g43_c01,0,0,16,0,0,29,5,hispanic
v_BoxingPunchingBag_g44_c01,8,10,2,2,0,26,2,hispanic
v_BoxingPunchingBag_g45_c01,0,0,48,0,0,2,0,black
v_BoxingPunchingBag_g46_c01,0,0,0,0,50,0,0,indian
v_BoxingPunchingBag_g47_c01,50,0,0,0,0,0,0,white
v_BoxingPunchingBag_g48_c01.,3,0,28,4,0,14,1,black
v_BoxingPunchingBag_g49_c01,44,4,0,0,0,1,1,white
v_BoxingPunchingBag_g50_c01.,0,2,0,0,0,15,33,unknown
v_BoxingPunchingBag_g51_c01,0,14,0,1,27,8,0,indian
v_BoxingPunchingBag_g52_c01,0,0,0,0,50,0,0,indian
v_BoxingPunchingBag_g53_c01.,0,33,0,0,13,2,2,asian
v_BoxingPunchingBag_g54_c01,21,5,9,0,0,10,5,white
v_BoxingPunchingBag_g55_c01,0,0,24,0,0,1,25,unknown
v_BoxingPunchingBag_g56_c01,5,2,9,9,0,25,0,hispanic
v_BoxingPunchingBag_g57_c01,10,13,17,0,0,4,6,black
v_BoxingPunchingBag_g58_c01.,22,1,16,3,0,4,4,white
v_BoxingPunchingBag_g59_c01,17,5,18,3,0,3,4,black
v_BoxingPunchingBag_g60_c01,17,5,15,3,0,10,0,white
v_BoxingPunchingBag_g61_c01,2,2,21,0,0,20,5,black
v_BoxingPunchingBag_g62_c01,33,5,0,1,0,2,9,white
v_BoxingPunchingBag_g63_c01,8,0,40,0,0,0,2,black
v_BoxingPunchingBag_g64_c01.,2,1,5,27,9,3,3,middle eastern
v_BoxingPunchingBag_g65_c01,11,6,7,0,0,11,15,white
v_BoxingPunchingBag_g66_c01,0,5,0,19,22,4,0,indian
v_BoxingPunchingBag_g67_c01,1,32,8,0,0,5,4,asian
v_BoxingPunchingBag_g68_c01,4,15,7,1,1,14,8,asian
v_BoxingPunchingBag_g69_c01.,0,17,2,1,29,1,0,indian
v_BoxingPunchingBag_g70_c01.,15,5,10,17,0,2,1,middle eastern
v_BoxingPunchingBag_g71_c01,7,4,1,1,3,2,32,unknown
v_BoxingPunchingBag_g72_c01.,2,0,45,0,0,3,0,black
v_BoxingPunchingBag_g73_c01,3,1,30,1,12,3,0,black
v_BoxingPunchingBag_g74_c01,0,0,21,6,9,14,0,black
v_BoxingPunchingBag_g75_c01.,34,1,1,0,0,12,2,white
v_BoxingPunchingBag_g76_c01,2,2,21,0,0,15,10,black
v_BoxingPunchingBag_g77_c01,0,23,0,2,15,9,1,asian
v_BoxingSpeedBag_g01_c01,0,8,1,0,0,1,40,unknown
v_BoxingSpeedBag_g02_c01,0,0,25,1,0,0,24,black
v_BoxingSpeedBag_g03_c01,17,2,10,4,0,15,2,white
v_BoxingSpeedBag_g04_c01.,8,5,7,30,0,0,0,middle eastern
v_BoxingSpeedBag_g05_c01,0,13,21,0,0,16,0,black
v_BoxingSpeedBag_g06_c01,0,0,3,0,0,47,0,hispanic
v_BoxingSpeedBag_g07_c01,5,3,2,22,0,16,2,middle eastern
v_BoxingSpeedBag_g08_c01,1,6,5,16,0,22,0,hispanic
v_BoxingSpeedBag_g09_c01,0,5,23,1,12,9,0,black
v_BoxingSpeedBag_g10_c01,23,0,24,1,0,1,1,black
v_BoxingSpeedBag_g11_c01,2,1,13,5,1,1,27,unknown
v_BoxingSpeedBag_g12_c01,47,0,1,2,0,0,0,white
v_BoxingSpeedBag_g13_c01,16,12,1,0,0,17,4,hispanic
v_BoxingSpeedBag_g14_c01.,0,7,2,21,1,17,2,middle eastern
v_BoxingSpeedBag_g15_c01,1,5,36,0,0,4,4,black
v_BoxingSpeedBag_g16_c01,1,3,31,0,0,10,5,black
v_BoxingSpeedBag_g17_c01,0,0,0,0,50,0,0,indian
v_BoxingSpeedBag_g18_c01.,0,0,0,0,0,39,11,hispanic
v_BoxingSpeedBag_g19_c01,18,18,1,1,0,6,6,white
v_BoxingSpeedBag_g20_c01,0,28,1,0,0,21,0,asian
v_BoxingSpeedBag_g21_c01,3,46,1,0,0,0,0,asian
v_BoxingSpeedBag_g22_c01,0,0,48,1,1,0,0,black
v_BoxingSpeedBag_g23_c01.,0,1,0,1,0,48,0,hispanic
v_BoxingSpeedBag_g24_c01,38,11,0,1,0,0,0,white
v_BoxingSpeedBag_g25_c01,0,8,37,0,0,5,0,black
v_BoxingSpeedBag_g26_c01,4,0,3,1,0,39,3,hispanic
v_BoxingSpeedBag_g27_c01,4,10,0,0,0,35,1,hispanic
v_BoxingSpeedBag_g28_c01,0,3,25,1,0,20,1,black
v_BoxingSpeedBag_g29_c01.,9,0,8,0,0,32,1,hispanic
v_BoxingSpeedBag_g30_c01,9,4,10,5,0,0,22,black
v_BoxingSpeedBag_g31_c01,0,0,0,2,0,48,0,hispanic
v_BoxingSpeedBag_g32_c01,0,0,42,0,0,7,1,black
v_BoxingSpeedBag_g33_c01,0,42,3,0,0,3,2,asian
v_BoxingSpeedBag_g34_c01,9,1,0,0,0,40,0,hispanic
v_BoxingSpeedBag_g35_c01,0,6,1,0,0,43,0,hispanic
v_BoxingSpeedBag_g36_c01,0,0,18,3,0,21,8,hispanic
v_BoxingSpeedBag_g37_c01,0,1,0,2,12,27,8,hispanic
v_BoxingSpeedBag_g38_c01,0,21,4,16,2,3,4,asian
v_BoxingSpeedBag_g39_c01,0,0,0,18,0,32,0,hispanic
v_BoxingSpeedBag_g40_c01,0,33,0,0,0,17,0,asian
v_BoxingSpeedBag_g41_c01,0,4,20,20,0,0,6,black
v_BoxingSpeedBag_g42_c01,12,15,1,1,0,21,0,hispanic
v_BoxingSpeedBag_g43_c01.,3,11,0,0,0,34,2,hispanic
v_BoxingSpeedBag_g44_c01,11,5,7,0,0,7,20,white
v_BoxingSpeedBag_g45_c01,13,0,36,0,0,1,0,black
v_BoxingSpeedBag_g46_c01,0,1,47,0,0,2,0,black
v_BoxingSpeedBag_g47_c01.,10,0,0,3,0,16,21,hispanic
v_BoxingSpeedBag_g48_c01,8,6,0,10,1,22,3,hispanic
v_BoxingSpeedBag_g49_c01,0,1,1,0,0,33,15,hispanic
v_BoxingSpeedBag_g50_c01,0,28,0,0,0,20,2,asian
v_BoxingSpeedBag_g51_c01.,0,26,4,5,4,11,0,asian
v_BoxingSpeedBag_g52_c01,5,0,0,13,0,31,1,hispanic
v_BoxingSpeedBag_g53_c01,9,7,25,1,0,5,3,black
v_BoxingSpeedBag_g54_c01,7,10,13,1,0,14,5,hispanic
v_BoxingSpeedBag_g55_c01.,35,0,11,0,0,3,1,white
v_BoxingSpeedBag_g56_c01,0,3,0,46,1,0,0,middle eastern
v_BoxingSpeedBag_g57_c01,0,19,9,8,0,14,0,asian
v_BoxingSpeedBag_g58_c01,5,15,4,23,0,3,0,middle eastern
v_BoxingSpeedBag_g59_c01,0,6,2,18,0,24,0,hispanic
v_BoxingSpeedBag_g60_c01.,0,1,13,0,0,32,4,hispanic
v_BoxingSpeedBag_g61_c01,7,4,0,1,0,26,12,hispanic
v_BoxingSpeedBag_g62_c01,6,1,27,0,0,15,1,black
v_BoxingSpeedBag_g63_c01,0,11,12,0,2,25,0,hispanic
v_BoxingSpeedBag_g64_c01,5,7,4,1,0,16,17,hispanic
v_BreastStroke_g01_c01,3,18,9,4,9,1,6,asian
v_BreastStroke_g02_c01,29,15,0,0,0,3,3,white
v_BreastStroke_g03_c01,28,9,3,0,0,5,5,white
v_BreastStroke_g04_c01,44,0,0,0,0,0,6,white
v_BreastStroke_g05_c01,12,25,0,1,0,0,12,asian
v_BreastStroke_g06_c01,20,14,2,1,0,4,9,white
v_BreastStroke_g07_c01,36,7,3,0,0,4,0,white
v_BreastStroke_g08_c01,1,18,4,2,16,1,8,asian
v_BreastStroke_g09_c01.,17,18,2,7,0,3,3,asian
v_BreastStroke_g100_c01,0,0,7,0,0,29,14,hispanic
v_BreastStroke_g101_c01,3,1,44,0,0,2,0,black
v_BreastStroke_g102_c01,0,0,0,1,0,48,1,hispanic
v_BreastStroke_g103_c01,7,15,4,1,0,10,13,asian
v_BreastStroke_g104_c01,19,16,2,5,0,0,8,white
v_BreastStroke_g105_c01,1,1,35,1,2,9,1,black
v_BreastStroke_g106_c01,9,36,0,2,0,2,1,asian
v_BreastStroke_g107_c01,28,5,9,0,0,7,1,white
v_BreastStroke_g108_c01,13,5,0,1,0,30,1,hispanic
v_BreastStroke_g109_c01,8,2,3,3,0,26,8,hispanic
v_BreastStroke_g10_c01,5,19,2,7,1,9,7,asian
v_BreastStroke_g110_c01,35,1,5,1,0,2,6,white
v_BreastStroke_g111_c01,16,4,0,2,0,19,9,hispanic
v_BreastStroke_g112_c01,1,32,0,8,3,2,4,asian
v_BreastStroke_g113_c01,25,14,7,0,0,1,3,white
v_BreastStroke_g114_c01,25,9,0,2,4,5,5,white
v_BreastStroke_g115_c01,14,25,2,3,0,3,3,asian
v_BreastStroke_g116_c01,19,21,0,3,0,2,5,asian
v_BreastStroke_g117_c01,23,11,5,0,0,0,11,white
v_BreastStroke_g118_c01,23,7,0,1,0,5,14,white
v_BreastStroke_g119_c01,16,25,2,1,0,2,4,asian
v_BreastStroke_g11_c01,16,20,0,7,0,7,0,asian
v_BreastStroke_g120_c01,27,6,3,0,0,0,14,white
v_BreastStroke_g121_c01,20,7,7,5,0,5,6,white
v_BreastStroke_g122_c01,15,8,3,6,0,3,15,white
v_BreastStroke_g123_c01,5,6,14,2,1,18,4,hispanic
v_BreastStroke_g12_c01,18,16,0,4,1,4,7,white
v_BreastStroke_g13_c01,8,20,3,8,0,2,9,asian
v_BreastStroke_g14_c01,48,0,1,1,0,0,0,white
v_BreastStroke_g15_c01,3,7,3,1,0,17,19,hispanic
v_BreastStroke_g16_c01,1,4,18,14,0,11,2,black
v_BreastStroke_g17_c01,0,33,2,1,1,0,13,asian
v_BreastStroke_g18_c01.,3,34,1,0,0,0,12,asian
v_BreastStroke_g19_c01,0,41,0,0,2,2,5,asian
v_BreastStroke_g20_c01,16,10,4,0,0,0,20,white
v_BreastStroke_g21_c01.,5,39,0,0,0,6,0,asian
v_BreastStroke_g22_c01,1,2,47,0,0,0,0,black
v_BreastStroke_g23_c01,15,18,1,4,0,7,5,asian
v_BreastStroke_g24_c01,5,0,3,0,0,0,42,unknown
v_BreastStroke_g25_c01,1,3,4,0,41,1,0,indian
v_BreastStroke_g26_c01,17,1,0,5,3,21,3,hispanic
v_BreastStroke_g27_c01,10,11,6,2,0,20,1,hispanic
v_BreastStroke_g28_c01,11,27,2,0,0,0,10,asian
v_BreastStroke_g29_c01.,21,14,5,6,0,1,3,white
v_BreastStroke_g30_c01,34,7,0,1,0,2,6,white
v_BreastStroke_g31_c01,11,5,1,1,0,22,10,hispanic
v_BreastStroke_g32_c01,2,40,2,0,0,4,2,asian
v_BreastStroke_g33_c01,1,2,44,0,0,3,0,black
v_BreastStroke_g34_c01,21,9,2,8,0,2,8,white
v_BreastStroke_g35_c01.,7,11,0,8,0,14,10,hispanic
v_BreastStroke_g36_c01,4,5,1,16,0,16,8,middle eastern
v_BreastStroke_g37_c01.,2,22,3,0,0,8,15,asian
v_BreastStroke_g38_c01,1,0,0,1,48,0,0,indian
v_BreastStroke_g39_c01,9,1,37,0,0,3,0,black
v_BreastStroke_g40_c01,0,48,0,0,0,1,1,asian
v_BreastStroke_g41_c01,24,7,11,0,0,0,8,white
v_BreastStroke_g42_c01.,23,16,0,4,0,2,5,white
v_BreastStroke_g43_c01,0,22,0,1,0,26,1,hispanic
v_BreastStroke_g44_c01.,24,11,3,4,0,0,8,white
v_BreastStroke_g45_c01,3,8,3,6,0,2,28,unknown
v_BreastStroke_g46_c01,7,10,1,15,0,15,2,middle eastern
v_BreastStroke_g47_c01.,4,10,5,12,0,15,4,hispanic
v_BreastStroke_g48_c01,29,7,2,1,0,3,8,white
v_BreastStroke_g49_c01,2,1,4,26,0,3,14,middle eastern
v_BreastStroke_g50_c01,39,0,7,3,0,0,1,white
v_BreastStroke_g51_c01,21,19,6,0,0,4,0,white
v_BreastStroke_g52_c01,24,11,4,1,0,4,6,white
v_BreastStroke_g53_c01,3,25,3,2,0,8,9,asian
v_BreastStroke_g54_c01,8,3,3,6,0,18,12,hispanic
v_BreastStroke_g55_c01,23,15,2,3,0,0,7,white
v_BreastStroke_g56_c01,10,19,2,6,0,6,7,asian
v_BreastStroke_g57_c01,17,24,2,5,0,0,2,asian
v_BreastStroke_g58_c01,13,12,12,4,0,8,1,white
v_BreastStroke_g59_c01,13,12,9,0,0,9,7,white
v_BreastStroke_g60_c01,26,17,3,0,0,2,2,white
v_BreastStroke_g61_c01,18,11,3,1,0,2,15,white
v_BreastStroke_g62_c01,16,11,8,3,0,4,8,white
v_BreastStroke_g63_c01,9,19,9,4,0,0,9,asian
v_BreastStroke_g64_c01,25,3,5,6,0,8,3,white
v_BreastStroke_g65_c01,20,13,7,2,0,4,4,white
v_BreastStroke_g66_c01,24,8,0,0,0,9,9,white
v_BreastStroke_g67_c01.,7,26,10,0,0,2,5,asian
v_BreastStroke_g68_c01,34,8,1,0,0,4,3,white
v_BreastStroke_g69_c01.,9,15,5,0,0,0,21,asian
v_BreastStroke_g70_c01,4,9,8,7,0,5,17,asian
v_BreastStroke_g71_c01,25,8,5,2,0,9,1,white
v_BreastStroke_g72_c01,7,4,4,1,0,10,24,hispanic
v_BreastStroke_g73_c01,24,11,2,5,0,2,6,white
v_BreastStroke_g74_c01,31,11,2,0,0,0,6,white
v_BreastStroke_g75_c01,9,11,3,1,0,20,6,hispanic
v_BreastStroke_g76_c01,28,3,3,4,1,6,5,white
v_BreastStroke_g77_c01,50,0,0,0,0,0,0,white
v_BreastStroke_g78_c01,31,2,1,1,5,10,0,white
v_BreastStroke_g79_c01,30,13,1,1,0,0,5,white
v_BreastStroke_g80_c01,0,5,0,4,37,2,2,indian
v_BreastStroke_g81_c01,12,14,1,0,0,3,20,asian
v_BreastStroke_g82_c01,6,3,25,0,1,11,4,black
v_BreastStroke_g83_c01.,32,9,2,1,0,4,2,white
v_BreastStroke_g84_c01,0,8,8,0,17,3,14,indian
v_BreastStroke_g85_c01,1,3,0,8,15,23,0,hispanic
v_BreastStroke_g86_c01,11,18,1,10,0,9,1,asian
v_BreastStroke_g87_c01.,17,8,8,1,0,5,11,white
v_BreastStroke_g88_c01.,0,12,5,5,20,5,3,indian
v_BreastStroke_g89_c01,0,6,37,0,0,0,7,black
v_BreastStroke_g90_c01,8,28,3,4,2,1,4,asian
v_BreastStroke_g91_c01,35,4,0,0,0,4,7,white
v_BreastStroke_g92_c01.,18,7,0,0,0,14,11,white
v_BreastStroke_g93_c01,0,0,13,0,37,0,0,indian
v_BreastStroke_g94_c01,0,30,7,3,0,2,8,asian
v_BreastStroke_g95_c01,17,13,5,3,0,10,1,white
v_BreastStroke_g96_c01,29,12,4,2,0,0,3,white
v_BreastStroke_g97_c01,13,23,4,1,0,7,2,asian
v_BreastStroke_g98_c01.,11,23,1,5,0,9,1,asian
v_BreastStroke_g99_c01,11,19,6,6,1,7,0,asian
v_BrushingTeeth_g01_c01,32,3,0,14,0,1,0,white
v_BrushingTeeth_g02_c01,12,9,2,1,0,26,0,hispanic
v_BrushingTeeth_g03_c01,0,0,7,1,0,42,0,hispanic
v_BrushingTeeth_g04_c01,0,0,1,14,0,2,33,unknown
v_BrushingTeeth_g05_c01,2,0,42,0,0,5,1,black
v_BrushingTeeth_g06_c01,5,0,0,0,0,38,7,hispanic
v_BrushingTeeth_g07_c01.,3,0,1,1,0,30,15,hispanic
v_BrushingTeeth_g08_c01,4,0,2,1,0,29,14,hispanic
v_BrushingTeeth_g09_c01,4,4,0,0,0,37,5,hispanic
v_BrushingTeeth_g10_c01.,5,14,0,0,0,29,2,hispanic
v_BrushingTeeth_g11_c01,12,3,32,1,0,0,2,black
v_BrushingTeeth_g12_c01,0,8,4,1,34,3,0,indian
v_BrushingTeeth_g13_c01,45,0,1,0,0,3,1,white
v_BrushingTeeth_g14_c01.,17,13,0,0,0,18,2,hispanic
v_BrushingTeeth_g15_c01,10,4,22,0,1,13,0,black
v_BrushingTeeth_g16_c01.,13,10,2,0,0,20,5,hispanic
v_BrushingTeeth_g17_c01,0,6,2,1,0,31,10,hispanic
v_BrushingTeeth_g18_c01,5,4,3,0,1,3,34,unknown
v_BrushingTeeth_g19_c01,1,7,2,0,2,5,33,unknown
v_BrushingTeeth_g20_c01.,46,4,0,0,0,0,0,white
v_BrushingTeeth_g21_c01,14,7,3,5,0,18,3,hispanic
v_BrushingTeeth_g22_c01,22,1,0,27,0,0,0,middle eastern
v_BrushingTeeth_g23_c01,7,3,2,0,34,3,1,indian
v_BrushingTeeth_g24_c01,2,39,4,0,0,5,0,asian
v_BrushingTeeth_g25_c01,7,38,0,0,0,1,4,asian
v_BrushingTeeth_g26_c01.,21,1,8,4,0,3,13,white
v_BrushingTeeth_g27_c01,4,4,1,15,0,24,2,hispanic
v_BrushingTeeth_g28_c01,12,14,0,5,0,18,1,hispanic
v_BrushingTeeth_g29_c01,0,29,2,0,15,1,3,asian
v_BrushingTeeth_g30_c01,0,0,2,0,0,4,44,unknown
v_BrushingTeeth_g31_c01,49,0,1,0,0,0,0,white
v_BrushingTeeth_g32_c01,9,38,0,0,0,3,0,asian
v_BrushingTeeth_g33_c01.,26,10,1,2,0,11,0,white
v_BrushingTeeth_g34_c01,0,0,2,42,1,5,0,middle eastern
v_BrushingTeeth_g35_c01.,10,6,0,0,0,34,0,hispanic
v_BrushingTeeth_g36_c01.,26,8,1,3,0,12,0,white
v_BrushingTeeth_g37_c01.,19,5,4,4,0,13,5,white
v_BrushingTeeth_g38_c01,30,3,1,14,0,2,0,white
v_BrushingTeeth_g39_c01,26,14,0,6,0,4,0,white
v_BrushingTeeth_g40_c01.,7,32,11,0,0,0,0,asian
v_BrushingTeeth_g41_c01.,0,47,1,0,0,0,2,asian
v_BrushingTeeth_g42_c01.,18,20,5,0,0,7,0,asian
v_BrushingTeeth_g43_c01,6,18,0,7,0,16,3,asian
v_BrushingTeeth_g44_c01,3,0,4,34,3,0,6,middle eastern
v_BrushingTeeth_g45_c01,24,0,0,0,0,1,25,unknown
v_BrushingTeeth_g46_c01,0,0,2,0,0,47,1,hispanic
v_BrushingTeeth_g47_c01,26,2,11,1,0,4,6,white
v_BrushingTeeth_g48_c01,5,31,0,0,0,12,2,asian
v_BrushingTeeth_g49_c01.,4,8,5,1,0,32,0,hispanic
v_BrushingTeeth_g50_c01,7,6,2,15,0,17,3,hispanic
v_BrushingTeeth_g51_c01,16,3,3,7,0,14,7,white
v_BrushingTeeth_g52_c01,25,4,1,1,0,14,5,white
v_BrushingTeeth_g53_c01,2,0,42,0,0,4,2,black
v_BrushingTeeth_g54_c01.,7,23,15,2,0,3,0,asian
v_BrushingTeeth_g55_c01.,3,26,0,5,0,9,7,asian
v_BrushingTeeth_g56_c01,1,1,0,12,0,35,1,hispanic
v_BrushingTeeth_g57_c01.,8,10,1,9,0,15,7,hispanic
v_BrushingTeeth_g58_c01.,17,22,3,1,0,4,3,asian
v_BrushingTeeth_g59_c01,2,3,1,0,0,38,6,hispanic
v_BrushingTeeth_g60_c01,10,2,0,0,0,5,33,unknown
v_BrushingTeeth_g61_c01,24,8,5,3,0,7,3,white
v_BrushingTeeth_g62_c01,24,2,1,1,0,22,0,white
v_BrushingTeeth_g63_c01.,7,10,0,0,0,32,1,hispanic
v_BrushingTeeth_g64_c01,29,0,4,4,0,9,4,white
v_BrushingTeeth_g65_c01.,6,1,1,0,0,28,14,hispanic
v_BrushingTeeth_g66_c01,36,1,1,1,0,6,5,white
v_BrushingTeeth_g67_c01,17,28,2,1,0,2,0,asian
v_BrushingTeeth_g68_c01,3,11,0,0,0,36,0,hispanic
v_BrushingTeeth_g69_c01.,5,34,2,0,0,7,2,asian
v_BrushingTeeth_g70_c01,24,4,9,0,0,8,5,white
v_BrushingTeeth_g71_c01,5,14,0,0,0,29,2,hispanic
v_BrushingTeeth_g72_c01,0,0,1,0,34,15,0,indian
v_BrushingTeeth_g73_c01,1,4,2,1,37,1,4,indian
v_BrushingTeeth_g74_c01,35,8,0,0,0,6,1,white
v_BrushingTeeth_g75_c01.,20,0,30,0,0,0,0,black
v_BrushingTeeth_g76_c01,10,9,3,2,1,20,5,hispanic
v_BrushingTeeth_g77_c01,34,5,1,0,0,9,1,white
v_BrushingTeeth_g78_c01,38,0,0,10,0,2,0,white
v_BrushingTeeth_g79_c01,0,44,3,0,1,2,0,asian
v_BrushingTeeth_g80_c01,29,9,0,2,0,10,0,white
v_BrushingTeeth_g81_c01.,0,33,0,12,1,0,4,asian
v_BrushingTeeth_g82_c01,1,6,1,1,1,32,8,hispanic
v_BrushingTeeth_g83_c01.,21,1,8,4,0,3,13,white
v_CleanAndJerk_g01_c01,5,2,39,1,0,2,1,black
v_CleanAndJerk_g02_c01,3,11,4,4,1,23,4,hispanic
v_CleanAndJerk_g03_c01,0,44,1,0,0,3,2,asian
v_CleanAndJerk_g04_c01,2,12,0,1,0,28,7,hispanic
v_CleanAndJerk_g05_c01,4,29,1,0,0,16,0,asian
v_CleanAndJerk_g06_c01,0,42,3,3,1,1,0,asian
v_CleanAndJerk_g07_c01,5,6,0,21,0,10,8,middle eastern
v_CleanAndJerk_g08_c01,0,0,50,0,0,0,0,black
v_CleanAndJerk_g09_c01,8,11,9,1,0,16,5,hispanic
v_CleanAndJerk_g10_c01,0,38,2,7,1,2,0,asian
v_CleanAndJerk_g11_c01,0,1,0,7,0,42,0,hispanic
v_CleanAndJerk_g12_c01,49,0,1,0,0,0,0,white
v_CleanAndJerk_g13_c01,1,0,3,24,0,22,0,middle eastern
v_CleanAndJerk_g14_c01,2,0,0,1,0,42,5,hispanic
v_CleanAndJerk_g15_c01,4,3,0,28,3,8,4,middle eastern
v_CleanAndJerk_g16_c01,6,15,2,7,0,11,9,asian
v_CleanAndJerk_g17_c01,10,0,2,1,0,23,14,hispanic
v_CleanAndJerk_g18_c01,13,2,5,20,0,4,6,middle eastern
v_CleanAndJerk_g19_c01,33,0,0,0,0,17,0,white
v_CleanAndJerk_g20_c01,1,3,1,13,0,32,0,hispanic
v_CleanAndJerk_g21_c01,0,0,41,0,0,8,1,black
v_CleanAndJerk_g22_c01,24,3,2,2,0,12,7,white
v_CleanAndJerk_g23_c01,5,17,4,14,2,2,6,asian
v_CleanAndJerk_g24_c01,9,5,3,5,14,13,1,indian
v_CleanAndJerk_g25_c01,1,4,4,11,3,20,7,hispanic
v_CleanAndJerk_g26_c01,21,1,4,0,0,23,1,hispanic
v_CleanAndJerk_g27_c01.,1,1,30,0,0,16,2,black
v_CleanAndJerk_g28_c01,6,13,1,22,2,2,4,middle eastern
v_CleanAndJerk_g29_c01,21,4,9,0,1,15,0,white
v_CleanAndJerk_g30_c01,0,0,0,0,0,44,6,hispanic
v_CleanAndJerk_g31_c01.,1,3,4,4,38,0,0,indian
v_CleanAndJerk_g32_c01,1,2,41,0,0,5,1,black
v_CleanAndJerk_g33_c01,2,33,3,0,12,0,0,asian
v_CleanAndJerk_g34_c01,50,0,0,0,0,0,0,white
v_CleanAndJerk_g35_c01,13,12,0,0,0,20,5,hispanic
v_CleanAndJerk_g36_c01,0,1,9,14,25,0,1,indian
v_CleanAndJerk_g37_c01,47,0,0,0,0,2,1,white
v_CleanAndJerk_g38_c01,7,8,13,1,0,13,8,black
v_CleanAndJerk_g39_c01,50,0,0,0,0,0,0,white
v_CleanAndJerk_g40_c01.,15,1,4,8,0,1,21,white
v_CleanAndJerk_g41_c01.,6,14,0,4,0,24,2,hispanic
v_CleanAndJerk_g42_c01,5,16,0,0,27,2,0,indian
v_CleanAndJerk_g43_c01,0,35,3,0,3,3,6,asian
v_CleanAndJerk_g44_c01,0,0,0,0,50,0,0,indian
v_CleanAndJerk_g45_c01,8,12,0,3,1,14,12,hispanic
v_CleanAndJerk_g46_c01,24,5,3,0,0,7,11,white
v_CleanAndJerk_g47_c01,5,3,5,9,0,25,3,hispanic
v_CleanAndJerk_g48_c01,1,21,0,5,19,2,2,asian
v_CleanAndJerk_g49_c01,1,8,7,11,0,21,2,hispanic
v_CleanAndJerk_g50_c01,49,0,0,0,0,1,0,white
v_CleanAndJerk_g51_c01,2,1,32,1,1,10,3,black
v_CleanAndJerk_g52_c01,2,35,0,1,9,1,2,asian
v_CleanAndJerk_g53_c01,0,48,0,1,0,1,0,asian
v_CleanAndJerk_g54_c01,26,12,2,8,0,0,1,white
v_CleanAndJerk_g55_c01,46,0,0,0,0,4,0,white
v_CleanAndJerk_g56_c01,45,0,0,0,0,5,0,white
v_CleanAndJerk_g57_c01,16,5,8,2,5,10,4,white
v_CleanAndJerk_g58_c01,2,21,7,0,0,6,14,asian
v_CleanAndJerk_g59_c01,1,44,1,1,1,0,2,asian
v_CleanAndJerk_g60_c01,2,23,5,0,0,3,17,asian
v_CleanAndJerk_g61_c01.,9,2,5,2,0,7,25,unknown
v_CleanAndJerk_g62_c01,2,5,2,1,0,40,0,hispanic
v_CleanAndJerk_g63_c01,3,16,0,12,0,19,0,hispanic
v_CleanAndJerk_g64_c01,8,6,0,0,0,36,0,hispanic
v_CleanAndJerk_g65_c01,29,14,0,0,0,2,5,white
v_CleanAndJerk_g66_c01,0,1,2,37,9,0,1,middle eastern
v_CleanAndJerk_g67_c01,5,10,4,4,0,19,8,hispanic
v_CleanAndJerk_g68_c01,2,16,10,7,12,3,0,asian
v_CleanAndJerk_g69_c01,11,4,5,7,2,14,7,hispanic
v_CleanAndJerk_g70_c01.,2,12,10,1,0,12,13,asian
v_CliffDiving_g01_c01,6,1,2,1,0,0,40,unknown
v_CliffDiving_g02_c01.,9,2,5,7,0,3,24,white
v_CliffDiving_g03_c01,14,3,2,1,0,4,26,unknown
v_CliffDiving_g04_c01,4,7,6,9,1,7,16,middle eastern
v_CliffDiving_g05_c01,4,4,2,1,1,29,9,hispanic
v_CliffDiving_g06_c01,1,5,8,7,1,14,14,hispanic
v_CliffDiving_g07_c01,4,1,1,3,40,1,0,indian
v_CliffDiving_g08_c01,5,4,3,2,12,1,23,indian
v_CliffDiving_g09_c01,7,1,3,1,1,12,25,unknown
v_CliffDiving_g10_c01,5,7,1,1,4,20,12,hispanic
v_CliffDiving_g11_c01,6,7,21,9,0,7,0,black
v_CliffDiving_g12_c01,1,0,13,2,0,0,34,unknown
v_CliffDiving_g13_c01,7,1,3,13,1,0,25,unknown
v_CliffDiving_g14_c01,5,8,1,3,16,9,8,indian
v_CliffDiving_g15_c01,6,5,4,18,1,7,9,middle eastern
v_CliffDiving_g16_c01.,6,5,2,6,0,12,19,hispanic
v_CliffDiving_g17_c01,12,1,2,0,0,2,33,unknown
v_CliffDiving_g18_c01,9,1,7,0,0,7,26,unknown
v_CliffDiving_g19_c01,9,10,3,0,1,0,27,unknown
v_CliffDiving_g20_c01.,11,3,1,0,1,6,28,unknown
v_CliffDiving_g21_c01,8,16,2,0,0,7,17,asian
v_CliffDiving_g22_c01,5,7,1,0,1,14,22,hispanic
v_CliffDiving_g23_c01,8,16,1,1,0,6,18,asian
v_CliffDiving_g24_c01,19,8,1,0,0,4,18,white
v_CliffDiving_g25_c01,4,14,1,4,0,10,17,asian
v_CliffDiving_g26_c01,12,11,4,0,0,10,13,white
v_CliffDiving_g27_c01,6,4,7,0,0,1,32,unknown
v_CliffDiving_g28_c01,0,0,0,0,0,0,50,unknown
v_CliffDiving_g29_c01,12,12,1,4,0,4,17,white
v_CliffDiving_g30_c01,5,6,2,15,0,3,19,middle eastern
v_CliffDiving_g31_c01,4,10,2,19,0,9,6,middle eastern
v_CliffDiving_g32_c01,28,3,10,0,0,5,4,white
v_CliffDiving_g33_c01,49,0,0,0,0,1,0,white
v_CliffDiving_g34_c01,47,0,0,0,0,2,0,white
v_CliffDiving_g35_c01,1,3,0,0,0,0,46,unknown
v_CliffDiving_g36_c01,16,4,9,0,0,3,18,white
v_CliffDiving_g37_c01,15,7,2,0,0,21,5,hispanic
v_CliffDiving_g38_c01,20,0,8,2,0,3,17,white
v_CliffDiving_g39_c01,1,8,0,0,0,1,40,unknown
v_CliffDiving_g40_c01,9,6,5,0,0,9,21,white
v_CliffDiving_g41_c01,38,0,3,0,0,0,9,white
v_CliffDiving_g42_c01.,17,6,5,0,0,8,14,white
v_CliffDiving_g43_c01,25,14,0,3,0,6,2,white
v_CliffDiving_g44_c01,2,11,0,2,1,1,33,unknown
v_CliffDiving_g45_c01,1,0,8,0,0,0,41,unknown
v_CliffDiving_g46_c01,7,6,4,8,0,2,23,middle eastern
v_CliffDiving_g47_c01,29,3,1,0,0,7,10,white
v_CliffDiving_g48_c01,3,2,0,11,1,10,23,middle eastern
v_CliffDiving_g49_c01,0,2,5,1,4,2,36,unknown
v_CliffDiving_g50_c01,0,2,0,0,0,48,0,hispanic
v_CliffDiving_g51_c01,2,28,1,0,16,3,0,asian
v_CliffDiving_g52_c01,1,12,2,0,3,0,32,unknown
v_CliffDiving_g53_c01,2,17,15,1,3,0,12,asian
v_CliffDiving_g54_c01,8,42,0,0,0,0,0,asian
v_CliffDiving_g55_c01,6,0,2,17,0,6,19,middle eastern
v_CliffDiving_g56_c01,5,11,2,1,0,1,30,unknown
v_CliffDiving_g57_c01,0,2,0,0,0,4,44,unknown
v_CliffDiving_g58_c01,5,19,3,0,0,8,15,asian
v_CliffDiving_g59_c01,5,8,1,0,0,1,35,unknown
v_CliffDiving_g60_c01,12,1,10,7,1,8,11,white
v_CliffDiving_g61_c01,26,9,1,0,0,11,3,white
v_CliffDiving_g62_c01,8,23,6,1,0,4,8,asian
v_CliffDiving_g63_c01,16,5,3,5,0,10,11,white
v_CliffDiving_g64_c01,3,4,4,17,3,17,2,middle eastern
v_CliffDiving_g65_c01,8,3,7,4,2,18,8,hispanic
v_CliffDiving_g66_c01.,2,28,0,0,15,0,5,asian
v_CliffDiving_g67_c01,11,3,3,15,0,5,13,middle eastern
v_CliffDiving_g68_c01,10,15,3,1,0,0,21,asian
v_CliffDiving_g69_c01,9,0,10,0,0,5,26,unknown
v_CliffDiving_g70_c01,8,6,5,2,0,4,25,unknown
v_CliffDiving_g71_c01,7,10,2,3,0,1,27,unknown
v_CliffDiving_g72_c01,13,4,10,1,0,10,12,white
v_CliffDiving_g73_c01,2,3,6,0,2,25,12,hispanic
v_CliffDiving_g74_c01,0,2,45,2,0,0,1,black
v_CliffDiving_g75_c01,21,6,1,1,0,3,18,white
v_CliffDiving_g76_c01,16,2,2,2,1,18,9,hispanic
v_CliffDiving_g77_c01,12,7,1,11,1,13,5,hispanic
v_CliffDiving_g78_c01,9,9,10,6,2,8,6,black
v_CliffDiving_g79_c01,19,2,1,1,0,10,17,white
v_CliffDiving_g80_c01.,1,2,4,19,6,13,5,middle eastern
v_CliffDiving_g81_c01,9,12,0,5,0,5,19,asian
v_CliffDiving_g82_c01,17,15,1,0,0,5,12,white
v_CliffDiving_g83_c01,7,35,0,1,0,7,0,asian
v_CliffDiving_g84_c01,2,34,2,0,0,5,7,asian
v_CliffDiving_g85_c01.,0,3,0,0,0,0,47,unknown
v_CliffDiving_g86_c01,2,22,1,5,0,2,18,asian
v_CricketBowling_g01_c01.,9,1,5,0,27,0,8,indian
v_CricketBowling_g02_c01,0,3,45,1,0,0,1,black
v_CricketBowling_g03_c01,21,9,5,4,0,4,7,white
v_CricketBowling_g04_c01.,27,1,1,0,9,1,11,white
v_CricketBowling_g05_c01,2,6,1,5,35,0,1,indian
v_CricketBowling_g06_c01,0,1,3,1,44,0,1,indian
v_CricketBowling_g07_c01,0,0,0,0,50,0,0,indian
v_CricketBowling_g08_c01,1,2,2,4,38,3,0,indian
v_CricketBowling_g09_c01,1,0,0,0,49,0,0,indian
v_CricketBowling_g10_c01,0,21,0,0,29,0,0,indian
v_CricketBowling_g11_c01,0,2,1,0,46,0,1,indian
v_CricketBowling_g12_c01,44,0,0,0,0,5,1,white
v_CricketBowling_g13_c01.,0,2,0,0,22,23,3,hispanic
v_CricketBowling_g14_c01.,19,8,1,0,9,13,0,white
v_CricketBowling_g15_c01,8,3,3,0,30,6,0,indian
v_CricketBowling_g16_c01,0,0,1,1,48,0,0,indian
v_CricketBowling_g17_c01,5,5,25,4,2,0,9,black
v_CricketBowling_g18_c01,0,30,2,3,0,1,14,asian
v_CricketBowling_g19_c01,0,0,0,0,48,2,0,indian
v_CricketBowling_g20_c01,2,0,0,6,41,1,0,indian
v_CricketBowling_g21_c01.,13,0,6,1,21,8,1,indian
v_CricketBowling_g22_c01,7,8,2,0,0,32,1,hispanic
v_CricketBowling_g23_c01,3,0,22,0,14,0,11,black
v_CricketBowling_g24_c01,17,0,0,4,27,0,2,indian
v_CricketBowling_g25_c01.,14,0,11,1,24,0,0,indian
v_CricketBowling_g26_c01,0,0,0,4,45,0,1,indian
v_CricketBowling_g27_c01,9,1,3,6,29,2,0,indian
v_CricketBowling_g28_c01,5,4,1,3,37,0,0,indian
v_CricketBowling_g29_c01,15,1,1,0,33,0,0,indian
v_CricketBowling_g30_c01.,0,0,0,0,50,0,0,indian
v_CricketBowling_g31_c01,3,0,1,0,43,3,0,indian
v_CricketBowling_g32_c01.,13,3,15,0,18,0,1,indian
v_CricketBowling_g33_c01,21,2,0,0,27,0,0,indian
v_CricketBowling_g34_c01,3,0,3,0,15,0,29,unknown
v_CricketBowling_g35_c01,8,0,0,1,33,0,8,indian
v_CricketBowling_g36_c01.,43,0,0,2,0,0,5,white
v_CricketBowling_g37_c01,22,13,1,1,0,11,2,white
v_CricketBowling_g38_c01.,11,9,2,3,9,0,16,white
v_CricketBowling_g39_c01,0,6,0,0,44,0,0,indian
v_CricketBowling_g40_c01,1,4,3,11,24,0,7,indian
v_CricketBowling_g41_c01,1,0,1,2,41,5,0,indian
v_CricketBowling_g42_c01.,0,16,1,9,6,15,3,asian
v_CricketBowling_g43_c01,0,2,0,10,37,0,1,indian
v_CricketBowling_g44_c01.,0,0,0,0,50,0,0,indian
v_CricketBowling_g45_c01,2,8,3,0,36,1,0,indian
v_CricketBowling_g46_c01,0,0,1,0,26,0,23,indian
v_CricketBowling_g47_c01,0,0,0,0,49,0,1,indian
v_CricketBowling_g48_c01,1,4,3,1,31,0,10,indian
v_CricketBowling_g49_c01,50,0,0,0,0,0,0,white
v_CricketBowling_g50_c01,2,3,11,0,31,1,2,indian
v_CricketBowling_g51_c01,1,0,47,0,2,0,0,black
v_CricketBowling_g52_c01,3,5,1,6,25,10,0,indian
v_CricketBowling_g53_c01,0,0,14,0,25,0,11,indian
v_CricketBowling_g54_c01,48,0,1,0,0,1,0,white
v_CricketBowling_g55_c01,36,0,3,0,0,3,8,white
v_CricketBowling_g56_c01.,5,0,1,2,41,1,0,indian
v_CricketBowling_g57_c01,27,0,3,4,16,0,0,white
v_CricketBowling_g58_c01,4,0,4,0,42,0,0,indian
v_CricketBowling_g59_c01,48,0,0,0,0,0,1,white
v_CricketBowling_g60_c01,0,3,6,37,0,2,2,middle eastern
v_CricketBowling_g61_c01,33,1,2,0,9,3,2,white
v_CricketBowling_g62_c01,0,18,18,0,7,3,4,asian
v_CricketBowling_g63_c01,35,1,0,0,5,2,7,white
v_CricketBowling_g64_c01,8,2,6,0,23,2,9,indian
v_CricketBowling_g65_c01.,1,0,6,0,41,0,2,indian
v_CricketBowling_g66_c01,0,0,19,12,19,0,0,black
v_CricketBowling_g67_c01.,5,2,1,0,42,0,0,indian
v_CricketBowling_g68_c01,48,0,0,0,0,0,2,white
v_CricketBowling_g69_c01,45,0,0,0,4,1,0,white
v_CricketBowling_g70_c01.,13,10,4,0,2,18,3,hispanic
v_CricketBowling_g71_c01,6,0,12,0,12,4,16,black
v_CricketBowling_g72_c01.,12,1,2,0,29,3,3,indian
v_CricketBowling_g73_c01,0,0,0,2,28,18,2,indian
v_CricketBowling_g74_c01,39,4,0,0,7,0,0,white
v_CricketBowling_g75_c01,2,0,7,0,40,0,1,indian
v_CricketBowling_g76_c01,19,0,0,9,15,4,3,white
v_CricketBowling_g77_c01,14,0,4,0,22,0,10,indian
v_CricketBowling_g78_c01,8,0,7,0,34,1,0,indian
v_CricketBowling_g79_c01,21,1,1,2,23,0,2,indian
v_CricketBowling_g80_c01,3,8,8,2,17,1,11,indian
v_CricketBowling_g81_c01.,0,8,8,0,30,3,1,indian
v_CricketBowling_g82_c01,1,1,1,1,0,0,46,unknown
v_CricketBowling_g83_c01,5,8,1,2,0,32,2,hispanic
v_CricketBowling_g84_c01,31,1,4,3,9,1,1,white
v_CricketBowling_g85_c01,3,1,11,0,22,0,13,indian
v_CricketBowling_g86_c01,5,0,11,0,32,1,1,indian
v_CricketBowling_g87_c01.,24,2,6,1,0,16,1,white
v_CricketBowling_g88_c01,0,0,0,1,49,0,0,indian
v_CricketBowling_g89_c01.,37,5,0,3,4,0,1,white
v_CricketBowling_g90_c01.,0,0,2,0,47,1,0,indian
v_CricketBowling_g91_c01,18,0,4,8,19,1,0,indian
v_CricketShot_g01_c01.,6,2,2,0,39,0,1,indian
v_CricketShot_g02_c01.,8,5,3,2,31,0,1,indian
v_CricketShot_g03_c01.,0,0,0,18,32,0,0,indian
v_CricketShot_g04_c01.,0,2,1,0,45,0,2,indian
v_CricketShot_g05_c01,1,0,0,0,49,0,0,indian
v_CricketShot_g06_c01,2,19,9,0,1,11,8,asian
v_CricketShot_g07_c01,17,3,10,6,14,0,0,white
v_CricketShot_g08_c01,0,14,3,2,28,2,1,indian
v_CricketShot_g09_c01,6,2,4,2,36,0,0,indian
v_CricketShot_g10_c01,43,0,7,0,0,0,0,white
v_CricketShot_g11_c01,5,1,6,2,36,0,0,indian
v_CricketShot_g12_c01,0,8,3,2,36,0,1,indian
v_CricketShot_g13_c01,1,0,2,0,47,0,0,indian
v_CricketShot_g14_c01,46,2,0,0,1,0,1,white
v_CricketShot_g15_c01.,1,0,3,0,39,3,4,indian
v_CricketShot_g16_c01.,31,2,5,10,2,0,0,white
v_CricketShot_g17_c01.,13,0,6,1,21,8,1,indian
v_CricketShot_g18_c01.,9,0,6,0,0,25,10,hispanic
v_CricketShot_g19_c01,0,25,5,2,0,16,2,asian
v_CricketShot_g20_c01,0,0,9,1,40,0,0,indian
v_CricketShot_g21_c01.,3,1,4,0,40,0,2,indian
v_CricketShot_g22_c01.,35,3,12,0,0,0,0,white
v_CricketShot_g23_c01,1,1,3,0,43,2,0,indian
v_CricketShot_g24_c01,6,1,1,3,39,0,0,indian
v_CricketShot_g25_c01,2,1,2,0,44,0,1,indian
v_CricketShot_g26_c01,10,1,4,5,27,2,1,indian
v_CricketShot_g27_c01,0,5,0,6,38,0,1,indian
v_CricketShot_g28_c01,0,3,43,2,0,0,2,black
v_CricketShot_g29_c01.,0,5,1,0,42,2,0,indian
v_CricketShot_g30_c01.,0,0,0,23,25,0,2,indian
v_CricketShot_g31_c01,4,1,10,0,35,0,0,indian
v_CricketShot_g32_c01.,10,8,3,0,28,1,0,indian
v_CricketShot_g33_c01,9,11,1,0,29,0,0,indian
v_CricketShot_g34_c01.,12,16,1,1,18,1,1,indian
v_CricketShot_g35_c01,0,3,3,0,42,2,0,indian
v_CricketShot_g36_c01.,0,2,1,2,35,10,0,indian
v_CricketShot_g37_c01,3,10,2,0,27,8,0,indian
v_CricketShot_g38_c01,12,4,1,0,22,11,0,indian
v_CricketShot_g39_c01,1,0,10,4,30,0,5,indian
v_CricketShot_g40_c01,2,3,11,0,31,1,2,indian
v_CricketShot_g41_c01,23,7,4,4,10,0,2,white
v_CricketShot_g42_c01,1,1,2,0,44,2,0,indian
v_CricketShot_g43_c01,0,1,3,0,46,0,0,indian
v_CricketShot_g44_c01,17,12,1,3,7,10,0,white
v_CricketShot_g45_c01,30,4,4,0,0,5,7,white
v_CricketShot_g46_c01,0,0,1,5,38,0,6,indian
v_CricketShot_g47_c01,8,0,4,1,1,9,27,unknown
v_CricketShot_g48_c01,1,5,1,0,43,0,0,indian
v_CricketShot_g49_c01,1,1,1,0,47,0,0,indian
v_CricketShot_g50_c01.,5,3,3,0,34,4,0,indian
v_CricketShot_g51_c01,3,9,27,1,0,3,7,black
v_CricketShot_g52_c01,0,22,3,0,22,0,3,asian
v_CricketShot_g53_c01,1,4,1,4,34,5,1,indian
v_CricketShot_g54_c01.,0,3,0,0,44,0,3,indian
v_CricketShot_g55_c01,24,0,6,1,17,0,2,white
v_CricketShot_g56_c01,6,0,9,0,35,0,0,indian
v_CricketShot_g57_c01,18,1,2,5,24,0,0,indian
v_CricketShot_g58_c01.,16,3,1,0,30,0,0,indian
v_CricketShot_g59_c01.,12,14,3,0,21,0,0,indian
v_CricketShot_g60_c01,12,6,4,0,28,0,0,indian
v_CricketShot_g61_c01,2,2,7,1,31,4,3,indian
v_CricketShot_g62_c01.,7,2,4,2,22,6,7,indian
v_CricketShot_g63_c01,0,3,5,1,37,4,0,indian
v_CricketShot_g64_c01,0,2,2,4,37,2,3,indian
v_CricketShot_g65_c01,1,0,4,1,42,0,2,indian
v_CricketShot_g66_c01.,8,3,19,0,17,0,3,black
v_CricketShot_g67_c01,25,0,4,3,6,4,8,white
v_CricketShot_g68_c01,2,0,1,7,39,1,0,indian
v_CricketShot_g69_c01,0,30,0,0,19,0,1,asian
v_CricketShot_g70_c01,0,0,0,0,50,0,0,indian
v_CricketShot_g71_c01,0,0,0,1,49,0,0,indian
v_CricketShot_g72_c01.,0,0,0,0,50,0,0,indian
v_CuttingInKitchen_g01_c01.,8,11,0,1,0,30,0,hispanic
v_CuttingInKitchen_g02_c01,0,0,0,2,48,0,0,indian
v_CuttingInKitchen_g03_c01.,0,0,5,12,4,7,22,middle eastern
v_CuttingInKitchen_g04_c01.,0,6,1,1,1,32,9,hispanic
v_CuttingInKitchen_g05_c01,3,5,26,5,7,4,0,black
v_CuttingInKitchen_g06_c01,3,3,16,7,5,1,15,black
v_CuttingInKitchen_g07_c01,2,2,11,0,15,4,16,indian
v_CuttingInKitchen_g08_c01,7,1,3,13,4,22,0,hispanic
v_CuttingInKitchen_g09_c01,15,0,7,8,0,18,2,hispanic
v_CuttingInKitchen_g10_c01,5,5,2,3,4,18,13,hispanic
v_CuttingInKitchen_g11_c01,0,8,0,0,22,20,0,indian
v_CuttingInKitchen_g12_c01,7,2,1,3,36,0,1,indian
v_CuttingInKitchen_g13_c01,7,6,4,10,18,5,0,indian
v_CuttingInKitchen_g14_c01,0,0,8,3,29,6,4,indian
v_CuttingInKitchen_g15_c01.,8,0,0,0,42,0,0,indian
v_Diving_g01_c01.,23,17,2,3,0,3,2,white
v_Diving_g02_c01,28,6,0,6,4,1,5,white
v_Diving_g03_c01,5,14,0,2,0,9,20,asian
v_Diving_g04_c01,6,14,7,7,5,1,10,asian
v_Diving_g05_c01.,8,28,3,0,0,1,10,asian
v_Diving_g06_c01,0,19,25,0,0,0,6,black
v_Diving_g07_c01,13,15,5,11,0,3,3,asian
v_Diving_g08_c01,14,3,2,1,0,4,26,unknown
v_Diving_g09_c01,4,10,2,0,0,16,18,hispanic
v_Diving_g10_c01,7,1,3,1,1,12,25,unknown
v_Diving_g11_c01,0,0,8,8,26,8,0,indian
v_Diving_g12_c01,0,0,1,39,0,8,2,middle eastern
v_Diving_g13_c01,43,1,1,2,0,0,3,white
v_Diving_g14_c01,14,3,3,11,2,6,11,white
v_Diving_g15_c01,5,8,1,3,16,9,8,indian
v_Diving_g16_c01.,1,3,7,2,6,2,29,unknown
v_Diving_g17_c01,1,0,25,1,0,4,19,black
v_Diving_g18_c01.,2,2,9,4,4,4,25,unknown
v_Diving_g19_c01.,8,3,1,5,1,1,31,unknown
v_Diving_g20_c01,15,7,2,0,0,21,5,hispanic
v_Diving_g21_c01,32,5,0,2,0,1,10,white
v_Diving_g22_c01,3,6,0,11,0,25,5,hispanic
v_Diving_g23_c01,18,20,1,6,0,2,3,asian
v_Diving_g24_c01,11,12,0,1,0,25,1,hispanic
v_Diving_g25_c01,0,0,49,0,0,1,0,black
v_Diving_g26_c01,1,6,2,1,0,3,37,unknown
v_Diving_g27_c01,29,2,4,1,0,13,1,white
v_Diving_g28_c01,25,14,0,3,0,6,2,white
v_Diving_g29_c01,3,2,1,0,0,11,33,unknown
v_Diving_g30_c01.,2,1,4,39,1,1,2,middle eastern
v_Diving_g31_c01,26,0,3,1,0,1,19,white
v_Diving_g32_c01,14,0,2,1,0,3,30,unknown
v_Diving_g33_c01.,1,10,6,17,3,12,1,middle eastern
v_Diving_g34_c01.,2,5,1,9,0,11,22,hispanic
v_Diving_g35_c01,8,2,6,2,0,5,27,unknown
v_Diving_g36_c01,4,7,6,3,0,5,25,unknown
v_Diving_g37_c01,0,2,0,0,0,48,0,hispanic
v_Diving_g38_c01,14,28,0,5,0,0,3,asian
v_Diving_g39_c01,20,0,3,3,0,0,24,white
v_Diving_g40_c01.,3,40,1,0,0,2,4,asian
v_Diving_g41_c01.,4,7,8,13,0,9,9,middle eastern
v_Diving_g42_c01,13,3,2,23,0,6,3,middle eastern
v_Diving_g43_c01,50,0,0,0,0,0,0,white
v_Diving_g44_c01,6,0,2,17,0,6,19,middle eastern
v_Diving_g45_c01,15,1,5,6,2,7,14,white
v_Diving_g46_c01,5,0,45,0,0,0,0,black
v_Diving_g47_c01,29,0,0,0,0,21,0,white
v_Diving_g48_c01,16,0,17,2,0,4,11,black
v_Diving_g49_c01,0,5,3,2,10,27,3,hispanic
v_Diving_g50_c01,7,4,2,13,9,3,12,middle eastern
v_Diving_g51_c01.,11,12,9,7,0,3,8,asian
v_Diving_g52_c01.,1,1,1,4,33,1,9,indian
v_Diving_g53_c01,17,0,2,1,0,3,27,unknown
v_Diving_g54_c01.,0,1,5,0,5,2,37,unknown
v_Diving_g55_c01,0,3,7,4,7,9,20,hispanic
v_Diving_g56_c01,3,0,3,0,0,2,42,unknown
v_Diving_g57_c01,0,0,0,0,0,0,50,unknown
v_Diving_g58_c01,37,0,2,1,0,7,3,white
v_Diving_g59_c01,1,0,0,0,0,49,0,hispanic
v_Diving_g60_c01,0,2,45,2,0,0,1,black
v_Diving_g61_c01.,5,0,2,1,0,5,37,unknown
v_Diving_g62_c01,0,32,3,5,0,9,1,asian
v_Diving_g63_c01,2,1,46,0,0,0,1,black
v_Diving_g64_c01,3,8,17,0,1,4,17,black
v_Diving_g65_c01.,43,2,0,0,0,1,4,white
v_Diving_g66_c01,22,10,5,2,0,0,11,white
v_Diving_g67_c01,2,27,5,1,0,7,8,asian
v_Diving_g68_c01,21,16,1,2,0,3,7,white
v_Diving_g69_c01,1,1,3,0,22,1,22,indian
v_Diving_g70_c01,17,16,0,5,2,2,8,white
v_Diving_g71_c01,35,10,0,0,0,2,3,white
v_Diving_g72_c01,10,4,0,7,0,14,15,hispanic
v_Diving_g73_c01,21,1,22,2,1,2,1,black
v_Drumming_g01_c01,1,47,0,0,0,2,0,asian
v_Drumming_g02_c01,3,47,0,0,0,0,0,asian
v_Drumming_g03_c01,23,0,0,7,0,12,8,white
v_Drumming_g04_c01,11,2,2,27,1,5,2,middle eastern
v_Drumming_g05_c01,0,1,49,0,0,0,0,black
v_Drumming_g06_c01,11,8,4,0,0,7,20,white
v_Drumming_g07_c01,3,34,0,12,0,1,0,asian
v_Drumming_g08_c01,3,43,2,0,1,0,1,asian
v_Drumming_g09_c01,0,34,0,0,0,16,0,asian
v_Drumming_g100_c01,42,3,1,0,0,4,0,white
v_Drumming_g101_c01,1,18,3,0,20,8,0,indian
v_Drumming_g102_c01,5,4,21,15,2,3,0,black
v_Drumming_g103_c01,0,0,1,0,49,0,0,indian
v_Drumming_g104_c01,1,42,0,0,0,3,4,asian
v_Drumming_g105_c01,27,21,0,0,0,2,0,white
v_Drumming_g106_c01,9,1,35,2,0,1,2,black
v_Drumming_g107_c01,10,1,38,0,0,1,0,black
v_Drumming_g108_c01,39,2,0,0,0,0,9,white
v_Drumming_g109_c01,0,25,1,0,0,11,13,asian
v_Drumming_g10_c01,0,48,0,0,0,0,1,asian
v_Drumming_g110_c01,44,0,0,0,0,6,0,white
v_Drumming_g111_c01,35,13,1,0,1,0,0,white
v_Drumming_g112_c01,0,5,1,0,1,43,0,hispanic
v_Drumming_g113_c01,24,3,4,1,0,1,17,white
v_Drumming_g114_c01,0,0,50,0,0,0,0,black
v_Drumming_g115_c01.,0,14,10,6,16,2,2,indian
v_Drumming_g116_c01,3,0,1,7,0,1,38,unknown
v_Drumming_g117_c01,10,5,4,0,0,4,27,unknown
v_Drumming_g118_c01,7,2,24,1,0,16,0,black
v_Drumming_g119_c01,1,11,16,0,0,18,4,hispanic
v_Drumming_g11_c01,0,47,0,0,0,0,3,asian
v_Drumming_g120_c01.,1,22,0,0,0,25,2,hispanic
v_Drumming_g121_c01,49,0,0,0,0,0,1,white
v_Drumming_g122_c01,0,2,1,2,41,4,0,indian
v_Drumming_g123_c01,8,38,1,1,0,0,2,asian
v_Drumming_g12_c01,0,44,2,0,0,2,2,asian
v_Drumming_g13_c01,0,1,0,0,0,49,0,hispanic
v_Drumming_g14_c01.,4,0,44,0,0,1,1,black
v_Drumming_g15_c01,19,28,0,1,0,2,0,asian
v_Drumming_g16_c01,45,5,0,0,0,0,0,white
v_Drumming_g17_c01,18,6,2,0,0,2,22,white
v_Drumming_g18_c01,8,3,0,0,0,30,9,hispanic
v_Drumming_g19_c01,3,46,0,0,0,0,1,asian
v_Drumming_g20_c01,0,40,9,1,0,0,0,asian
v_Drumming_g21_c01,1,1,4,0,5,37,2,hispanic
v_Drumming_g22_c01,12,23,0,2,0,8,5,asian
v_Drumming_g23_c01,0,0,0,50,0,0,0,middle eastern
v_Drumming_g24_c01,2,24,0,0,0,24,0,asian
v_Drumming_g25_c01,11,26,1,3,0,1,8,asian
v_Drumming_g26_c01.,12,3,0,0,0,35,0,hispanic
v_Drumming_g27_c01,8,1,0,0,0,40,1,hispanic
v_Drumming_g28_c01,34,0,0,0,0,9,7,white
v_Drumming_g29_c01,33,10,4,0,1,1,1,white
v_Drumming_g30_c01,8,9,2,6,0,25,0,hispanic
v_Drumming_g31_c01,3,5,3,0,28,1,10,indian
v_Drumming_g32_c01,0,50,0,0,0,0,0,asian
v_Drumming_g33_c01,9,6,3,0,7,13,12,hispanic
v_Drumming_g34_c01,13,3,0,0,0,33,1,hispanic
v_Drumming_g35_c01,0,1,20,0,0,29,0,hispanic
v_Drumming_g36_c01,15,21,0,0,0,12,2,asian
v_Drumming_g37_c01,45,0,0,0,0,2,3,white
v_Drumming_g38_c01,40,4,0,1,0,0,5,white
v_Drumming_g39_c01,2,30,0,0,0,13,5,asian
v_Drumming_g40_c01,31,0,6,0,0,13,0,white
v_Drumming_g41_c01.,0,0,42,0,0,8,0,black
v_Drumming_g42_c01,0,3,4,17,11,14,1,middle eastern
v_Drumming_g43_c01,2,3,0,0,0,45,0,hispanic
v_Drumming_g44_c01,3,42,0,0,0,5,0,asian
v_Drumming_g45_c01,3,2,32,5,0,2,6,black
v_Drumming_g46_c01,17,17,2,0,0,1,13,white
v_Drumming_g47_c01,18,6,3,0,0,9,14,white
v_Drumming_g48_c01,1,0,4,2,32,6,5,indian
v_Drumming_g49_c01.,3,37,1,0,5,3,1,asian
v_Drumming_g50_c01,23,0,0,0,0,26,1,hispanic
v_Drumming_g51_c01,10,3,3,6,0,26,2,hispanic
v_Drumming_g52_c01,14,19,2,0,0,15,0,asian
v_Drumming_g53_c01,0,46,0,1,0,3,0,asian
v_Drumming_g54_c01,0,0,46,0,2,0,2,black
v_Drumming_g55_c01,13,0,0,9,0,13,15,white
v_Drumming_g56_c01,31,13,0,0,0,3,3,white
v_Drumming_g57_c01,36,6,1,0,0,4,3,white
v_Drumming_g58_c01,0,43,0,0,0,4,3,asian
v_Drumming_g59_c01,1,0,31,0,0,14,4,black
v_Drumming_g60_c01.,9,10,4,1,0,26,0,hispanic
v_Drumming_g61_c01,8,2,38,0,0,2,0,black
v_Drumming_g62_c01,0,0,0,0,0,50,0,hispanic
v_Drumming_g63_c01,20,18,1,0,0,11,0,white
v_Drumming_g64_c01,3,0,1,39,1,1,5,middle eastern
v_Drumming_g65_c01.,0,14,3,2,7,15,9,hispanic
v_Drumming_g66_c01,20,13,5,3,0,1,8,white
v_Drumming_g67_c01,0,22,8,17,0,3,0,asian
v_Drumming_g68_c01,19,0,25,0,1,5,0,black
v_Drumming_g69_c01,36,2,10,2,0,0,0,white
v_Drumming_g70_c01.,0,50,0,0,0,0,0,asian
v_Drumming_g71_c01,3,1,35,5,0,6,0,black
v_Drumming_g72_c01,1,4,26,4,0,15,0,black
v_Drumming_g73_c01,35,14,0,1,0,0,0,white
v_Drumming_g74_c01.,39,1,0,0,0,10,0,white
v_Drumming_g75_c01,1,46,1,0,0,1,1,asian
v_Drumming_g76_c01,0,0,0,0,0,50,0,hispanic
v_Drumming_g77_c01,20,0,4,0,0,1,25,unknown
v_Drumming_g78_c01,9,4,3,0,0,33,0,hispanic
v_Drumming_g79_c01.,0,27,0,0,1,22,0,asian
v_Drumming_g80_c01,0,0,50,0,0,0,0,black
v_Drumming_g81_c01,27,20,0,0,0,1,2,white
v_Drumming_g82_c01,0,50,0,0,0,0,0,asian
v_Drumming_g83_c01,0,37,2,0,1,8,2,asian
v_Drumming_g84_c01,1,1,42,3,0,3,0,black
v_Drumming_g85_c01,12,34,2,0,0,2,0,asian
v_Drumming_g86_c01,0,10,1,2,2,28,7,hispanic
v_Drumming_g87_c01,0,12,13,1,2,21,1,hispanic
v_Drumming_g88_c01,5,40,0,0,0,3,2,asian
v_Drumming_g89_c01,24,26,0,0,0,0,0,asian
v_Drumming_g90_c01,0,47,3,0,0,0,0,asian
v_Drumming_g91_c01,18,18,0,0,0,0,14,white
v_Drumming_g92_c01,43,3,1,0,0,0,3,white
v_Drumming_g93_c01,2,44,0,0,0,4,0,asian
v_Drumming_g94_c01.,0,47,0,3,0,0,0,asian
v_Drumming_g95_c01,0,0,50,0,0,0,0,black
v_Drumming_g96_c01,0,0,50,0,0,0,0,black
v_Drumming_g97_c01,0,0,49,0,0,1,0,black
v_Drumming_g98_c01,43,0,0,1,0,1,5,white
v_Drumming_g99_c01,44,0,2,0,0,3,1,white
v_Fencing_g01_c01,21,14,0,1,0,0,14,white
v_Fencing_g02_c01,3,17,16,2,0,2,10,asian
v_Fencing_g03_c01.,1,0,0,0,49,0,0,indian
v_Fencing_g04_c01,0,2,0,5,0,38,5,hispanic
v_Fencing_g05_c01,4,2,3,1,35,2,3,indian
v_Fencing_g06_c01.,1,0,1,1,0,40,7,hispanic
v_Fencing_g07_c01,10,0,3,3,0,32,2,hispanic
v_Fencing_g08_c01,10,1,1,1,8,14,15,hispanic
v_Fencing_g09_c01,1,0,0,0,0,49,0,hispanic
v_Fencing_g10_c01.,12,23,3,2,0,1,9,asian
v_Fencing_g11_c01,0,0,30,15,0,0,5,black
v_Fencing_g12_c01.,2,0,42,1,0,1,4,black
v_Fencing_g13_c01,0,14,1,0,0,35,0,hispanic
v_Fencing_g14_c01,15,1,7,22,1,3,1,middle eastern
v_Fencing_g15_c01,39,1,2,2,0,3,3,white
v_Fencing_g16_c01,12,2,11,7,3,12,3,white
v_Fencing_g17_c01,0,3,46,0,0,0,1,black
v_Fencing_g18_c01,0,0,0,15,31,2,2,indian
v_Fencing_g19_c01,2,6,10,23,0,2,7,middle eastern
v_Fencing_g20_c01,0,0,0,32,17,1,0,middle eastern
v_Fencing_g21_c01,9,29,8,1,1,2,0,asian
v_Fencing_g22_c01,12,23,1,2,3,3,6,asian
v_Fencing_g23_c01,1,35,0,5,0,1,8,asian
v_Fencing_g24_c01,17,2,3,0,0,28,0,hispanic
v_Fencing_g25_c01.,3,1,23,7,3,13,0,black
v_Fencing_g26_c01,48,0,0,0,0,0,2,white
v_Fencing_g27_c01,20,0,23,3,0,2,2,black
v_Fencing_g28_c01,8,27,13,0,1,0,1,asian
v_Fencing_g29_c01,6,1,2,1,0,34,6,hispanic
v_Fencing_g30_c01,19,6,2,13,4,3,3,white
v_Fencing_g31_c01,27,0,0,0,0,23,0,white
v_Fencing_g32_c01,31,6,3,1,0,3,6,white
v_Fencing_g33_c01,0,0,23,0,0,23,4,black
v_Fencing_g34_c01,1,5,1,0,0,34,9,hispanic
v_Fencing_g35_c01,45,0,0,0,0,2,3,white
v_Fencing_g36_c01,2,16,8,2,0,2,20,asian
v_Fencing_g37_c01,19,18,1,3,2,5,2,white
v_Fencing_g38_c01,2,12,3,25,3,0,5,middle eastern
v_Fencing_g39_c01,1,16,3,2,1,5,22,asian
v_Fencing_g40_c01,20,16,4,6,0,1,3,white
v_Fencing_g41_c01.,7,6,7,0,0,26,4,hispanic
v_Fencing_g42_c01,0,48,2,0,0,0,0,asian
v_Fencing_g43_c01,46,1,2,0,0,0,1,white
v_Fencing_g44_c01,0,0,16,0,0,0,34,unknown
v_Fencing_g45_c01,27,10,5,7,0,0,1,white
v_Fencing_g46_c01.,4,18,27,1,0,0,0,black
v_Fencing_g47_c01,50,0,0,0,0,0,0,white
v_Fencing_g48_c01,8,0,1,0,5,31,5,hispanic
v_Fencing_g49_c01,7,35,2,1,2,1,2,asian
v_Fencing_g50_c01,0,19,17,7,5,1,1,asian
v_Fencing_g51_c01,24,0,2,11,0,13,0,white
v_Fencing_g52_c01.,32,0,17,0,0,1,0,white
v_Fencing_g53_c01,44,1,2,0,0,1,2,white
v_Fencing_g54_c01,22,4,6,2,0,9,7,white
v_Fencing_g55_c01,34,0,10,1,0,3,2,white
v_Fencing_g56_c01,0,0,0,0,0,50,0,hispanic
v_Fencing_g57_c01.,1,0,0,0,0,42,7,hispanic
v_Fencing_g58_c01,40,1,0,1,0,1,7,white
v_Fencing_g59_c01,0,10,6,31,0,0,3,middle eastern
v_Fencing_g60_c01,0,4,3,7,36,0,0,indian
v_Fencing_g61_c01,0,0,35,2,4,9,0,black
v_Fencing_g62_c01,3,27,8,1,2,1,8,asian
v_Fencing_g63_c01.,4,0,2,0,2,11,31,unknown
v_Fencing_g64_c01,0,2,45,2,0,0,1,black
v_Fencing_g65_c01,1,0,2,42,0,5,0,middle eastern
v_Fencing_g66_c01,21,3,0,22,0,4,0,middle eastern
v_Fencing_g67_c01.,8,0,0,0,0,21,21,hispanic
v_Fencing_g68_c01,6,0,1,43,0,0,0,middle eastern
v_Fencing_g69_c01,25,15,3,1,0,0,6,white
v_Fencing_g70_c01,22,6,4,3,0,0,15,white
v_Fencing_g71_c01,1,40,4,1,1,2,1,asian
v_Fencing_g72_c01.,26,0,2,1,0,4,17,white
v_Fencing_g73_c01,27,5,2,3,0,4,9,white
v_Fencing_g74_c01,7,5,4,7,3,1,23,white
v_Fencing_g75_c01,34,0,2,0,2,7,5,white
v_Fencing_g76_c01,41,0,0,2,0,4,3,white
v_Fencing_g77_c01,6,42,0,0,0,0,2,asian
v_Fencing_g78_c01,0,48,0,2,0,0,0,asian
v_Fencing_g79_c01,0,26,1,2,0,0,21,asian
v_FieldHockeyPenalty_g01_c01.,21,7,12,0,3,2,5,white
v_FieldHockeyPenalty_g02_c01,10,5,32,0,0,2,1,black
v_FieldHockeyPenalty_g03_c01,46,0,3,0,0,1,0,white
v_FieldHockeyPenalty_g04_c01.,21,4,6,2,0,3,14,white
v_FieldHockeyPenalty_g05_c01,27,3,13,3,0,3,1,white
v_FieldHockeyPenalty_g06_c01,0,0,5,0,28,0,17,indian
v_FieldHockeyPenalty_g07_c01,0,5,11,0,33,1,0,indian
v_FieldHockeyPenalty_g08_c01,8,7,20,1,7,4,3,black
v_FieldHockeyPenalty_g09_c01,10,0,6,0,0,25,9,hispanic
v_FieldHockeyPenalty_g10_c01,4,2,43,0,0,1,0,black
v_FieldHockeyPenalty_g11_c01,14,1,24,1,6,1,3,black
v_FieldHockeyPenalty_g12_c01,21,5,13,0,5,3,3,white
v_FieldHockeyPenalty_g13_c01,19,4,7,0,13,7,0,white
v_FieldHockeyPenalty_g14_c01,8,0,40,0,0,0,2,black
v_FieldHockeyPenalty_g15_c01,0,1,2,12,35,0,0,indian
v_FieldHockeyPenalty_g16_c01,25,0,0,0,0,1,24,white
v_FieldHockeyPenalty_g17_c01,5,7,30,0,2,5,1,black
v_FieldHockeyPenalty_g18_c01,3,1,15,3,25,0,3,indian
v_FieldHockeyPenalty_g19_c01.,0,0,16,0,34,0,0,indian
v_FieldHockeyPenalty_g20_c01,18,4,6,4,0,9,9,white
v_FieldHockeyPenalty_g21_c01,21,0,6,12,0,11,0,white
v_FieldHockeyPenalty_g22_c01,0,11,0,21,16,1,1,middle eastern
v_FieldHockeyPenalty_g23_c01,0,0,0,1,49,0,0,indian
v_FieldHockeyPenalty_g24_c01,0,47,0,0,0,0,3,asian
v_FieldHockeyPenalty_g25_c01.,7,4,27,0,7,4,1,black
v_FieldHockeyPenalty_g26_c01,40,1,3,1,3,0,2,white
v_FieldHockeyPenalty_g27_c01,0,1,5,11,0,33,0,hispanic
v_FieldHockeyPenalty_g28_c01,29,6,11,0,1,2,1,white
v_FieldHockeyPenalty_g29_c01,38,2,8,0,0,0,2,white
v_FieldHockeyPenalty_g30_c01,12,6,28,1,0,0,3,black
v_FieldHockeyPenalty_g31_c01,0,0,0,0,0,0,49,unknown
v_FieldHockeyPenalty_g32_c01.,0,4,2,0,42,1,1,indian
v_FieldHockeyPenalty_g33_c01,9,2,27,0,1,0,11,black
v_FieldHockeyPenalty_g34_c01,20,5,4,0,0,15,6,white
v_FieldHockeyPenalty_g35_c01,8,39,1,0,0,2,0,asian
v_FieldHockeyPenalty_g36_c01,0,0,4,0,41,5,0,indian
v_FieldHockeyPenalty_g37_c01,0,0,0,0,50,0,0,indian
v_FieldHockeyPenalty_g38_c01,0,1,0,23,15,9,2,middle eastern
v_FieldHockeyPenalty_g39_c01,1,3,1,0,45,0,0,indian
v_FieldHockeyPenalty_g40_c01,8,7,11,2,20,2,0,indian
v_FieldHockeyPenalty_g41_c01,9,3,5,0,31,2,0,indian
v_FieldHockeyPenalty_g42_c01.,13,10,21,0,6,0,0,black
v_FieldHockeyPenalty_g43_c01.,0,0,0,0,50,0,0,indian
v_FieldHockeyPenalty_g44_c01,8,5,7,0,30,0,0,indian
v_FieldHockeyPenalty_g45_c01,2,5,18,1,16,1,7,black
v_FieldHockeyPenalty_g46_c01,14,15,4,0,0,3,14,asian
v_FieldHockeyPenalty_g47_c01,0,0,1,0,49,0,0,indian
v_FieldHockeyPenalty_g48_c01,0,0,6,0,41,2,1,indian
v_FieldHockeyPenalty_g49_c01,6,6,31,0,0,1,6,black
v_FieldHockeyPenalty_g50_c01,0,24,3,0,0,5,18,asian
v_FieldHockeyPenalty_g51_c01,0,0,11,0,39,0,0,indian
v_FieldHockeyPenalty_g52_c01.,11,6,21,2,0,0,10,black
v_FieldHockeyPenalty_g53_c01,17,1,4,3,0,0,25,unknown
v_FieldHockeyPenalty_g54_c01,0,2,2,3,5,0,38,unknown
v_FieldHockeyPenalty_g55_c01,0,0,0,3,0,47,0,hispanic
v_FieldHockeyPenalty_g56_c01,6,0,28,0,7,8,1,black
v_FieldHockeyPenalty_g57_c01,0,1,29,0,20,0,0,black
v_FieldHockeyPenalty_g58_c01,0,0,26,1,22,0,1,black
v_FieldHockeyPenalty_g59_c01,0,2,0,0,46,2,0,indian
v_FieldHockeyPenalty_g60_c01,2,1,1,0,32,3,11,indian
v_FieldHockeyPenalty_g61_c01,5,2,3,0,0,32,8,hispanic
v_FieldHockeyPenalty_g62_c01,3,3,3,12,28,0,1,indian
v_FieldHockeyPenalty_g63_c01,2,1,43,0,0,4,0,black
v_FieldHockeyPenalty_g64_c01,3,8,1,0,0,38,0,hispanic
v_FieldHockeyPenalty_g65_c01.,2,0,3,15,29,0,1,indian
v_FieldHockeyPenalty_g66_c01,2,1,3,12,32,0,0,indian
v_FieldHockeyPenalty_g67_c01,0,0,0,0,50,0,0,indian
v_FieldHockeyPenalty_g68_c01,6,4,9,1,0,2,28,unknown
v_FieldHockeyPenalty_g69_c01,0,0,32,0,17,1,0,black
v_FieldHockeyPenalty_g70_c01,14,11,11,1,8,5,0,white
v_FieldHockeyPenalty_g71_c01.,13,10,7,0,18,1,1,indian
v_FieldHockeyPenalty_g72_c01,7,5,25,0,8,1,4,black
v_FieldHockeyPenalty_g73_c01,10,10,18,0,8,3,1,black
v_FieldHockeyPenalty_g74_c01,9,11,24,0,3,1,2,black
v_FieldHockeyPenalty_g75_c01,4,14,2,0,28,2,0,indian
v_FieldHockeyPenalty_g76_c01,11,1,31,0,0,3,4,black
v_FieldHockeyPenalty_g77_c01,25,0,19,0,0,0,6,white
v_FieldHockeyPenalty_g78_c01,12,4,26,0,3,5,0,black
v_FieldHockeyPenalty_g79_c01,10,7,19,0,8,6,0,black
v_FieldHockeyPenalty_g80_c01,0,0,4,1,41,4,0,indian
v_FieldHockeyPenalty_g81_c01,0,3,2,0,45,0,0,indian
v_FieldHockeyPenalty_g82_c01,0,12,1,1,31,5,0,indian
v_FieldHockeyPenalty_g83_c01,0,0,6,0,42,0,2,indian
v_FieldHockeyPenalty_g84_c01,0,0,0,0,50,0,0,indian
v_FieldHockeyPenalty_g85_c01,1,0,0,0,44,0,5,indian
v_FieldHockeyPenalty_g86_c01,0,0,0,0,50,0,0,indian
v_FloorGymnastics_g01_c01,8,7,1,1,0,0,33,unknown
v_FloorGymnastics_g02_c01.,4,17,12,0,1,12,4,asian
v_FloorGymnastics_g03_c01,13,0,26,0,0,8,3,black
v_FloorGymnastics_g04_c01.,0,21,0,1,22,6,0,indian
v_FloorGymnastics_g05_c01,8,3,7,0,0,0,32,unknown
v_FloorGymnastics_g06_c01,3,15,2,0,5,0,25,unknown
v_FloorGymnastics_g07_c01,6,7,21,9,0,7,0,black
v_FloorGymnastics_g08_c01,23,21,3,0,1,2,0,white
v_FloorGymnastics_g09_c01,46,0,2,0,0,1,1,white
v_FloorGymnastics_g10_c01,45,2,0,1,0,1,1,white
v_FloorGymnastics_g11_c01,17,10,0,1,0,0,22,white
v_FloorGymnastics_g12_c01,27,7,2,3,0,3,8,white
v_FloorGymnastics_g13_c01,2,6,4,4,0,9,25,unknown
v_FloorGymnastics_g14_c01,15,11,0,0,1,7,16,white
v_FloorGymnastics_g15_c01,2,29,8,0,5,6,0,asian
v_FloorGymnastics_g16_c01,13,15,4,1,0,0,17,asian
v_FloorGymnastics_g17_c01,9,35,2,0,1,1,2,asian
v_FloorGymnastics_g18_c01.,2,11,0,2,0,2,33,unknown
v_FloorGymnastics_g19_c01,13,27,4,0,2,0,4,asian
v_FloorGymnastics_g20_c01,16,6,24,0,0,0,4,black
v_FloorGymnastics_g21_c01,0,21,27,0,0,0,2,black
v_FloorGymnastics_g22_c01.,4,5,11,1,0,0,29,unknown
v_FloorGymnastics_g23_c01,18,29,1,0,0,2,0,asian
v_FloorGymnastics_g24_c01,29,6,1,6,0,1,7,white
v_FloorGymnastics_g25_c01,33,10,0,0,0,3,4,white
v_FloorGymnastics_g26_c01.,0,20,3,5,21,0,1,indian
v_FloorGymnastics_g27_c01,0,0,0,0,0,50,0,hispanic
v_FloorGymnastics_g28_c01,4,37,5,0,1,0,3,asian
v_FloorGymnastics_g29_c01,0,41,7,0,0,0,2,asian
v_FloorGymnastics_g30_c01,24,7,6,0,0,0,13,white
v_FloorGymnastics_g31_c01,25,5,0,0,0,0,20,white
v_FloorGymnastics_g32_c01,1,46,0,2,0,1,0,asian
v_FloorGymnastics_g33_c01,0,21,0,0,29,0,0,indian
v_FloorGymnastics_g34_c01,10,25,12,1,0,0,2,asian
v_FloorGymnastics_g35_c01,1,20,19,0,0,1,9,asian
v_FloorGymnastics_g36_c01.,12,34,2,0,0,0,2,asian
v_FloorGymnastics_g37_c01,10,29,1,0,6,0,4,asian
v_FloorGymnastics_g38_c01,12,15,9,3,3,4,4,asian
v_FloorGymnastics_g39_c01.,8,8,19,0,0,0,15,black
v_FloorGymnastics_g40_c01,8,36,1,3,0,1,1,asian
v_FloorGymnastics_g41_c01,10,0,13,0,0,0,27,unknown
v_FloorGymnastics_g42_c01,13,0,3,0,0,0,34,unknown
v_FloorGymnastics_g43_c01.,10,31,6,0,0,1,2,asian
v_FloorGymnastics_g44_c01,2,12,2,11,11,3,9,asian
v_FloorGymnastics_g45_c01.,7,10,27,0,0,4,2,black
v_FloorGymnastics_g46_c01,34,2,0,6,0,4,4,white
v_FloorGymnastics_g47_c01,28,6,7,0,0,0,9,white
v_FloorGymnastics_g48_c01,38,1,7,0,1,1,2,white
v_FloorGymnastics_g49_c01,3,27,6,0,0,2,12,asian
v_FloorGymnastics_g50_c01,19,17,9,0,0,0,5,white
v_FloorGymnastics_g51_c01,10,5,34,0,0,0,1,black
v_FloorGymnastics_g52_c01,0,4,45,0,0,0,1,black
v_FloorGymnastics_g53_c01,18,4,5,0,0,0,23,white
v_FloorGymnastics_g54_c01,0,1,1,12,13,9,14,indian
v_FloorGymnastics_g55_c01,5,11,5,1,0,11,17,asian
v_FloorGymnastics_g56_c01.,20,4,1,0,0,5,20,white
v_FloorGymnastics_g57_c01,38,6,4,0,0,0,2,white
v_FloorGymnastics_g58_c01,39,6,4,0,0,0,1,white
v_FloorGymnastics_g59_c01,10,40,0,0,0,0,0,asian
v_FloorGymnastics_g60_c01,8,13,5,1,2,3,18,asian
v_FloorGymnastics_g61_c01,1,5,22,0,0,5,17,black
v_FloorGymnastics_g62_c01,3,44,1,0,1,1,0,asian
v_FloorGymnastics_g63_c01.,0,31,0,1,18,0,0,asian
v_FloorGymnastics_g64_c01,0,42,1,1,3,1,2,asian
v_FloorGymnastics_g65_c01.,19,7,2,0,0,11,11,white
v_FloorGymnastics_g66_c01,1,18,11,3,11,1,5,asian
v_FloorGymnastics_g67_c01,17,7,14,0,0,0,12,white
v_FloorGymnastics_g68_c01,3,13,9,0,0,3,22,asian
v_FloorGymnastics_g69_c01,15,21,11,0,0,0,3,asian
v_FloorGymnastics_g70_c01,3,5,34,0,0,6,2,black
v_FloorGymnastics_g71_c01,7,20,3,3,1,4,12,asian
v_FloorGymnastics_g72_c01,27,3,19,0,0,1,0,white
v_FrisbeeCatch_g01_c01.,1,29,6,0,0,9,5,asian
v_FrisbeeCatch_g02_c01,23,3,1,0,0,23,0,white
v_FrisbeeCatch_g03_c01,21,2,27,0,0,0,0,black
v_FrisbeeCatch_g04_c01.,32,7,6,0,0,4,1,white
v_FrisbeeCatch_g05_c01,29,3,2,1,0,6,9,white
v_FrisbeeCatch_g06_c01,2,2,3,0,0,1,42,unknown
v_FrisbeeCatch_g07_c01,3,1,46,0,0,0,0,black
v_FrisbeeCatch_g08_c01,2,17,5,6,0,7,13,asian
v_FrisbeeCatch_g09_c01,45,0,0,0,0,1,4,white
v_FrisbeeCatch_g10_c01,15,4,16,6,0,4,5,black
v_FrisbeeCatch_g11_c01,22,2,4,0,0,7,15,white
v_FrisbeeCatch_g12_c01,0,10,0,2,35,2,1,indian
v_FrisbeeCatch_g13_c01,10,18,8,0,0,1,13,asian
v_FrisbeeCatch_g14_c01,27,1,3,16,0,1,2,white
v_FrisbeeCatch_g15_c01,10,2,25,2,0,6,5,black
v_FrisbeeCatch_g16_c01,14,0,4,3,0,4,25,unknown
v_FrisbeeCatch_g17_c01,0,0,0,0,0,0,50,unknown
v_FrisbeeCatch_g18_c01,15,0,2,0,0,1,32,unknown
v_FrisbeeCatch_g19_c01,3,8,26,3,4,1,5,black
v_FrisbeeCatch_g20_c01,25,5,0,4,0,4,12,white
v_FrisbeeCatch_g21_c01,20,1,13,0,0,8,8,white
v_FrisbeeCatch_g22_c01,6,3,8,1,1,16,15,hispanic
v_FrisbeeCatch_g23_c01,3,2,0,0,0,0,45,unknown
v_FrisbeeCatch_g24_c01,1,0,4,0,0,2,43,unknown
v_FrisbeeCatch_g25_c01,4,0,24,0,0,0,22,black
v_FrisbeeCatch_g26_c01,6,8,23,0,0,4,9,black
v_FrisbeeCatch_g27_c01.,20,0,10,0,2,11,7,white
v_FrisbeeCatch_g28_c01,11,3,35,0,0,0,1,black
v_FrisbeeCatch_g29_c01.,5,5,10,1,0,4,25,unknown
v_FrisbeeCatch_g30_c01.,41,2,1,0,0,3,3,white
v_FrisbeeCatch_g31_c01,17,4,18,0,0,10,1,black
v_FrisbeeCatch_g32_c01,4,0,40,0,0,3,3,black
v_FrisbeeCatch_g33_c01,21,2,13,0,0,11,3,white
v_FrisbeeCatch_g34_c01,4,3,38,0,0,0,5,black
v_FrisbeeCatch_g35_c01,3,8,2,0,0,18,19,hispanic
v_FrisbeeCatch_g36_c01,12,5,1,2,0,2,28,unknown
v_FrisbeeCatch_g37_c01,22,0,11,1,0,16,0,white
v_FrisbeeCatch_g38_c01.,30,1,0,1,0,11,7,white
v_FrisbeeCatch_g39_c01,9,5,7,1,0,8,20,white
v_FrisbeeCatch_g40_c01,2,0,0,0,0,1,47,unknown
v_FrisbeeCatch_g41_c01,0,1,31,0,0,11,7,black
v_FrisbeeCatch_g42_c01,11,27,1,0,0,5,6,asian
v_FrisbeeCatch_g43_c01,1,0,6,0,0,0,43,unknown
v_FrisbeeCatch_g44_c01,4,8,8,0,0,3,27,unknown
v_FrisbeeCatch_g45_c01,15,1,2,0,0,17,15,hispanic
v_FrisbeeCatch_g46_c01,9,4,31,0,0,3,3,black
v_FrisbeeCatch_g47_c01,8,4,6,0,0,13,19,hispanic
v_FrisbeeCatch_g48_c01,31,8,0,0,0,10,1,white
v_FrisbeeCatch_g49_c01,17,5,19,1,0,1,7,black
v_FrisbeeCatch_g50_c01.,0,0,0,0,0,0,50,unknown
v_FrisbeeCatch_g51_c01,7,8,5,0,1,10,19,hispanic
v_FrisbeeCatch_g52_c01,0,0,8,0,0,0,42,unknown
v_FrisbeeCatch_g53_c01,3,0,46,0,0,1,0,black
v_FrisbeeCatch_g54_c01,19,18,7,0,0,1,5,white
v_FrisbeeCatch_g55_c01,10,0,35,0,0,2,3,black
v_FrisbeeCatch_g56_c01,19,6,10,2,0,10,3,white
v_FrisbeeCatch_g57_c01,15,4,15,2,0,11,3,white
v_FrisbeeCatch_g58_c01,8,5,26,2,0,8,1,black
v_FrisbeeCatch_g59_c01,7,4,14,4,0,5,16,black
v_FrisbeeCatch_g60_c01,4,12,19,1,0,0,14,black
v_FrisbeeCatch_g61_c01,25,3,3,3,0,1,15,white
v_FrisbeeCatch_g62_c01,22,2,17,0,0,7,2,white
v_FrisbeeCatch_g63_c01,16,9,10,6,0,0,9,white
v_FrisbeeCatch_g64_c01,11,4,2,0,0,31,2,hispanic
v_FrisbeeCatch_g65_c01,12,6,29,1,0,1,1,black
v_FrisbeeCatch_g66_c01,7,1,1,0,0,36,5,hispanic
v_FrisbeeCatch_g67_c01,14,0,28,0,0,0,8,black
v_FrisbeeCatch_g68_c01,9,5,11,0,0,5,20,black
v_FrisbeeCatch_g69_c01,3,2,12,0,0,16,17,hispanic
v_FrisbeeCatch_g70_c01,7,28,11,0,0,0,4,asian
v_FrisbeeCatch_g71_c01,18,11,2,0,0,9,10,white
v_FrisbeeCatch_g72_c01,14,1,8,0,0,6,21,white
v_FrisbeeCatch_g73_c01,14,1,32,0,0,0,3,black
v_FrisbeeCatch_g74_c01.,14,0,2,0,0,32,2,hispanic
v_FrisbeeCatch_g75_c01,4,13,1,0,0,5,27,unknown
v_FrisbeeCatch_g76_c01,3,11,3,2,2,11,18,asian
v_FrisbeeCatch_g77_c01,0,0,5,0,0,0,45,unknown
v_FrisbeeCatch_g78_c01,15,3,14,0,0,3,15,white
v_FrisbeeCatch_g79_c01.,13,5,21,0,0,0,11,black
v_FrisbeeCatch_g80_c01,30,2,11,0,0,5,2,white
v_FrisbeeCatch_g81_c01,2,4,8,0,0,32,4,hispanic
v_FrisbeeCatch_g82_c01,2,25,1,1,0,1,20,asian
v_FrisbeeCatch_g83_c01,1,0,1,0,0,18,30,unknown
v_FrisbeeCatch_g84_c01.,11,7,8,6,0,13,5,hispanic
v_FrontCrawl_g01_c01,28,2,9,3,0,5,3,white
v_FrontCrawl_g02_c01,1,2,37,1,0,0,9,black
v_FrontCrawl_g03_c01,2,16,5,6,11,7,3,asian
v_FrontCrawl_g04_c01,32,9,1,1,0,2,5,white
v_FrontCrawl_g05_c01,0,0,46,2,0,1,1,black
v_FrontCrawl_g06_c01,42,2,5,0,0,0,1,white
v_FrontCrawl_g07_c01,1,0,1,0,0,48,0,hispanic
v_FrontCrawl_g08_c01,34,3,4,0,0,1,8,white
v_FrontCrawl_g09_c01,1,0,49,0,0,0,0,black
v_FrontCrawl_g100_c01,0,1,49,0,0,0,0,black
v_FrontCrawl_g101_c01,2,3,30,1,2,5,7,black
v_FrontCrawl_g102_c01,8,12,4,10,0,8,8,asian
v_FrontCrawl_g103_c01,13,1,2,0,0,28,6,hispanic
v_FrontCrawl_g104_c01,22,12,6,1,0,0,9,white
v_FrontCrawl_g105_c01,4,1,32,0,2,1,10,black
v_FrontCrawl_g106_c01,5,2,10,5,0,22,6,hispanic
v_FrontCrawl_g107_c01.,4,3,26,11,1,0,5,black
v_FrontCrawl_g108_c01,1,12,6,8,0,9,14,asian
v_FrontCrawl_g109_c01,37,12,0,0,0,1,0,white
v_FrontCrawl_g10_c01,4,32,2,0,0,2,10,asian
v_FrontCrawl_g110_c01,20,0,2,4,0,3,21,white
v_FrontCrawl_g111_c01,7,4,1,0,0,0,38,unknown
v_FrontCrawl_g112_c01,1,1,25,0,0,3,20,black
v_FrontCrawl_g113_c01,1,0,34,0,0,3,12,black
v_FrontCrawl_g114_c01,0,2,36,0,3,5,4,black
v_FrontCrawl_g115_c01,21,7,19,1,0,0,2,white
v_FrontCrawl_g116_c01,2,2,37,1,0,3,5,black
v_FrontCrawl_g117_c01.,38,1,6,4,0,1,0,white
v_FrontCrawl_g118_c01.,15,2,24,0,0,9,0,black
v_FrontCrawl_g119_c01,3,0,44,0,0,1,2,black
v_FrontCrawl_g11_c01,11,23,3,5,1,0,7,asian
v_FrontCrawl_g120_c01,0,5,0,0,0,1,44,unknown
v_FrontCrawl_g121_c01,0,0,45,0,1,2,2,black
v_FrontCrawl_g122_c01,32,15,0,0,0,0,3,white
v_FrontCrawl_g123_c01,1,0,49,0,0,0,0,black
v_FrontCrawl_g124_c01.,18,7,0,0,0,14,11,white
v_FrontCrawl_g125_c01.,32,6,0,1,0,5,6,white
v_FrontCrawl_g126_c01,0,0,41,2,0,1,6,black
v_FrontCrawl_g127_c01,15,5,18,4,1,0,7,black
v_FrontCrawl_g128_c01,0,0,49,0,0,0,1,black
v_FrontCrawl_g129_c01.,37,4,1,7,0,1,0,white
v_FrontCrawl_g12_c01,0,1,46,1,0,2,0,black
v_FrontCrawl_g130_c01.,2,23,2,3,1,5,14,asian
v_FrontCrawl_g131_c01,0,2,45,2,0,0,1,black
v_FrontCrawl_g132_c01,10,1,5,3,1,21,9,hispanic
v_FrontCrawl_g133_c01,1,0,16,1,0,29,3,hispanic
v_FrontCrawl_g134_c01,0,0,50,0,0,0,0,black
v_FrontCrawl_g135_c01.,26,6,1,7,0,7,3,white
v_FrontCrawl_g136_c01,3,1,32,0,1,3,10,black
v_FrontCrawl_g137_c01.,7,1,5,0,0,35,2,hispanic
v_FrontCrawl_g138_c01,8,2,2,0,0,6,32,unknown
v_FrontCrawl_g139_c01.,9,20,0,0,0,21,0,hispanic
v_FrontCrawl_g13_c01.,46,0,4,0,0,0,0,white
v_FrontCrawl_g140_c01,2,0,46,0,0,0,2,black
v_FrontCrawl_g141_c01,9,1,38,1,0,0,1,black
v_FrontCrawl_g142_c01,0,1,45,0,1,3,0,black
v_FrontCrawl_g143_c01,32,0,12,4,0,2,0,white
v_FrontCrawl_g144_c01,30,1,0,13,0,4,2,white
v_FrontCrawl_g145_c01,50,0,0,0,0,0,0,white
v_FrontCrawl_g146_c01.,8,28,3,0,0,11,0,asian
v_FrontCrawl_g147_c01.,0,2,43,3,1,0,1,black
v_FrontCrawl_g148_c01,0,50,0,0,0,0,0,asian
v_FrontCrawl_g149_c01.,34,5,3,0,0,1,7,white
v_FrontCrawl_g14_c01,5,4,9,1,5,20,6,hispanic
v_FrontCrawl_g150_c01.,16,20,7,0,0,1,6,asian
v_FrontCrawl_g151_c01.,0,0,50,0,0,0,0,black
v_FrontCrawl_g152_c01,15,8,3,6,0,3,15,white
v_FrontCrawl_g153_c01,1,4,35,0,0,4,6,black
v_FrontCrawl_g154_c01.,0,0,0,0,0,50,0,hispanic
v_FrontCrawl_g155_c01,50,0,0,0,0,0,0,white
v_FrontCrawl_g156_c01,0,6,7,0,0,37,0,hispanic
v_FrontCrawl_g157_c01,0,0,1,0,0,47,2,hispanic
v_FrontCrawl_g158_c01,7,2,15,3,0,6,17,black
v_FrontCrawl_g159_c01,31,1,2,6,0,9,1,white
v_FrontCrawl_g15_c01,3,7,6,4,1,6,23,asian
v_FrontCrawl_g160_c01,0,0,45,5,0,0,0,black
v_FrontCrawl_g161_c01,20,0,2,4,0,3,21,white
v_FrontCrawl_g16_c01,34,16,0,0,0,0,0,white
v_FrontCrawl_g17_c01,6,7,21,9,0,7,0,black
v_FrontCrawl_g18_c01,20,1,22,0,0,6,1,black
v_FrontCrawl_g19_c01,2,1,38,1,0,4,4,black
v_FrontCrawl_g20_c01,3,2,30,4,3,8,0,black
v_FrontCrawl_g21_c01,1,1,41,0,2,3,2,black
v_FrontCrawl_g22_c01,0,0,0,0,0,50,0,hispanic
v_FrontCrawl_g23_c01.,2,0,47,0,0,0,1,black
v_FrontCrawl_g24_c01,7,1,28,2,0,5,7,black
v_FrontCrawl_g25_c01,0,1,41,0,0,2,6,black
v_FrontCrawl_g26_c01.,0,0,50,0,0,0,0,black
v_FrontCrawl_g27_c01,11,0,31,2,0,6,0,black
v_FrontCrawl_g28_c01,0,0,45,5,0,0,0,black
v_FrontCrawl_g29_c01,6,1,30,0,2,5,6,black
v_FrontCrawl_g30_c01,7,0,40,0,0,0,3,black
v_FrontCrawl_g31_c01,1,2,38,5,0,0,4,black
v_FrontCrawl_g32_c01.,3,0,9,38,0,0,0,middle eastern
v_FrontCrawl_g33_c01,1,1,43,3,0,1,1,black
v_FrontCrawl_g34_c01,4,0,43,0,0,3,0,black
v_FrontCrawl_g35_c01,5,3,7,6,0,6,22,black
v_FrontCrawl_g36_c01,6,0,36,2,0,4,2,black
v_FrontCrawl_g37_c01.,1,0,47,0,0,0,2,black
v_FrontCrawl_g38_c01,0,0,46,0,0,2,2,black
v_FrontCrawl_g39_c01,0,0,33,0,0,0,17,black
v_FrontCrawl_g40_c01,0,0,42,1,0,3,4,black
v_FrontCrawl_g41_c01,0,0,2,0,1,0,47,unknown
v_FrontCrawl_g42_c01,2,0,43,1,1,0,3,black
v_FrontCrawl_g43_c01,11,2,14,0,0,23,0,hispanic
v_FrontCrawl_g44_c01,6,2,0,2,1,4,35,unknown
v_FrontCrawl_g45_c01,4,0,46,0,0,0,0,black
v_FrontCrawl_g46_c01.,1,17,6,3,0,0,23,asian
v_FrontCrawl_g47_c01,2,1,32,7,3,0,5,black
v_FrontCrawl_g48_c01,0,1,6,11,0,16,16,hispanic
v_FrontCrawl_g49_c01,11,3,4,0,0,4,28,unknown
v_FrontCrawl_g50_c01,0,0,49,1,0,0,0,black
v_FrontCrawl_g51_c01,15,10,2,0,0,10,13,white
v_FrontCrawl_g52_c01,1,6,1,0,16,25,1,hispanic
v_FrontCrawl_g53_c01,22,2,0,7,0,0,19,white
v_FrontCrawl_g54_c01,0,5,17,23,2,2,1,middle eastern
v_FrontCrawl_g55_c01,14,19,2,0,0,15,0,asian
v_FrontCrawl_g56_c01.,9,1,24,0,0,12,3,black
v_FrontCrawl_g57_c01,8,6,3,12,6,8,7,middle eastern
v_FrontCrawl_g58_c01,1,0,28,0,0,1,20,black
v_FrontCrawl_g59_c01,0,0,46,1,0,2,1,black
v_FrontCrawl_g60_c01,0,0,0,0,0,50,0,hispanic
v_FrontCrawl_g61_c01,0,1,0,47,1,1,0,middle eastern
v_FrontCrawl_g62_c01,6,33,0,1,0,4,6,asian
v_FrontCrawl_g63_c01,17,8,13,0,0,9,3,white
v_FrontCrawl_g64_c01,36,6,4,0,0,4,0,white
v_FrontCrawl_g65_c01,7,0,43,0,0,0,0,black
v_FrontCrawl_g66_c01,17,20,7,0,0,5,1,asian
v_FrontCrawl_g67_c01,17,4,28,0,0,1,0,black
v_FrontCrawl_g68_c01,14,0,24,1,1,2,8,black
v_FrontCrawl_g69_c01.,6,0,33,4,6,1,0,black
v_FrontCrawl_g70_c01,0,1,26,0,0,20,3,black
v_FrontCrawl_g71_c01,0,0,50,0,0,0,0,black
v_FrontCrawl_g72_c01,0,0,50,0,0,0,0,black
v_FrontCrawl_g73_c01,2,2,1,0,0,0,45,unknown
v_FrontCrawl_g74_c01,0,0,39,0,0,2,9,black
v_FrontCrawl_g75_c01,3,0,30,1,0,4,12,black
v_FrontCrawl_g76_c01,10,2,9,0,0,16,13,hispanic
v_FrontCrawl_g77_c01,0,49,0,0,0,1,0,asian
v_FrontCrawl_g78_c01.,30,3,5,1,0,3,8,white
v_FrontCrawl_g79_c01.,2,3,30,1,0,1,13,black
v_FrontCrawl_g80_c01,0,0,35,2,1,3,9,black
v_FrontCrawl_g81_c01.,0,0,50,0,0,0,0,black
v_FrontCrawl_g82_c01,0,1,0,0,0,49,0,hispanic
v_FrontCrawl_g83_c01,0,3,1,4,41,0,1,indian
v_FrontCrawl_g84_c01,0,16,15,0,7,11,1,asian
v_FrontCrawl_g85_c01,7,20,1,8,0,8,6,asian
v_FrontCrawl_g86_c01,20,10,10,1,0,1,8,white
v_FrontCrawl_g87_c01,32,8,7,0,0,1,2,white
v_FrontCrawl_g88_c01,3,0,37,1,0,4,5,black
v_FrontCrawl_g89_c01,1,0,47,2,0,0,0,black
v_FrontCrawl_g90_c01.,13,5,3,26,1,0,2,middle eastern
v_FrontCrawl_g91_c01,0,3,30,2,1,6,8,black
v_FrontCrawl_g92_c01,0,0,42,2,0,0,6,black
v_FrontCrawl_g93_c01,2,4,39,1,0,2,2,black
v_FrontCrawl_g94_c01,6,4,12,2,0,4,22,black
v_FrontCrawl_g95_c01,2,5,35,3,0,3,2,black
v_FrontCrawl_g96_c01,17,27,3,0,0,0,3,asian
v_FrontCrawl_g97_c01,6,3,35,0,0,1,5,black
v_FrontCrawl_g98_c01.,0,0,48,0,0,1,1,black
v_FrontCrawl_g99_c01,7,1,6,4,0,30,2,hispanic
v_GolfSwing_g01_c01,4,5,2,6,1,32,0,hispanic
v_GolfSwing_g02_c01,13,29,4,1,0,1,2,asian
v_GolfSwing_g03_c01,15,21,6,0,1,2,5,asian
v_GolfSwing_g04_c01,24,7,3,0,0,14,2,white
v_GolfSwing_g05_c01,14,15,0,0,0,21,0,hispanic
v_GolfSwing_g06_c01,2,29,14,0,2,0,3,asian
v_GolfSwing_g07_c01,4,8,1,2,0,28,7,hispanic
v_GolfSwing_g08_c01,0,0,28,0,0,0,22,black
v_GolfSwing_g09_c01.,10,20,1,2,0,4,13,asian
v_GolfSwing_g10_c01,2,3,44,0,0,0,1,black
v_GolfSwing_g11_c01,2,28,17,0,1,1,1,asian
v_GolfSwing_g12_c01,0,40,0,0,0,8,2,asian
v_GolfSwing_g13_c01,11,2,4,17,0,15,1,middle eastern
v_GolfSwing_g14_c01,1,49,0,0,0,0,0,asian
v_GolfSwing_g15_c01,9,14,26,0,0,0,1,black
v_GolfSwing_g16_c01,4,5,5,0,0,34,2,hispanic
v_GolfSwing_g17_c01,1,8,1,0,0,35,5,hispanic
v_GolfSwing_g18_c01,22,17,1,0,0,8,2,white
v_GolfSwing_g19_c01,0,0,5,0,1,44,0,hispanic
v_GolfSwing_g20_c01,0,5,11,0,0,33,1,hispanic
v_GolfSwing_g21_c01,4,15,5,2,10,12,2,asian
v_GolfSwing_g22_c01,5,8,9,0,21,6,1,indian
v_GolfSwing_g23_c01,7,10,7,0,0,6,20,asian
v_GolfSwing_g24_c01,28,7,2,0,0,9,4,white
v_GolfSwing_g25_c01,11,3,2,7,0,27,0,hispanic
v_GolfSwing_g26_c01,41,3,0,0,0,0,6,white
v_GolfSwing_g27_c01.,5,6,0,0,0,37,2,hispanic
v_GolfSwing_g28_c01.,0,50,0,0,0,0,0,asian
v_GolfSwing_g29_c01,12,17,0,0,0,1,20,asian
v_GolfSwing_g30_c01,13,31,1,0,0,3,2,asian
v_GolfSwing_g31_c01.,14,14,0,1,0,1,20,white
v_GolfSwing_g32_c01,3,12,28,0,1,0,6,black
v_GolfSwing_g33_c01,17,13,1,0,0,3,16,white
v_GolfSwing_g34_c01,2,11,6,4,3,18,6,hispanic
v_GolfSwing_g35_c01,2,16,3,0,1,28,0,hispanic
v_GolfSwing_g36_c01,28,2,3,0,0,12,5,white
v_GolfSwing_g37_c01,0,1,3,0,34,10,2,indian
v_GolfSwing_g38_c01,0,16,16,0,0,18,0,hispanic
v_GolfSwing_g39_c01,7,11,0,14,0,2,16,middle eastern
v_GolfSwing_g40_c01,0,7,0,0,0,35,8,hispanic
v_GolfSwing_g41_c01.,9,5,3,0,0,3,30,unknown
v_GolfSwing_g42_c01,4,19,17,1,2,2,5,asian
v_GolfSwing_g43_c01,48,0,0,0,0,1,1,white
v_GolfSwing_g44_c01,16,23,6,0,0,5,0,asian
v_GolfSwing_g45_c01,7,13,4,2,0,21,3,hispanic
v_GolfSwing_g46_c01,10,10,7,0,0,10,13,white
v_GolfSwing_g47_c01,7,11,1,2,16,4,9,indian
v_GolfSwing_g48_c01,10,15,7,0,0,13,5,asian
v_GolfSwing_g49_c01.,0,48,0,0,0,0,2,asian
v_GolfSwing_g50_c01,2,25,1,0,2,1,19,asian
v_GolfSwing_g51_c01,3,15,8,0,0,10,14,asian
v_GolfSwing_g52_c01.,3,1,44,0,0,0,2,black
v_GolfSwing_g53_c01,0,48,0,0,0,2,0,asian
v_GolfSwing_g54_c01,1,48,1,0,0,0,0,asian
v_Haircut_g01_c01.,5,2,0,0,37,6,0,indian
v_Haircut_g02_c01.,44,1,0,0,0,4,1,white
v_Haircut_g03_c01.,0,6,0,1,0,43,0,hispanic
v_Haircut_g04_c01.,0,5,0,17,23,5,0,indian
v_Haircut_g05_c01,1,48,0,0,0,1,0,asian
v_Haircut_g06_c01.,1,3,2,13,24,7,0,indian
v_Haircut_g07_c01.,0,0,0,32,10,7,1,middle eastern
v_Haircut_g08_c01.,0,4,0,3,29,14,0,indian
v_Haircut_g09_c01,7,0,0,0,0,2,41,unknown
v_Haircut_g10_c01.,0,3,0,29,15,3,0,middle eastern
v_Haircut_g11_c01.,4,1,0,20,19,5,1,middle eastern
v_Haircut_g12_c01,5,10,1,3,0,25,6,hispanic
v_Haircut_g13_c01,20,1,0,6,0,19,4,white
v_Haircut_g14_c01.,1,21,1,11,14,2,0,asian
v_Haircut_g15_c01.,1,48,0,1,0,0,0,asian
v_Haircut_g16_c01,23,5,0,10,0,8,4,white
v_Haircut_g17_c01.,27,2,0,6,0,9,6,white
v_Haircut_g18_c01,1,0,46,0,0,3,0,black
v_Haircut_g19_c01.,2,4,0,1,0,40,3,hispanic
v_Haircut_g20_c01.,40,0,2,1,0,6,1,white
v_Haircut_g21_c01,23,7,0,20,0,0,0,white
v_Haircut_g22_c01.,0,1,47,0,0,2,0,black
v_Haircut_g23_c01,16,6,4,0,0,0,24,white
v_Haircut_g24_c01,3,12,10,5,10,10,0,asian
v_Haircut_g25_c01,2,5,0,29,4,9,1,middle eastern
v_Haircut_g26_c01,29,3,1,0,1,0,16,white
v_Haircut_g27_c01,0,25,21,0,0,4,0,asian
v_Haircut_g28_c01,7,5,1,4,0,24,9,hispanic
v_Haircut_g29_c01,0,46,0,0,0,4,0,asian
v_Haircut_g30_c01,2,1,46,1,0,0,0,black
v_Haircut_g31_c01,3,4,0,33,0,4,6,middle eastern
v_Haircut_g32_c01,14,19,2,3,0,9,3,asian
v_Haircut_g33_c01,5,12,2,26,0,4,1,middle eastern
v_Haircut_g34_c01,4,0,35,2,0,7,2,black
v_Haircut_g35_c01,0,46,0,3,0,0,1,asian
v_Haircut_g36_c01,0,36,1,1,0,0,12,asian
v_Haircut_g37_c01,16,21,0,6,2,3,2,asian
v_Haircut_g38_c01.,4,11,0,11,20,4,0,indian
v_Haircut_g39_c01.,0,5,0,2,31,11,1,indian
v_Haircut_g40_c01.,9,2,0,31,0,6,2,middle eastern
v_Haircut_g41_c01,9,10,0,23,0,6,2,middle eastern
v_Haircut_g42_c01,1,2,1,6,0,40,0,hispanic
v_Haircut_g43_c01,5,14,1,2,0,28,0,hispanic
v_Haircut_g44_c01.,20,2,3,2,15,1,7,white
v_Haircut_g45_c01.,0,16,0,4,21,8,1,indian
v_Haircut_g46_c01.,25,6,6,8,0,5,0,white
v_Haircut_g47_c01.,8,1,9,2,0,9,21,black
v_Haircut_g48_c01,1,1,45,1,0,0,2,black
v_Haircut_g49_c01.,15,34,1,0,0,0,0,asian
v_Haircut_g50_c01.,0,21,4,1,20,4,0,asian
v_Haircut_g51_c01,1,0,49,0,0,0,0,black
v_Haircut_g52_c01,6,4,0,1,0,8,31,unknown
v_Haircut_g53_c01,0,49,1,0,0,0,0,asian
v_Haircut_g54_c01,3,21,8,10,3,4,1,asian
v_Haircut_g55_c01,0,1,0,0,30,19,0,indian
v_Haircut_g56_c01,0,18,1,0,30,1,0,indian
v_Haircut_g57_c01,4,16,2,1,5,3,19,asian
v_HammerThrow_g01_c01,30,2,0,0,0,6,12,white
v_HammerThrow_g02_c01,3,1,21,0,0,0,25,unknown
v_HammerThrow_g03_c01,0,0,2,0,0,0,48,unknown
v_HammerThrow_g04_c01,2,16,13,7,5,1,6,asian
v_HammerThrow_g05_c01,5,12,5,4,8,8,8,asian
v_HammerThrow_g06_c01,19,13,11,0,3,4,0,white
v_HammerThrow_g07_c01,32,0,11,0,0,3,4,white
v_HammerThrow_g08_c01.,5,1,12,5,0,26,1,hispanic
v_HammerThrow_g09_c01.,0,0,47,0,0,2,1,black
v_HammerThrow_g10_c01,0,0,45,0,0,3,2,black
v_HammerThrow_g11_c01,0,2,45,0,0,0,3,black
v_HammerThrow_g12_c01,5,4,15,6,6,10,4,black
v_HammerThrow_g13_c01,21,4,1,6,5,7,6,white
v_HammerThrow_g14_c01.,5,1,0,1,0,2,41,unknown
v_HammerThrow_g15_c01,12,5,7,1,0,23,2,hispanic
v_HammerThrow_g16_c01.,0,0,50,0,0,0,0,black
v_HammerThrow_g17_c01,1,0,4,36,5,4,0,middle eastern
v_HammerThrow_g18_c01,27,0,0,0,0,23,0,white
v_HammerThrow_g19_c01,3,31,4,0,0,0,12,asian
v_HammerThrow_g20_c01,0,4,32,0,8,4,2,black
v_HammerThrow_g21_c01,0,0,45,0,0,5,0,black
v_HammerThrow_g22_c01.,16,0,11,3,0,5,15,white
v_HammerThrow_g23_c01,31,0,16,0,0,3,0,white
v_HammerThrow_g24_c01,6,2,3,14,0,25,0,hispanic
v_HammerThrow_g25_c01,4,16,12,8,4,0,6,asian
v_HammerThrow_g26_c01,16,2,19,1,0,1,11,black
v_HammerThrow_g27_c01,10,14,13,0,0,10,3,asian
v_HammerThrow_g28_c01,39,1,5,0,0,4,1,white
v_HammerThrow_g29_c01,5,5,1,2,23,11,3,indian
v_HammerThrow_g30_c01,13,4,1,1,0,10,21,white
v_HammerThrow_g31_c01,24,0,1,0,1,23,1,white
v_HammerThrow_g32_c01,0,0,10,0,36,2,2,indian
v_HammerThrow_g33_c01,0,2,3,0,41,4,0,indian
v_HammerThrow_g34_c01,2,0,1,7,0,33,7,hispanic
v_HammerThrow_g35_c01.,0,0,0,41,8,1,0,middle eastern
v_HammerThrow_g36_c01,0,0,0,0,50,0,0,indian
v_HammerThrow_g37_c01,4,0,9,0,20,1,16,indian
v_HammerThrow_g38_c01,22,0,27,0,0,0,1,black
v_HammerThrow_g39_c01,4,16,2,0,1,20,7,hispanic
v_HammerThrow_g40_c01,44,2,1,1,0,2,0,white
v_HammerThrow_g41_c01,30,5,6,1,0,3,5,white
v_HammerThrow_g42_c01,2,27,20,0,1,0,0,asian
v_HammerThrow_g43_c01,10,6,5,0,0,0,29,unknown
v_HammerThrow_g44_c01,9,0,26,0,2,5,8,black
v_HammerThrow_g45_c01,29,5,8,0,0,7,1,white
v_HammerThrow_g46_c01.,0,0,0,12,38,0,0,indian
v_HammerThrow_g47_c01,34,4,3,1,0,3,5,white
v_HammerThrow_g48_c01.,28,1,3,8,0,3,7,white
v_HammerThrow_g49_c01.,26,4,3,0,0,7,10,white
v_HammerThrow_g50_c01.,0,0,0,41,7,1,1,middle eastern
v_HammerThrow_g51_c01.,10,4,5,2,0,6,23,white
v_HammerThrow_g52_c01,4,20,15,2,3,4,2,asian
v_HammerThrow_g53_c01,3,5,21,0,16,4,1,black
v_HammerThrow_g54_c01,4,4,14,0,0,11,17,black
v_HammerThrow_g55_c01,26,7,15,1,0,1,0,white
v_HammerThrow_g56_c01.,32,4,2,0,0,5,7,white
v_HammerThrow_g57_c01,0,1,7,0,36,6,0,indian
v_HammerThrow_g58_c01,9,39,2,0,0,0,0,asian
v_HammerThrow_g59_c01,13,15,14,0,1,6,1,asian
v_HammerThrow_g60_c01,16,20,2,2,2,6,2,asian
v_HammerThrow_g61_c01,8,5,33,0,0,1,3,black
v_HammerThrow_g62_c01,1,0,0,42,0,7,0,middle eastern
v_HammerThrow_g63_c01,10,2,25,0,2,10,1,black
v_HammerThrow_g64_c01,0,2,23,0,0,14,11,black
v_HammerThrow_g65_c01,50,0,0,0,0,0,0,white
v_HammerThrow_g66_c01,37,2,3,0,0,5,3,white
v_HammerThrow_g67_c01,0,48,0,0,0,2,0,asian
v_HammerThrow_g68_c01.,2,17,16,1,10,0,4,asian
v_HammerThrow_g69_c01,25,3,10,0,0,5,7,white
v_HammerThrow_g70_c01.,0,0,15,3,12,0,20,black
v_HammerThrow_g71_c01,36,3,5,0,0,1,5,white
v_HammerThrow_g72_c01,8,9,7,4,0,3,19,asian
v_HammerThrow_g73_c01,0,2,45,2,0,0,1,black
v_HammerThrow_g74_c01,0,0,0,0,0,0,50,unknown
v_HammerThrow_g75_c01,2,12,7,0,27,1,1,indian
v_HammerThrow_g76_c01,20,7,3,7,1,1,11,white
v_HammerThrow_g77_c01,34,0,1,2,0,0,13,white
v_HammerThrow_g78_c01,0,0,47,0,0,0,3,black
v_HammerThrow_g79_c01.,0,4,5,0,41,0,0,indian
v_HammerThrow_g80_c01,7,2,37,0,0,0,4,black
v_HammerThrow_g81_c01,39,5,2,0,0,1,3,white
v_HammerThrow_g82_c01.,1,7,6,18,3,6,9,middle eastern
v_HammerThrow_g83_c01,0,1,2,37,9,0,1,middle eastern
v_HammerThrow_g84_c01,8,2,24,3,0,3,10,black
v_HammerThrow_g85_c01,0,13,5,0,23,0,8,indian
v_HammerThrow_g86_c01.,0,50,0,0,0,0,0,asian
v_HammerThrow_g87_c01,0,0,17,1,0,27,5,hispanic
v_HammerThrow_g88_c01,8,3,21,0,0,4,14,black
v_Hammering_g01_c01,12,0,1,9,0,21,7,hispanic
v_Hammering_g02_c01,31,0,3,1,0,5,10,white
v_Hammering_g03_c01.,0,4,1,9,16,18,2,hispanic
v_Hammering_g04_c01,9,6,2,6,0,0,27,unknown
v_Hammering_g05_c01,2,2,35,1,0,2,8,black
v_Hammering_g06_c01,2,0,2,34,8,3,1,middle eastern
v_Hammering_g07_c01,0,1,32,2,5,4,6,black
v_Hammering_g08_c01,12,2,12,6,15,1,2,indian
v_Hammering_g09_c01,0,0,50,0,0,0,0,black
v_Hammering_g10_c01,4,8,4,2,0,26,6,hispanic
v_Hammering_g11_c01.,4,2,5,0,0,2,37,unknown
v_Hammering_g12_c01,37,0,2,0,0,0,11,white
v_Hammering_g13_c01,50,0,0,0,0,0,0,white
v_Hammering_g14_c01,11,7,2,4,10,1,15,white
v_Hammering_g15_c01,2,0,0,0,0,0,48,unknown
v_Hammering_g16_c01,0,0,36,0,0,14,0,black
v_Hammering_g17_c01,50,0,0,0,0,0,0,white
v_Hammering_g18_c01,22,7,3,0,0,8,10,white
v_Hammering_g19_c01,3,11,15,0,0,2,19,black
v_Hammering_g20_c01,6,0,0,23,2,2,17,middle eastern
v_Hammering_g21_c01,0,0,0,0,0,50,0,hispanic
v_Hammering_g22_c01,1,0,2,0,0,0,47,unknown
v_Hammering_g23_c01.,0,0,0,0,0,0,50,unknown
v_Hammering_g24_c01,5,8,4,0,0,22,11,hispanic
v_Hammering_g25_c01,23,1,4,0,0,12,10,white
v_Hammering_g26_c01.,7,0,1,0,0,29,13,hispanic
v_Hammering_g27_c01,15,1,10,0,0,22,2,hispanic
v_Hammering_g28_c01,6,14,8,5,0,17,0,hispanic
v_Hammering_g29_c01,5,2,1,5,0,30,7,hispanic
v_Hammering_g30_c01,2,0,0,0,46,0,2,indian
v_Hammering_g31_c01,3,3,35,7,0,0,2,black
v_Hammering_g32_c01,0,3,0,1,46,0,0,indian
v_Hammering_g33_c01,0,4,2,1,37,6,0,indian
v_Hammering_g34_c01,3,6,3,12,1,4,21,middle eastern
v_Hammering_g35_c01,8,25,2,0,12,0,3,asian
v_Hammering_g36_c01,27,2,0,0,0,21,0,white
v_Hammering_g37_c01,40,0,10,0,0,0,0,white
v_Hammering_g38_c01,6,26,10,6,0,1,1,asian
v_Hammering_g39_c01,0,2,0,1,0,47,0,hispanic
v_Hammering_g40_c01,0,2,0,0,0,48,0,hispanic
v_Hammering_g41_c01,24,0,10,1,1,12,2,white
v_Hammering_g42_c01,0,4,40,0,0,2,4,black
v_Hammering_g43_c01.,9,1,25,2,0,8,5,black
v_Hammering_g44_c01,22,3,4,13,0,2,6,white
v_Hammering_g45_c01.,13,0,14,16,0,6,1,middle eastern
v_Hammering_g46_c01,2,4,39,1,0,2,2,black
v_Hammering_g47_c01,26,0,5,0,0,17,2,white
v_Hammering_g48_c01,11,1,0,6,0,32,0,hispanic
v_Hammering_g49_c01,7,4,15,3,0,5,16,black
v_Hammering_g50_c01,32,1,0,0,0,17,0,white
v_Hammering_g51_c01,2,47,0,0,0,1,0,asian
v_Hammering_g52_c01,39,3,0,1,0,3,4,white
v_Hammering_g53_c01,0,0,0,0,0,0,50,unknown
v_Hammering_g54_c01,50,0,0,0,0,0,0,white
v_Hammering_g55_c01,31,1,2,1,0,8,7,white
v_Hammering_g56_c01.,2,38,1,0,1,8,0,asian
v_Hammering_g57_c01,0,0,1,8,40,1,0,indian
v_Hammering_g58_c01,37,0,4,7,0,1,1,white
v_Hammering_g59_c01,25,4,16,1,0,2,2,white
v_Hammering_g60_c01,15,16,6,1,0,4,8,asian
v_Hammering_g61_c01,7,0,2,7,0,33,1,hispanic
v_Hammering_g62_c01,4,1,7,3,0,17,18,hispanic
v_Hammering_g63_c01,3,1,5,3,0,5,33,unknown
v_Hammering_g64_c01.,2,1,2,5,2,14,23,hispanic
v_Hammering_g65_c01,4,1,0,36,0,0,9,middle eastern
v_Hammering_g66_c01,14,20,1,0,0,14,1,asian
v_Hammering_g67_c01,12,0,14,0,0,2,22,black
v_Hammering_g68_c01,24,0,2,5,0,15,4,white
v_Hammering_g69_c01,21,7,3,11,0,4,4,white
v_Hammering_g70_c01,28,2,13,1,0,0,6,white
v_Hammering_g71_c01,18,0,4,5,1,0,22,white
v_Hammering_g72_c01,13,0,0,32,5,0,0,middle eastern
v_Hammering_g73_c01,24,6,1,7,0,0,12,white
v_Hammering_g74_c01,4,0,36,2,0,7,1,black
v_Hammering_g75_c01,20,0,4,3,0,4,19,white
v_Hammering_g76_c01,50,0,0,0,0,0,0,white
v_Hammering_g77_c01,50,0,0,0,0,0,0,white
v_Hammering_g78_c01,50,0,0,0,0,0,0,white
v_HandstandPushups_g01_c01,0,14,9,0,0,3,24,asian
v_HandstandPushups_g02_c01,11,16,0,1,0,8,14,asian
v_HandstandPushups_g03_c01,1,3,38,4,0,0,4,black
v_HandstandPushups_g04_c01,24,1,0,0,0,14,11,white
v_HandstandPushups_g05_c01,0,13,1,10,23,2,1,indian
v_HandstandPushups_g06_c01,10,1,34,1,0,3,1,black
v_HandstandPushups_g07_c01,3,41,1,1,0,3,1,asian
v_HandstandPushups_g08_c01,9,23,2,8,0,0,8,asian
v_HandstandPushups_g09_c01.,1,30,0,0,13,3,3,asian
v_HandstandPushups_g10_c01,1,12,33,0,0,0,4,black
v_HandstandPushups_g11_c01,1,3,2,0,0,1,43,unknown
v_HandstandPushups_g12_c01,10,6,2,1,0,20,11,hispanic
v_HandstandPushups_g13_c01,43,0,0,0,0,7,0,white
v_HandstandPushups_g14_c01,1,2,30,0,6,2,9,black
v_HandstandPushups_g15_c01,14,25,2,7,0,1,1,asian
v_HandstandPushups_g16_c01,41,0,2,1,0,4,2,white
v_HandstandPushups_g17_c01,19,7,1,1,3,10,9,white
v_HandstandPushups_g18_c01.,4,11,26,2,1,6,0,black
v_HandstandPushups_g19_c01,2,16,1,2,0,5,24,asian
v_HandstandPushups_g20_c01,0,0,33,0,1,15,1,black
v_HandstandPushups_g21_c01,2,3,0,39,2,1,3,middle eastern
v_HandstandPushups_g22_c01,9,9,10,14,0,8,0,middle eastern
v_HandstandPushups_g23_c01,2,14,9,12,1,6,6,asian
v_HandstandPushups_g24_c01,1,15,1,9,0,10,14,asian
v_HandstandPushups_g25_c01,4,18,1,5,1,7,14,asian
v_HandstandPushups_g26_c01,32,3,0,3,0,11,1,white
v_HandstandPushups_g27_c01,4,26,8,5,0,0,7,asian
v_HandstandPushups_g28_c01,40,5,0,0,2,3,0,white
v_HandstandPushups_g29_c01.,0,6,5,0,35,3,1,indian
v_HandstandPushups_g30_c01,0,5,0,8,36,1,0,indian
v_HandstandPushups_g31_c01,9,24,0,0,0,4,13,asian
v_HandstandPushups_g32_c01,25,6,0,8,0,0,11,white
v_HandstandPushups_g33_c01,1,3,2,38,5,0,1,middle eastern
v_HandstandPushups_g34_c01,0,3,1,0,46,0,0,indian
v_HandstandPushups_g35_c01,35,11,0,1,0,0,3,white
v_HandstandPushups_g36_c01,2,8,25,1,0,1,13,black
v_HandstandPushups_g37_c01.,3,2,2,26,0,0,17,middle eastern
v_HandstandPushups_g38_c01,26,6,0,2,0,16,0,white
v_HandstandPushups_g39_c01,4,5,37,1,0,3,0,black
v_HandstandPushups_g40_c01,17,27,1,1,2,2,0,asian
v_HandstandPushups_g41_c01,1,3,2,9,35,0,0,indian
v_HandstandPushups_g42_c01,18,3,0,0,0,17,12,white
v_HandstandPushups_g43_c01.,0,9,1,5,35,0,0,indian
v_HandstandPushups_g44_c01.,2,9,0,4,34,0,1,indian
v_HandstandPushups_g45_c01,0,4,0,0,9,37,0,hispanic
v_HandstandPushups_g46_c01,4,13,13,0,0,18,2,hispanic
v_HandstandPushups_g47_c01,24,0,4,1,0,10,11,white
v_HandstandPushups_g48_c01,4,30,2,7,3,4,0,asian
v_HandstandPushups_g49_c01,26,2,0,4,0,0,18,white
v_HandstandPushups_g50_c01,5,11,0,4,0,16,14,hispanic
v_HandstandPushups_g51_c01,1,30,0,4,0,0,15,asian
v_HandstandPushups_g52_c01.,37,6,5,0,0,1,1,white
v_HandstandPushups_g53_c01,9,2,1,4,0,30,4,hispanic
v_HandstandPushups_g54_c01,1,6,10,31,0,0,2,middle eastern
v_HandstandPushups_g55_c01.,1,27,3,4,0,1,14,asian
v_HandstandPushups_g56_c01,4,24,1,9,0,0,12,asian
v_HandstandPushups_g57_c01,0,4,2,6,38,0,0,indian
v_HandstandPushups_g58_c01,0,36,8,0,0,0,6,asian
v_HandstandPushups_g59_c01,0,8,0,10,28,4,0,indian
v_HandstandPushups_g60_c01,0,31,0,19,0,0,0,asian
v_HandstandPushups_g61_c01,0,41,0,2,0,7,0,asian
v_HandstandPushups_g62_c01,18,15,3,3,0,1,10,white
v_HandstandPushups_g63_c01,25,1,7,0,0,0,17,white
v_HandstandPushups_g64_c01,10,18,0,14,0,1,7,asian
v_HandstandPushups_g65_c01,0,10,17,0,0,23,0,hispanic
v_HandstandPushups_g66_c01.,0,14,2,6,26,0,2,indian
v_HandstandPushups_g67_c01.,0,19,4,7,2,12,6,asian
v_HandstandPushups_g68_c01.,0,27,1,2,0,2,18,asian
v_HandstandPushups_g69_c01,33,10,0,0,0,4,3,white
v_HandstandPushups_g70_c01,0,9,0,19,0,22,0,hispanic
v_HandstandPushups_g71_c01,0,14,0,5,0,30,1,hispanic
v_HandstandPushups_g72_c01.,0,2,0,46,0,0,2,middle eastern
v_HandstandPushups_g73_c01,0,6,0,25,1,18,0,middle eastern
v_HandstandPushups_g74_c01.,1,43,0,0,2,0,4,asian
v_HandstandPushups_g75_c01,0,0,0,48,2,0,0,middle eastern
v_HandstandPushups_g76_c01,0,31,3,8,3,1,3,asian
v_HandstandPushups_g77_c01,0,8,0,26,0,9,7,middle eastern
v_HandstandPushups_g78_c01,3,7,7,12,18,3,0,indian
v_HandstandPushups_g79_c01,0,3,6,0,0,36,5,hispanic
v_HandstandPushups_g80_c01,24,0,4,1,0,10,11,white
v_HandstandWalking_g01_c01,28,1,1,4,0,5,11,white
v_HandstandWalking_g02_c01,13,0,0,0,0,36,1,hispanic
v_HandstandWalking_g03_c01,1,12,33,0,0,0,4,black
v_HandstandWalking_g04_c01.,0,47,1,0,0,0,2,asian
v_HandstandWalking_g05_c01,2,0,48,0,0,0,0,black
v_HandstandWalking_g06_c01.,39,0,0,0,0,11,0,white
v_HandstandWalking_g07_c01.,0,8,3,5,32,1,1,indian
v_HandstandWalking_g08_c01,5,6,12,5,0,4,17,black
v_HandstandWalking_g09_c01,1,13,3,1,0,0,32,unknown
v_HandstandWalking_g10_c01,0,1,0,2,46,1,0,indian
v_HandstandWalking_g11_c01,6,10,0,0,5,21,8,hispanic
v_HandstandWalking_g12_c01.,38,6,2,1,0,1,2,white
v_HandstandWalking_g13_c01,44,1,0,0,0,3,1,white
v_HandstandWalking_g14_c01,12,11,0,3,0,15,9,hispanic
v_HandstandWalking_g15_c01,20,7,2,0,0,1,20,white
v_HandstandWalking_g16_c01,17,10,0,1,0,0,22,white
v_HandstandWalking_g17_c01,9,8,4,10,0,0,19,middle eastern
v_HandstandWalking_g18_c01,19,7,9,1,0,8,6,white
v_HandstandWalking_g19_c01,2,6,15,1,4,1,21,black
v_HandstandWalking_g20_c01,6,12,3,4,0,0,25,unknown
v_HandstandWalking_g21_c01,11,8,6,9,0,1,15,white
v_HandstandWalking_g22_c01,12,6,0,2,0,0,30,unknown
v_HandstandWalking_g23_c01,0,1,0,1,0,23,25,unknown
v_HandstandWalking_g24_c01,2,12,3,1,30,1,1,indian
v_HandstandWalking_g25_c01,1,18,14,0,2,13,2,asian
v_HandstandWalking_g26_c01,0,3,1,0,46,0,0,indian
v_HandstandWalking_g27_c01,2,22,7,9,0,8,2,asian
v_HandstandWalking_g28_c01,20,9,11,6,0,4,0,white
v_HandstandWalking_g29_c01,1,1,2,2,0,44,0,hispanic
v_HandstandWalking_g30_c01,0,18,15,8,1,7,1,asian
v_HandstandWalking_g31_c01,0,12,2,0,35,0,1,indian
v_HandstandWalking_g32_c01,1,0,0,0,48,0,1,indian
v_HandstandWalking_g33_c01,1,3,6,0,7,33,0,hispanic
v_HandstandWalking_g34_c01,0,5,1,19,23,1,1,indian
v_HandstandWalking_g35_c01,0,10,38,0,0,1,1,black
v_HandstandWalking_g36_c01,2,20,1,19,0,2,6,asian
v_HandstandWalking_g37_c01,16,3,0,7,0,3,21,white
v_HandstandWalking_g38_c01.,4,24,0,9,0,7,6,asian
v_HandstandWalking_g39_c01,5,3,0,7,0,35,0,hispanic
v_HandstandWalking_g40_c01.,29,2,1,15,0,0,3,white
v_HandstandWalking_g41_c01.,36,4,0,0,0,2,8,white
v_HandstandWalking_g42_c01.,9,2,15,0,1,12,11,black
v_HandstandWalking_g43_c01,28,19,0,1,0,1,1,white
v_HandstandWalking_g44_c01.,2,9,0,4,34,0,1,indian
v_HandstandWalking_g45_c01,0,48,0,0,0,2,0,asian
v_HandstandWalking_g46_c01,0,2,0,2,46,0,0,indian
v_HandstandWalking_g47_c01,3,4,8,1,0,13,21,hispanic
v_HandstandWalking_g48_c01,0,5,0,0,41,3,1,indian
v_HandstandWalking_g49_c01,0,31,2,3,14,0,0,asian
v_HandstandWalking_g50_c01,2,9,17,0,0,1,21,black
v_HandstandWalking_g51_c01,3,3,0,4,4,0,36,unknown
v_HandstandWalking_g52_c01,17,3,2,6,0,16,6,white
v_HandstandWalking_g53_c01,7,4,10,7,0,18,4,hispanic
v_HandstandWalking_g54_c01,1,5,6,0,37,0,1,indian
v_HandstandWalking_g55_c01,3,0,47,0,0,0,0,black
v_HandstandWalking_g56_c01,4,9,6,12,3,10,6,middle eastern
v_HandstandWalking_g57_c01,1,16,3,1,0,28,1,hispanic
v_HandstandWalking_g58_c01,5,6,1,0,0,1,37,unknown
v_HandstandWalking_g59_c01,1,5,22,0,0,5,17,black
v_HandstandWalking_g60_c01,2,9,9,23,5,0,2,middle eastern
v_HandstandWalking_g61_c01,48,0,0,0,0,0,2,white
v_HandstandWalking_g62_c01,2,7,3,18,2,15,3,middle eastern
v_HandstandWalking_g63_c01,12,0,0,0,0,38,0,hispanic
v_HandstandWalking_g64_c01.,2,15,2,1,0,15,15,asian
v_HandstandWalking_g65_c01,8,4,0,0,0,32,6,hispanic
v_HandstandWalking_g66_c01,18,5,9,0,0,3,15,white
v_HandstandWalking_g67_c01,0,0,7,0,37,1,5,indian
v_HandstandWalking_g68_c01,1,2,5,21,15,5,1,middle eastern
v_HandstandWalking_g69_c01.,17,1,2,0,0,29,1,hispanic
v_HandstandWalking_g70_c01.,2,7,0,0,0,0,41,unknown
v_HandstandWalking_g71_c01,0,22,0,3,23,1,1,indian
v_HandstandWalking_g72_c01,1,1,1,0,47,0,0,indian
v_HandstandWalking_g73_c01,5,6,1,0,0,1,37,unknown
v_HeadMassage_g01_c01,0,3,0,39,1,7,0,middle eastern
v_HeadMassage_g02_c01,0,0,0,0,50,0,0,indian
v_HeadMassage_g03_c01,2,4,1,0,0,34,9,hispanic
v_HeadMassage_g04_c01,2,26,2,17,0,3,0,asian
v_HeadMassage_g05_c01.,0,0,50,0,0,0,0,black
v_HeadMassage_g06_c01,0,1,0,0,48,1,0,indian
v_HeadMassage_g07_c01,0,0,0,1,47,1,0,indian
v_HeadMassage_g08_c01.,32,7,4,0,0,6,1,white
v_HeadMassage_g09_c01,9,6,2,2,0,21,10,hispanic
v_HeadMassage_g10_c01,0,46,4,0,0,0,0,asian
v_HeadMassage_g11_c01,0,1,0,1,45,3,0,indian
v_HeadMassage_g12_c01.,0,17,1,1,29,2,0,indian
v_HeadMassage_g13_c01,14,2,0,14,0,5,15,white
v_HeadMassage_g14_c01.,0,0,0,0,50,0,0,indian
v_HeadMassage_g15_c01.,2,14,3,0,0,8,23,asian
v_HeadMassage_g16_c01,0,46,0,3,0,0,1,asian
v_HeadMassage_g17_c01.,0,0,0,1,49,0,0,indian
v_HeadMassage_g18_c01,3,0,0,14,0,32,1,hispanic
v_HeadMassage_g19_c01,4,19,2,2,22,0,1,indian
v_HeadMassage_g20_c01.,29,1,14,6,0,0,0,white
v_HeadMassage_g21_c01,0,48,2,0,0,0,0,asian
v_HeadMassage_g22_c01,9,13,3,0,13,7,5,asian
v_HighJump_g01_c01,3,5,3,6,32,1,0,indian
v_HighJump_g02_c01,0,0,2,0,48,0,0,indian
v_HighJump_g03_c01,6,1,2,1,0,0,40,unknown
v_HighJump_g04_c01,3,33,5,2,0,1,6,asian
v_HighJump_g05_c01,0,1,42,0,0,3,4,black
v_HighJump_g06_c01,5,2,40,0,0,2,1,black
v_HighJump_g07_c01,14,0,2,2,1,2,29,unknown
v_HighJump_g08_c01,23,0,1,0,0,4,22,white
v_HighJump_g09_c01,18,0,2,0,0,6,24,white
v_HighJump_g10_c01,1,0,13,2,0,0,34,unknown
v_HighJump_g11_c01,15,3,1,6,0,3,22,white
v_HighJump_g12_c01,4,3,1,0,0,0,42,unknown
v_HighJump_g13_c01,13,1,20,0,0,2,14,black
v_HighJump_g14_c01,0,18,22,0,0,4,6,black
v_HighJump_g15_c01,9,10,3,0,1,0,27,unknown
v_HighJump_g16_c01,8,30,3,8,1,0,0,asian
v_HighJump_g17_c01,8,16,1,1,0,6,18,asian
v_HighJump_g18_c01.,30,1,4,0,0,1,14,white
v_HighJump_g19_c01,6,4,33,1,0,1,5,black
v_HighJump_g20_c01.,10,8,12,6,0,6,8,black
v_HighJump_g21_c01,17,0,2,3,0,0,28,unknown
v_HighJump_g22_c01,6,9,3,3,0,1,28,unknown
v_HighJump_g23_c01,34,1,3,0,0,2,10,white
v_HighJump_g24_c01,12,6,3,3,4,13,9,hispanic
v_HighJump_g25_c01,3,1,26,14,3,2,1,black
v_HighJump_g26_c01,0,3,2,0,45,0,0,indian
v_HighJump_g27_c01,0,4,0,0,44,2,0,indian
v_HighJump_g28_c01,8,4,4,4,0,17,13,hispanic
v_HighJump_g29_c01,0,0,4,0,0,0,46,unknown
v_HighJump_g30_c01.,5,19,6,15,0,4,1,asian
v_HighJump_g31_c01,10,1,7,2,1,6,23,white
v_HighJump_g32_c01,3,3,39,1,0,3,1,black
v_HighJump_g33_c01.,12,1,21,3,0,13,0,black
v_HighJump_g34_c01,19,4,6,1,0,7,13,white
v_HighJump_g35_c01.,16,3,0,0,0,24,7,hispanic
v_HighJump_g36_c01,7,8,9,11,4,10,1,middle eastern
v_HighJump_g37_c01,0,0,50,0,0,0,0,black
v_HighJump_g38_c01,37,3,9,0,0,1,0,white
v_HighJump_g39_c01,20,0,3,3,0,0,24,white
v_HighJump_g40_c01,3,3,17,2,1,4,20,black
v_HighJump_g41_c01,18,18,7,2,0,3,2,white
v_HighJump_g42_c01,4,20,15,2,3,4,2,asian
v_HighJump_g43_c01,2,5,13,3,1,2,24,black
v_HighJump_g44_c01,10,3,12,1,0,4,20,black
v_HighJump_g45_c01,2,5,35,3,0,3,2,black
v_HighJump_g46_c01,3,0,13,0,0,0,34,unknown
v_HighJump_g47_c01,3,0,45,1,0,0,1,black
v_HighJump_g48_c01.,0,15,3,7,15,7,3,asian
v_HighJump_g49_c01,0,1,0,0,49,0,0,indian
v_HighJump_g50_c01,13,0,23,14,0,0,0,black
v_HighJump_g51_c01,5,0,35,0,0,4,6,black
v_HighJump_g52_c01,7,10,2,3,0,1,27,unknown
v_HighJump_g53_c01,0,0,2,0,44,0,4,indian
v_HighJump_g54_c01,0,2,45,2,0,0,1,black
v_HighJump_g55_c01.,45,0,1,2,0,0,2,white
v_HighJump_g56_c01,5,10,7,3,0,5,20,asian
v_HighJump_g57_c01,6,7,5,23,5,3,1,middle eastern
v_HighJump_g58_c01,1,0,0,0,49,0,0,indian
v_HighJump_g59_c01,10,1,5,3,1,21,9,hispanic
v_HighJump_g60_c01.,1,5,3,0,0,3,38,unknown
v_HighJump_g61_c01.,19,10,7,4,2,2,6,white
v_HighJump_g62_c01,19,5,5,4,2,6,9,white
v_HighJump_g63_c01,1,1,33,0,2,5,8,black
v_HighJump_g64_c01,6,6,4,22,3,8,1,middle eastern
v_HighJump_g65_c01,22,12,0,1,0,1,14,white
v_HighJump_g66_c01,22,3,13,2,1,1,8,white
v_HighJump_g67_c01,13,4,7,7,1,17,1,hispanic
v_HorseRace_g01_c01,3,0,41,3,0,0,3,black
v_HorseRace_g02_c01,21,0,20,2,0,0,7,white
v_HorseRace_g03_c01,1,0,1,5,0,43,0,hispanic
v_HorseRace_g04_c01,0,1,4,2,39,3,1,indian
v_HorseRace_g05_c01,4,1,13,4,1,24,3,hispanic
v_HorseRace_g06_c01,1,4,4,1,1,2,37,unknown
v_HorseRace_g07_c01,1,17,6,7,2,5,12,asian
v_HorseRace_g08_c01,1,21,12,4,4,4,4,asian
v_HorseRace_g09_c01,44,0,1,5,0,0,0,white
v_HorseRace_g10_c01,5,2,40,0,0,2,1,black
v_HorseRace_g11_c01.,37,0,0,3,2,2,6,white
v_HorseRace_g12_c01,0,8,39,1,0,1,1,black
v_HorseRace_g13_c01.,3,0,5,11,1,21,9,hispanic
v_HorseRace_g14_c01.,13,5,12,2,0,10,8,white
v_HorseRace_g15_c01,12,1,6,22,5,0,4,middle eastern
v_HorseRace_g16_c01,3,7,7,2,2,3,26,unknown
v_HorseRace_g17_c01,13,4,18,4,0,1,10,black
v_HorseRace_g18_c01,12,0,3,1,0,0,34,unknown
v_HorseRace_g19_c01,0,0,2,9,38,1,0,indian
v_HorseRace_g20_c01,11,0,20,3,0,7,9,black
v_HorseRace_g21_c01,11,2,19,3,0,13,1,black
v_HorseRace_g22_c01,4,3,0,17,1,10,15,middle eastern
v_HorseRace_g23_c01,26,1,6,0,0,15,2,white
v_HorseRace_g24_c01.,2,3,11,26,2,1,5,middle eastern
v_HorseRace_g25_c01,8,7,6,2,0,14,13,hispanic
v_HorseRace_g26_c01.,4,0,38,3,0,4,1,black
v_HorseRace_g27_c01.,0,50,0,0,0,0,0,asian
v_HorseRace_g28_c01,11,0,3,21,2,3,10,middle eastern
v_HorseRace_g29_c01,0,2,33,6,0,0,9,black
v_HorseRace_g30_c01,0,38,2,10,0,0,0,asian
v_HorseRace_g31_c01,0,0,42,2,0,0,6,black
v_HorseRace_g32_c01,9,3,0,10,0,16,12,hispanic
v_HorseRace_g33_c01,0,0,8,0,0,37,5,hispanic
v_HorseRace_g34_c01,17,0,16,10,0,2,5,white
v_HorseRace_g35_c01.,1,8,39,0,0,0,2,black
v_HorseRace_g36_c01,3,0,18,10,0,19,0,hispanic
v_HorseRace_g37_c01,16,31,1,1,0,1,0,asian
v_HorseRace_g38_c01,20,0,11,1,0,3,15,white
v_HorseRace_g39_c01,5,0,34,5,0,6,0,black
v_HorseRace_g40_c01,0,0,0,0,0,0,50,unknown
v_HorseRace_g41_c01,0,0,4,42,1,2,1,middle eastern
v_HorseRace_g42_c01,10,1,8,7,4,14,6,hispanic
v_HorseRace_g43_c01,0,7,7,1,1,0,34,unknown
v_HorseRace_g44_c01,0,3,3,6,0,1,37,unknown
v_HorseRace_g45_c01,10,0,1,4,0,29,6,hispanic
v_HorseRace_g46_c01.,1,0,47,0,0,1,1,black
v_HorseRace_g47_c01,0,0,9,0,0,0,41,unknown
v_HorseRace_g48_c01,11,3,16,0,0,1,19,black
v_HorseRace_g49_c01,12,12,25,0,0,1,0,black
v_HorseRace_g50_c01,0,7,28,10,0,5,0,black
v_HorseRace_g51_c01,39,0,2,0,1,8,0,white
v_HorseRace_g52_c01,13,0,0,2,0,6,29,unknown
v_HorseRace_g53_c01,8,2,26,2,0,2,10,black
v_HorseRace_g54_c01,9,0,29,0,0,3,9,black
v_HorseRace_g55_c01,10,2,10,18,0,9,1,middle eastern
v_HorseRace_g56_c01,6,6,26,1,2,2,7,black
v_HorseRace_g57_c01.,11,6,11,0,0,1,21,white
v_HorseRace_g58_c01,1,0,8,0,0,0,41,unknown
v_HorseRace_g59_c01,27,1,17,3,1,0,1,white
v_HorseRace_g60_c01,0,2,21,0,2,6,19,black
v_HorseRace_g61_c01,0,0,26,1,0,0,23,black
v_HorseRace_g62_c01,2,2,14,0,2,17,13,hispanic
v_HorseRace_g63_c01,12,0,7,18,0,2,11,middle eastern
v_HorseRace_g64_c01,11,3,0,0,0,0,36,unknown
v_HorseRace_g65_c01,11,7,3,1,0,3,25,unknown
v_HorseRace_g66_c01,3,1,7,25,4,9,1,middle eastern
v_HorseRace_g67_c01,47,1,2,0,0,0,0,white
v_HorseRace_g68_c01.,10,7,1,21,6,1,4,middle eastern
v_HorseRace_g69_c01,7,1,37,4,0,0,1,black
v_HorseRace_g70_c01.,12,6,13,2,0,6,11,black
v_HorseRace_g71_c01,1,1,33,1,0,0,14,black
v_HorseRace_g72_c01,25,1,11,1,0,3,9,white
v_HorseRace_g73_c01,10,1,7,1,0,25,6,hispanic
v_HorseRace_g74_c01,8,0,2,9,0,0,31,unknown
v_HorseRace_g75_c01,18,2,23,4,0,3,0,black
v_HorseRace_g76_c01,0,0,3,2,42,2,1,indian
v_HorseRace_g77_c01,0,0,16,4,1,8,21,black
v_HorseRace_g78_c01,1,0,4,18,27,0,0,indian
v_HorseRace_g79_c01.,0,0,2,44,2,2,0,middle eastern
v_HorseRace_g80_c01,2,1,14,14,2,1,16,black
v_HorseRace_g81_c01,3,0,3,10,1,15,18,hispanic
v_HorseRace_g82_c01,6,0,10,12,1,2,19,middle eastern
v_HorseRiding_g01_c01,0,0,0,0,49,1,0,indian
v_HorseRiding_g02_c01,36,0,0,13,0,0,1,white
v_HorseRiding_g03_c01,18,1,0,2,2,18,9,white
v_HorseRiding_g04_c01,3,2,0,4,0,34,7,hispanic
v_HorseRiding_g05_c01,1,17,6,7,2,5,12,asian
v_HorseRiding_g06_c01,1,21,12,4,4,4,4,asian
v_HorseRiding_g07_c01.,9,0,12,16,1,2,10,middle eastern
v_HorseRiding_g08_c01,1,0,2,0,0,42,5,hispanic
v_HorseRiding_g09_c01.,3,1,27,0,1,15,3,black
v_HorseRiding_g10_c01,3,0,29,2,0,10,6,black
v_HorseRiding_g11_c01,10,39,0,0,0,0,1,asian
v_HorseRiding_g12_c01,6,0,0,0,0,44,0,hispanic
v_HorseRiding_g13_c01.,6,2,1,6,0,34,1,hispanic
v_HorseRiding_g14_c01.,33,0,9,7,0,1,0,white
v_HorseRiding_g15_c01.,2,3,11,26,2,1,5,middle eastern
v_HorseRiding_g16_c01,35,1,0,4,0,5,5,white
v_HorseRiding_g17_c01,12,0,4,4,0,9,21,white
v_HorseRiding_g18_c01,0,4,0,8,2,5,31,unknown
v_HorseRiding_g19_c01.,0,10,0,24,7,7,2,middle eastern
v_HorseRiding_g20_c01,4,1,12,10,16,0,7,indian
v_HorseRiding_g21_c01.,0,4,0,4,40,1,1,indian
v_HorseRiding_g22_c01,14,2,7,3,0,19,5,hispanic
v_HorseRiding_g23_c01.,1,0,48,0,0,1,0,black
v_HorseRiding_g24_c01,16,1,1,19,0,8,5,middle eastern
v_HorseRiding_g25_c01,17,0,16,10,0,2,5,white
v_HorseRiding_g26_c01.,35,5,2,1,1,4,2,white
v_HorseRiding_g27_c01,2,0,0,1,44,3,0,indian
v_HorseRiding_g28_c01,2,0,37,0,0,9,2,black
v_HorseRiding_g29_c01.,5,1,7,5,2,15,15,hispanic
v_HorseRiding_g30_c01,0,0,41,2,0,7,0,black
v_HorseRiding_g31_c01,31,2,2,0,0,4,11,white
v_HorseRiding_g32_c01,10,1,8,7,4,14,6,hispanic
v_HorseRiding_g33_c01,11,0,0,14,2,12,11,middle eastern
v_HorseRiding_g34_c01.,23,1,2,10,0,9,4,white
v_HorseRiding_g35_c01,0,3,3,6,0,1,37,unknown
v_HorseRiding_g36_c01,11,0,28,2,0,4,5,black
v_HorseRiding_g37_c01,39,0,2,0,1,8,0,white
v_HorseRiding_g38_c01.,2,1,3,26,0,15,3,middle eastern
v_HorseRiding_g39_c01,1,0,8,0,0,0,41,unknown
v_HorseRiding_g40_c01,27,1,17,3,1,0,1,white
v_HorseRiding_g41_c01.,1,0,40,2,0,3,4,black
v_HorseRiding_g42_c01.,27,1,2,9,2,3,6,white
v_HorseRiding_g43_c01,2,2,14,0,2,17,13,hispanic
v_HorseRiding_g44_c01.,45,0,1,2,0,0,2,white
v_HorseRiding_g45_c01,2,0,2,12,12,1,21,middle eastern
v_HorseRiding_g46_c01.,12,3,23,3,0,3,6,black
v_HorseRiding_g47_c01,3,1,7,25,4,9,1,middle eastern
v_HorseRiding_g48_c01,3,0,9,5,0,27,6,hispanic
v_HorseRiding_g49_c01.,2,1,0,9,5,15,18,hispanic
v_HorseRiding_g50_c01,0,0,0,10,37,1,2,indian
v_HorseRiding_g51_c01.,0,3,2,0,0,0,45,unknown
v_HulaHoop_g01_c01,22,13,5,0,1,7,2,white
v_HulaHoop_g02_c01,10,24,10,0,1,2,3,asian
v_HulaHoop_g03_c01.,45,0,0,0,5,0,0,white
v_HulaHoop_g04_c01,5,5,3,0,9,22,6,hispanic
v_HulaHoop_g05_c01.,15,1,34,0,0,0,0,black
v_HulaHoop_g06_c01,0,1,0,2,2,45,0,hispanic
v_HulaHoop_g07_c01.,0,0,32,1,0,17,0,black
v_HulaHoop_g08_c01.,13,6,18,2,0,0,11,black
v_HulaHoop_g09_c01,29,0,3,0,0,18,0,white
v_HulaHoop_g100_c01,21,4,23,1,0,1,0,black
v_HulaHoop_g101_c01,0,0,41,1,4,4,0,black
v_HulaHoop_g102_c01,19,2,0,2,0,3,24,white
v_HulaHoop_g103_c01,15,1,0,0,0,8,26,unknown
v_HulaHoop_g104_c01,1,7,1,4,25,6,6,indian
v_HulaHoop_g105_c01,1,8,4,11,19,5,2,indian
v_HulaHoop_g106_c01,31,5,0,0,0,1,13,white
v_HulaHoop_g107_c01,0,10,14,10,0,2,14,black
v_HulaHoop_g108_c01,0,1,12,12,16,5,4,indian
v_HulaHoop_g109_c01.,0,13,0,7,30,0,0,indian
v_HulaHoop_g10_c01,4,0,4,4,5,24,9,hispanic
v_HulaHoop_g110_c01,8,18,5,1,0,15,3,asian
v_HulaHoop_g11_c01,43,0,2,0,0,2,3,white
v_HulaHoop_g12_c01,3,7,5,0,0,1,34,unknown
v_HulaHoop_g13_c01,12,13,3,0,0,6,16,asian
v_HulaHoop_g14_c01,2,18,0,22,5,3,0,middle eastern
v_HulaHoop_g15_c01,35,4,2,0,1,0,8,white
v_HulaHoop_g16_c01,0,25,0,0,0,25,0,asian
v_HulaHoop_g17_c01,0,1,0,0,0,49,0,hispanic
v_HulaHoop_g18_c01,0,8,3,0,0,29,10,hispanic
v_HulaHoop_g19_c01,0,42,1,0,5,2,0,asian
v_HulaHoop_g20_c01.,1,4,0,42,1,2,0,middle eastern
v_HulaHoop_g21_c01.,16,14,2,4,0,9,5,white
v_HulaHoop_g22_c01,37,0,2,11,0,0,0,white
v_HulaHoop_g23_c01,2,2,18,0,0,28,0,hispanic
v_HulaHoop_g24_c01,5,1,0,6,1,1,36,unknown
v_HulaHoop_g25_c01,0,13,0,16,0,19,2,hispanic
v_HulaHoop_g26_c01,2,9,0,11,24,1,3,indian
v_HulaHoop_g27_c01,0,7,3,13,18,5,4,indian
v_HulaHoop_g28_c01,2,9,2,0,1,36,0,hispanic
v_HulaHoop_g29_c01,0,9,0,0,0,4,37,unknown
v_HulaHoop_g30_c01.,0,2,0,0,48,0,0,indian
v_HulaHoop_g31_c01,1,47,1,0,0,1,0,asian
v_HulaHoop_g32_c01,0,41,2,1,0,6,0,asian
v_HulaHoop_g33_c01,1,4,8,0,0,26,11,hispanic
v_HulaHoop_g34_c01,0,1,47,1,0,0,0,black
v_HulaHoop_g35_c01,3,7,39,0,0,1,0,black
v_HulaHoop_g36_c01.,8,1,22,5,0,14,0,black
v_HulaHoop_g37_c01,28,0,0,1,1,12,8,white
v_HulaHoop_g38_c01,4,12,2,31,0,0,1,middle eastern
v_HulaHoop_g39_c01.,0,0,0,0,0,50,0,hispanic
v_HulaHoop_g40_c01,2,7,0,1,0,39,1,hispanic
v_HulaHoop_g41_c01,4,0,12,18,0,15,1,middle eastern
v_HulaHoop_g42_c01.,6,8,0,5,1,22,8,hispanic
v_HulaHoop_g43_c01.,16,4,0,7,0,1,22,white
v_HulaHoop_g44_c01,43,2,5,0,0,0,0,white
v_HulaHoop_g45_c01,16,7,5,2,0,17,3,hispanic
v_HulaHoop_g46_c01,1,10,2,0,0,31,6,hispanic
v_HulaHoop_g47_c01,0,1,1,1,2,8,37,unknown
v_HulaHoop_g48_c01,6,10,6,5,2,16,5,hispanic
v_HulaHoop_g49_c01,0,5,0,1,43,0,1,indian
v_HulaHoop_g50_c01,2,48,0,0,0,0,0,asian
v_HulaHoop_g51_c01,0,49,0,0,0,1,0,asian
v_HulaHoop_g52_c01,16,1,25,4,0,3,1,black
v_HulaHoop_g53_c01.,14,4,1,0,0,30,1,hispanic
v_HulaHoop_g54_c01,17,4,28,0,0,1,0,black
v_HulaHoop_g55_c01,2,0,44,0,0,0,4,black
v_HulaHoop_g56_c01,5,0,34,5,0,6,0,black
v_HulaHoop_g57_c01,6,0,34,2,0,7,1,black
v_HulaHoop_g58_c01,3,0,26,0,12,7,2,black
v_HulaHoop_g59_c01,17,0,9,4,1,19,0,hispanic
v_HulaHoop_g60_c01,2,35,1,0,3,1,8,asian
v_HulaHoop_g61_c01,9,5,7,1,0,17,11,hispanic
v_HulaHoop_g62_c01.,6,27,0,0,0,14,3,asian
v_HulaHoop_g63_c01,0,0,0,0,50,0,0,indian
v_HulaHoop_g64_c01,7,9,1,0,0,19,14,hispanic
v_HulaHoop_g65_c01,1,0,0,0,49,0,0,indian
v_HulaHoop_g66_c01,8,2,2,13,24,0,1,indian
v_HulaHoop_g67_c01,1,16,0,0,0,0,33,unknown
v_HulaHoop_g68_c01.,0,8,0,39,2,1,0,middle eastern
v_HulaHoop_g69_c01,0,5,2,21,10,2,10,middle eastern
v_HulaHoop_g70_c01,0,3,2,5,37,2,1,indian
v_HulaHoop_g71_c01.,13,4,6,1,0,6,20,white
v_HulaHoop_g72_c01,2,4,39,1,0,2,2,black
v_HulaHoop_g73_c01,2,5,35,3,0,3,2,black
v_HulaHoop_g74_c01,4,28,6,0,0,9,3,asian
v_HulaHoop_g75_c01,0,5,38,1,0,0,6,black
v_HulaHoop_g76_c01,2,0,47,0,0,1,0,black
v_HulaHoop_g77_c01,41,0,3,3,0,2,1,white
v_HulaHoop_g78_c01,0,0,0,0,0,50,0,hispanic
v_HulaHoop_g79_c01,8,25,7,0,0,4,6,asian
v_HulaHoop_g80_c01,7,0,43,0,0,0,0,black
v_HulaHoop_g81_c01,13,8,17,0,0,9,3,black
v_HulaHoop_g82_c01.,6,12,21,0,8,2,1,black
v_HulaHoop_g83_c01,19,8,23,0,0,0,0,black
v_HulaHoop_g84_c01,0,0,0,0,44,5,1,indian
v_HulaHoop_g85_c01,1,26,0,1,17,4,1,asian
v_HulaHoop_g86_c01.,2,23,0,0,1,16,8,asian
v_HulaHoop_g87_c01,4,2,37,1,0,5,1,black
v_HulaHoop_g88_c01.,11,11,0,15,0,9,4,middle eastern
v_HulaHoop_g89_c01,5,5,5,7,0,7,21,middle eastern
v_HulaHoop_g90_c01,2,24,11,7,2,2,2,asian
v_HulaHoop_g91_c01,17,2,7,0,0,21,3,hispanic
v_HulaHoop_g92_c01,11,10,6,1,0,17,5,hispanic
v_HulaHoop_g93_c01,1,26,0,0,8,3,12,asian
v_HulaHoop_g94_c01,9,0,39,0,0,2,0,black
v_HulaHoop_g95_c01,0,14,0,0,0,2,34,unknown
v_HulaHoop_g96_c01,3,6,0,2,28,9,2,indian
v_HulaHoop_g97_c01,7,3,17,1,1,7,14,black
v_HulaHoop_g98_c01,5,5,38,0,0,0,2,black
v_HulaHoop_g99_c01.,1,11,3,0,0,35,0,hispanic
v_IceDancing_g01_c01,16,25,1,1,0,2,5,asian
v_IceDancing_g02_c01,26,19,2,0,0,1,2,white
v_IceDancing_g03_c01,4,32,11,0,0,0,3,asian
v_IceDancing_g04_c01.,3,3,2,10,2,5,25,unknown
v_IceDancing_g05_c01,24,7,2,2,1,9,5,white
v_IceDancing_g06_c01,17,27,1,0,1,0,4,asian
v_IceDancing_g07_c01,33,13,1,2,0,0,1,white
v_IceDancing_g08_c01,9,31,5,0,0,4,1,asian
v_IceDancing_g09_c01,34,5,3,0,0,4,4,white
v_IceDancing_g10_c01,19,16,9,0,0,6,0,white
v_IceDancing_g11_c01,28,0,3,4,0,13,2,white
v_IceDancing_g12_c01,35,10,3,1,0,0,1,white
v_IceDancing_g13_c01.,34,4,11,0,0,0,1,white
v_IceDancing_g14_c01,1,22,6,8,13,0,0,asian
v_IceDancing_g15_c01,0,1,18,0,0,0,31,unknown
v_IceDancing_g16_c01,22,6,7,1,0,7,7,white
v_IceDancing_g17_c01.,6,2,16,0,2,2,22,black
v_IceDancing_g18_c01,1,1,7,33,0,1,7,middle eastern
v_IceDancing_g19_c01,0,2,1,0,34,0,13,indian
v_IceDancing_g20_c01,31,13,0,1,4,1,0,white
v_IceDancing_g21_c01,15,27,4,0,0,1,3,asian
v_IceDancing_g22_c01,13,9,18,0,0,0,10,black
v_IceDancing_g23_c01.,29,15,6,0,0,0,0,white
v_IceDancing_g24_c01,11,1,4,0,8,9,17,white
v_IceDancing_g25_c01,18,12,0,0,0,1,19,white
v_IceDancing_g26_c01.,5,8,5,12,0,5,15,middle eastern
v_IceDancing_g27_c01.,1,24,25,0,0,0,0,black
v_IceDancing_g28_c01,15,21,0,1,0,0,13,asian
v_IceDancing_g29_c01.,39,3,1,0,0,3,4,white
v_IceDancing_g30_c01.,1,3,10,1,1,0,34,unknown
v_IceDancing_g31_c01,12,13,7,1,0,6,11,asian
v_IceDancing_g32_c01,36,8,4,0,0,0,2,white
v_IceDancing_g33_c01,2,4,5,7,19,9,4,indian
v_IceDancing_g34_c01,0,8,10,0,0,0,32,unknown
v_IceDancing_g35_c01,11,1,1,5,0,1,31,unknown
v_IceDancing_g36_c01,1,37,5,0,0,0,7,asian
v_IceDancing_g37_c01,25,15,2,2,1,5,0,white
v_IceDancing_g38_c01,36,6,4,0,0,4,0,white
v_IceDancing_g39_c01,2,48,0,0,0,0,0,asian
v_IceDancing_g40_c01,0,48,1,0,1,0,0,asian
v_IceDancing_g41_c01,14,29,6,0,0,0,1,asian
v_IceDancing_g42_c01,0,4,40,0,0,2,4,black
v_IceDancing_g43_c01,40,3,6,0,0,0,0,white
v_IceDancing_g44_c01.,43,6,1,0,0,0,0,white
v_IceDancing_g45_c01.,46,1,2,0,0,1,0,white
v_IceDancing_g46_c01,6,44,0,0,0,0,0,asian
v_IceDancing_g47_c01,2,0,25,3,0,12,8,black
v_IceDancing_g48_c01,38,8,0,3,1,0,0,white
v_IceDancing_g49_c01,43,0,1,5,0,1,0,white
v_IceDancing_g50_c01,24,4,2,0,0,0,20,white
v_IceDancing_g51_c01,2,46,2,0,0,0,0,asian
v_IceDancing_g52_c01,0,47,0,0,0,1,2,asian
v_IceDancing_g53_c01.,33,8,5,0,0,0,4,white
v_IceDancing_g54_c01.,14,23,13,0,0,0,0,asian
v_IceDancing_g55_c01,2,39,9,0,0,0,0,asian
v_IceDancing_g56_c01,4,12,2,12,0,0,20,asian
v_IceDancing_g57_c01,2,12,36,0,0,0,0,black
v_IceDancing_g58_c01,40,4,0,6,0,0,0,white
v_IceDancing_g59_c01,43,6,0,1,0,0,0,white
v_IceDancing_g60_c01,25,23,0,0,0,2,0,white
v_IceDancing_g61_c01,11,4,0,4,1,25,5,hispanic
v_IceDancing_g62_c01,0,0,1,0,0,0,49,unknown
v_IceDancing_g63_c01,22,9,3,0,0,13,3,white
v_IceDancing_g64_c01,26,17,3,1,0,2,1,white
v_IceDancing_g65_c01,11,33,2,1,0,2,1,asian
v_IceDancing_g66_c01,38,12,0,0,0,0,0,white
v_IceDancing_g67_c01,7,10,2,10,1,10,10,asian
v_IceDancing_g68_c01.,2,44,3,0,0,0,1,asian
v_IceDancing_g69_c01,39,1,7,0,0,1,2,white
v_IceDancing_g70_c01.,30,13,5,0,0,2,0,white
v_IceDancing_g71_c01.,11,28,11,0,0,0,0,asian
v_IceDancing_g72_c01,31,17,0,0,0,2,0,white
v_IceDancing_g73_c01,24,12,0,0,0,10,4,white
v_IceDancing_g74_c01,5,6,7,1,1,1,29,unknown
v_IceDancing_g75_c01,16,13,4,0,0,0,17,white
v_IceDancing_g76_c01,4,13,11,3,0,11,8,asian
v_IceDancing_g77_c01.,39,2,3,0,0,1,5,white
v_IceDancing_g78_c01,5,0,4,0,0,0,41,unknown
v_IceDancing_g79_c01,16,8,6,1,1,1,17,white
v_IceDancing_g80_c01,8,12,8,0,1,0,21,asian
v_IceDancing_g81_c01.,0,5,0,0,45,0,0,indian
v_IceDancing_g82_c01,40,1,0,6,0,3,0,white
v_IceDancing_g83_c01,15,1,7,0,0,12,15,white
v_IceDancing_g84_c01,26,0,1,0,0,2,21,white
v_IceDancing_g85_c01,17,29,3,1,0,0,0,asian
v_IceDancing_g86_c01.,18,8,24,0,0,0,0,black
v_IceDancing_g87_c01,27,21,0,0,0,0,2,white
v_IceDancing_g88_c01,13,34,1,0,0,0,2,asian
v_IceDancing_g89_c01,15,30,4,0,0,0,1,asian
v_IceDancing_g90_c01,14,27,6,0,0,0,3,asian
v_IceDancing_g91_c01,37,5,8,0,0,0,0,white
v_IceDancing_g92_c01.,21,19,6,0,0,1,3,white
v_IceDancing_g93_c01.,47,3,0,0,0,0,0,white
v_IceDancing_g94_c01,37,8,5,0,0,0,0,white
v_IceDancing_g95_c01,50,0,0,0,0,0,0,white
v_IceDancing_g96_c01,6,26,5,0,0,0,13,asian
v_IceDancing_g97_c01.,28,14,6,0,0,2,0,white
v_IceDancing_g98_c01,1,17,4,5,0,3,20,asian
v_JavelinThrow_g01_c01,2,26,1,4,12,2,3,asian
v_JavelinThrow_g02_c01,0,0,23,23,2,0,2,black
v_JavelinThrow_g03_c01,2,2,5,16,6,2,17,middle eastern
v_JavelinThrow_g04_c01,3,0,6,24,11,3,3,middle eastern
v_JavelinThrow_g05_c01,2,1,5,3,0,3,36,unknown
v_JavelinThrow_g06_c01,0,0,11,0,38,1,0,indian
v_JavelinThrow_g07_c01,0,0,50,0,0,0,0,black
v_JavelinThrow_g08_c01,0,0,7,22,1,4,16,middle eastern
v_JavelinThrow_g09_c01,5,4,16,10,11,2,2,black
v_JavelinThrow_g10_c01,1,0,42,0,0,6,1,black
v_JavelinThrow_g11_c01,0,6,16,5,7,13,3,black
v_JavelinThrow_g12_c01,14,15,7,9,0,4,1,asian
v_JavelinThrow_g13_c01,3,5,15,0,13,1,13,black
v_JavelinThrow_g14_c01,25,11,4,0,1,7,2,white
v_JavelinThrow_g15_c01,3,28,0,1,0,4,14,asian
v_JavelinThrow_g16_c01.,2,0,2,2,0,0,44,unknown
v_JavelinThrow_g17_c01,0,0,47,1,0,0,2,black
v_JavelinThrow_g18_c01,3,5,11,7,0,12,12,hispanic
v_JavelinThrow_g19_c01,32,0,5,13,0,0,0,white
v_JavelinThrow_g20_c01,6,16,20,0,0,2,6,black
v_JavelinThrow_g21_c01,0,3,1,4,37,0,5,indian
v_JavelinThrow_g22_c01,9,6,1,5,23,5,1,indian
v_JavelinThrow_g23_c01,50,0,0,0,0,0,0,white
v_JavelinThrow_g24_c01,1,3,0,5,39,1,1,indian
v_JavelinThrow_g25_c01,20,6,0,15,0,0,9,white
v_JavelinThrow_g26_c01,1,2,1,1,45,0,0,indian
v_JavelinThrow_g27_c01,20,8,3,2,0,7,10,white
v_JavelinThrow_g28_c01.,17,2,0,0,0,25,6,hispanic
v_JavelinThrow_g29_c01,0,42,0,0,0,5,3,asian
v_JavelinThrow_g30_c01.,12,0,2,0,0,35,1,hispanic
v_JavelinThrow_g31_c01,11,10,13,2,4,1,9,black
v_JavelinThrow_g32_c01,16,0,0,1,30,3,0,indian
v_JavelinThrow_g33_c01.,6,6,2,2,27,2,5,indian
v_JavelinThrow_g34_c01,3,3,3,31,4,6,0,middle eastern
v_JavelinThrow_g35_c01,14,0,12,2,2,2,18,white
v_JavelinThrow_g36_c01,38,3,1,1,0,1,6,white
v_JavelinThrow_g37_c01,22,0,27,0,0,0,1,black
v_JavelinThrow_g38_c01,2,4,13,1,0,4,26,unknown
v_JavelinThrow_g39_c01,30,2,10,0,0,3,5,white
v_JavelinThrow_g40_c01,0,19,18,0,1,0,12,asian
v_JavelinThrow_g41_c01,7,0,2,0,0,34,7,hispanic
v_JavelinThrow_g42_c01,1,5,8,0,33,0,3,indian
v_JavelinThrow_g43_c01,29,4,10,1,4,0,2,white
v_JavelinThrow_g44_c01,1,4,36,0,2,2,5,black
v_JavelinThrow_g45_c01,24,5,6,14,0,1,0,white
v_JavelinThrow_g46_c01,1,11,18,13,4,3,0,black
v_JavelinThrow_g47_c01,6,4,26,2,2,0,10,black
v_JavelinThrow_g48_c01,12,2,0,29,0,2,5,middle eastern
v_JavelinThrow_g49_c01,1,4,17,0,24,1,3,indian
v_JavelinThrow_g50_c01,24,0,4,2,0,4,16,white
v_JavelinThrow_g51_c01,5,8,28,2,0,1,6,black
v_JavelinThrow_g52_c01,21,2,14,9,0,3,1,white
v_JavelinThrow_g53_c01,8,0,8,0,0,21,13,hispanic
v_JavelinThrow_g54_c01,4,7,7,18,0,3,11,middle eastern
v_JavelinThrow_g55_c01,0,4,11,1,25,2,7,indian
v_JavelinThrow_g56_c01.,0,3,5,0,42,0,0,indian
v_JavelinThrow_g57_c01,0,2,2,0,42,4,0,indian
v_JavelinThrow_g58_c01,0,1,0,2,47,0,0,indian
v_JavelinThrow_g59_c01,0,0,0,49,1,0,0,middle eastern
v_JavelinThrow_g60_c01,1,8,24,0,13,4,0,black
v_JavelinThrow_g61_c01,1,2,2,2,41,2,0,indian
v_JavelinThrow_g62_c01,0,0,0,2,47,1,0,indian
v_JavelinThrow_g63_c01,0,7,0,10,32,1,0,indian
v_JavelinThrow_g64_c01.,28,2,1,0,0,7,12,white
v_JavelinThrow_g65_c01,3,4,0,0,42,1,0,indian
v_JavelinThrow_g66_c01,20,5,2,0,0,3,20,white
v_JavelinThrow_g67_c01.,0,1,0,0,48,1,0,indian
v_JavelinThrow_g68_c01,18,8,21,1,0,1,1,black
v_JavelinThrow_g69_c01,49,1,0,0,0,0,0,white
v_JavelinThrow_g70_c01,28,0,0,0,0,22,0,white
v_JavelinThrow_g71_c01,0,12,19,1,0,6,12,black
v_JavelinThrow_g72_c01,2,1,33,2,10,1,1,black
v_JavelinThrow_g73_c01,9,6,17,5,6,5,2,black
v_JavelinThrow_g74_c01,0,0,50,0,0,0,0,black
v_JavelinThrow_g75_c01,11,1,8,0,2,4,24,white
v_JavelinThrow_g76_c01,0,4,43,3,0,0,0,black
v_JavelinThrow_g77_c01,4,9,3,5,26,0,3,indian
v_JavelinThrow_g78_c01,0,5,2,6,24,11,2,indian
v_JavelinThrow_g79_c01,5,10,7,3,0,5,20,asian
v_JavelinThrow_g80_c01.,8,30,1,0,0,0,11,asian
v_JavelinThrow_g81_c01,0,6,1,2,41,0,0,indian
v_JavelinThrow_g82_c01,13,1,16,9,0,0,11,black
v_JavelinThrow_g83_c01,0,2,9,7,1,1,30,unknown
v_JavelinThrow_g84_c01,1,7,7,0,26,0,9,indian
v_JavelinThrow_g85_c01,5,5,17,1,0,0,22,black
v_JavelinThrow_g86_c01,25,3,6,2,0,2,12,white
v_JavelinThrow_g87_c01,10,12,7,0,0,17,4,hispanic
v_JavelinThrow_g88_c01,20,14,5,2,4,4,1,white
v_JavelinThrow_g89_c01,0,3,4,2,38,2,1,indian
v_JavelinThrow_g90_c01.,0,2,1,1,16,5,25,unknown
v_JavelinThrow_g91_c01,6,16,12,0,1,1,14,asian
v_JavelinThrow_g92_c01,0,36,9,0,0,0,5,asian
v_JavelinThrow_g93_c01,13,13,8,2,0,0,14,white
v_JavelinThrow_g94_c01,0,0,1,6,43,0,0,indian
v_JavelinThrow_g95_c01,12,11,6,0,0,1,20,white
v_JavelinThrow_g96_c01,14,1,4,18,2,0,11,middle eastern
v_JavelinThrow_g97_c01,15,11,15,0,2,0,7,white
v_JavelinThrow_g98_c01,0,0,1,0,49,0,0,indian
v_JavelinThrow_g99_c01,3,19,0,0,0,12,16,asian
v_JugglingBalls_g01_c01,22,2,6,0,0,12,8,white
v_JugglingBalls_g02_c01.,24,5,2,1,0,14,4,white
v_JugglingBalls_g03_c01,2,25,17,0,1,2,3,asian
v_JugglingBalls_g04_c01,2,0,15,2,14,4,13,black
v_JugglingBalls_g05_c01.,11,0,39,0,0,0,0,black
v_JugglingBalls_g06_c01,0,10,6,1,33,0,0,indian
v_JugglingBalls_g07_c01,4,35,0,0,0,6,5,asian
v_JugglingBalls_g08_c01,18,16,2,3,10,0,1,white
v_JugglingBalls_g09_c01,31,0,2,2,0,0,15,white
v_JugglingBalls_g10_c01,5,2,7,5,0,14,17,hispanic
v_JugglingBalls_g11_c01,1,13,9,4,8,15,0,hispanic
v_JugglingBalls_g12_c01.,5,4,17,0,0,3,21,black
v_JugglingBalls_g13_c01,4,0,4,4,11,20,7,hispanic
v_JugglingBalls_g14_c01,3,12,6,2,0,26,1,hispanic
v_JugglingBalls_g15_c01,1,49,0,0,0,0,0,asian
v_JugglingBalls_g16_c01,32,5,3,0,1,7,2,white
v_JugglingBalls_g17_c01,5,0,0,0,0,0,45,unknown
v_JugglingBalls_g18_c01,15,22,8,3,0,0,2,asian
v_JugglingBalls_g19_c01,42,2,0,0,0,5,1,white
v_JugglingBalls_g20_c01,29,2,17,0,0,0,2,white
v_JugglingBalls_g21_c01,6,0,0,24,0,11,9,middle eastern
v_JugglingBalls_g22_c01,11,14,12,1,0,1,11,asian
v_JugglingBalls_g23_c01,0,4,1,4,39,2,0,indian
v_JugglingBalls_g24_c01,6,16,5,13,0,1,9,asian
v_JugglingBalls_g25_c01,3,3,23,2,0,14,5,black
v_JugglingBalls_g26_c01,16,3,3,0,0,25,3,hispanic
v_JugglingBalls_g27_c01,5,23,1,3,0,17,1,asian
v_JugglingBalls_g28_c01,4,14,2,6,2,13,8,asian
v_JugglingBalls_g29_c01,4,1,2,3,0,28,12,hispanic
v_JugglingBalls_g30_c01,34,2,0,3,0,1,10,white
v_JugglingBalls_g31_c01,9,26,1,0,0,5,9,asian
v_JugglingBalls_g32_c01,11,4,0,6,0,27,2,hispanic
v_JugglingBalls_g33_c01,1,4,0,7,33,2,3,indian
v_JugglingBalls_g34_c01,2,19,3,3,9,14,0,asian
v_JugglingBalls_g35_c01,29,0,4,3,0,4,10,white
v_JugglingBalls_g36_c01.,1,20,2,1,0,7,19,asian
v_JugglingBalls_g37_c01,11,10,8,0,0,17,4,hispanic
v_JugglingBalls_g38_c01,2,3,1,3,0,34,7,hispanic
v_JugglingBalls_g39_c01,39,4,1,0,0,0,6,white
v_JugglingBalls_g40_c01,6,4,19,0,0,0,21,black
v_JugglingBalls_g41_c01,16,1,3,3,0,12,15,white
v_JugglingBalls_g42_c01,19,0,25,0,1,5,0,black
v_JugglingBalls_g43_c01,2,3,5,0,0,17,23,hispanic
v_JugglingBalls_g44_c01,6,4,15,0,1,21,3,hispanic
v_JugglingBalls_g45_c01.,0,41,4,0,0,1,4,asian
v_JugglingBalls_g46_c01,10,14,1,2,4,1,18,asian
v_JugglingBalls_g47_c01,45,2,3,0,0,0,0,white
v_JugglingBalls_g48_c01.,27,22,0,1,0,0,0,white
v_JugglingBalls_g49_c01,8,14,20,2,1,5,0,black
v_JugglingBalls_g50_c01,18,4,18,2,0,0,8,white
v_JugglingBalls_g51_c01,5,13,4,0,0,9,19,asian
v_JugglingBalls_g52_c01.,1,29,2,2,15,1,0,asian
v_JugglingBalls_g53_c01,3,12,1,4,0,13,17,hispanic
v_JugglingBalls_g54_c01,17,11,13,0,0,2,7,white
v_JugglingBalls_g55_c01,2,9,18,1,12,4,4,black
v_JugglingBalls_g56_c01.,35,3,0,1,0,8,3,white
v_JugglingBalls_g57_c01,2,0,1,0,0,5,42,unknown
v_JugglingBalls_g58_c01,7,3,2,2,0,11,25,unknown
v_JugglingBalls_g59_c01,3,2,10,8,0,14,13,hispanic
v_JugglingBalls_g60_c01,28,4,1,1,0,16,0,white
v_JugglingBalls_g61_c01,0,48,2,0,0,0,0,asian
v_JugglingBalls_g62_c01,11,3,19,0,0,7,10,black
v_JugglingBalls_g63_c01,6,2,28,0,0,1,13,black
v_JugglingBalls_g64_c01,0,3,21,2,23,1,0,indian
v_JugglingBalls_g65_c01,0,34,9,2,0,3,2,asian
v_JugglingBalls_g66_c01,40,10,0,0,0,0,0,white
v_JugglingBalls_g67_c01.,33,1,0,13,0,3,0,white
v_JugglingBalls_g68_c01,28,1,0,0,0,21,0,white
v_JugglingBalls_g69_c01,12,6,0,4,0,4,24,white
v_JugglingBalls_g70_c01,11,3,32,0,0,3,1,black
v_JugglingBalls_g71_c01,12,7,18,0,0,2,11,black
v_JugglingBalls_g72_c01,4,1,8,0,0,8,29,unknown
v_JumpRope_g01_c01,0,3,0,6,37,3,1,indian
v_JumpRope_g02_c01,10,2,1,0,0,6,31,unknown
v_JumpRope_g03_c01,2,6,4,0,0,18,20,hispanic
v_JumpRope_g04_c01,6,37,1,0,5,1,0,asian
v_JumpRope_g05_c01,1,8,37,0,1,0,3,black
v_JumpRope_g06_c01,11,22,3,1,1,8,4,asian
v_JumpRope_g07_c01,9,7,14,0,0,9,11,black
v_JumpRope_g08_c01,16,12,0,0,0,21,1,hispanic
v_JumpRope_g09_c01.,29,6,11,0,0,2,2,white
v_JumpRope_g10_c01,21,6,10,8,0,0,5,white
v_JumpRope_g11_c01,1,3,21,1,0,24,0,hispanic
v_JumpRope_g12_c01.,29,14,2,0,0,4,1,white
v_JumpRope_g13_c01,4,0,24,2,1,1,18,black
v_JumpRope_g14_c01,12,26,0,0,0,11,1,asian
v_JumpRope_g15_c01,0,4,41,0,0,5,0,black
v_JumpRope_g16_c01,46,0,4,0,0,0,0,white
v_JumpRope_g17_c01,11,19,1,0,0,7,12,asian
v_JumpRope_g18_c01,0,2,33,0,1,9,5,black
v_JumpRope_g19_c01,35,3,0,0,0,10,2,white
v_JumpRope_g20_c01,18,5,9,0,0,9,9,white
v_JumpRope_g21_c01,31,1,7,1,2,5,3,white
v_JumpRope_g22_c01,0,39,8,0,0,0,3,asian
v_JumpRope_g23_c01,44,2,0,1,0,2,1,white
v_JumpRope_g24_c01.,19,1,1,0,0,28,1,hispanic
v_JumpRope_g25_c01,0,42,0,2,0,2,4,asian
v_JumpRope_g26_c01,25,5,0,9,0,4,7,white
v_JumpRope_g27_c01,4,0,2,0,0,0,44,unknown
v_JumpRope_g28_c01,0,0,39,0,0,11,0,black
v_JumpRope_g29_c01,9,32,3,1,0,5,0,asian
v_JumpRope_g30_c01,11,18,1,2,0,8,10,asian
v_JumpRope_g31_c01,10,24,11,0,0,2,3,asian
v_JumpRope_g32_c01,0,50,0,0,0,0,0,asian
v_JumpRope_g33_c01,16,0,0,3,0,0,31,unknown
v_JumpRope_g34_c01,3,1,42,0,0,4,0,black
v_JumpRope_g35_c01,28,6,13,0,0,3,0,white
v_JumpRope_g36_c01,17,20,0,0,0,8,5,asian
v_JumpRope_g37_c01,1,7,3,5,30,2,2,indian
v_JumpRope_g38_c01,4,0,12,0,0,34,0,hispanic
v_JumpRope_g39_c01,17,2,5,2,0,21,3,hispanic
v_JumpRope_g40_c01,10,26,9,1,0,0,4,asian
v_JumpRope_g41_c01,19,5,9,1,0,6,10,white
v_JumpRope_g42_c01,0,1,14,3,1,20,11,hispanic
v_JumpRope_g43_c01,15,14,3,1,0,16,1,hispanic
v_JumpRope_g44_c01,0,6,0,13,28,3,0,indian
v_JumpRope_g45_c01,2,8,7,2,0,0,31,unknown
v_JumpRope_g46_c01,0,0,0,0,50,0,0,indian
v_JumpRope_g47_c01,0,9,0,0,0,0,41,unknown
v_JumpRope_g48_c01,10,1,9,14,0,8,8,middle eastern
v_JumpRope_g49_c01,42,0,7,0,0,0,1,white
v_JumpRope_g50_c01,0,4,43,3,0,0,0,black
v_JumpRope_g51_c01,3,45,2,0,0,0,0,asian
v_JumpRope_g52_c01,1,1,31,3,4,1,9,black
v_JumpRope_g53_c01,4,5,6,11,0,22,2,hispanic
v_JumpRope_g54_c01.,21,9,9,0,1,3,7,white
v_JumpRope_g55_c01,1,32,0,4,10,1,2,asian
v_JumpRope_g56_c01,28,3,4,1,3,9,2,white
v_JumpRope_g57_c01,2,1,17,30,0,0,0,middle eastern
v_JumpRope_g58_c01,6,10,7,1,4,10,12,asian
v_JumpRope_g59_c01,0,0,49,0,0,1,0,black
v_JumpRope_g60_c01,5,1,33,1,0,10,0,black
v_JumpRope_g61_c01,1,47,0,0,0,0,2,asian
v_JumpRope_g62_c01,48,0,0,0,0,1,1,white
v_JumpRope_g63_c01,0,0,0,10,38,2,0,indian
v_JumpRope_g64_c01,1,2,8,0,1,5,33,unknown
v_JumpRope_g65_c01,2,0,48,0,0,0,0,black
v_JumpRope_g66_c01,10,1,1,1,0,4,33,unknown
v_JumpRope_g67_c01,3,11,35,0,0,1,0,black
v_JumpRope_g68_c01,38,2,3,0,0,1,6,white
v_JumpRope_g69_c01,22,7,2,0,0,5,14,white
v_JumpRope_g70_c01.,25,0,0,2,0,10,13,white
v_JumpRope_g71_c01,23,7,2,1,0,7,10,white
v_JumpRope_g72_c01,27,4,0,6,0,12,1,white
v_JumpRope_g73_c01,17,8,7,7,1,4,6,white
v_JumpingJack_g01_c01,1,42,1,0,3,0,3,asian
v_JumpingJack_g02_c01,3,8,16,0,0,2,21,black
v_JumpingJack_g03_c01,33,0,10,0,0,5,2,white
v_JumpingJack_g04_c01,0,46,3,1,0,0,0,asian
v_JumpingJack_g05_c01.,13,2,31,0,0,1,3,black
v_JumpingJack_g06_c01,22,0,20,1,0,4,3,white
v_JumpingJack_g07_c01.,6,33,3,1,1,4,2,asian
v_JumpingJack_g08_c01,9,9,3,19,4,5,1,middle eastern
v_JumpingJack_g09_c01.,50,0,0,0,0,0,0,white
v_JumpingJack_g10_c01,44,1,0,0,0,5,0,white
v_JumpingJack_g11_c01,0,2,8,0,0,2,38,unknown
v_JumpingJack_g12_c01,0,0,20,0,1,1,28,unknown
v_JumpingJack_g13_c01,13,5,30,0,0,2,0,black
v_JumpingJack_g14_c01,4,4,6,1,0,2,33,unknown
v_JumpingJack_g15_c01,16,2,7,0,0,16,9,white
v_JumpingJack_g16_c01,26,8,0,1,0,9,6,white
v_JumpingJack_g17_c01.,5,2,0,0,0,43,0,hispanic
v_JumpingJack_g18_c01,46,0,0,0,0,4,0,white
v_JumpingJack_g19_c01,18,0,0,0,0,32,0,hispanic
v_JumpingJack_g20_c01,3,4,3,1,0,35,4,hispanic
v_JumpingJack_g21_c01.,32,10,2,1,0,0,5,white
v_JumpingJack_g22_c01,48,0,0,0,0,1,1,white
v_JumpingJack_g23_c01.,15,0,1,0,0,0,34,unknown
v_JumpingJack_g24_c01,0,0,0,0,0,0,50,unknown
v_JumpingJack_g25_c01,0,1,13,0,0,3,33,unknown
v_JumpingJack_g26_c01,24,1,1,5,0,13,6,white
v_JumpingJack_g27_c01,0,3,3,35,0,4,5,middle eastern
v_JumpingJack_g28_c01.,11,18,1,3,2,14,1,asian
v_JumpingJack_g29_c01,0,9,38,1,0,1,1,black
v_JumpingJack_g30_c01,6,11,13,3,0,13,4,black
v_JumpingJack_g31_c01,2,1,2,1,0,10,34,unknown
v_JumpingJack_g32_c01,23,0,2,0,0,0,25,unknown
v_JumpingJack_g33_c01,46,0,3,0,0,0,1,white
v_JumpingJack_g34_c01,23,3,13,0,0,11,0,white
v_JumpingJack_g35_c01,17,8,5,1,0,16,3,white
v_JumpingJack_g36_c01,15,4,0,0,0,19,12,hispanic
v_JumpingJack_g37_c01,4,0,1,0,0,0,45,unknown
v_JumpingJack_g38_c01,13,5,5,1,0,1,25,unknown
v_JumpingJack_g39_c01.,1,2,14,0,0,1,32,unknown
v_JumpingJack_g40_c01,18,7,7,0,0,0,18,white
v_JumpingJack_g41_c01,28,0,0,0,0,22,0,white
v_JumpingJack_g42_c01,42,1,0,1,0,2,4,white
v_JumpingJack_g43_c01,5,0,5,0,0,2,38,unknown
v_JumpingJack_g44_c01,18,3,9,6,1,6,7,white
v_JumpingJack_g45_c01,50,0,0,0,0,0,0,white
v_JumpingJack_g46_c01,6,3,6,0,0,16,19,hispanic
v_JumpingJack_g47_c01,13,4,7,7,1,17,1,hispanic
v_JumpingJack_g48_c01,29,2,7,8,0,2,2,white
v_JumpingJack_g49_c01.,0,11,9,26,0,0,4,middle eastern
v_JumpingJack_g50_c01,0,0,2,2,43,3,0,indian
v_JumpingJack_g51_c01,4,9,7,14,6,1,9,middle eastern
v_JumpingJack_g52_c01.,14,14,0,2,0,14,6,white
v_JumpingJack_g53_c01,33,1,4,0,0,0,12,white
v_JumpingJack_g54_c01,19,11,5,1,0,6,8,white
v_JumpingJack_g55_c01,0,3,3,35,0,4,5,middle eastern
v_JumpingJack_g56_c01,3,18,8,1,0,11,9,asian
v_JumpingJack_g57_c01,4,0,7,23,3,2,11,middle eastern
v_JumpingJack_g58_c01,4,4,4,1,0,16,21,hispanic
v_JumpingJack_g59_c01,2,0,5,1,0,13,29,unknown
v_JumpingJack_g60_c01,21,3,2,0,0,11,13,white
v_JumpingJack_g61_c01,14,3,0,7,0,17,9,hispanic
v_JumpingJack_g62_c01,7,3,2,0,0,23,15,hispanic
v_JumpingJack_g63_c01,14,5,7,6,1,8,9,white
v_Kayaking_g01_c01,7,4,1,1,0,5,32,unknown
v_Kayaking_g02_c01,10,3,2,2,0,31,2,hispanic
v_Kayaking_g03_c01,0,16,5,3,1,19,6,hispanic
v_Kayaking_g04_c01,0,19,0,0,30,0,1,indian
v_Kayaking_g05_c01,6,0,13,2,0,25,4,hispanic
v_Kayaking_g06_c01.,1,4,19,0,1,19,6,black
v_Kayaking_g07_c01,7,3,2,13,0,23,2,hispanic
v_Kayaking_g08_c01,9,12,3,0,1,1,24,asian
v_Kayaking_g09_c01,5,0,29,0,0,1,15,black
v_Kayaking_g10_c01,28,7,10,0,0,5,0,white
v_Kayaking_g11_c01,2,5,0,4,2,28,9,hispanic
v_Kayaking_g12_c01,7,1,5,2,3,17,15,hispanic
v_Kayaking_g13_c01,14,1,0,0,0,26,9,hispanic
v_Kayaking_g14_c01,7,4,5,0,0,5,29,unknown
v_Kayaking_g15_c01.,31,4,3,0,0,8,4,white
v_Kayaking_g16_c01,2,4,7,0,0,5,32,unknown
v_Kayaking_g17_c01,3,6,9,0,0,0,32,unknown
v_Kayaking_g18_c01,14,3,3,0,0,25,5,hispanic
v_Kayaking_g19_c01,19,5,6,0,0,2,18,white
v_Kayaking_g20_c01,19,18,2,0,0,0,11,white
v_Kayaking_g21_c01,4,20,4,0,0,11,11,asian
v_Kayaking_g22_c01,13,25,4,2,0,1,5,asian
v_Kayaking_g23_c01,8,7,3,1,0,12,19,hispanic
v_Kayaking_g24_c01,6,36,3,0,0,0,5,asian
v_Kayaking_g25_c01.,14,6,6,0,0,5,19,white
v_Kayaking_g26_c01,32,5,3,0,0,4,6,white
v_Kayaking_g27_c01.,14,14,0,0,0,22,0,hispanic
v_Kayaking_g28_c01.,23,6,0,0,0,4,17,white
v_Kayaking_g29_c01,9,7,2,0,4,23,5,hispanic
v_Kayaking_g30_c01.,14,10,2,0,0,9,15,white
v_Kayaking_g31_c01,8,3,4,0,1,4,30,unknown
v_Kayaking_g32_c01,13,5,4,1,0,6,21,white
v_Kayaking_g33_c01.,3,6,0,0,0,27,14,hispanic
v_Kayaking_g34_c01,6,1,4,0,0,8,31,unknown
v_Kayaking_g35_c01,7,5,4,1,0,6,27,unknown
v_Kayaking_g36_c01,10,7,2,0,0,8,23,white
v_Kayaking_g37_c01,5,10,1,0,0,32,2,hispanic
v_Kayaking_g38_c01,1,21,9,0,1,14,4,asian
v_Kayaking_g39_c01,8,13,3,0,0,5,21,asian
v_Kayaking_g40_c01,10,7,4,0,0,17,12,hispanic
v_Kayaking_g41_c01,13,11,2,0,0,11,13,white
v_Kayaking_g42_c01,0,8,13,0,1,9,19,black
v_Kayaking_g43_c01,5,4,4,5,6,10,16,hispanic
v_Kayaking_g44_c01,3,2,2,1,2,36,4,hispanic
v_Kayaking_g45_c01,11,2,7,9,0,5,16,white
v_Kayaking_g46_c01,4,17,1,0,1,21,6,hispanic
v_Kayaking_g47_c01.,4,5,2,1,0,8,30,unknown
v_Kayaking_g48_c01,8,19,6,2,10,0,5,asian
v_Kayaking_g49_c01,11,17,10,0,0,1,11,asian
v_Kayaking_g50_c01,1,1,6,0,26,12,4,indian
v_Kayaking_g51_c01,1,14,4,2,2,12,14,asian
v_Kayaking_g52_c01,10,25,6,0,1,5,3,asian
v_Kayaking_g53_c01,5,10,20,1,3,4,7,black
v_Kayaking_g54_c01.,9,7,4,1,20,4,5,indian
v_Kayaking_g55_c01,0,14,7,0,26,3,0,indian
v_Kayaking_g56_c01,16,7,17,0,0,0,10,black
v_Kayaking_g57_c01,4,5,24,0,0,16,1,black
v_Kayaking_g58_c01,33,0,5,0,0,12,0,white
v_Kayaking_g59_c01,9,17,5,0,0,0,19,asian
v_Kayaking_g60_c01,6,3,3,0,0,23,15,hispanic
v_Kayaking_g61_c01,4,12,6,8,0,0,20,asian
v_Kayaking_g62_c01,14,1,0,0,0,26,9,hispanic
v_Kayaking_g63_c01,2,10,2,0,0,29,7,hispanic
v_Kayaking_g64_c01,14,29,0,0,3,1,3,asian
v_Kayaking_g65_c01,23,6,4,1,0,4,12,white
v_Kayaking_g66_c01,4,34,1,0,0,8,3,asian
v_Kayaking_g67_c01,5,2,1,1,1,30,10,hispanic
v_Kayaking_g68_c01.,2,19,0,3,23,0,3,indian
v_Kayaking_g69_c01,5,4,1,0,0,28,12,hispanic
v_Kayaking_g70_c01,11,5,3,0,0,20,11,hispanic
v_Kayaking_g71_c01,5,5,2,7,2,26,3,hispanic
v_Kayaking_g72_c01,12,9,2,0,2,22,3,hispanic
v_Kayaking_g73_c01,20,2,8,0,0,17,2,white
v_Kayaking_g74_c01,19,3,4,2,0,16,6,white
v_Kayaking_g75_c01,1,21,6,2,0,12,8,asian
v_Kayaking_g76_c01,4,33,2,0,1,2,8,asian
v_Kayaking_g77_c01,5,22,5,0,1,0,17,asian
v_Kayaking_g78_c01,17,16,4,0,0,4,9,white
v_Kayaking_g79_c01,0,3,3,0,0,0,44,unknown
v_Kayaking_g80_c01,0,30,8,0,0,4,8,asian
v_Kayaking_g81_c01,17,9,0,1,0,1,22,white
v_Knitting_g01_c01.,4,43,0,1,0,0,2,asian
v_Knitting_g02_c01,28,19,0,0,0,1,2,white
v_Knitting_g03_c01.,37,0,1,0,0,10,2,white
v_Knitting_g04_c01,3,8,6,0,20,13,0,indian
v_Knitting_g05_c01,6,3,0,7,4,21,9,hispanic
v_Knitting_g06_c01,9,22,1,0,11,7,0,asian
v_Knitting_g07_c01,13,12,3,0,1,17,4,hispanic
v_Knitting_g08_c01,15,29,0,2,0,3,1,asian
v_Knitting_g09_c01,0,43,0,3,0,0,4,asian
v_Knitting_g10_c01,1,36,0,1,0,12,0,asian
v_Knitting_g11_c01,22,4,0,13,0,5,6,white
v_Knitting_g12_c01,0,24,0,1,7,15,3,asian
v_Knitting_g13_c01.,9,24,3,7,1,6,0,asian
v_Knitting_g14_c01,16,2,2,2,0,9,19,white
v_Knitting_g15_c01,4,2,2,7,30,2,3,indian
v_Knitting_g16_c01,48,0,1,0,0,1,0,white
v_Knitting_g17_c01,2,30,0,6,0,11,1,asian
v_Knitting_g18_c01.,0,30,0,0,3,16,1,asian
v_Knitting_g19_c01,21,13,4,3,0,6,3,white
v_Knitting_g20_c01,0,3,5,2,27,8,5,indian
v_Knitting_g21_c01,3,21,0,4,0,21,1,asian
v_Knitting_g22_c01,1,2,0,44,0,2,1,middle eastern
v_Knitting_g23_c01,0,9,4,16,0,21,0,hispanic
v_Knitting_g24_c01,11,28,0,7,0,4,0,asian
v_Knitting_g25_c01.,3,6,0,9,0,6,26,unknown
v_Knitting_g26_c01,0,17,15,2,0,0,16,asian
v_Knitting_g27_c01,18,0,19,2,1,2,8,black
v_Knitting_g28_c01,12,6,1,15,0,11,5,middle eastern
v_Knitting_g29_c01,10,11,3,7,1,17,1,hispanic
v_Knitting_g30_c01,1,0,0,0,49,0,0,indian
v_Knitting_g31_c01,37,0,2,0,0,11,0,white
v_Knitting_g32_c01,1,4,8,0,0,12,25,unknown
v_Knitting_g33_c01,11,3,2,1,0,28,5,hispanic
v_Knitting_g34_c01,6,6,17,10,1,6,4,black
v_Knitting_g35_c01,39,6,0,2,0,3,0,white
v_Knitting_g36_c01,14,11,0,0,0,25,0,hispanic
v_Knitting_g37_c01,2,1,2,0,0,22,23,hispanic
v_Knitting_g38_c01,0,10,0,12,26,2,0,indian
v_Knitting_g39_c01,8,35,0,3,0,4,0,asian
v_Knitting_g40_c01,13,12,0,3,0,21,0,hispanic
v_Knitting_g41_c01.,29,14,4,0,0,1,2,white
v_LongJump_g01_c01,3,5,3,6,32,1,0,indian
v_LongJump_g02_c01,12,7,13,0,0,15,3,hispanic
v_LongJump_g03_c01,0,1,42,0,0,3,4,black
v_LongJump_g04_c01,3,0,45,0,1,1,0,black
v_LongJump_g05_c01,4,24,2,6,3,0,11,asian
v_LongJump_g06_c01,5,2,40,0,0,2,1,black
v_LongJump_g07_c01,1,12,9,3,2,10,13,asian
v_LongJump_g08_c01,1,0,13,2,0,0,34,unknown
v_LongJump_g09_c01,0,1,27,0,22,0,0,black
v_LongJump_g10_c01,0,0,0,0,0,50,0,hispanic
v_LongJump_g11_c01,0,0,0,0,50,0,0,indian
v_LongJump_g12_c01,6,2,23,0,0,15,4,black
v_LongJump_g13_c01,30,1,19,0,0,0,0,white
v_LongJump_g14_c01,1,5,9,1,30,1,3,indian
v_LongJump_g15_c01,0,4,26,2,3,0,15,black
v_LongJump_g16_c01,6,4,33,1,0,1,5,black
v_LongJump_g17_c01,17,0,2,3,0,0,28,unknown
v_LongJump_g18_c01.,0,0,48,0,2,0,0,black
v_LongJump_g19_c01,0,4,0,0,44,2,0,indian
v_LongJump_g20_c01,0,34,10,1,0,0,5,asian
v_LongJump_g21_c01,8,4,4,4,0,17,13,hispanic
v_LongJump_g22_c01,0,0,4,0,0,0,46,unknown
v_LongJump_g23_c01.,32,2,2,1,0,13,0,white
v_LongJump_g24_c01.,5,19,6,15,0,4,1,asian
v_LongJump_g25_c01,20,15,0,8,0,5,2,white
v_LongJump_g26_c01,1,5,2,3,38,1,0,indian
v_LongJump_g27_c01,10,1,7,2,1,6,23,white
v_LongJump_g28_c01,18,29,3,0,0,0,0,asian
v_LongJump_g29_c01,3,3,39,1,0,3,1,black
v_LongJump_g30_c01,6,0,32,0,1,4,7,black
v_LongJump_g31_c01.,0,10,32,0,0,0,8,black
v_LongJump_g32_c01,22,0,19,2,0,0,7,white
v_LongJump_g33_c01,6,0,1,0,0,0,43,unknown
v_LongJump_g34_c01.,3,4,9,6,12,6,10,indian
v_LongJump_g35_c01.,6,1,32,2,0,9,0,black
v_LongJump_g36_c01,8,5,27,0,0,1,9,black
v_LongJump_g37_c01,0,2,46,0,0,1,1,black
v_LongJump_g38_c01,5,0,33,0,0,1,11,black
v_LongJump_g39_c01,20,0,3,3,0,0,24,white
v_LongJump_g40_c01,2,9,19,12,3,5,0,black
v_LongJump_g41_c01.,35,0,7,0,0,1,7,white
v_LongJump_g42_c01,2,4,42,0,0,2,0,black
v_LongJump_g43_c01,4,5,36,0,0,1,4,black
v_LongJump_g44_c01,1,11,17,0,20,0,1,indian
v_LongJump_g45_c01,0,9,13,0,27,1,0,indian
v_LongJump_g46_c01.,0,8,11,3,22,6,0,indian
v_LongJump_g47_c01,19,8,0,2,0,19,2,white
v_LongJump_g48_c01.,8,3,29,1,0,3,6,black
v_LongJump_g49_c01,11,3,21,0,1,10,4,black
v_LongJump_g50_c01.,4,27,14,3,0,1,1,asian
v_LongJump_g51_c01,6,1,0,1,0,5,37,unknown
v_LongJump_g52_c01,3,3,17,2,1,4,20,black
v_LongJump_g53_c01,9,0,36,1,0,0,4,black
v_LongJump_g54_c01,5,8,28,2,0,1,6,black
v_LongJump_g55_c01,10,3,12,1,0,4,20,black
v_LongJump_g56_c01,1,0,37,0,0,0,12,black
v_LongJump_g57_c01,0,19,27,2,0,2,0,black
v_LongJump_g58_c01.,0,2,38,1,5,0,4,black
v_LongJump_g59_c01,29,3,3,5,0,10,0,white
v_LongJump_g60_c01,5,2,38,5,0,0,0,black
v_LongJump_g61_c01,0,2,34,1,1,0,12,black
v_LongJump_g62_c01,32,0,1,1,0,11,5,white
v_LongJump_g63_c01.,2,8,26,1,3,3,7,black
v_LongJump_g64_c01,0,2,0,0,0,4,44,unknown
v_LongJump_g65_c01,37,11,1,0,0,1,0,white
v_LongJump_g66_c01,1,0,3,0,45,1,0,indian
v_LongJump_g67_c01,0,7,0,10,32,1,0,indian
v_LongJump_g68_c01,22,0,9,0,0,0,19,white
v_LongJump_g69_c01.,1,31,15,0,1,2,0,asian
v_LongJump_g70_c01.,13,2,13,6,2,5,9,white
v_LongJump_g71_c01,4,9,27,3,1,1,5,black
v_LongJump_g72_c01,11,3,8,0,0,5,23,white
v_LongJump_g73_c01,6,0,0,0,0,43,1,hispanic
v_LongJump_g74_c01,6,5,2,9,0,27,1,hispanic
v_LongJump_g75_c01,1,1,4,0,0,8,36,unknown
v_LongJump_g76_c01,27,2,19,0,0,2,0,white
v_LongJump_g77_c01,9,1,36,1,2,1,0,black
v_LongJump_g78_c01,0,2,27,5,2,0,14,black
v_LongJump_g79_c01,0,2,45,2,0,0,1,black
v_LongJump_g80_c01.,45,0,1,2,0,0,2,white
v_LongJump_g81_c01,6,3,13,0,0,6,22,black
v_LongJump_g82_c01,5,1,5,1,0,8,30,unknown
v_LongJump_g83_c01,1,46,0,0,0,0,3,asian
v_LongJump_g84_c01,5,10,7,3,0,5,20,asian
v_LongJump_g85_c01,10,1,5,3,1,21,9,hispanic
v_LongJump_g86_c01.,2,6,11,0,0,0,31,unknown
v_LongJump_g87_c01,0,4,36,4,3,3,0,black
v_LongJump_g88_c01,1,2,26,0,3,2,16,black
v_LongJump_g89_c01,4,4,33,3,0,2,4,black
v_LongJump_g90_c01,1,1,39,1,4,0,4,black
v_LongJump_g91_c01,11,3,1,8,0,0,27,unknown
v_LongJump_g92_c01,3,2,41,1,1,0,2,black
v_LongJump_g93_c01,1,1,35,1,0,1,11,black
v_LongJump_g94_c01,2,2,5,0,0,3,38,unknown
v_LongJump_g95_c01.,4,3,7,0,33,0,3,indian
v_Lunges_g01_c01,0,0,49,0,0,1,0,black
v_Lunges_g02_c01,23,4,6,2,0,14,1,white
v_Lunges_g03_c01,10,1,1,17,0,19,2,hispanic
v_Lunges_g04_c01,27,0,0,21,0,2,0,white
v_Lunges_g05_c01,13,0,0,22,0,11,4,middle eastern
v_Lunges_g06_c01,0,46,3,1,0,0,0,asian
v_Lunges_g07_c01,2,30,6,0,0,12,0,asian
v_Lunges_g08_c01,5,4,16,0,0,23,2,hispanic
v_Lunges_g09_c01,1,28,1,6,12,0,2,asian
v_Lunges_g10_c01,43,1,0,0,0,1,5,white
v_Lunges_g11_c01.,6,3,9,18,0,9,5,middle eastern
v_Lunges_g12_c01.,28,17,0,0,0,0,5,white
v_Lunges_g13_c01,0,7,0,1,0,42,0,hispanic
v_Lunges_g14_c01,8,9,0,3,0,30,0,hispanic
v_Lunges_g15_c01.,0,28,3,2,0,15,2,asian
v_Lunges_g16_c01.,42,0,0,0,0,5,3,white
v_Lunges_g17_c01,21,13,13,0,0,3,0,white
v_Lunges_g18_c01,50,0,0,0,0,0,0,white
v_Lunges_g19_c01,28,0,5,0,0,2,15,white
v_Lunges_g20_c01,10,14,1,14,0,9,2,asian
v_Lunges_g21_c01,50,0,0,0,0,0,0,white
v_Lunges_g22_c01,50,0,0,0,0,0,0,white
v_Lunges_g23_c01,50,0,0,0,0,0,0,white
v_Lunges_g24_c01,48,1,0,0,0,0,1,white
v_Lunges_g25_c01.,45,0,0,0,0,2,3,white
v_Lunges_g26_c01,18,4,9,1,0,4,14,white
v_Lunges_g27_c01,17,0,27,0,0,0,6,black
v_Lunges_g28_c01,3,11,1,1,0,21,13,hispanic
v_Lunges_g29_c01.,5,19,6,15,0,4,1,asian
v_Lunges_g30_c01,28,16,4,1,0,1,0,white
v_Lunges_g31_c01,5,4,2,2,1,2,34,unknown
v_Lunges_g32_c01,9,35,2,0,0,0,4,asian
v_Lunges_g33_c01,18,0,0,0,0,32,0,hispanic
v_Lunges_g34_c01,23,4,2,4,0,0,17,white
v_Lunges_g35_c01,16,0,33,0,0,1,0,black
v_Lunges_g36_c01,0,0,0,0,50,0,0,indian
v_Lunges_g37_c01,33,0,0,0,0,17,0,white
v_Lunges_g38_c01.,7,0,5,0,0,25,13,hispanic
v_Lunges_g39_c01,4,0,0,17,0,4,25,unknown
v_Lunges_g40_c01,2,12,6,2,0,28,0,hispanic
v_Lunges_g41_c01,0,0,50,0,0,0,0,black
v_Lunges_g42_c01.,39,0,0,3,0,2,6,white
v_Lunges_g43_c01,38,0,0,0,0,12,0,white
v_Lunges_g44_c01,33,3,1,5,0,8,0,white
v_Lunges_g45_c01,32,1,1,0,0,15,1,white
v_Lunges_g46_c01,16,1,23,0,0,7,3,black
v_Lunges_g47_c01,35,3,0,1,0,8,3,white
v_Lunges_g48_c01.,11,5,2,0,0,2,30,unknown
v_Lunges_g49_c01,3,12,1,5,0,26,3,hispanic
v_Lunges_g50_c01,0,0,0,0,0,49,1,hispanic
v_Lunges_g51_c01,1,10,3,0,0,36,0,hispanic
v_Lunges_g52_c01,4,1,36,5,1,1,2,black
v_Lunges_g53_c01.,33,2,4,6,0,4,1,white
v_Lunges_g54_c01,7,3,3,2,0,35,0,hispanic
v_Lunges_g55_c01.,43,1,0,0,0,6,0,white
v_Lunges_g56_c01,12,2,0,0,0,25,11,hispanic
v_Lunges_g57_c01,20,2,0,5,0,22,1,hispanic
v_Lunges_g58_c01.,15,4,11,0,0,15,5,white
v_Lunges_g59_c01,1,2,42,4,0,1,0,black
v_Lunges_g60_c01,5,35,0,0,0,4,6,asian
v_Lunges_g61_c01,3,7,1,1,0,38,0,hispanic
v_Lunges_g62_c01,0,4,3,5,34,2,2,indian
v_Lunges_g63_c01.,2,0,0,21,0,27,0,hispanic
v_Lunges_g64_c01.,0,0,8,25,15,2,0,middle eastern
v_Lunges_g65_c01.,10,0,7,18,0,15,0,middle eastern
v_Lunges_g66_c01,34,5,0,1,0,9,1,white
v_Lunges_g67_c01,6,1,24,4,1,8,6,black
v_Lunges_g68_c01,29,3,0,0,0,7,11,white
v_Lunges_g69_c01,0,50,0,0,0,0,0,asian
v_Lunges_g70_c01,3,7,1,1,0,38,0,hispanic
v_MilitaryParade_g01_c01,50,0,0,0,0,0,0,white
v_MilitaryParade_g02_c01.,0,0,50,0,0,0,0,black
v_MilitaryParade_g03_c01,23,0,1,1,0,0,25,unknown
v_MilitaryParade_g04_c01,2,0,42,0,6,0,0,black
v_MilitaryParade_g05_c01,49,0,0,0,1,0,0,white
v_MilitaryParade_g06_c01,8,14,0,8,1,8,11,asian
v_MilitaryParade_g07_c01.,1,39,0,4,0,2,4,asian
v_MilitaryParade_g08_c01,6,5,2,2,26,0,9,indian
v_MilitaryParade_g09_c01.,0,0,0,36,2,0,12,middle eastern
v_MilitaryParade_g10_c01,0,18,2,3,7,8,12,asian
v_MilitaryParade_g11_c01,24,0,10,0,0,12,4,white
v_MilitaryParade_g12_c01,4,42,3,0,1,0,0,asian
v_MilitaryParade_g13_c01,2,0,2,45,0,1,0,middle eastern
v_MilitaryParade_g14_c01,5,34,3,2,1,2,3,asian
v_MilitaryParade_g15_c01,1,0,10,0,2,37,0,hispanic
v_MilitaryParade_g16_c01,3,5,2,0,0,40,0,hispanic
v_MilitaryParade_g17_c01,2,0,0,12,28,1,7,indian
v_MilitaryParade_g18_c01,0,46,2,0,1,0,1,asian
v_MilitaryParade_g19_c01,1,0,1,45,0,1,2,middle eastern
v_MilitaryParade_g20_c01.,5,31,1,3,0,3,7,asian
v_MilitaryParade_g21_c01,21,11,6,2,2,1,7,white
v_MilitaryParade_g22_c01.,3,34,4,0,6,0,3,asian
v_MilitaryParade_g23_c01.,1,38,5,0,0,0,6,asian
v_MilitaryParade_g24_c01,1,48,0,0,0,0,1,asian
v_MilitaryParade_g25_c01,16,14,1,9,1,7,2,white
v_MilitaryParade_g26_c01,25,1,3,2,0,19,0,white
v_MilitaryParade_g27_c01,18,4,3,0,6,9,10,white
v_MilitaryParade_g28_c01,1,0,1,2,45,0,1,indian
v_MilitaryParade_g29_c01,41,0,6,2,0,0,1,white
v_MilitaryParade_g30_c01,44,0,2,0,1,3,0,white
v_MilitaryParade_g31_c01,48,0,2,0,0,0,0,white
v_MilitaryParade_g32_c01,1,0,0,0,0,49,0,hispanic
v_MilitaryParade_g33_c01,3,0,1,40,3,3,0,middle eastern
v_MilitaryParade_g34_c01.,1,20,5,5,0,4,15,asian
v_MilitaryParade_g35_c01,1,29,2,1,0,9,8,asian
v_MilitaryParade_g36_c01,13,4,4,4,0,0,25,unknown
v_MilitaryParade_g37_c01,30,0,0,19,1,0,0,white
v_MilitaryParade_g38_c01.,3,8,7,8,16,1,7,indian
v_MilitaryParade_g39_c01,6,1,0,20,2,2,18,middle eastern
v_MilitaryParade_g40_c01,9,4,0,24,0,13,0,middle eastern
v_MilitaryParade_g41_c01,32,3,4,1,4,0,6,white
v_MilitaryParade_g42_c01,6,13,28,2,0,1,0,black
v_MilitaryParade_g43_c01,3,38,3,0,2,2,2,asian
v_MilitaryParade_g44_c01,34,0,10,0,0,5,1,white
v_MilitaryParade_g45_c01,0,1,0,0,13,0,36,unknown
v_MilitaryParade_g46_c01.,4,2,12,12,6,11,3,black
v_MilitaryParade_g47_c01,21,1,1,1,0,16,10,white
v_MilitaryParade_g48_c01,9,7,17,1,2,4,10,black
v_MilitaryParade_g49_c01,1,3,1,3,37,0,5,indian
v_MilitaryParade_g50_c01,13,5,1,6,0,4,21,white
v_MilitaryParade_g51_c01,8,23,2,5,0,5,7,asian
v_MilitaryParade_g52_c01,21,0,18,0,0,9,2,white
v_MilitaryParade_g53_c01,3,0,5,0,0,0,42,unknown
v_MilitaryParade_g54_c01,19,5,21,0,0,1,4,black
v_MilitaryParade_g55_c01,12,2,1,3,0,0,32,unknown
v_MilitaryParade_g56_c01,23,0,3,0,4,2,18,white
v_MilitaryParade_g57_c01,2,7,3,0,36,1,1,indian
v_MilitaryParade_g58_c01,0,0,0,0,50,0,0,indian
v_MilitaryParade_g59_c01,42,0,6,0,0,2,0,white
v_MilitaryParade_g60_c01,2,3,0,43,1,0,1,middle eastern
v_MilitaryParade_g61_c01,1,0,1,0,0,0,48,unknown
v_MilitaryParade_g62_c01,22,1,4,1,0,4,18,white
v_MilitaryParade_g63_c01,0,0,7,0,0,1,42,unknown
v_MilitaryParade_g64_c01,0,0,44,0,1,3,2,black
v_MilitaryParade_g65_c01,0,1,39,0,3,5,2,black
v_MilitaryParade_g66_c01,0,7,25,0,14,2,1,black
v_MilitaryParade_g67_c01,30,0,1,4,0,0,15,white
v_MilitaryParade_g68_c01,5,4,5,12,3,11,10,middle eastern
v_MilitaryParade_g69_c01,2,4,31,0,0,11,2,black
v_MilitaryParade_g70_c01,6,0,0,38,0,4,2,middle eastern
v_MilitaryParade_g71_c01,9,6,10,2,0,21,2,hispanic
v_MilitaryParade_g72_c01.,1,0,40,0,0,9,0,black
v_MilitaryParade_g73_c01,0,4,46,0,0,0,0,black
v_MilitaryParade_g74_c01,10,0,6,5,0,18,11,hispanic
v_MilitaryParade_g75_c01,36,1,12,0,0,0,1,white
v_MilitaryParade_g76_c01,1,0,10,31,2,1,5,middle eastern
v_MilitaryParade_g77_c01.,0,8,1,16,20,5,0,indian
v_MilitaryParade_g78_c01,3,9,2,32,0,2,2,middle eastern
v_MilitaryParade_g79_c01.,25,0,16,1,0,6,2,white
v_MilitaryParade_g80_c01.,0,10,0,0,38,2,0,indian
v_MilitaryParade_g81_c01,4,0,37,3,0,2,4,black
v_MilitaryParade_g82_c01,39,0,3,0,0,8,0,white
v_MilitaryParade_g83_c01,39,0,0,2,0,4,5,white
v_MilitaryParade_g84_c01,48,0,1,0,0,1,0,white
v_MilitaryParade_g85_c01,11,0,8,4,0,25,2,hispanic
v_MilitaryParade_g86_c01,0,0,2,42,1,4,1,middle eastern
v_MilitaryParade_g87_c01,0,0,38,6,2,4,0,black
v_MilitaryParade_g88_c01.,12,2,5,11,1,11,8,white
v_MilitaryParade_g89_c01,2,39,5,1,2,0,1,asian
v_MilitaryParade_g90_c01,1,35,5,0,2,0,7,asian
v_MilitaryParade_g91_c01.,1,38,5,0,2,0,4,asian
v_Mixing_g01_c01,37,0,6,5,0,2,0,white
v_Mixing_g02_c01,25,0,1,21,0,2,1,white
v_Mixing_g03_c01,4,0,0,17,0,27,1,hispanic
v_Mixing_g04_c01,3,5,1,6,0,34,1,hispanic
v_Mixing_g05_c01.,2,18,2,2,5,21,0,hispanic
v_Mixing_g06_c01,9,28,4,1,0,8,0,asian
v_Mixing_g07_c01,41,0,0,2,0,7,0,white
v_Mixing_g08_c01,3,0,44,0,0,2,1,black
v_Mixing_g09_c01.,7,3,33,0,0,1,6,black
v_Mixing_g10_c01,16,3,2,11,14,3,1,white
v_Mixing_g11_c01,4,7,6,2,0,25,6,hispanic
v_Mixing_g12_c01,12,1,10,0,0,5,22,white
v_Mixing_g13_c01,22,1,0,27,0,0,0,middle eastern
v_Mixing_g14_c01,3,2,3,0,1,1,40,unknown
v_Mixing_g15_c01,0,2,0,1,2,43,2,hispanic
v_Mixing_g16_c01,0,0,5,0,1,8,36,unknown
v_Mixing_g17_c01,1,3,3,8,2,33,0,hispanic
v_Mixing_g18_c01,13,0,32,0,0,1,4,black
v_Mixing_g19_c01,33,1,2,1,0,7,6,white
v_Mixing_g20_c01,2,1,32,7,3,0,5,black
v_Mixing_g21_c01,12,32,0,0,0,3,3,asian
v_Mixing_g22_c01,22,2,0,7,0,0,19,white
v_Mixing_g23_c01,1,29,5,2,0,7,6,asian
v_Mixing_g24_c01,0,0,1,1,0,48,0,hispanic
v_Mixing_g25_c01,15,0,0,0,0,34,1,hispanic
v_Mixing_g26_c01.,10,0,35,0,0,2,3,black
v_Mixing_g27_c01,12,1,0,0,0,0,37,unknown
v_Mixing_g28_c01,2,0,6,0,0,1,41,unknown
v_Mixing_g29_c01,23,10,6,9,1,0,1,white
v_Mixing_g30_c01,1,2,0,19,8,20,0,hispanic
v_Mixing_g31_c01.,0,7,5,0,0,0,38,unknown
v_Mixing_g32_c01,1,4,39,0,0,2,4,black
v_Mixing_g33_c01,0,2,1,5,0,42,0,hispanic
v_Mixing_g34_c01,4,3,14,3,0,0,26,unknown
v_Mixing_g35_c01,1,1,35,0,2,6,5,black
v_Mixing_g36_c01.,10,13,9,2,0,11,5,asian
v_Mixing_g37_c01,22,4,3,4,1,1,15,white
v_Mixing_g38_c01,32,12,3,2,0,0,1,white
v_Mixing_g39_c01,1,2,1,3,0,43,0,hispanic
v_Mixing_g40_c01,0,1,36,0,1,6,6,black
v_Mixing_g41_c01,10,0,0,33,1,5,1,middle eastern
v_Mixing_g42_c01,14,0,36,0,0,0,0,black
v_Mixing_g43_c01,1,0,48,0,0,1,0,black
v_Mixing_g44_c01.,44,0,1,1,0,4,0,white
v_Mixing_g45_c01,0,0,7,0,0,43,0,hispanic
v_Mixing_g46_c01.,15,0,9,0,0,12,14,white
v_Mixing_g47_c01,3,5,15,0,27,0,0,indian
v_Mixing_g48_c01,1,2,6,17,1,18,5,hispanic
v_Mixing_g49_c01,50,0,0,0,0,0,0,white
v_Mixing_g50_c01,5,9,8,3,20,4,1,indian
v_Mixing_g51_c01.,16,4,1,1,0,17,10,hispanic
v_Mixing_g52_c01,14,12,2,13,1,7,1,white
v_Mixing_g53_c01,50,0,0,0,0,0,0,white
v_Mixing_g54_c01,0,0,0,0,0,50,0,hispanic
v_Mixing_g55_c01,3,3,8,0,2,25,9,hispanic
v_Mixing_g56_c01,6,0,37,0,0,1,6,black
v_Mixing_g57_c01,27,4,2,1,14,2,0,white
v_Mixing_g58_c01,12,1,0,1,1,4,31,unknown
v_Mixing_g59_c01,18,12,0,0,0,17,3,white
v_Mixing_g60_c01,22,1,8,0,0,19,0,white
v_Mixing_g61_c01,32,3,2,0,0,9,4,white
v_Mixing_g62_c01,21,1,0,0,0,28,0,hispanic
v_Mixing_g63_c01,19,17,6,0,0,7,1,white
v_Mixing_g64_c01,14,1,1,3,0,23,8,hispanic
v_Mixing_g65_c01,14,0,3,0,0,7,26,unknown
v_Mixing_g66_c01,0,1,46,3,0,0,0,black
v_Mixing_g67_c01,1,1,1,1,0,0,46,unknown
v_Mixing_g68_c01,11,1,20,5,0,8,5,black
v_Mixing_g69_c01,6,2,33,0,0,8,1,black
v_Mixing_g70_c01,1,14,18,6,0,11,0,black
v_Mixing_g71_c01,4,0,25,0,2,19,0,black
v_Mixing_g72_c01,12,9,4,9,5,7,4,white
v_Mixing_g73_c01,2,42,0,4,0,2,0,asian
v_Mixing_g74_c01,1,1,46,0,0,2,0,black
v_Mixing_g75_c01,4,22,9,1,2,6,6,asian
v_Mixing_g76_c01.,0,0,0,50,0,0,0,middle eastern
v_Mixing_g77_c01,4,6,34,1,0,1,4,black
v_Mixing_g78_c01,16,11,1,12,0,10,0,white
v_Mixing_g79_c01,6,20,4,1,15,4,0,asian
v_MoppingFloor_g01_c01.,0,16,1,2,0,0,31,unknown
v_MoppingFloor_g02_c01,49,0,0,0,0,1,0,white
v_MoppingFloor_g03_c01,0,1,0,0,49,0,0,indian
v_MoppingFloor_g04_c01.,13,14,2,2,3,6,10,asian
v_MoppingFloor_g05_c01,2,2,5,34,0,3,4,middle eastern
v_MoppingFloor_g06_c01.,0,0,0,0,49,1,0,indian
v_MoppingFloor_g07_c01,8,1,11,0,0,0,30,unknown
v_MoppingFloor_g08_c01,15,6,7,17,3,0,2,middle eastern
v_MoppingFloor_g09_c01,0,10,3,36,0,0,1,middle eastern
v_MoppingFloor_g10_c01,1,0,0,0,49,0,0,indian
v_MoppingFloor_g11_c01,0,0,44,0,5,0,1,black
v_MoppingFloor_g12_c01,0,4,0,0,40,6,0,indian
v_MoppingFloor_g13_c01.,31,0,3,5,0,8,3,white
v_MoppingFloor_g14_c01.,35,12,0,0,0,3,0,white
v_MoppingFloor_g15_c01.,40,0,4,0,0,2,4,white
v_MoppingFloor_g16_c01,0,24,10,1,0,10,5,asian
v_MoppingFloor_g17_c01,3,5,35,0,1,3,3,black
v_MoppingFloor_g18_c01,15,5,1,0,0,1,28,unknown
v_MoppingFloor_g19_c01.,13,0,17,1,0,0,19,black
v_MoppingFloor_g20_c01,15,1,7,12,0,13,2,white
v_MoppingFloor_g21_c01,1,6,9,6,0,10,18,hispanic
v_MoppingFloor_g22_c01.,0,0,0,9,19,22,0,hispanic
v_MoppingFloor_g23_c01,9,1,19,0,10,2,9,black
v_MoppingFloor_g24_c01.,2,0,46,2,0,0,0,black
v_MoppingFloor_g25_c01,18,23,2,0,0,0,7,asian
v_MoppingFloor_g26_c01,41,5,0,0,0,0,4,white
v_MoppingFloor_g27_c01,33,1,1,0,1,13,1,white
v_MoppingFloor_g28_c01,17,3,10,0,0,12,8,white
v_MoppingFloor_g29_c01,50,0,0,0,0,0,0,white
v_MoppingFloor_g30_c01,8,3,4,23,11,0,1,middle eastern
v_MoppingFloor_g31_c01,25,2,6,0,0,5,12,white
v_MoppingFloor_g32_c01,33,6,4,1,1,1,4,white
v_Nunchucks_g01_c01,10,3,19,10,1,7,0,black
v_Nunchucks_g02_c01,0,31,4,13,0,0,2,asian
v_Nunchucks_g03_c01,3,4,6,0,0,36,1,hispanic
v_Nunchucks_g04_c01,0,0,0,9,41,0,0,indian
v_Nunchucks_g05_c01,0,44,3,2,1,0,0,asian
v_Nunchucks_g06_c01,5,1,0,0,0,44,0,hispanic
v_Nunchucks_g07_c01,0,24,6,2,0,0,18,asian
v_Nunchucks_g08_c01,20,12,5,2,0,7,4,white
v_Nunchucks_g09_c01,4,27,3,4,0,2,10,asian
v_Nunchucks_g10_c01.,50,0,0,0,0,0,0,white
v_Nunchucks_g11_c01,2,37,3,3,0,2,3,asian
v_Nunchucks_g12_c01,46,0,0,0,0,4,0,white
v_Nunchucks_g13_c01,1,41,6,0,0,0,2,asian
v_Nunchucks_g14_c01,1,1,1,0,0,44,3,hispanic
v_Nunchucks_g15_c01,0,19,0,0,0,2,29,unknown
v_Nunchucks_g16_c01,0,0,1,6,4,38,1,hispanic
v_Nunchucks_g17_c01.,0,49,0,0,0,1,0,asian
v_Nunchucks_g18_c01,0,3,8,1,19,4,15,indian
v_Nunchucks_g19_c01,0,3,1,1,0,5,40,unknown
v_Nunchucks_g20_c01,10,2,0,7,0,12,19,hispanic
v_Nunchucks_g21_c01,4,28,5,2,0,6,5,asian
v_Nunchucks_g22_c01,43,0,0,0,0,7,0,white
v_Nunchucks_g23_c01,12,2,1,1,0,32,2,hispanic
v_Nunchucks_g24_c01,0,49,0,0,0,0,1,asian
v_Nunchucks_g25_c01,0,1,0,2,0,47,0,hispanic
v_Nunchucks_g26_c01,0,14,2,26,3,3,2,middle eastern
v_Nunchucks_g27_c01,25,9,5,0,0,1,10,white
v_Nunchucks_g28_c01,7,39,1,0,0,2,1,asian
v_Nunchucks_g29_c01,0,14,2,1,0,0,33,unknown
v_Nunchucks_g30_c01,5,14,6,0,0,1,24,asian
v_Nunchucks_g31_c01,1,23,9,0,0,0,17,asian
v_Nunchucks_g32_c01.,0,13,2,0,35,0,0,indian
v_Nunchucks_g33_c01,0,10,3,33,0,4,0,middle eastern
v_Nunchucks_g34_c01.,0,44,1,2,1,1,1,asian
v_Nunchucks_g35_c01,5,34,1,5,3,2,0,asian
v_Nunchucks_g36_c01,37,3,0,0,0,10,0,white
v_Nunchucks_g37_c01,0,9,5,1,0,4,31,unknown
v_Nunchucks_g38_c01,1,10,2,0,0,8,29,unknown
v_Nunchucks_g39_c01,5,38,0,0,0,4,3,asian
v_Nunchucks_g40_c01,13,2,1,6,0,27,1,hispanic
v_Nunchucks_g41_c01,23,1,0,0,0,22,4,white
v_Nunchucks_g42_c01,3,1,0,0,46,0,0,indian
v_Nunchucks_g43_c01,16,13,15,0,0,4,2,white
v_Nunchucks_g44_c01,6,10,34,0,0,0,0,black
v_Nunchucks_g45_c01,45,1,0,0,0,4,0,white
v_Nunchucks_g46_c01,1,0,8,5,20,16,0,indian
v_Nunchucks_g47_c01,2,44,0,0,1,0,3,asian
v_Nunchucks_g48_c01,5,0,0,0,0,44,1,hispanic
v_Nunchucks_g49_c01.,2,0,48,0,0,0,0,black
v_Nunchucks_g50_c01,0,1,30,0,1,6,12,black
v_Nunchucks_g51_c01,2,3,1,12,23,9,0,indian
v_Nunchucks_g52_c01,7,12,0,0,0,27,4,hispanic
v_Nunchucks_g53_c01,0,47,1,0,0,0,2,asian
v_Nunchucks_g54_c01,0,7,5,0,1,36,1,hispanic
v_Nunchucks_g55_c01,14,15,1,0,0,1,19,asian
v_Nunchucks_g56_c01.,1,31,3,10,4,0,1,asian
v_Nunchucks_g57_c01,15,3,7,0,0,2,23,white
v_Nunchucks_g58_c01,36,0,0,2,0,0,12,white
v_Nunchucks_g59_c01.,0,23,2,0,5,5,15,asian
v_Nunchucks_g60_c01,28,11,3,2,0,6,0,white
v_Nunchucks_g61_c01,16,26,1,0,0,3,4,asian
v_Nunchucks_g62_c01,2,34,3,4,5,0,2,asian
v_Nunchucks_g63_c01.,50,0,0,0,0,0,0,white
v_Nunchucks_g64_c01.,3,3,37,0,0,2,5,black
v_Nunchucks_g65_c01,7,4,5,5,0,0,29,unknown
v_Nunchucks_g66_c01,40,0,9,1,0,0,0,white
v_Nunchucks_g67_c01,1,3,21,0,0,12,13,black
v_Nunchucks_g68_c01,4,1,1,7,35,2,0,indian
v_Nunchucks_g69_c01,16,7,6,8,1,2,10,white
v_Nunchucks_g70_c01,18,1,0,10,6,3,12,white
v_Nunchucks_g71_c01,0,3,15,0,0,5,27,unknown
v_Nunchucks_g72_c01,0,19,5,9,5,12,0,asian
v_Nunchucks_g73_c01,0,2,0,4,44,0,0,indian
v_ParallelBars_g01_c01,7,4,36,0,1,1,1,black
v_ParallelBars_g02_c01,16,21,1,1,0,1,10,asian
v_ParallelBars_g03_c01.,3,10,1,0,2,7,27,unknown
v_ParallelBars_g04_c01,5,15,1,2,0,0,27,unknown
v_ParallelBars_g05_c01,12,8,3,2,2,1,22,white
v_ParallelBars_g06_c01,8,12,9,4,0,3,14,asian
v_ParallelBars_g07_c01,8,24,4,0,0,0,14,asian
v_ParallelBars_g08_c01,2,9,1,8,1,26,3,hispanic
v_ParallelBars_g09_c01,17,2,0,6,0,25,0,hispanic
v_ParallelBars_g100_c01,15,9,6,1,0,8,11,white
v_ParallelBars_g101_c01.,0,40,0,0,3,3,4,asian
v_ParallelBars_g102_c01.,18,14,10,5,0,2,1,white
v_ParallelBars_g103_c01,0,46,2,0,0,1,1,asian
v_ParallelBars_g104_c01,0,45,3,0,0,0,2,asian
v_ParallelBars_g105_c01,4,27,3,10,2,3,1,asian
v_ParallelBars_g106_c01,11,30,7,0,0,2,0,asian
v_ParallelBars_g107_c01,12,20,7,3,2,6,0,asian
v_ParallelBars_g108_c01,6,21,7,6,5,2,3,asian
v_ParallelBars_g109_c01,11,7,12,2,0,3,15,black
v_ParallelBars_g10_c01,33,4,4,1,1,5,2,white
v_ParallelBars_g110_c01,20,5,4,1,0,18,2,white
v_ParallelBars_g111_c01,0,5,2,2,12,28,1,hispanic
v_ParallelBars_g112_c01,3,40,0,0,2,2,3,asian
v_ParallelBars_g113_c01,0,49,1,0,0,0,0,asian
v_ParallelBars_g114_c01,5,3,2,12,0,19,9,hispanic
v_ParallelBars_g115_c01,5,6,1,1,2,22,13,hispanic
v_ParallelBars_g116_c01.,2,15,2,1,0,15,15,asian
v_ParallelBars_g117_c01,25,1,16,2,0,4,2,white
v_ParallelBars_g118_c01.,2,33,5,0,0,5,5,asian
v_ParallelBars_g119_c01,1,0,9,2,2,3,33,unknown
v_ParallelBars_g11_c01,11,14,5,2,0,8,10,asian
v_ParallelBars_g120_c01,0,49,0,0,0,0,1,asian
v_ParallelBars_g121_c01,16,11,4,0,0,0,19,white
v_ParallelBars_g122_c01,0,2,2,4,11,31,0,hispanic
v_ParallelBars_g123_c01,9,0,0,0,0,33,8,hispanic
v_ParallelBars_g124_c01.,4,3,17,5,0,6,15,black
v_ParallelBars_g125_c01.,1,49,0,0,0,0,0,asian
v_ParallelBars_g12_c01.,0,1,2,0,47,0,0,indian
v_ParallelBars_g13_c01.,0,5,5,10,28,2,0,indian
v_ParallelBars_g14_c01,21,2,2,1,0,0,24,white
v_ParallelBars_g15_c01,17,26,4,0,3,0,0,asian
v_ParallelBars_g16_c01,24,1,12,1,0,8,4,white
v_ParallelBars_g17_c01,0,2,40,1,0,5,2,black
v_ParallelBars_g18_c01,4,32,2,0,0,7,5,asian
v_ParallelBars_g19_c01,5,7,4,11,4,9,10,middle eastern
v_ParallelBars_g20_c01,0,0,2,0,45,0,3,indian
v_ParallelBars_g21_c01,19,3,0,0,0,16,12,white
v_ParallelBars_g22_c01.,0,1,7,0,0,5,37,unknown
v_ParallelBars_g23_c01,2,12,6,2,7,15,6,hispanic
v_ParallelBars_g24_c01,0,0,4,11,0,35,0,hispanic
v_ParallelBars_g25_c01,1,2,7,23,0,15,2,middle eastern
v_ParallelBars_g26_c01,1,11,0,0,38,0,0,indian
v_ParallelBars_g27_c01,12,8,0,12,0,16,2,hispanic
v_ParallelBars_g28_c01,0,5,38,0,0,5,2,black
v_ParallelBars_g29_c01,14,7,6,0,18,3,2,indian
v_ParallelBars_g30_c01,0,46,4,0,0,0,0,asian
v_ParallelBars_g31_c01,24,0,1,3,0,4,18,white
v_ParallelBars_g32_c01,29,8,3,0,0,2,8,white
v_ParallelBars_g33_c01,25,3,6,1,0,7,8,white
v_ParallelBars_g34_c01,8,10,6,8,0,17,1,hispanic
v_ParallelBars_g35_c01,3,42,1,1,2,1,0,asian
v_ParallelBars_g36_c01,0,0,0,6,0,44,0,hispanic
v_ParallelBars_g37_c01,11,29,0,0,0,10,0,asian
v_ParallelBars_g38_c01,4,25,14,1,0,1,5,asian
v_ParallelBars_g39_c01,0,8,3,1,28,9,1,indian
v_ParallelBars_g40_c01,0,11,3,4,24,7,0,indian
v_ParallelBars_g41_c01,0,9,3,1,35,2,0,indian
v_ParallelBars_g42_c01.,0,15,1,1,27,3,3,indian
v_ParallelBars_g43_c01,14,1,2,8,2,14,9,white
v_ParallelBars_g44_c01,17,8,6,1,1,1,16,white
v_ParallelBars_g45_c01,2,20,9,1,1,1,16,asian
v_ParallelBars_g46_c01,5,44,0,0,0,0,1,asian
v_ParallelBars_g47_c01,16,5,3,10,16,0,0,white
v_ParallelBars_g48_c01.,1,10,2,5,2,9,21,asian
v_ParallelBars_g49_c01,0,10,0,23,0,2,15,middle eastern
v_ParallelBars_g50_c01,8,1,6,1,0,6,28,unknown
v_ParallelBars_g51_c01,5,17,18,0,0,1,9,black
v_ParallelBars_g52_c01.,0,16,34,0,0,0,0,black
v_ParallelBars_g53_c01.,2,11,0,2,0,2,33,unknown
v_ParallelBars_g54_c01.,5,13,4,7,0,12,9,asian
v_ParallelBars_g55_c01.,2,25,3,9,0,3,8,asian
v_ParallelBars_g56_c01.,6,14,0,7,0,17,6,hispanic
v_ParallelBars_g57_c01.,8,15,20,1,1,4,1,black
v_ParallelBars_g58_c01,3,8,18,5,2,14,0,black
v_ParallelBars_g59_c01,0,0,3,0,46,0,0,indian
v_ParallelBars_g60_c01,48,0,0,0,0,2,0,white
v_ParallelBars_g61_c01,1,5,2,0,36,2,4,indian
v_ParallelBars_g62_c01,24,5,5,0,0,2,14,white
v_ParallelBars_g63_c01,3,1,20,0,0,5,21,black
v_ParallelBars_g64_c01.,0,21,2,7,1,10,9,asian
v_ParallelBars_g65_c01,14,1,29,0,0,0,6,black
v_ParallelBars_g66_c01,16,21,3,0,0,6,4,asian
v_ParallelBars_g67_c01,10,29,1,0,6,0,4,asian
v_ParallelBars_g68_c01,12,20,12,0,4,1,1,asian
v_ParallelBars_g69_c01,12,15,9,3,3,4,4,asian
v_ParallelBars_g70_c01.,12,18,9,1,0,0,10,asian
v_ParallelBars_g71_c01,8,36,1,3,0,1,1,asian
v_ParallelBars_g72_c01.,13,11,1,1,0,2,22,white
v_ParallelBars_g73_c01,3,30,1,2,13,1,0,asian
v_ParallelBars_g74_c01,42,3,2,0,1,2,0,white
v_ParallelBars_g75_c01,1,9,10,3,23,1,3,indian
v_ParallelBars_g76_c01.,50,0,0,0,0,0,0,white
v_ParallelBars_g77_c01,2,16,2,5,0,20,5,hispanic
v_ParallelBars_g78_c01,11,16,0,1,0,0,22,asian
v_ParallelBars_g79_c01.,2,5,2,1,0,23,17,hispanic
v_ParallelBars_g80_c01,50,0,0,0,0,0,0,white
v_ParallelBars_g81_c01,19,17,9,0,0,0,5,white
v_ParallelBars_g82_c01,6,23,3,3,3,11,1,asian
v_ParallelBars_g83_c01.,13,20,6,0,0,3,8,asian
v_ParallelBars_g84_c01,4,12,17,5,2,3,7,black
v_ParallelBars_g85_c01,23,2,21,1,0,2,1,white
v_ParallelBars_g86_c01,4,6,5,15,0,13,7,middle eastern
v_ParallelBars_g87_c01,6,35,2,0,0,4,3,asian
v_ParallelBars_g88_c01,23,22,1,0,0,1,3,white
v_ParallelBars_g89_c01,29,20,0,0,0,0,1,white
v_ParallelBars_g90_c01.,4,46,0,0,0,0,0,asian
v_ParallelBars_g91_c01,5,9,5,2,4,1,24,asian
v_ParallelBars_g92_c01.,8,11,13,6,1,3,8,black
v_ParallelBars_g93_c01,39,3,0,0,1,2,5,white
v_ParallelBars_g94_c01,21,6,5,2,0,3,13,white
v_ParallelBars_g95_c01,9,31,3,2,5,0,0,asian
v_ParallelBars_g96_c01,11,0,0,0,0,2,37,unknown
v_ParallelBars_g97_c01,21,11,2,5,2,6,3,white
v_ParallelBars_g98_c01,3,23,9,0,12,0,3,asian
v_ParallelBars_g99_c01,1,16,10,12,0,0,11,asian
v_PizzaTossing_g01_c01,14,6,2,5,0,20,3,hispanic
v_PizzaTossing_g02_c01,40,6,0,1,0,0,3,white
v_PizzaTossing_g03_c01,13,5,12,2,0,3,15,white
v_PizzaTossing_g04_c01,24,2,3,0,0,10,11,white
v_PizzaTossing_g05_c01,3,15,7,4,1,7,13,asian
v_PizzaTossing_g06_c01,0,0,0,0,0,0,50,unknown
v_PizzaTossing_g07_c01,50,0,0,0,0,0,0,white
v_PizzaTossing_g08_c01,28,1,0,3,0,18,0,white
v_PizzaTossing_g09_c01,24,7,6,0,0,12,1,white
v_PizzaTossing_g10_c01,2,0,39,1,0,4,4,black
v_PizzaTossing_g11_c01,1,9,2,1,0,33,4,hispanic
v_PizzaTossing_g12_c01,6,5,6,6,0,14,13,hispanic
v_PizzaTossing_g13_c01,29,0,2,1,0,15,3,white
v_PizzaTossing_g14_c01,10,3,2,6,1,9,19,white
v_PizzaTossing_g15_c01,14,11,1,2,0,17,5,hispanic
v_PizzaTossing_g16_c01,1,9,1,17,15,6,1,middle eastern
v_PizzaTossing_g17_c01.,45,0,0,4,0,0,1,white
v_PizzaTossing_g18_c01,23,12,1,2,0,5,7,white
v_PizzaTossing_g19_c01,6,7,4,8,0,1,24,middle eastern
v_PizzaTossing_g20_c01,11,0,2,0,0,8,29,unknown
v_PizzaTossing_g21_c01,15,9,3,0,0,23,0,hispanic
v_PizzaTossing_g22_c01,31,7,12,0,0,0,0,white
v_PizzaTossing_g23_c01,17,2,21,0,0,0,10,black
v_PizzaTossing_g24_c01,1,28,4,0,0,13,4,asian
v_PizzaTossing_g25_c01,3,13,5,29,0,0,0,middle eastern
v_PizzaTossing_g26_c01,2,32,5,6,0,3,2,asian
v_PizzaTossing_g27_c01.,13,22,9,1,0,0,5,asian
v_PizzaTossing_g28_c01,30,3,6,0,0,10,1,white
v_PizzaTossing_g29_c01,1,5,12,1,0,0,31,unknown
v_PizzaTossing_g30_c01,49,0,0,0,0,0,1,white
v_PizzaTossing_g31_c01,1,11,14,3,2,2,17,black
v_PizzaTossing_g32_c01.,8,3,23,7,1,6,2,black
v_PizzaTossing_g33_c01.,15,5,11,6,1,8,4,white
v_PizzaTossing_g34_c01.,10,1,37,0,0,1,1,black
v_PizzaTossing_g35_c01.,12,2,4,0,1,25,6,hispanic
v_PizzaTossing_g36_c01,1,33,1,0,0,12,3,asian
v_PizzaTossing_g37_c01,41,3,4,0,0,0,2,white
v_PizzaTossing_g38_c01,3,9,10,9,0,7,12,black
v_PizzaTossing_g39_c01,6,22,3,0,0,13,6,asian
v_PizzaTossing_g40_c01,0,0,46,1,0,0,3,black
v_PizzaTossing_g41_c01,3,46,0,0,0,0,1,asian
v_PizzaTossing_g42_c01,26,3,0,19,0,1,1,white
v_PizzaTossing_g43_c01,7,35,3,1,0,3,1,asian
v_PizzaTossing_g44_c01,3,5,4,6,21,10,1,indian
v_PizzaTossing_g45_c01.,17,24,0,5,0,4,0,asian
v_PizzaTossing_g46_c01,16,6,2,0,0,10,16,white
v_PizzaTossing_g47_c01,6,16,4,7,0,3,14,asian
v_PizzaTossing_g48_c01,41,0,4,0,0,5,0,white
v_PizzaTossing_g49_c01,29,0,5,9,0,3,4,white
v_PizzaTossing_g50_c01,13,3,1,0,0,13,20,white
v_PizzaTossing_g51_c01,9,8,3,9,0,15,6,hispanic
v_PizzaTossing_g52_c01,22,12,10,1,0,0,5,white
v_PizzaTossing_g53_c01,3,0,3,4,0,34,6,hispanic
v_PizzaTossing_g54_c01,21,6,2,0,0,11,10,white
v_PizzaTossing_g55_c01,7,10,1,1,0,21,10,hispanic
v_PizzaTossing_g56_c01,9,6,17,2,0,12,4,black
v_PizzaTossing_g57_c01,29,1,0,0,0,20,0,white
v_PizzaTossing_g58_c01,2,2,28,0,1,7,10,black
v_PizzaTossing_g59_c01,3,11,10,12,0,12,2,middle eastern
v_PizzaTossing_g60_c01,6,12,10,0,0,10,12,asian
v_PizzaTossing_g61_c01,11,3,3,7,0,14,12,hispanic
v_PizzaTossing_g62_c01,0,14,12,0,3,0,21,asian
v_PizzaTossing_g63_c01,5,13,7,4,0,19,2,hispanic
v_PizzaTossing_g64_c01,0,23,25,1,0,0,1,black
v_PizzaTossing_g65_c01,22,0,1,0,0,27,0,hispanic
v_PizzaTossing_g66_c01,1,1,0,15,0,32,1,hispanic
v_PizzaTossing_g67_c01,13,8,5,6,0,16,2,hispanic
v_PizzaTossing_g68_c01,23,0,0,7,0,18,2,white
v_PizzaTossing_g69_c01,50,0,0,0,0,0,0,white
v_PizzaTossing_g70_c01.,35,2,5,1,0,7,0,white
v_PizzaTossing_g71_c01,5,18,21,1,0,1,4,black
v_PizzaTossing_g72_c01.,24,10,1,1,0,7,7,white
v_PizzaTossing_g73_c01,32,0,0,18,0,0,0,white
v_PizzaTossing_g74_c01.,32,0,0,1,0,17,0,white
v_PizzaTossing_g75_c01,34,3,2,0,0,9,2,white
v_PizzaTossing_g76_c01,1,8,6,3,1,25,6,hispanic
v_PizzaTossing_g77_c01,0,4,0,0,0,46,0,hispanic
v_PizzaTossing_g78_c01,17,0,6,8,0,18,1,hispanic
v_PizzaTossing_g79_c01,1,15,28,1,4,0,1,black
v_PizzaTossing_g80_c01,33,4,5,0,0,3,5,white
v_PizzaTossing_g81_c01,7,1,15,12,0,12,3,black
v_PlayingCello_g01_c01,2,34,3,8,0,0,3,asian
v_PlayingCello_g02_c01.,0,49,0,0,0,1,0,asian
v_PlayingCello_g03_c01,7,23,15,0,0,4,1,asian
v_PlayingCello_g04_c01,15,9,1,1,0,10,14,white
v_PlayingCello_g05_c01,1,4,5,3,0,7,30,unknown
v_PlayingCello_g06_c01,1,7,4,1,0,1,36,unknown
v_PlayingCello_g07_c01,3,6,0,3,1,7,30,unknown
v_PlayingCello_g08_c01,5,0,0,7,0,8,30,unknown
v_PlayingCello_g09_c01,13,1,0,26,0,2,8,middle eastern
v_PlayingCello_g10_c01.,6,1,7,4,0,1,31,unknown
v_PlayingCello_g11_c01,48,0,0,2,0,0,0,white
v_PlayingCello_g12_c01,47,0,0,0,0,0,3,white
v_PlayingCello_g13_c01,11,5,0,0,0,5,29,unknown
v_PlayingCello_g14_c01,0,0,0,0,8,0,42,unknown
v_PlayingCello_g15_c01.,4,7,6,7,0,2,24,asian
v_PlayingCello_g16_c01,17,30,3,0,0,0,0,asian
v_PlayingCello_g17_c01,2,25,3,0,0,0,20,asian
v_PlayingCello_g18_c01,38,0,0,0,0,12,0,white
v_PlayingCello_g19_c01,1,8,2,3,1,10,25,unknown
v_PlayingCello_g20_c01,28,2,3,1,0,5,11,white
v_PlayingCello_g21_c01,2,3,3,23,1,7,11,middle eastern
v_PlayingCello_g22_c01,17,4,3,4,0,0,22,white
v_PlayingCello_g23_c01,4,24,0,0,0,17,5,asian
v_PlayingCello_g24_c01,0,50,0,0,0,0,0,asian
v_PlayingCello_g25_c01,19,3,3,2,0,14,9,white
v_PlayingCello_g26_c01,0,17,12,0,0,6,15,asian
v_PlayingCello_g27_c01,20,0,3,6,0,2,19,white
v_PlayingCello_g28_c01,0,0,0,0,0,0,50,unknown
v_PlayingCello_g29_c01,7,4,2,19,1,3,14,middle eastern
v_PlayingCello_g30_c01,0,45,1,0,0,0,4,asian
v_PlayingCello_g31_c01,8,4,3,10,0,2,23,middle eastern
v_PlayingCello_g32_c01,0,6,5,11,1,5,22,middle eastern
v_PlayingCello_g33_c01,26,2,0,0,0,2,20,white
v_PlayingCello_g34_c01,12,24,14,0,0,0,0,asian
v_PlayingCello_g35_c01.,18,9,1,0,0,19,3,hispanic
v_PlayingCello_g36_c01,14,0,4,4,0,16,12,hispanic
v_PlayingCello_g37_c01,10,11,4,18,0,4,3,middle eastern
v_PlayingCello_g38_c01,50,0,0,0,0,0,0,white
v_PlayingCello_g39_c01,9,9,0,0,0,32,0,hispanic
v_PlayingCello_g40_c01,1,18,8,10,8,0,5,asian
v_PlayingCello_g41_c01,3,3,0,5,0,21,18,hispanic
v_PlayingCello_g42_c01,2,0,41,0,0,2,5,black
v_PlayingCello_g43_c01,1,37,5,0,0,0,7,asian
v_PlayingCello_g44_c01,0,0,50,0,0,0,0,black
v_PlayingCello_g45_c01,0,0,44,0,0,6,0,black
v_PlayingCello_g46_c01,0,0,1,0,0,0,49,unknown
v_PlayingCello_g47_c01,0,20,6,0,0,1,23,asian
v_PlayingCello_g48_c01,26,2,0,0,0,0,22,white
v_PlayingCello_g49_c01,2,7,4,12,0,12,13,middle eastern
v_PlayingCello_g50_c01,42,0,0,2,0,0,6,white
v_PlayingCello_g51_c01,27,2,2,5,0,7,7,white
v_PlayingCello_g52_c01,0,0,48,0,0,2,0,black
v_PlayingCello_g53_c01,0,3,4,3,0,36,4,hispanic
v_PlayingCello_g54_c01,0,28,0,4,0,18,0,asian
v_PlayingCello_g55_c01,0,0,0,0,0,1,49,unknown
v_PlayingCello_g56_c01,3,7,3,0,1,0,36,unknown
v_PlayingCello_g57_c01,0,23,0,0,0,0,27,unknown
v_PlayingCello_g58_c01.,0,0,50,0,0,0,0,black
v_PlayingCello_g59_c01,0,0,0,0,0,0,50,unknown
v_PlayingCello_g60_c01,0,1,48,0,0,1,0,black
v_PlayingCello_g61_c01,50,0,0,0,0,0,0,white
v_PlayingCello_g62_c01,48,0,0,0,0,2,0,white
v_PlayingCello_g63_c01.,8,13,1,3,0,2,23,asian
v_PlayingCello_g64_c01,0,13,1,13,1,18,4,hispanic
v_PlayingCello_g65_c01.,38,0,0,4,0,5,3,white
v_PlayingCello_g66_c01.,3,0,0,0,0,47,0,hispanic
v_PlayingCello_g67_c01,49,0,0,0,0,1,0,white
v_PlayingCello_g68_c01.,9,0,0,11,5,13,12,hispanic
v_PlayingCello_g69_c01,47,0,3,0,0,0,0,white
v_PlayingCello_g70_c01,0,0,1,0,1,0,48,unknown
v_PlayingCello_g71_c01.,9,11,12,10,0,1,7,black
v_PlayingCello_g72_c01,14,2,28,0,0,4,2,black
v_PlayingCello_g73_c01,0,2,0,0,0,0,48,unknown
v_PlayingCello_g74_c01,0,8,8,0,0,14,20,hispanic
v_PlayingCello_g75_c01,0,16,24,1,0,4,5,black
v_PlayingCello_g76_c01,8,10,0,1,0,24,7,hispanic
v_PlayingCello_g77_c01,2,0,2,0,0,17,28,unknown
v_PlayingCello_g78_c01,6,6,2,2,1,5,28,unknown
v_PlayingCello_g79_c01,0,33,0,0,0,0,17,asian
v_PlayingCello_g80_c01,0,43,3,0,0,0,4,asian
v_PlayingCello_g81_c01.,50,0,0,0,0,0,0,white
v_PlayingCello_g82_c01.,11,1,12,2,0,2,22,black
v_PlayingCello_g83_c01,9,5,2,5,0,0,29,unknown
v_PlayingCello_g84_c01,0,50,0,0,0,0,0,asian
v_PlayingCello_g85_c01,5,3,8,1,0,7,26,unknown
v_PlayingCello_g86_c01,6,4,2,6,1,6,25,unknown
v_PlayingCello_g87_c01,1,9,2,5,5,2,26,unknown
v_PlayingCello_g88_c01,19,10,0,0,0,5,16,white
v_PlayingCello_g89_c01,0,1,0,25,4,20,0,middle eastern
v_PlayingCello_g90_c01,0,46,3,0,0,0,1,asian
v_PlayingCello_g91_c01,0,6,5,11,1,5,22,middle eastern
v_PlayingDaf_g01_c01,0,2,0,41,6,0,1,middle eastern
v_PlayingDaf_g02_c01,2,31,0,0,3,4,10,asian
v_PlayingDaf_g03_c01,0,0,7,18,0,0,25,unknown
v_PlayingDaf_g04_c01,4,1,0,43,0,1,1,middle eastern
v_PlayingDaf_g05_c01,0,2,0,21,27,0,0,indian
v_PlayingDaf_g06_c01,3,43,3,0,0,1,0,asian
v_PlayingDaf_g07_c01,0,0,0,24,26,0,0,indian
v_PlayingDaf_g08_c01,0,21,10,0,19,0,0,asian
v_PlayingDaf_g09_c01,1,4,0,37,4,2,2,middle eastern
v_PlayingDaf_g10_c01,0,0,1,48,0,1,0,middle eastern
v_PlayingDaf_g11_c01,1,9,4,6,22,4,4,indian
v_PlayingDaf_g12_c01.,6,0,2,41,0,1,0,middle eastern
v_PlayingDaf_g13_c01,1,8,41,0,0,0,0,black
v_PlayingDaf_g14_c01.,6,9,0,13,1,18,3,hispanic
v_PlayingDaf_g15_c01.,0,0,1,18,31,0,0,indian
v_PlayingDaf_g16_c01,0,1,1,34,9,2,3,middle eastern
v_PlayingDaf_g17_c01,14,14,2,16,0,1,3,middle eastern
v_PlayingDaf_g18_c01,8,8,4,10,0,5,15,middle eastern
v_PlayingDaf_g19_c01,4,12,2,23,4,2,3,middle eastern
v_PlayingDaf_g20_c01,11,3,8,0,0,12,16,hispanic
v_PlayingDaf_g21_c01,1,34,1,2,2,7,3,asian
v_PlayingDaf_g22_c01,0,0,0,50,0,0,0,middle eastern
v_PlayingDaf_g23_c01,0,0,0,0,0,50,0,hispanic
v_PlayingDaf_g24_c01,37,0,1,4,0,1,7,white
v_PlayingDaf_g25_c01,0,0,0,34,0,16,0,middle eastern
v_PlayingDaf_g26_c01,0,2,0,17,31,0,0,indian
v_PlayingDaf_g27_c01,0,9,0,0,0,6,35,unknown
v_PlayingDaf_g28_c01,0,6,0,40,2,2,0,middle eastern
v_PlayingDaf_g29_c01,0,0,0,49,1,0,0,middle eastern
v_PlayingDaf_g30_c01,0,0,4,0,0,1,45,unknown
v_PlayingDaf_g31_c01.,0,3,2,44,0,0,1,middle eastern
v_PlayingDaf_g32_c01,0,0,0,50,0,0,0,middle eastern
v_PlayingDaf_g33_c01,0,0,0,50,0,0,0,middle eastern
v_PlayingDaf_g34_c01.,0,0,0,13,37,0,0,indian
v_PlayingDaf_g35_c01.,0,0,0,50,0,0,0,middle eastern
v_PlayingDaf_g36_c01,0,4,4,30,1,1,10,middle eastern
v_PlayingDaf_g37_c01,0,2,0,38,9,0,1,middle eastern
v_PlayingDaf_g38_c01,2,15,1,24,6,0,2,middle eastern
v_PlayingDaf_g39_c01,38,1,0,0,0,11,0,white
v_PlayingDaf_g40_c01,0,0,0,24,26,0,0,indian
v_PlayingDaf_g41_c01,0,0,0,43,0,7,0,middle eastern
v_PlayingDaf_g42_c01.,1,0,3,44,2,0,0,middle eastern
v_PlayingDaf_g43_c01,0,4,13,11,2,0,20,black
v_PlayingDaf_g44_c01.,1,14,4,1,2,0,28,unknown
v_PlayingDaf_g45_c01,0,7,0,37,4,1,1,middle eastern
v_PlayingDaf_g46_c01,0,0,0,46,4,0,0,middle eastern
v_PlayingDaf_g47_c01,1,18,1,26,3,0,1,middle eastern
v_PlayingDaf_g48_c01,0,1,1,13,4,23,8,hispanic
v_PlayingDhol_g01_c01,38,1,0,0,0,0,11,white
v_PlayingDhol_g02_c01,0,1,0,5,44,0,0,indian
v_PlayingDhol_g03_c01,1,8,8,3,13,13,4,indian
v_PlayingDhol_g04_c01,0,1,0,6,42,1,0,indian
v_PlayingDhol_g05_c01,1,1,4,8,34,1,1,indian
v_PlayingDhol_g06_c01,0,1,0,1,46,0,2,indian
v_PlayingDhol_g07_c01.,0,8,10,7,6,18,1,hispanic
v_PlayingDhol_g08_c01,0,0,0,13,3,33,1,hispanic
v_PlayingDhol_g09_c01,5,13,3,1,18,4,6,indian
v_PlayingDhol_g100_c01,2,0,5,21,14,5,3,middle eastern
v_PlayingDhol_g101_c01,4,9,3,17,8,7,2,middle eastern
v_PlayingDhol_g102_c01,0,17,4,0,6,8,15,asian
v_PlayingDhol_g103_c01,0,1,4,4,34,4,3,indian
v_PlayingDhol_g104_c01,0,1,9,29,2,1,8,middle eastern
v_PlayingDhol_g105_c01,0,0,0,0,0,50,0,hispanic
v_PlayingDhol_g106_c01,0,4,2,12,22,3,7,indian
v_PlayingDhol_g107_c01,6,2,2,1,39,0,0,indian
v_PlayingDhol_g108_c01.,0,2,1,16,18,12,0,indian
v_PlayingDhol_g109_c01,0,4,5,12,15,6,8,indian
v_PlayingDhol_g10_c01,3,12,4,8,3,20,0,hispanic
v_PlayingDhol_g110_c01.,0,0,0,0,50,0,0,indian
v_PlayingDhol_g111_c01.,8,1,1,2,32,5,1,indian
v_PlayingDhol_g112_c01,0,7,3,32,4,2,2,middle eastern
v_PlayingDhol_g113_c01,0,45,2,0,0,0,3,asian
v_PlayingDhol_g114_c01,5,9,9,1,1,10,15,hispanic
v_PlayingDhol_g115_c01,0,1,4,39,5,0,1,middle eastern
v_PlayingDhol_g116_c01,0,0,0,14,36,0,0,indian
v_PlayingDhol_g117_c01,0,5,6,2,28,3,6,indian
v_PlayingDhol_g118_c01,0,3,1,6,27,11,2,indian
v_PlayingDhol_g119_c01,0,5,1,0,44,0,0,indian
v_PlayingDhol_g11_c01.,0,0,0,0,50,0,0,indian
v_PlayingDhol_g120_c01.,0,0,0,2,48,0,0,indian
v_PlayingDhol_g121_c01,1,4,2,4,33,1,5,indian
v_PlayingDhol_g122_c01.,3,14,3,8,10,9,3,asian
v_PlayingDhol_g123_c01.,0,4,0,6,39,0,0,indian
v_PlayingDhol_g124_c01.,0,6,0,5,24,2,13,indian
v_PlayingDhol_g125_c01,0,0,0,29,16,0,5,middle eastern
v_PlayingDhol_g126_c01.,1,1,1,14,31,2,0,indian
v_PlayingDhol_g127_c01,2,9,8,8,17,2,4,indian
v_PlayingDhol_g128_c01,8,38,1,1,0,0,2,asian
v_PlayingDhol_g129_c01,0,0,0,0,50,0,0,indian
v_PlayingDhol_g12_c01,0,5,0,36,9,0,0,middle eastern
v_PlayingDhol_g130_c01,0,4,2,1,41,0,2,indian
v_PlayingDhol_g131_c01,2,3,1,1,37,6,0,indian
v_PlayingDhol_g132_c01,0,0,1,42,5,0,2,middle eastern
v_PlayingDhol_g133_c01,0,0,0,1,49,0,0,indian
v_PlayingDhol_g13_c01,0,3,2,1,41,2,1,indian
v_PlayingDhol_g14_c01,1,5,5,23,13,2,1,middle eastern
v_PlayingDhol_g15_c01.,0,1,0,10,39,0,0,indian
v_PlayingDhol_g16_c01,0,0,18,19,3,10,0,middle eastern
v_PlayingDhol_g17_c01,2,20,5,12,0,7,4,asian
v_PlayingDhol_g18_c01,0,0,0,0,49,0,1,indian
v_PlayingDhol_g19_c01,0,3,1,33,1,3,9,middle eastern
v_PlayingDhol_g20_c01,0,0,0,2,48,0,0,indian
v_PlayingDhol_g21_c01,0,4,0,3,43,0,0,indian
v_PlayingDhol_g22_c01,0,0,1,0,49,0,0,indian
v_PlayingDhol_g23_c01,8,3,0,0,0,30,9,hispanic
v_PlayingDhol_g24_c01,12,2,12,6,15,1,2,indian
v_PlayingDhol_g25_c01,0,2,0,12,10,26,0,hispanic
v_PlayingDhol_g26_c01.,0,0,0,0,48,0,2,indian
v_PlayingDhol_g27_c01.,2,9,13,0,3,11,12,black
v_PlayingDhol_g28_c01,0,1,0,43,6,0,0,middle eastern
v_PlayingDhol_g29_c01,0,3,0,9,31,7,0,indian
v_PlayingDhol_g30_c01.,2,0,0,13,33,1,1,indian
v_PlayingDhol_g31_c01,0,2,9,0,35,4,0,indian
v_PlayingDhol_g32_c01,3,10,0,19,1,13,4,middle eastern
v_PlayingDhol_g33_c01,0,2,3,30,14,1,0,middle eastern
v_PlayingDhol_g34_c01,0,0,0,25,24,1,0,middle eastern
v_PlayingDhol_g35_c01,0,40,3,1,0,0,6,asian
v_PlayingDhol_g36_c01.,0,9,0,3,38,0,0,indian
v_PlayingDhol_g37_c01,0,0,0,11,39,0,0,indian
v_PlayingDhol_g38_c01,0,13,32,0,4,1,0,black
v_PlayingDhol_g39_c01,0,0,0,36,14,0,0,middle eastern
v_PlayingDhol_g40_c01,0,1,0,0,49,0,0,indian
v_PlayingDhol_g41_c01,1,8,5,9,0,27,0,hispanic
v_PlayingDhol_g42_c01,1,2,1,12,7,24,3,hispanic
v_PlayingDhol_g43_c01,0,11,5,13,14,0,7,indian
v_PlayingDhol_g44_c01,0,9,2,12,24,1,2,indian
v_PlayingDhol_g45_c01,0,32,0,3,12,1,2,asian
v_PlayingDhol_g46_c01,0,0,0,0,48,0,2,indian
v_PlayingDhol_g47_c01,0,0,0,0,50,0,0,indian
v_PlayingDhol_g48_c01,0,5,0,4,38,3,0,indian
v_PlayingDhol_g49_c01,0,6,0,10,29,3,2,indian
v_PlayingDhol_g50_c01,0,0,1,0,48,1,0,indian
v_PlayingDhol_g51_c01,0,40,0,3,0,7,0,asian
v_PlayingDhol_g52_c01,0,0,0,2,47,1,0,indian
v_PlayingDhol_g53_c01.,8,0,4,0,0,0,38,unknown
v_PlayingDhol_g54_c01,0,0,0,0,50,0,0,indian
v_PlayingDhol_g55_c01,0,0,0,0,50,0,0,indian
v_PlayingDhol_g56_c01,0,0,0,1,49,0,0,indian
v_PlayingDhol_g57_c01,0,0,0,38,11,0,1,middle eastern
v_PlayingDhol_g58_c01.,0,0,0,50,0,0,0,middle eastern
v_PlayingDhol_g59_c01,0,0,0,50,0,0,0,middle eastern
v_PlayingDhol_g60_c01.,0,0,1,1,48,0,0,indian
v_PlayingDhol_g61_c01.,0,1,1,13,34,0,1,indian
v_PlayingDhol_g62_c01,0,36,0,4,5,1,4,asian
v_PlayingDhol_g63_c01.,0,1,0,9,40,0,0,indian
v_PlayingDhol_g64_c01.,0,2,0,1,43,0,4,indian
v_PlayingDhol_g65_c01,0,3,0,11,36,0,0,indian
v_PlayingDhol_g66_c01.,0,0,0,0,50,0,0,indian
v_PlayingDhol_g67_c01.,0,0,0,10,40,0,0,indian
v_PlayingDhol_g68_c01.,0,5,1,0,40,4,0,indian
v_PlayingDhol_g69_c01.,1,8,2,20,16,3,0,middle eastern
v_PlayingDhol_g70_c01,0,2,0,23,25,0,0,indian
v_PlayingDhol_g71_c01.,0,0,0,0,50,0,0,indian
v_PlayingDhol_g72_c01.,0,0,0,0,50,0,0,indian
v_PlayingDhol_g73_c01.,0,0,0,0,50,0,0,indian
v_PlayingDhol_g74_c01,3,14,3,1,0,0,29,unknown
v_PlayingDhol_g75_c01,0,3,11,14,18,0,4,indian
v_PlayingDhol_g76_c01,0,0,0,7,43,0,0,indian
v_PlayingDhol_g77_c01,0,2,0,4,43,1,0,indian
v_PlayingDhol_g78_c01,0,0,0,17,33,0,0,indian
v_PlayingDhol_g79_c01,3,20,4,4,2,16,1,asian
v_PlayingDhol_g80_c01,0,0,0,38,12,0,0,middle eastern
v_PlayingDhol_g81_c01,0,0,0,17,33,0,0,indian
v_PlayingDhol_g82_c01,0,0,0,26,24,0,0,middle eastern
v_PlayingDhol_g83_c01.,0,0,0,0,50,0,0,indian
v_PlayingDhol_g84_c01,0,0,0,0,50,0,0,indian
v_PlayingDhol_g85_c01,0,1,0,11,36,0,2,indian
v_PlayingDhol_g86_c01.,0,0,0,0,50,0,0,indian
v_PlayingDhol_g87_c01.,1,1,1,0,46,0,1,indian
v_PlayingDhol_g88_c01,0,17,0,0,29,4,0,indian
v_PlayingDhol_g89_c01,1,5,1,25,10,4,4,middle eastern
v_PlayingDhol_g90_c01,0,7,1,0,0,42,0,hispanic
v_PlayingDhol_g91_c01,0,1,2,0,41,5,1,indian
v_PlayingDhol_g92_c01.,0,0,0,0,50,0,0,indian
v_PlayingDhol_g93_c01,0,0,0,29,21,0,0,middle eastern
v_PlayingDhol_g94_c01,0,1,15,0,0,0,34,unknown
v_PlayingDhol_g95_c01,0,12,13,1,2,21,1,hispanic
v_PlayingDhol_g96_c01,1,7,8,2,5,5,22,black
v_PlayingDhol_g97_c01,0,0,0,32,17,0,1,middle eastern
v_PlayingDhol_g98_c01.,1,3,11,13,20,0,2,indian
v_PlayingDhol_g99_c01.,0,3,0,6,14,0,27,unknown
v_PlayingFlute_g01_c01.,7,1,1,2,35,2,2,indian
v_PlayingFlute_g02_c01.,14,1,3,1,26,3,2,indian
v_PlayingFlute_g03_c01,0,50,0,0,0,0,0,asian
v_PlayingFlute_g04_c01,1,1,0,1,0,41,6,hispanic
v_PlayingFlute_g05_c01,0,0,0,0,3,47,0,hispanic
v_PlayingFlute_g06_c01.,1,1,44,4,0,0,0,black
v_PlayingFlute_g07_c01,0,1,0,1,38,0,10,indian
v_PlayingFlute_g08_c01,4,14,0,0,31,0,1,indian
v_PlayingFlute_g09_c01,0,1,0,1,0,1,47,unknown
v_PlayingFlute_g10_c01,0,50,0,0,0,0,0,asian
v_PlayingFlute_g11_c01,6,17,1,2,18,6,0,indian
v_PlayingFlute_g12_c01,1,0,1,46,2,0,0,middle eastern
v_PlayingFlute_g13_c01,45,0,0,1,0,4,0,white
v_PlayingFlute_g14_c01,36,0,1,0,0,13,0,white
v_PlayingFlute_g15_c01,1,4,28,5,1,7,4,black
v_PlayingFlute_g16_c01,0,0,9,2,1,35,3,hispanic
v_PlayingFlute_g17_c01,0,0,1,20,28,1,0,indian
v_PlayingFlute_g18_c01,0,47,0,0,1,0,2,asian
v_PlayingFlute_g19_c01,4,4,5,9,19,4,5,indian
v_PlayingFlute_g20_c01.,0,4,0,0,46,0,0,indian
v_PlayingFlute_g21_c01,25,20,0,1,0,4,0,white
v_PlayingFlute_g22_c01,43,0,0,2,0,5,0,white
v_PlayingFlute_g23_c01.,2,0,2,0,0,0,46,unknown
v_PlayingFlute_g24_c01.,17,1,0,16,0,14,2,white
v_PlayingFlute_g25_c01,6,3,2,1,2,36,0,hispanic
v_PlayingFlute_g26_c01.,0,1,1,0,0,3,45,unknown
v_PlayingFlute_g27_c01.,4,3,3,2,32,4,2,indian
v_PlayingFlute_g28_c01,0,0,1,33,11,5,0,middle eastern
v_PlayingFlute_g29_c01,0,1,2,2,40,5,0,indian
v_PlayingFlute_g30_c01,0,14,0,6,9,0,21,asian
v_PlayingFlute_g31_c01,1,3,1,6,32,6,1,indian
v_PlayingFlute_g32_c01,0,0,0,0,0,0,50,unknown
v_PlayingFlute_g33_c01,0,1,0,15,29,3,2,indian
v_PlayingFlute_g34_c01,41,6,2,0,0,0,1,white
v_PlayingFlute_g35_c01,0,0,0,0,0,0,50,unknown
v_PlayingFlute_g36_c01,0,2,0,0,48,0,0,indian
v_PlayingFlute_g37_c01,5,1,0,3,41,0,0,indian
v_PlayingFlute_g38_c01.,5,2,2,0,31,4,6,indian
v_PlayingFlute_g39_c01,2,2,31,2,0,3,10,black
v_PlayingFlute_g40_c01,0,10,1,0,11,26,2,hispanic
v_PlayingFlute_g41_c01,19,14,9,0,3,3,2,white
v_PlayingFlute_g42_c01,19,0,25,0,1,5,0,black
v_PlayingFlute_g43_c01,0,0,1,2,0,5,42,unknown
v_PlayingFlute_g44_c01,11,6,3,4,20,6,0,indian
v_PlayingFlute_g45_c01,29,4,2,7,0,8,0,white
v_PlayingFlute_g46_c01,8,0,5,2,35,0,0,indian
v_PlayingFlute_g47_c01,10,10,8,4,0,17,1,hispanic
v_PlayingFlute_g48_c01,0,2,46,2,0,0,0,black
v_PlayingFlute_g49_c01,0,1,2,22,15,6,4,middle eastern
v_PlayingFlute_g50_c01,5,3,7,2,14,3,16,indian
v_PlayingFlute_g51_c01,32,4,2,1,0,1,10,white
v_PlayingFlute_g52_c01,0,0,2,0,44,0,4,indian
v_PlayingFlute_g53_c01,0,2,0,2,45,0,1,indian
v_PlayingFlute_g54_c01,0,48,0,0,0,0,2,asian
v_PlayingFlute_g55_c01,0,2,0,11,29,6,2,indian
v_PlayingFlute_g56_c01,1,2,0,1,2,41,3,hispanic
v_PlayingFlute_g57_c01,0,1,3,46,0,0,0,middle eastern
v_PlayingFlute_g58_c01,0,3,5,40,0,0,2,middle eastern
v_PlayingFlute_g59_c01.,2,5,0,3,0,15,25,unknown
v_PlayingFlute_g60_c01,30,0,11,1,0,4,4,white
v_PlayingFlute_g61_c01,0,0,0,0,0,0,50,unknown
v_PlayingFlute_g62_c01,0,20,0,8,13,9,0,asian
v_PlayingFlute_g63_c01,0,3,0,43,3,1,0,middle eastern
v_PlayingFlute_g64_c01.,7,1,30,6,0,5,1,black
v_PlayingFlute_g65_c01,0,0,15,0,0,0,35,unknown
v_PlayingFlute_g66_c01,28,11,3,2,0,6,0,white
v_PlayingFlute_g67_c01,1,22,4,5,7,3,8,asian
v_PlayingFlute_g68_c01,0,6,1,8,4,31,0,hispanic
v_PlayingFlute_g69_c01,1,0,0,0,0,49,0,hispanic
v_PlayingFlute_g70_c01,10,4,1,30,0,2,3,middle eastern
v_PlayingFlute_g71_c01,1,8,0,0,7,23,11,hispanic
v_PlayingFlute_g72_c01,3,0,33,7,0,7,0,black
v_PlayingFlute_g73_c01,0,1,1,1,47,0,0,indian
v_PlayingFlute_g74_c01,0,0,0,3,45,2,0,indian
v_PlayingFlute_g75_c01,14,2,28,0,0,4,2,black
v_PlayingFlute_g76_c01,16,7,21,1,0,5,0,black
v_PlayingFlute_g77_c01,1,3,40,2,4,0,0,black
v_PlayingFlute_g78_c01,2,0,1,4,6,37,0,hispanic
v_PlayingFlute_g79_c01,0,2,0,27,20,0,1,middle eastern
v_PlayingFlute_g80_c01,0,0,35,0,0,0,15,black
v_PlayingFlute_g81_c01.,0,0,0,0,50,0,0,indian
v_PlayingFlute_g82_c01,0,45,0,0,0,5,0,asian
v_PlayingFlute_g83_c01,44,0,0,0,0,0,6,white
v_PlayingFlute_g84_c01,3,9,2,14,9,10,3,middle eastern
v_PlayingFlute_g85_c01,3,0,0,11,35,0,1,indian
v_PlayingFlute_g86_c01,0,2,1,2,41,4,0,indian
v_PlayingFlute_g87_c01,2,2,2,11,28,3,2,indian
v_PlayingGuitar_g01_c01,23,3,0,1,14,8,1,white
v_PlayingGuitar_g02_c01,10,10,0,0,18,8,4,indian
v_PlayingGuitar_g03_c01.,12,0,32,3,0,2,1,black
v_PlayingGuitar_g04_c01.,50,0,0,0,0,0,0,white
v_PlayingGuitar_g05_c01,28,8,9,3,0,2,0,white
v_PlayingGuitar_g06_c01,20,9,7,5,0,3,6,white
v_PlayingGuitar_g07_c01.,25,1,0,4,0,20,0,white
v_PlayingGuitar_g08_c01,16,0,0,9,0,25,0,hispanic
v_PlayingGuitar_g09_c01,0,49,0,1,0,0,0,asian
v_PlayingGuitar_g10_c01,0,0,0,2,45,0,3,indian
v_PlayingGuitar_g11_c01,9,7,7,3,0,22,2,hispanic
v_PlayingGuitar_g12_c01,1,0,1,0,0,46,1,hispanic
v_PlayingGuitar_g13_c01,21,15,1,5,0,2,6,white
v_PlayingGuitar_g14_c01,15,0,3,0,0,4,28,unknown
v_PlayingGuitar_g15_c01,0,7,1,17,0,23,2,hispanic
v_PlayingGuitar_g16_c01,15,3,5,4,4,18,1,hispanic
v_PlayingGuitar_g17_c01.,30,0,16,0,0,1,3,white
v_PlayingGuitar_g18_c01,10,0,37,0,0,1,2,black
v_PlayingGuitar_g19_c01,14,3,2,2,0,7,22,white
v_PlayingGuitar_g20_c01,5,41,2,0,0,0,2,asian
v_PlayingGuitar_g21_c01,49,0,0,0,0,1,0,white
v_PlayingGuitar_g22_c01,40,0,1,0,0,8,1,white
v_PlayingGuitar_g23_c01,1,0,0,14,0,35,0,hispanic
v_PlayingGuitar_g24_c01,1,10,23,1,0,10,5,black
v_PlayingGuitar_g25_c01,38,2,1,0,0,0,9,white
v_PlayingGuitar_g26_c01,2,4,6,20,10,8,0,middle eastern
v_PlayingGuitar_g27_c01,47,0,3,0,0,0,0,white
v_PlayingGuitar_g28_c01,7,10,2,0,0,1,30,unknown
v_PlayingGuitar_g29_c01.,50,0,0,0,0,0,0,white
v_PlayingGuitar_g30_c01,3,2,10,4,7,19,5,hispanic
v_PlayingGuitar_g31_c01,50,0,0,0,0,0,0,white
v_PlayingGuitar_g32_c01,1,8,22,0,0,17,2,black
v_PlayingGuitar_g33_c01,0,0,1,10,5,33,1,hispanic
v_PlayingGuitar_g34_c01,4,0,0,0,0,46,0,hispanic
v_PlayingGuitar_g35_c01,2,19,1,0,0,0,28,unknown
v_PlayingGuitar_g36_c01,4,0,0,0,0,46,0,hispanic
v_PlayingGuitar_g37_c01,50,0,0,0,0,0,0,white
v_PlayingGuitar_g38_c01,33,1,4,0,0,0,12,white
v_PlayingGuitar_g39_c01.,32,4,2,1,0,5,6,white
v_PlayingGuitar_g40_c01,39,1,5,1,0,3,1,white
v_PlayingGuitar_g41_c01,4,0,44,0,0,2,0,black
v_PlayingGuitar_g42_c01,14,28,1,3,0,4,0,asian
v_PlayingGuitar_g43_c01,30,6,8,0,0,0,6,white
v_PlayingGuitar_g44_c01,20,1,3,0,0,1,25,unknown
v_PlayingGuitar_g45_c01,41,2,0,0,0,6,1,white
v_PlayingGuitar_g46_c01,13,5,12,0,0,18,2,hispanic
v_PlayingGuitar_g47_c01,4,0,1,0,0,3,42,unknown
v_PlayingGuitar_g48_c01,1,0,0,0,0,49,0,hispanic
v_PlayingGuitar_g49_c01,24,2,4,0,0,20,0,white
v_PlayingGuitar_g50_c01,48,0,1,0,0,0,1,white
v_PlayingGuitar_g51_c01,11,6,3,4,20,6,0,indian
v_PlayingGuitar_g52_c01,0,45,5,0,0,0,0,asian
v_PlayingGuitar_g53_c01,10,6,6,9,0,12,7,hispanic
v_PlayingGuitar_g54_c01,14,15,1,0,0,4,16,asian
v_PlayingGuitar_g55_c01,8,11,0,1,0,0,30,unknown
v_PlayingGuitar_g56_c01,0,2,1,4,12,20,11,hispanic
v_PlayingGuitar_g57_c01,21,13,3,1,0,10,2,white
v_PlayingGuitar_g58_c01,11,5,0,6,19,8,1,indian
v_PlayingGuitar_g59_c01,47,0,0,0,0,0,3,white
v_PlayingGuitar_g60_c01,12,0,8,0,0,17,13,hispanic
v_PlayingGuitar_g61_c01,5,0,11,0,0,15,19,hispanic
v_PlayingGuitar_g62_c01,0,0,7,1,0,17,25,unknown
v_PlayingGuitar_g63_c01,0,0,39,1,5,1,4,black
v_PlayingGuitar_g64_c01,6,38,2,0,0,4,0,asian
v_PlayingGuitar_g65_c01,10,0,37,0,0,2,1,black
v_PlayingGuitar_g66_c01,0,50,0,0,0,0,0,asian
v_PlayingGuitar_g67_c01,22,0,28,0,0,0,0,black
v_PlayingGuitar_g68_c01,45,0,3,0,0,1,1,white
v_PlayingGuitar_g69_c01,9,5,2,2,0,10,22,hispanic
v_PlayingGuitar_g70_c01,1,0,4,0,0,0,45,unknown
v_PlayingGuitar_g71_c01,0,0,12,0,11,0,27,unknown
v_PlayingGuitar_g72_c01,10,0,5,0,0,2,33,unknown
v_PlayingGuitar_g73_c01,12,1,0,1,1,4,31,unknown
v_PlayingGuitar_g74_c01,25,3,1,4,0,8,9,white
v_PlayingGuitar_g75_c01,0,4,0,25,0,21,0,middle eastern
v_PlayingGuitar_g76_c01,41,0,1,0,0,0,8,white
v_PlayingGuitar_g77_c01,2,44,4,0,0,0,0,asian
v_PlayingGuitar_g78_c01,30,3,1,2,0,1,13,white
v_PlayingGuitar_g79_c01,2,36,1,0,0,9,2,asian
v_PlayingGuitar_g80_c01,13,2,0,0,0,3,32,unknown
v_PlayingGuitar_g81_c01,28,3,3,1,1,8,6,white
v_PlayingGuitar_g82_c01,4,0,25,0,2,19,0,black
v_PlayingGuitar_g83_c01,0,0,0,49,0,0,1,middle eastern
v_PlayingGuitar_g84_c01.,0,0,0,0,22,28,0,hispanic
v_PlayingGuitar_g85_c01,0,2,6,0,37,1,4,indian
v_PlayingGuitar_g86_c01,31,9,1,1,0,7,1,white
v_PlayingGuitar_g87_c01,34,4,1,1,0,7,3,white
v_PlayingGuitar_g88_c01,15,3,0,1,18,7,6,indian
v_PlayingGuitar_g89_c01,41,1,2,0,0,4,2,white
v_PlayingGuitar_g90_c01.,0,49,0,1,0,0,0,asian
v_PlayingGuitar_g91_c01,0,22,4,17,0,6,1,asian
v_PlayingGuitar_g92_c01,0,0,49,0,0,1,0,black
v_PlayingGuitar_g93_c01,0,3,1,44,0,2,0,middle eastern
v_PlayingGuitar_g94_c01,0,0,0,50,0,0,0,middle eastern
v_PlayingGuitar_g95_c01,0,44,0,4,1,0,1,asian
v_PlayingGuitar_g96_c01,33,1,4,0,0,0,12,white
v_PlayingPiano_g01_c01,1,37,4,0,0,0,8,asian
v_PlayingPiano_g02_c01,0,50,0,0,0,0,0,asian
v_PlayingPiano_g03_c01,34,0,9,0,0,6,1,white
v_PlayingPiano_g04_c01,28,8,9,3,0,2,0,white
v_PlayingPiano_g05_c01,8,6,26,2,0,8,0,black
v_PlayingPiano_g06_c01,3,21,17,2,2,1,4,asian
v_PlayingPiano_g07_c01,29,17,3,0,0,1,0,white
v_PlayingPiano_g08_c01,40,4,1,2,0,1,2,white
v_PlayingPiano_g09_c01,0,3,0,0,47,0,0,indian
v_PlayingPiano_g100_c01,1,0,0,0,0,13,36,unknown
v_PlayingPiano_g101_c01,19,10,6,1,0,7,7,white
v_PlayingPiano_g10_c01,2,12,5,1,0,1,29,unknown
v_PlayingPiano_g11_c01,0,4,43,0,0,3,0,black
v_PlayingPiano_g12_c01,1,1,23,18,0,1,6,black
v_PlayingPiano_g13_c01,0,0,3,0,2,0,45,unknown
v_PlayingPiano_g14_c01,35,7,0,1,0,0,7,white
v_PlayingPiano_g15_c01.,0,0,50,0,0,0,0,black
v_PlayingPiano_g16_c01,30,8,5,0,0,7,0,white
v_PlayingPiano_g17_c01,2,36,7,0,0,0,5,asian
v_PlayingPiano_g18_c01,0,0,0,0,0,50,0,hispanic
v_PlayingPiano_g19_c01,11,2,0,2,0,31,4,hispanic
v_PlayingPiano_g20_c01,4,29,2,2,0,0,13,asian
v_PlayingPiano_g21_c01,32,1,0,0,0,4,13,white
v_PlayingPiano_g22_c01.,11,4,1,8,0,2,24,white
v_PlayingPiano_g23_c01.,32,1,0,0,1,14,2,white
v_PlayingPiano_g24_c01.,37,2,3,0,0,3,5,white
v_PlayingPiano_g25_c01,1,35,0,0,0,2,12,asian
v_PlayingPiano_g26_c01,4,3,4,6,0,10,23,hispanic
v_PlayingPiano_g27_c01,6,7,30,0,0,6,1,black
v_PlayingPiano_g28_c01,0,4,16,4,0,0,26,unknown
v_PlayingPiano_g29_c01,12,1,0,0,0,0,37,unknown
v_PlayingPiano_g30_c01,4,0,0,0,0,0,46,unknown
v_PlayingPiano_g31_c01,2,17,0,8,10,7,6,asian
v_PlayingPiano_g32_c01.,1,1,4,26,3,4,11,middle eastern
v_PlayingPiano_g33_c01,25,2,0,5,1,0,17,white
v_PlayingPiano_g34_c01,2,3,37,0,0,0,8,black
v_PlayingPiano_g35_c01,25,1,0,0,0,8,16,white
v_PlayingPiano_g36_c01,7,3,32,1,0,1,6,black
v_PlayingPiano_g37_c01,12,9,15,1,12,1,0,black
v_PlayingPiano_g38_c01,19,15,5,2,0,9,0,white
v_PlayingPiano_g39_c01,2,26,0,0,0,0,22,asian
v_PlayingPiano_g40_c01,50,0,0,0,0,0,0,white
v_PlayingPiano_g41_c01,26,4,4,0,0,12,4,white
v_PlayingPiano_g42_c01,26,2,0,0,0,0,22,white
v_PlayingPiano_g43_c01.,0,11,5,2,28,4,0,indian
v_PlayingPiano_g44_c01,2,7,4,12,0,12,13,middle eastern
v_PlayingPiano_g45_c01,6,23,1,1,0,14,5,asian
v_PlayingPiano_g46_c01.,44,2,3,0,1,0,0,white
v_PlayingPiano_g47_c01,13,5,12,0,0,18,2,hispanic
v_PlayingPiano_g48_c01,11,10,20,4,5,0,0,black
v_PlayingPiano_g49_c01,16,16,11,0,4,0,3,white
v_PlayingPiano_g50_c01,22,4,1,3,0,2,18,white
v_PlayingPiano_g51_c01.,1,6,1,0,0,5,37,unknown
v_PlayingPiano_g52_c01,0,4,1,42,0,0,3,middle eastern
v_PlayingPiano_g53_c01,3,6,4,4,0,0,33,unknown
v_PlayingPiano_g54_c01,20,3,1,0,0,1,25,unknown
v_PlayingPiano_g55_c01,11,6,3,4,20,6,0,indian
v_PlayingPiano_g56_c01,10,11,0,0,0,10,19,asian
v_PlayingPiano_g57_c01,9,15,2,1,0,0,23,asian
v_PlayingPiano_g58_c01,15,1,0,0,0,34,0,hispanic
v_PlayingPiano_g59_c01,8,11,0,1,0,0,30,unknown
v_PlayingPiano_g60_c01,9,0,15,0,3,3,20,black
v_PlayingPiano_g61_c01,1,7,5,2,0,0,35,unknown
v_PlayingPiano_g62_c01.,16,3,0,0,0,4,27,unknown
v_PlayingPiano_g63_c01,0,16,4,4,19,3,4,indian
v_PlayingPiano_g64_c01,2,4,5,1,0,0,38,unknown
v_PlayingPiano_g65_c01,39,1,8,1,0,1,0,white
v_PlayingPiano_g66_c01,8,12,1,0,0,0,29,unknown
v_PlayingPiano_g67_c01,6,28,13,0,0,0,3,asian
v_PlayingPiano_g68_c01.,0,50,0,0,0,0,0,asian
v_PlayingPiano_g69_c01.,10,8,0,5,0,0,27,unknown
v_PlayingPiano_g70_c01,0,11,0,0,0,0,39,unknown
v_PlayingPiano_g71_c01.,26,18,0,0,0,0,6,white
v_PlayingPiano_g72_c01,45,0,3,0,0,1,1,white
v_PlayingPiano_g73_c01,2,7,0,0,0,0,41,unknown
v_PlayingPiano_g74_c01,5,3,9,0,0,0,33,unknown
v_PlayingPiano_g75_c01,7,36,1,1,0,0,5,asian
v_PlayingPiano_g76_c01,34,0,2,7,0,6,1,white
v_PlayingPiano_g77_c01,18,9,2,0,0,13,8,white
v_PlayingPiano_g78_c01,0,27,0,3,0,0,20,asian
v_PlayingPiano_g79_c01,37,4,7,0,0,2,0,white
v_PlayingPiano_g80_c01,21,0,0,0,0,0,29,unknown
v_PlayingPiano_g81_c01,11,6,1,0,0,14,18,hispanic
v_PlayingPiano_g82_c01,18,0,0,0,0,20,12,hispanic
v_PlayingPiano_g83_c01,0,0,43,6,0,0,1,black
v_PlayingPiano_g84_c01,1,39,0,10,0,0,0,asian
v_PlayingPiano_g85_c01,41,4,1,0,0,3,1,white
v_PlayingPiano_g86_c01,1,1,1,0,0,0,47,unknown
v_PlayingPiano_g87_c01,24,4,15,0,0,0,7,white
v_PlayingPiano_g88_c01,14,2,28,0,0,4,2,black
v_PlayingPiano_g89_c01,0,32,0,1,0,8,9,asian
v_PlayingPiano_g90_c01,16,2,2,17,0,2,11,middle eastern
v_PlayingPiano_g91_c01,3,0,2,2,0,0,43,unknown
v_PlayingPiano_g92_c01,41,2,0,2,0,5,0,white
v_PlayingPiano_g93_c01,10,0,0,31,0,5,4,middle eastern
v_PlayingPiano_g94_c01,38,4,1,4,0,3,0,white
v_PlayingPiano_g95_c01,0,0,50,0,0,0,0,black
v_PlayingPiano_g96_c01,2,6,30,9,0,0,3,black
v_PlayingPiano_g97_c01,3,23,9,15,0,0,0,asian
v_PlayingPiano_g98_c01,2,4,0,4,6,28,6,hispanic
v_PlayingPiano_g99_c01,43,2,0,0,0,0,5,white
v_PlayingSitar_g01_c01,4,12,5,3,19,4,3,indian
v_PlayingSitar_g02_c01,2,16,6,2,16,1,7,asian
v_PlayingSitar_g03_c01,1,9,1,6,32,1,0,indian
v_PlayingSitar_g04_c01,0,1,1,42,4,0,2,middle eastern
v_PlayingSitar_g05_c01.,0,0,0,48,0,2,0,middle eastern
v_PlayingSitar_g06_c01,0,1,0,11,36,1,1,indian
v_PlayingSitar_g07_c01,3,0,0,0,47,0,0,indian
v_PlayingSitar_g08_c01,0,0,0,19,31,0,0,indian
v_PlayingSitar_g09_c01.,4,0,0,0,0,1,45,unknown
v_PlayingSitar_g10_c01,34,1,0,15,0,0,0,white
v_PlayingSitar_g11_c01,0,0,0,27,20,3,0,middle eastern
v_PlayingSitar_g12_c01.,0,1,0,0,49,0,0,indian
v_PlayingSitar_g13_c01.,3,0,3,29,2,0,13,middle eastern
v_PlayingSitar_g14_c01,0,21,6,0,22,1,0,indian
v_PlayingSitar_g15_c01,2,4,6,20,10,8,0,middle eastern
v_PlayingSitar_g16_c01,0,1,6,9,26,7,1,indian
v_PlayingSitar_g17_c01,0,15,2,15,14,0,4,asian
v_PlayingSitar_g18_c01,1,0,7,0,38,1,3,indian
v_PlayingSitar_g19_c01,0,6,1,21,20,2,0,middle eastern
v_PlayingSitar_g20_c01,0,0,0,44,4,2,0,middle eastern
v_PlayingSitar_g21_c01,0,8,0,10,0,2,30,unknown
v_PlayingSitar_g22_c01,0,0,1,0,49,0,0,indian
v_PlayingSitar_g23_c01,0,4,3,25,7,0,11,middle eastern
v_PlayingSitar_g24_c01,0,0,0,1,46,3,0,indian
v_PlayingSitar_g25_c01,0,3,8,0,33,4,2,indian
v_PlayingSitar_g26_c01,0,2,44,3,0,1,0,black
v_PlayingSitar_g27_c01,11,1,1,8,0,9,20,white
v_PlayingSitar_g28_c01,8,3,7,4,1,5,22,white
v_PlayingSitar_g29_c01,0,13,0,9,27,1,0,indian
v_PlayingSitar_g30_c01,0,0,0,0,50,0,0,indian
v_PlayingSitar_g31_c01,50,0,0,0,0,0,0,white
v_PlayingSitar_g32_c01,14,0,0,34,0,2,0,middle eastern
v_PlayingSitar_g33_c01,1,1,0,22,1,0,25,unknown
v_PlayingSitar_g34_c01,0,13,11,2,4,0,20,asian
v_PlayingSitar_g35_c01.,0,0,0,1,49,0,0,indian
v_PlayingSitar_g36_c01,0,0,0,12,38,0,0,indian
v_PlayingSitar_g37_c01.,23,0,0,0,0,2,25,unknown
v_PlayingSitar_g38_c01,0,0,0,50,0,0,0,middle eastern
v_PlayingSitar_g39_c01,0,0,50,0,0,0,0,black
v_PlayingSitar_g40_c01.,11,7,9,1,0,22,0,hispanic
v_PlayingSitar_g41_c01,9,20,6,0,0,1,14,asian
v_PlayingSitar_g42_c01,50,0,0,0,0,0,0,white
v_PlayingSitar_g43_c01,50,0,0,0,0,0,0,white
v_PlayingSitar_g44_c01,0,10,3,0,1,0,36,unknown
v_PlayingSitar_g45_c01,0,5,0,26,19,0,0,middle eastern
v_PlayingSitar_g46_c01,2,6,2,14,16,7,3,indian
v_PlayingSitar_g47_c01.,0,0,0,0,0,50,0,hispanic
v_PlayingSitar_g48_c01,0,2,0,3,45,0,0,indian
v_PlayingSitar_g49_c01,0,4,3,1,26,10,6,indian
v_PlayingSitar_g50_c01.,0,1,0,6,1,42,0,hispanic
v_PlayingSitar_g51_c01.,0,1,0,0,49,0,0,indian
v_PlayingSitar_g52_c01.,0,10,0,1,39,0,0,indian
v_PlayingSitar_g53_c01,3,0,0,12,1,34,0,hispanic
v_PlayingSitar_g54_c01,0,2,7,8,14,19,0,hispanic
v_PlayingSitar_g55_c01.,0,0,16,0,23,7,4,indian
v_PlayingSitar_g56_c01,0,3,0,9,38,0,0,indian
v_PlayingSitar_g57_c01,0,0,0,2,48,0,0,indian
v_PlayingSitar_g58_c01,50,0,0,0,0,0,0,white
v_PlayingSitar_g59_c01,0,0,0,0,50,0,0,indian
v_PlayingSitar_g60_c01,0,1,1,1,42,1,4,indian
v_PlayingSitar_g61_c01,0,6,0,18,26,0,0,indian
v_PlayingSitar_g62_c01,0,1,0,48,1,0,0,middle eastern
v_PlayingSitar_g63_c01,1,0,10,13,2,1,23,middle eastern
v_PlayingSitar_g64_c01,1,12,16,2,18,1,0,indian
v_PlayingSitar_g65_c01,0,2,0,1,0,0,47,unknown
v_PlayingSitar_g66_c01,0,0,0,25,21,3,1,middle eastern
v_PlayingSitar_g67_c01,5,0,0,1,0,0,44,unknown
v_PlayingSitar_g68_c01,0,0,0,0,0,0,50,unknown
v_PlayingSitar_g69_c01.,0,0,0,3,47,0,0,indian
v_PlayingSitar_g70_c01,4,25,4,5,1,9,2,asian
v_PlayingSitar_g71_c01,2,0,1,0,0,44,3,hispanic
v_PlayingSitar_g72_c01,8,10,0,18,0,14,0,middle eastern
v_PlayingTabla_g01_c01,2,1,1,1,44,1,0,indian
v_PlayingTabla_g02_c01.,13,0,0,1,33,0,3,indian
v_PlayingTabla_g03_c01,11,5,0,2,28,3,1,indian
v_PlayingTabla_g04_c01.,6,10,0,2,23,5,4,indian
v_PlayingTabla_g05_c01.,12,2,0,3,23,9,1,indian
v_PlayingTabla_g06_c01,10,10,0,0,18,8,4,indian
v_PlayingTabla_g07_c01,0,11,0,29,1,8,1,middle eastern
v_PlayingTabla_g08_c01.,7,3,0,0,32,4,4,indian
v_PlayingTabla_g09_c01,0,8,0,8,34,0,0,indian
v_PlayingTabla_g10_c01.,10,2,1,0,33,2,2,indian
v_PlayingTabla_g11_c01,9,2,0,1,30,5,3,indian
v_PlayingTabla_g12_c01.,10,0,1,2,34,1,2,indian
v_PlayingTabla_g13_c01,1,1,0,1,23,0,24,indian
v_PlayingTabla_g14_c01,0,0,0,0,50,0,0,indian
v_PlayingTabla_g15_c01,0,0,0,0,50,0,0,indian
v_PlayingTabla_g16_c01,0,0,0,0,50,0,0,indian
v_PlayingTabla_g17_c01,0,0,3,18,29,0,0,indian
v_PlayingTabla_g18_c01,0,5,0,0,45,0,0,indian
v_PlayingTabla_g19_c01.,0,0,1,29,19,0,1,middle eastern
v_PlayingTabla_g20_c01,0,16,0,0,34,0,0,indian
v_PlayingTabla_g21_c01,0,0,0,1,49,0,0,indian
v_PlayingTabla_g22_c01,0,0,0,0,50,0,0,indian
v_PlayingTabla_g23_c01,0,2,1,12,6,29,0,hispanic
v_PlayingTabla_g24_c01,1,42,1,0,6,0,0,asian
v_PlayingTabla_g25_c01,0,0,0,50,0,0,0,middle eastern
v_PlayingTabla_g26_c01,4,5,1,5,30,2,3,indian
v_PlayingTabla_g27_c01,0,0,0,48,0,0,2,middle eastern
v_PlayingTabla_g28_c01,0,0,0,0,50,0,0,indian
v_PlayingTabla_g29_c01,0,0,15,0,20,15,0,indian
v_PlayingTabla_g30_c01,0,2,0,24,24,0,0,middle eastern
v_PlayingTabla_g31_c01.,0,0,0,20,30,0,0,indian
v_PlayingTabla_g32_c01,0,0,0,0,50,0,0,indian
v_PlayingTabla_g33_c01,50,0,0,0,0,0,0,white
v_PlayingTabla_g34_c01,0,3,2,0,3,0,42,unknown
v_PlayingTabla_g35_c01.,5,5,0,13,23,1,3,indian
v_PlayingTabla_g36_c01,0,5,0,36,1,8,0,middle eastern
v_PlayingTabla_g37_c01,3,0,0,5,42,0,0,indian
v_PlayingTabla_g38_c01,5,0,0,10,35,0,0,indian
v_PlayingTabla_g39_c01,1,16,1,1,15,4,12,asian
v_PlayingTabla_g40_c01,12,9,15,1,12,1,0,black
v_PlayingTabla_g41_c01,0,0,0,4,42,4,0,indian
v_PlayingTabla_g42_c01,0,0,0,1,46,3,0,indian
v_PlayingTabla_g43_c01,0,18,0,15,9,8,0,asian
v_PlayingTabla_g44_c01,0,2,1,3,42,1,1,indian
v_PlayingTabla_g45_c01,0,0,0,0,50,0,0,indian
v_PlayingTabla_g46_c01,0,0,0,0,50,0,0,indian
v_PlayingTabla_g47_c01,11,6,3,4,20,6,0,indian
v_PlayingTabla_g48_c01.,1,0,0,0,49,0,0,indian
v_PlayingTabla_g49_c01,0,0,0,3,46,0,1,indian
v_PlayingTabla_g50_c01,0,0,0,0,50,0,0,indian
v_PlayingTabla_g51_c01,0,17,15,0,13,4,1,asian
v_PlayingTabla_g52_c01,1,7,0,4,32,5,1,indian
v_PlayingTabla_g53_c01,1,1,1,3,40,4,0,indian
v_PlayingTabla_g54_c01,0,0,0,1,48,1,0,indian
v_PlayingTabla_g55_c01,0,5,0,24,21,0,0,middle eastern
v_PlayingTabla_g56_c01,0,0,0,30,19,0,1,middle eastern
v_PlayingTabla_g57_c01,0,0,0,0,47,3,0,indian
v_PlayingTabla_g58_c01,0,28,4,4,5,6,3,asian
v_PlayingTabla_g59_c01,2,0,0,2,43,3,0,indian
v_PlayingTabla_g60_c01.,0,23,4,14,0,9,0,asian
v_PlayingTabla_g61_c01,0,0,1,0,49,0,0,indian
v_PlayingTabla_g62_c01.,0,0,0,1,49,0,0,indian
v_PlayingTabla_g63_c01,0,3,0,14,29,3,1,indian
v_PlayingTabla_g64_c01,1,0,13,7,1,28,0,hispanic
v_PlayingTabla_g65_c01,0,12,13,1,2,21,1,hispanic
v_PlayingTabla_g66_c01.,0,0,0,2,48,0,0,indian
v_PlayingTabla_g67_c01,1,4,0,0,43,0,2,indian
v_PlayingTabla_g68_c01,1,4,0,1,38,6,0,indian
v_PlayingTabla_g69_c01,0,1,2,11,0,35,1,hispanic
v_PlayingTabla_g70_c01,0,0,0,0,50,0,0,indian
v_PlayingTabla_g71_c01,1,1,1,5,1,39,2,hispanic
v_PlayingTabla_g72_c01,0,3,1,25,2,19,0,middle eastern
v_PlayingTabla_g73_c01,1,2,2,3,1,39,2,hispanic
v_PlayingTabla_g74_c01,0,0,0,0,50,0,0,indian
v_PlayingTabla_g75_c01.,0,10,3,1,25,9,2,indian
v_PlayingTabla_g76_c01,1,5,4,26,3,11,0,middle eastern
v_PlayingTabla_g77_c01,0,5,0,0,31,14,0,indian
v_PlayingTabla_g78_c01,0,8,5,0,37,0,0,indian
v_PlayingTabla_g79_c01,0,34,0,1,15,0,0,asian
v_PlayingTabla_g80_c01,2,30,1,0,16,0,1,asian
v_PlayingTabla_g81_c01,0,0,0,0,50,0,0,indian
v_PlayingTabla_g82_c01,0,0,0,0,50,0,0,indian
v_PlayingTabla_g83_c01,0,0,0,33,16,1,0,middle eastern
v_PlayingTabla_g84_c01,0,0,6,7,34,2,1,indian
v_PlayingTabla_g85_c01,0,7,12,5,21,3,2,indian
v_PlayingTabla_g86_c01,0,0,0,0,50,0,0,indian
v_PlayingTabla_g87_c01,0,0,0,0,50,0,0,indian
v_PlayingTabla_g88_c01,13,0,1,12,0,17,7,hispanic
v_PlayingTabla_g89_c01,0,0,0,6,44,0,0,indian
v_PlayingTabla_g90_c01,1,1,0,1,23,0,24,indian
v_PlayingTabla_g91_c01,3,0,0,5,42,0,0,indian
v_PlayingTabla_g92_c01,5,0,0,10,35,0,0,indian
v_PlayingTabla_g93_c01,4,9,5,4,4,8,16,asian
v_PlayingTabla_g94_c01,0,3,27,4,2,3,11,black
v_PlayingViolin_g01_c01,30,2,0,2,0,6,10,white
v_PlayingViolin_g02_c01,2,8,3,3,0,7,27,unknown
v_PlayingViolin_g03_c01,11,35,0,0,0,0,4,asian
v_PlayingViolin_g04_c01,13,1,0,26,0,2,8,middle eastern
v_PlayingViolin_g05_c01,0,50,0,0,0,0,0,asian
v_PlayingViolin_g06_c01,23,0,0,7,0,12,8,white
v_PlayingViolin_g07_c01,19,3,17,8,0,1,2,white
v_PlayingViolin_g08_c01,28,8,9,3,0,2,0,white
v_PlayingViolin_g09_c01,15,8,3,8,11,4,1,white
v_PlayingViolin_g100_c01.,21,7,0,1,0,0,21,white
v_PlayingViolin_g10_c01.,0,33,2,3,6,0,6,asian
v_PlayingViolin_g11_c01,0,4,3,1,1,40,1,hispanic
v_PlayingViolin_g12_c01,0,0,48,1,0,1,0,black
v_PlayingViolin_g13_c01,3,15,6,21,0,1,4,middle eastern
v_PlayingViolin_g14_c01.,13,5,30,0,0,2,0,black
v_PlayingViolin_g15_c01,35,1,1,1,0,3,9,white
v_PlayingViolin_g16_c01,15,0,3,0,0,4,28,unknown
v_PlayingViolin_g17_c01,12,0,0,0,0,0,38,unknown
v_PlayingViolin_g18_c01,17,2,10,13,0,6,2,white
v_PlayingViolin_g19_c01.,1,2,32,0,1,0,14,black
v_PlayingViolin_g20_c01,2,0,31,0,0,14,3,black
v_PlayingViolin_g21_c01.,0,1,42,2,1,3,1,black
v_PlayingViolin_g22_c01.,11,2,31,1,0,5,0,black
v_PlayingViolin_g23_c01,10,8,1,5,0,14,12,hispanic
v_PlayingViolin_g24_c01,1,4,39,0,1,0,5,black
v_PlayingViolin_g25_c01,11,3,1,5,2,5,23,white
v_PlayingViolin_g26_c01,11,2,0,2,0,31,4,hispanic
v_PlayingViolin_g27_c01,0,43,3,0,0,4,0,asian
v_PlayingViolin_g28_c01,0,1,0,26,17,4,2,middle eastern
v_PlayingViolin_g29_c01,2,8,4,17,0,4,15,middle eastern
v_PlayingViolin_g30_c01,0,3,31,0,1,5,10,black
v_PlayingViolin_g31_c01,0,50,0,0,0,0,0,asian
v_PlayingViolin_g32_c01,5,24,1,5,5,9,1,asian
v_PlayingViolin_g33_c01,22,0,0,13,0,1,14,white
v_PlayingViolin_g34_c01.,0,8,7,1,0,8,26,unknown
v_PlayingViolin_g35_c01.,7,1,24,0,0,17,1,black
v_PlayingViolin_g36_c01,3,2,0,6,0,13,26,unknown
v_PlayingViolin_g37_c01,0,1,1,8,0,18,22,hispanic
v_PlayingViolin_g38_c01,1,2,1,18,1,13,14,middle eastern
v_PlayingViolin_g39_c01,2,32,3,0,6,3,4,asian
v_PlayingViolin_g40_c01,0,1,43,0,0,2,4,black
v_PlayingViolin_g41_c01,2,5,1,26,0,13,3,middle eastern
v_PlayingViolin_g42_c01,0,3,0,3,41,1,2,indian
v_PlayingViolin_g43_c01,0,2,0,0,48,0,0,indian
v_PlayingViolin_g44_c01,0,3,0,1,37,9,0,indian
v_PlayingViolin_g45_c01,12,23,1,0,0,1,13,asian
v_PlayingViolin_g46_c01,2,12,1,4,2,9,20,asian
v_PlayingViolin_g47_c01,20,3,3,7,0,0,17,white
v_PlayingViolin_g48_c01,5,3,3,2,1,5,31,unknown
v_PlayingViolin_g49_c01,9,4,3,3,1,3,27,unknown
v_PlayingViolin_g50_c01,17,0,17,4,3,2,7,white
v_PlayingViolin_g51_c01,4,8,7,11,1,11,8,middle eastern
v_PlayingViolin_g52_c01,25,5,1,11,0,5,3,white
v_PlayingViolin_g53_c01,13,5,12,0,0,18,2,hispanic
v_PlayingViolin_g54_c01,22,4,1,3,0,2,18,white
v_PlayingViolin_g55_c01.,5,7,34,0,0,4,0,black
v_PlayingViolin_g56_c01,11,6,3,4,20,6,0,indian
v_PlayingViolin_g57_c01.,0,1,1,0,0,7,41,unknown
v_PlayingViolin_g58_c01,0,14,0,16,0,20,0,hispanic
v_PlayingViolin_g59_c01,1,4,0,11,0,1,33,unknown
v_PlayingViolin_g60_c01,2,3,0,27,0,0,18,middle eastern
v_PlayingViolin_g61_c01,0,5,0,21,2,22,0,hispanic
v_PlayingViolin_g62_c01,26,5,5,6,0,1,7,white
v_PlayingViolin_g63_c01,3,0,0,37,0,4,6,middle eastern
v_PlayingViolin_g64_c01,3,11,29,2,0,2,3,black
v_PlayingViolin_g65_c01,1,25,2,7,0,9,6,asian
v_PlayingViolin_g66_c01,0,2,0,5,33,10,0,indian
v_PlayingViolin_g67_c01,6,8,1,0,0,35,0,hispanic
v_PlayingViolin_g68_c01,22,0,28,0,0,0,0,black
v_PlayingViolin_g69_c01,0,0,1,8,41,0,0,indian
v_PlayingViolin_g70_c01,0,2,0,23,10,12,3,middle eastern
v_PlayingViolin_g71_c01,0,33,0,14,2,1,0,asian
v_PlayingViolin_g72_c01,0,6,3,1,0,8,32,unknown
v_PlayingViolin_g73_c01,0,7,4,5,29,2,3,indian
v_PlayingViolin_g74_c01,5,3,0,38,0,4,0,middle eastern
v_PlayingViolin_g75_c01,6,1,1,1,0,41,0,hispanic
v_PlayingViolin_g76_c01.,0,0,50,0,0,0,0,black
v_PlayingViolin_g77_c01,4,3,10,6,0,21,6,hispanic
v_PlayingViolin_g78_c01,10,4,1,30,0,2,3,middle eastern
v_PlayingViolin_g79_c01,2,0,47,0,0,0,1,black
v_PlayingViolin_g80_c01.,1,0,0,4,0,39,6,hispanic
v_PlayingViolin_g81_c01,14,2,28,0,0,4,2,black
v_PlayingViolin_g82_c01,0,13,1,0,0,36,0,hispanic
v_PlayingViolin_g83_c01.,0,3,3,25,19,0,0,middle eastern
v_PlayingViolin_g84_c01,1,0,0,33,0,15,1,middle eastern
v_PlayingViolin_g85_c01,8,10,0,1,0,24,7,hispanic
v_PlayingViolin_g86_c01,0,0,0,0,0,13,37,unknown
v_PlayingViolin_g87_c01,1,5,2,7,0,1,34,unknown
v_PlayingViolin_g88_c01,0,1,0,4,0,19,26,unknown
v_PlayingViolin_g89_c01,2,7,4,1,0,0,36,unknown
v_PlayingViolin_g90_c01,0,0,0,5,45,0,0,indian
v_PlayingViolin_g91_c01,12,15,1,10,1,0,11,asian
v_PlayingViolin_g92_c01,0,0,4,20,1,22,3,hispanic
v_PlayingViolin_g93_c01,2,2,2,11,28,3,2,indian
v_PlayingViolin_g94_c01,0,0,0,20,0,6,24,middle eastern
v_PlayingViolin_g95_c01,4,4,24,0,0,2,16,black
v_PlayingViolin_g96_c01,0,5,39,0,0,5,1,black
v_PlayingViolin_g97_c01,0,6,5,11,1,5,22,middle eastern
v_PlayingViolin_g98_c01.,4,16,28,0,0,1,1,black
v_PlayingViolin_g99_c01.,7,10,7,1,0,16,9,hispanic
v_PoleVault_g01_c01,0,0,1,0,0,0,49,unknown
v_PoleVault_g02_c01,3,5,3,6,32,1,0,indian
v_PoleVault_g03_c01,9,13,17,0,0,0,11,black
v_PoleVault_g04_c01,15,2,23,0,0,3,7,black
v_PoleVault_g05_c01,17,1,20,5,0,0,7,black
v_PoleVault_g06_c01,20,7,12,0,0,1,10,white
v_PoleVault_g07_c01,23,5,10,0,0,0,12,white
v_PoleVault_g08_c01,10,23,7,6,0,1,3,asian
v_PoleVault_g09_c01,12,7,13,0,0,15,3,hispanic
v_PoleVault_g10_c01.,24,17,2,1,0,1,5,white
v_PoleVault_g11_c01,3,8,18,0,0,0,21,black
v_PoleVault_g12_c01,3,10,1,3,0,19,14,hispanic
v_PoleVault_g13_c01,0,0,7,0,0,0,43,unknown
v_PoleVault_g14_c01,25,7,2,1,0,4,11,white
v_PoleVault_g15_c01.,0,0,41,0,0,5,4,black
v_PoleVault_g16_c01,5,3,4,2,33,0,3,indian
v_PoleVault_g17_c01,13,9,6,3,0,10,9,white
v_PoleVault_g18_c01,1,1,4,25,17,2,0,middle eastern
v_PoleVault_g19_c01,0,34,8,0,8,0,0,asian
v_PoleVault_g20_c01,0,4,26,0,17,3,0,black
v_PoleVault_g21_c01,0,4,6,0,37,2,1,indian
v_PoleVault_g22_c01,3,4,33,0,0,2,8,black
v_PoleVault_g23_c01.,2,14,0,0,2,27,5,hispanic
v_PoleVault_g24_c01,9,1,30,0,0,4,6,black
v_PoleVault_g25_c01,0,0,50,0,0,0,0,black
v_PoleVault_g26_c01,9,8,4,0,0,28,1,hispanic
v_PoleVault_g27_c01,31,1,3,0,1,7,7,white
v_PoleVault_g28_c01.,3,0,0,2,0,41,4,hispanic
v_PoleVault_g29_c01,16,1,3,0,0,19,11,hispanic
v_PoleVault_g30_c01,2,3,30,4,8,1,2,black
v_PoleVault_g31_c01,8,4,30,2,0,3,3,black
v_PoleVault_g32_c01,0,0,4,0,0,0,46,unknown
v_PoleVault_g33_c01,10,1,7,2,1,6,23,white
v_PoleVault_g34_c01,50,0,0,0,0,0,0,white
v_PoleVault_g35_c01,6,12,6,2,15,6,3,indian
v_PoleVault_g36_c01,47,0,0,1,0,0,2,white
v_PoleVault_g37_c01,0,0,2,0,0,1,47,unknown
v_PoleVault_g38_c01,2,9,19,12,3,5,0,black
v_PoleVault_g39_c01,19,12,4,1,0,5,9,white
v_PoleVault_g40_c01,7,4,5,0,0,30,4,hispanic
v_PoleVault_g41_c01,3,3,17,2,1,4,20,black
v_PoleVault_g42_c01.,9,9,1,3,0,0,28,unknown
v_PoleVault_g43_c01,5,8,28,2,0,1,6,black
v_PoleVault_g44_c01,49,1,0,0,0,0,0,white
v_PoleVault_g45_c01,29,4,3,0,0,8,6,white
v_PoleVault_g46_c01,2,7,33,0,7,0,1,black
v_PoleVault_g47_c01,21,6,8,5,0,5,5,white
v_PoleVault_g48_c01.,10,31,6,0,0,1,2,asian
v_PoleVault_g49_c01,23,7,12,1,1,4,2,white
v_PoleVault_g50_c01,1,7,24,5,3,2,8,black
v_PoleVault_g51_c01,31,1,0,0,0,12,6,white
v_PoleVault_g52_c01.,0,3,5,0,42,0,0,indian
v_PoleVault_g53_c01,31,1,1,0,0,7,10,white
v_PoleVault_g54_c01,3,1,1,0,1,2,42,unknown
v_PoleVault_g55_c01,19,11,6,1,1,4,8,white
v_PoleVault_g56_c01,21,5,6,2,1,9,6,white
v_PoleVault_g57_c01,27,8,9,0,0,6,0,white
v_PoleVault_g58_c01,29,15,3,0,1,0,2,white
v_PoleVault_g59_c01,1,5,8,6,0,13,17,hispanic
v_PoleVault_g60_c01,13,3,5,0,0,16,13,hispanic
v_PoleVault_g61_c01,50,0,0,0,0,0,0,white
v_PoleVault_g62_c01,27,5,1,4,0,5,8,white
v_PoleVault_g63_c01,26,0,6,0,0,3,15,white
v_PoleVault_g64_c01,1,6,10,2,16,11,4,indian
v_PoleVault_g65_c01,0,19,19,3,2,0,7,asian
v_PoleVault_g66_c01,4,4,36,0,0,1,5,black
v_PoleVault_g67_c01.,11,8,19,0,0,10,2,black
v_PoleVault_g68_c01,2,0,47,0,0,0,1,black
v_PoleVault_g69_c01,11,1,0,0,0,38,0,hispanic
v_PoleVault_g70_c01,38,6,4,0,0,0,2,white
v_PoleVault_g71_c01,9,1,36,1,2,1,0,black
v_PoleVault_g72_c01,27,2,0,0,0,8,13,white
v_PoleVault_g73_c01,0,2,45,2,0,0,1,black
v_PoleVault_g74_c01,5,1,5,1,0,8,30,unknown
v_PoleVault_g75_c01,1,46,0,0,0,0,3,asian
v_PoleVault_g76_c01,30,3,5,0,0,5,7,white
v_PoleVault_g77_c01,5,10,7,3,0,5,20,asian
v_PoleVault_g78_c01,2,23,5,0,0,3,17,asian
v_PoleVault_g79_c01,30,6,2,1,0,10,1,white
v_PoleVault_g80_c01,28,2,1,2,0,4,13,white
v_PoleVault_g81_c01,0,0,0,0,0,50,0,hispanic
v_PoleVault_g82_c01,40,0,0,0,0,1,9,white
v_PoleVault_g83_c01,1,45,0,0,0,0,4,asian
v_PoleVault_g84_c01,21,17,1,1,0,1,9,white
v_PoleVault_g85_c01.,8,10,6,0,1,8,17,asian
v_PoleVault_g86_c01.,10,1,7,0,0,28,4,hispanic
v_PoleVault_g87_c01,7,10,2,0,3,23,5,hispanic
v_PoleVault_g88_c01,35,0,0,0,0,15,0,white
v_PoleVault_g89_c01,2,15,11,1,7,7,7,asian
v_PoleVault_g90_c01.,1,6,1,6,27,4,5,indian
v_PoleVault_g91_c01,9,8,4,0,0,28,1,hispanic
v_PoleVault_g92_c01,31,0,2,0,0,3,14,white
v_PoleVault_g93_c01,26,0,3,2,1,3,15,white
v_PoleVault_g94_c01,7,1,3,11,1,10,17,middle eastern
v_PoleVault_g95_c01,32,0,0,1,0,17,0,white
v_PoleVault_g96_c01,7,10,2,0,3,23,5,hispanic
v_PommelHorse_g01_c01,2,34,3,3,5,1,2,asian
v_PommelHorse_g02_c01,1,0,36,1,0,5,7,black
v_PommelHorse_g03_c01,7,5,16,0,0,0,22,black
v_PommelHorse_g04_c01,20,9,17,0,0,2,2,white
v_PommelHorse_g05_c01,0,49,0,0,0,0,1,asian
v_PommelHorse_g06_c01,0,8,25,0,0,0,17,black
v_PommelHorse_g07_c01,14,3,1,1,2,12,17,white
v_PommelHorse_g08_c01,8,33,4,0,0,2,3,asian
v_PommelHorse_g09_c01,22,19,8,0,0,1,0,white
v_PommelHorse_g10_c01,25,21,1,0,0,2,1,white
v_PommelHorse_g11_c01,2,8,14,6,2,0,18,black
v_PommelHorse_g12_c01,0,6,11,0,18,11,4,indian
v_PommelHorse_g13_c01.,9,38,0,1,1,0,1,asian
v_PommelHorse_g14_c01,20,16,0,4,7,3,0,white
v_PommelHorse_g15_c01,6,21,2,0,0,10,11,asian
v_PommelHorse_g16_c01,10,1,23,2,0,0,14,black
v_PommelHorse_g17_c01,4,25,14,1,0,1,5,asian
v_PommelHorse_g18_c01,0,41,2,1,2,3,1,asian
v_PommelHorse_g19_c01,9,32,5,2,2,0,0,asian
v_PommelHorse_g20_c01.,0,0,0,0,0,50,0,hispanic
v_PommelHorse_g21_c01.,3,12,14,0,1,0,20,black
v_PommelHorse_g22_c01,40,1,3,1,0,0,5,white
v_PommelHorse_g23_c01,0,46,1,0,1,1,1,asian
v_PommelHorse_g24_c01,16,6,24,0,0,0,4,black
v_PommelHorse_g25_c01.,5,13,4,7,0,12,9,asian
v_PommelHorse_g26_c01,29,6,1,6,0,1,7,white
v_PommelHorse_g27_c01,0,0,3,0,46,0,0,indian
v_PommelHorse_g28_c01.,0,10,3,2,27,0,8,indian
v_PommelHorse_g29_c01.,11,13,6,0,0,2,18,asian
v_PommelHorse_g30_c01,1,32,1,1,0,0,15,asian
v_PommelHorse_g31_c01,21,11,8,0,0,0,10,white
v_PommelHorse_g32_c01,1,46,0,2,0,1,0,asian
v_PommelHorse_g33_c01,10,25,12,1,0,0,2,asian
v_PommelHorse_g34_c01,32,0,2,0,0,15,1,white
v_PommelHorse_g35_c01,17,9,1,10,1,4,8,white
v_PommelHorse_g36_c01,36,0,0,13,0,1,0,white
v_PommelHorse_g37_c01.,12,18,9,1,0,0,10,asian
v_PommelHorse_g38_c01.,8,8,19,0,0,0,15,black
v_PommelHorse_g39_c01.,14,3,7,1,0,0,25,unknown
v_PommelHorse_g40_c01,6,13,3,21,2,3,2,middle eastern
v_PommelHorse_g41_c01,8,36,1,3,0,1,1,asian
v_PommelHorse_g42_c01,10,0,13,0,0,0,27,unknown
v_PommelHorse_g43_c01,2,12,2,11,11,3,9,asian
v_PommelHorse_g44_c01,4,18,7,16,1,1,3,asian
v_PommelHorse_g45_c01,1,1,4,3,12,11,18,indian
v_PommelHorse_g46_c01,8,18,4,0,0,2,18,asian
v_PommelHorse_g47_c01,21,0,27,0,0,2,0,black
v_PommelHorse_g48_c01,10,0,0,30,0,9,1,middle eastern
v_PommelHorse_g49_c01,16,6,7,0,0,0,21,white
v_PommelHorse_g50_c01.,39,0,0,0,0,11,0,white
v_PommelHorse_g51_c01,10,11,0,3,2,16,8,hispanic
v_PommelHorse_g52_c01,1,10,14,1,16,4,4,indian
v_PommelHorse_g53_c01,0,23,0,18,6,3,0,asian
v_PommelHorse_g54_c01,9,3,1,14,0,23,0,hispanic
v_PommelHorse_g55_c01.,1,49,0,0,0,0,0,asian
v_PommelHorse_g56_c01.,2,19,0,7,0,17,5,asian
v_PommelHorse_g57_c01.,2,18,8,7,0,8,7,asian
v_PommelHorse_g58_c01,23,2,21,1,0,2,1,white
v_PommelHorse_g59_c01,0,7,39,2,0,0,2,black
v_PommelHorse_g60_c01.,36,5,1,0,0,1,7,white
v_PommelHorse_g61_c01,38,6,4,0,0,0,2,white
v_PommelHorse_g62_c01,39,6,4,0,0,0,1,white
v_PommelHorse_g63_c01,30,6,6,0,1,4,3,white
v_PommelHorse_g64_c01,18,15,3,4,0,4,6,white
v_PommelHorse_g65_c01,5,19,10,0,0,4,12,asian
v_PommelHorse_g66_c01,6,9,5,2,1,10,17,hispanic
v_PommelHorse_g67_c01,7,14,26,1,0,0,2,black
v_PommelHorse_g68_c01.,11,14,3,2,0,12,8,asian
v_PommelHorse_g69_c01,17,14,0,8,0,1,10,white
v_PommelHorse_g70_c01,0,45,3,0,0,0,2,asian
v_PommelHorse_g71_c01.,1,26,9,8,0,3,3,asian
v_PommelHorse_g72_c01,11,23,5,5,1,2,3,asian
v_PommelHorse_g73_c01,23,12,5,1,0,3,6,white
v_PommelHorse_g74_c01,11,17,3,13,0,6,0,asian
v_PommelHorse_g75_c01.,7,33,5,1,1,2,1,asian
v_PommelHorse_g76_c01,6,22,5,8,5,1,3,asian
v_PommelHorse_g77_c01.,20,26,3,0,1,0,0,asian
v_PommelHorse_g78_c01,7,16,6,12,1,6,2,asian
v_PommelHorse_g79_c01,8,23,10,6,0,2,1,asian
v_PommelHorse_g80_c01,8,16,3,2,0,18,3,hispanic
v_PommelHorse_g81_c01,16,15,3,4,4,3,5,white
v_PommelHorse_g82_c01,1,31,2,13,0,1,2,asian
v_PommelHorse_g83_c01.,1,30,1,2,8,5,3,asian
v_PommelHorse_g84_c01,0,0,0,0,0,0,50,unknown
v_PommelHorse_g85_c01,0,5,2,2,12,28,1,hispanic
v_PommelHorse_g86_c01,8,15,5,11,1,1,9,asian
v_PommelHorse_g87_c01,16,11,4,0,0,0,19,white
v_PommelHorse_g88_c01,3,3,1,3,0,12,28,unknown
v_PommelHorse_g89_c01,1,45,0,0,0,0,4,asian
v_PommelHorse_g90_c01,32,7,0,9,0,0,2,white
v_PommelHorse_g91_c01,0,7,7,1,0,32,3,hispanic
v_PommelHorse_g92_c01,32,1,0,3,0,14,0,white
v_PommelHorse_g93_c01,30,13,6,0,0,1,0,white
v_PommelHorse_g94_c01,43,0,2,0,0,5,0,white
v_PommelHorse_g95_c01,45,0,0,0,0,0,5,white
v_PommelHorse_g96_c01.,12,6,2,1,0,3,26,unknown
v_PullUps_g01_c01.,27,3,2,0,0,0,18,white
v_PullUps_g02_c01,0,23,0,1,0,5,21,asian
v_PullUps_g03_c01,24,7,8,0,0,6,5,white
v_PullUps_g04_c01.,0,38,1,1,4,5,1,asian
v_PullUps_g05_c01.,0,0,28,1,1,19,1,black
v_PullUps_g06_c01,0,0,0,0,0,49,1,hispanic
v_PullUps_g07_c01,14,2,0,33,0,1,0,middle eastern
v_PullUps_g08_c01,24,1,13,2,0,6,4,white
v_PullUps_g09_c01,2,1,1,1,0,42,3,hispanic
v_PullUps_g10_c01,37,1,0,0,0,2,10,white
v_PullUps_g11_c01,0,1,8,38,0,0,3,middle eastern
v_PullUps_g12_c01,18,2,1,4,0,17,8,white
v_PullUps_g13_c01,19,7,1,1,3,10,9,white
v_PullUps_g14_c01,2,2,23,0,0,13,10,black
v_PullUps_g15_c01,0,48,1,0,0,0,1,asian
v_PullUps_g16_c01,10,14,1,14,0,9,2,asian
v_PullUps_g17_c01,6,12,0,10,0,12,10,asian
v_PullUps_g18_c01,7,1,1,32,0,2,7,middle eastern
v_PullUps_g19_c01,19,2,5,3,0,21,0,hispanic
v_PullUps_g20_c01,1,18,3,0,0,8,20,asian
v_PullUps_g21_c01.,0,13,0,0,0,0,37,unknown
v_PullUps_g22_c01,11,0,38,1,0,0,0,black
v_PullUps_g23_c01,1,24,2,1,0,1,21,asian
v_PullUps_g24_c01.,2,11,0,2,0,2,33,unknown
v_PullUps_g25_c01,3,2,0,0,37,6,2,indian
v_PullUps_g26_c01,6,15,1,5,1,15,7,asian
v_PullUps_g27_c01,10,4,6,22,0,0,8,middle eastern
v_PullUps_g28_c01,4,35,0,0,3,0,8,asian
v_PullUps_g29_c01,0,5,16,11,17,1,0,indian
v_PullUps_g30_c01,19,1,0,0,0,30,0,hispanic
v_PullUps_g31_c01.,20,2,28,0,0,0,0,black
v_PullUps_g32_c01,0,0,50,0,0,0,0,black
v_PullUps_g33_c01.,30,0,2,5,0,5,8,white
v_PullUps_g34_c01,45,2,0,0,0,3,0,white
v_PullUps_g35_c01,45,0,0,0,0,0,5,white
v_PullUps_g36_c01,0,0,50,0,0,0,0,black
v_PullUps_g37_c01,44,5,0,0,0,0,1,white
v_PullUps_g38_c01,6,1,0,35,0,7,1,middle eastern
v_PullUps_g39_c01,0,0,49,1,0,0,0,black
v_PullUps_g40_c01,0,5,28,7,1,6,3,black
v_PullUps_g41_c01,0,2,22,0,1,25,0,hispanic
v_PullUps_g42_c01,3,14,1,0,0,5,27,unknown
v_PullUps_g43_c01,3,1,0,9,0,37,0,hispanic
v_PullUps_g44_c01,0,2,45,2,0,0,1,black
v_PullUps_g45_c01,22,8,0,4,0,11,5,white
v_PullUps_g46_c01,6,28,2,2,0,6,6,asian
v_PullUps_g47_c01.,2,15,2,1,0,15,15,asian
v_PullUps_g48_c01,7,25,3,0,0,3,12,asian
v_PullUps_g49_c01,45,2,0,0,0,1,2,white
v_PullUps_g50_c01,39,5,5,0,0,1,0,white
v_PullUps_g51_c01,1,0,45,0,0,3,1,black
v_PullUps_g52_c01,33,0,2,0,0,12,3,white
v_PullUps_g53_c01,7,0,4,0,0,23,16,hispanic
v_PullUps_g54_c01,5,0,44,0,0,0,1,black
v_PullUps_g55_c01,3,2,43,0,0,1,1,black
v_PullUps_g56_c01,44,1,0,2,0,0,3,white
v_PullUps_g57_c01,11,13,4,1,0,17,4,hispanic
v_PullUps_g58_c01,0,17,0,0,0,12,21,asian
v_PullUps_g59_c01,0,0,30,0,15,1,4,black
v_PullUps_g60_c01,0,0,15,5,0,30,0,hispanic
v_PullUps_g61_c01.,25,8,0,6,1,7,3,white
v_PullUps_g62_c01.,0,1,7,3,0,26,13,hispanic
v_PullUps_g63_c01,3,8,3,2,0,19,15,hispanic
v_PullUps_g64_c01,0,0,4,0,0,3,43,unknown
v_PullUps_g65_c01.,0,31,0,0,0,19,0,asian
v_PullUps_g66_c01,0,0,14,1,0,0,35,unknown
v_PullUps_g67_c01,20,0,2,4,0,3,21,white
v_PullUps_g68_c01,22,2,1,0,0,25,0,hispanic
v_PullUps_g69_c01,11,4,15,2,0,3,15,black
v_PullUps_g70_c01,3,15,0,0,0,0,32,unknown
v_Punch_g01_c01,0,3,0,0,45,0,2,indian
v_Punch_g02_c01,0,1,5,0,40,2,2,indian
v_Punch_g03_c01,31,0,17,0,0,0,2,white
v_Punch_g04_c01,1,0,4,0,0,33,12,hispanic
v_Punch_g05_c01,0,0,5,0,1,8,36,unknown
v_Punch_g06_c01,13,1,6,0,0,1,29,unknown
v_Punch_g07_c01,7,0,4,1,0,0,38,unknown
v_Punch_g08_c01,5,0,17,7,0,19,2,hispanic
v_Punch_g09_c01,4,13,11,9,0,8,5,asian
v_Punch_g10_c01,0,0,49,0,0,0,1,black
v_Punch_g11_c01,7,15,3,1,0,14,10,asian
v_Punch_g12_c01,13,1,5,0,0,31,0,hispanic
v_Punch_g13_c01,45,1,1,0,0,0,3,white
v_Punch_g14_c01,21,13,9,0,0,7,0,white
v_Punch_g15_c01,0,49,1,0,0,0,0,asian
v_Punch_g16_c01,0,5,41,4,0,0,0,black
v_Punch_g17_c01,1,1,0,0,0,37,11,hispanic
v_Punch_g18_c01.,50,0,0,0,0,0,0,white
v_Punch_g19_c01,5,34,1,5,3,2,0,asian
v_Punch_g20_c01,16,0,3,20,0,11,0,middle eastern
v_Punch_g21_c01,29,5,1,0,0,15,0,white
v_Punch_g22_c01,19,10,2,12,1,0,6,white
v_Punch_g23_c01.,9,3,4,1,0,4,29,unknown
v_Punch_g24_c01,17,2,9,0,0,21,1,hispanic
v_Punch_g25_c01,19,5,17,0,0,3,6,white
v_Punch_g26_c01.,8,1,27,0,0,12,2,black
v_Punch_g27_c01.,17,2,9,2,0,14,6,white
v_Punch_g28_c01,0,0,0,0,0,50,0,hispanic
v_Punch_g29_c01,13,9,14,0,0,8,6,black
v_Punch_g30_c01.,0,2,0,0,0,15,33,unknown
v_Punch_g31_c01,2,5,3,7,0,14,19,hispanic
v_Punch_g32_c01,1,2,2,0,0,1,44,unknown
v_Punch_g33_c01,26,5,1,0,0,1,17,white
v_Punch_g34_c01,17,12,6,0,0,0,15,white
v_Punch_g35_c01,17,2,7,0,0,21,3,hispanic
v_Punch_g36_c01,33,4,3,0,1,6,3,white
v_Punch_g37_c01,37,0,0,0,0,0,13,white
v_Punch_g38_c01,0,0,50,0,0,0,0,black
v_Punch_g39_c01,2,11,0,11,0,24,2,hispanic
v_Punch_g40_c01,4,1,3,5,0,0,37,unknown
v_Punch_g41_c01,21,3,3,0,2,7,14,white
v_Punch_g42_c01,2,1,44,1,0,2,0,black
v_Punch_g43_c01,21,4,9,0,0,4,12,white
v_Punch_g44_c01,1,3,43,0,0,3,0,black
v_Punch_g45_c01,0,1,47,0,0,1,1,black
v_Punch_g46_c01,11,24,2,5,0,2,6,asian
v_Punch_g47_c01,0,0,45,5,0,0,0,black
v_Punch_g48_c01,3,5,3,38,0,0,1,middle eastern
v_Punch_g49_c01,1,1,6,3,2,3,34,unknown
v_Punch_g50_c01,0,7,2,6,1,7,27,unknown
v_Punch_g51_c01,15,23,6,0,0,1,5,asian
v_Punch_g52_c01,0,0,50,0,0,0,0,black
v_Punch_g53_c01,11,2,14,0,1,13,9,black
v_Punch_g54_c01,11,7,7,0,0,16,9,hispanic
v_Punch_g55_c01,13,10,2,0,0,23,2,hispanic
v_Punch_g56_c01,3,37,1,0,0,0,9,asian
v_Punch_g57_c01,20,17,5,0,0,1,7,white
v_Punch_g58_c01,17,0,11,2,0,8,12,white
v_Punch_g59_c01,18,0,32,0,0,0,0,black
v_Punch_g60_c01,10,8,1,0,0,21,10,hispanic
v_Punch_g61_c01,4,7,23,6,1,7,2,black
v_Punch_g62_c01,1,11,24,5,1,3,5,black
v_PushUps_g01_c01,25,16,1,1,0,0,7,white
v_PushUps_g02_c01,0,46,3,1,0,0,0,asian
v_PushUps_g03_c01,5,4,2,23,1,12,3,middle eastern
v_PushUps_g04_c01,0,1,8,38,0,0,3,middle eastern
v_PushUps_g05_c01,8,9,0,3,0,30,0,hispanic
v_PushUps_g06_c01,19,7,1,1,3,10,9,white
v_PushUps_g07_c01,1,1,1,36,0,11,0,middle eastern
v_PushUps_g08_c01,10,14,1,14,0,9,2,asian
v_PushUps_g09_c01,29,2,0,0,0,1,18,white
v_PushUps_g10_c01,11,0,38,1,0,0,0,black
v_PushUps_g11_c01,1,24,2,1,0,1,21,asian
v_PushUps_g12_c01,3,0,47,0,0,0,0,black
v_PushUps_g13_c01,31,6,1,10,0,0,2,white
v_PushUps_g14_c01,1,42,1,1,1,3,1,asian
v_PushUps_g15_c01,24,2,4,2,0,16,2,white
v_PushUps_g16_c01,11,1,0,0,0,7,31,unknown
v_PushUps_g17_c01,0,5,0,26,0,0,19,middle eastern
v_PushUps_g18_c01.,3,2,4,15,1,1,24,middle eastern
v_PushUps_g19_c01,0,0,50,0,0,0,0,black
v_PushUps_g20_c01,4,8,3,4,25,3,3,indian
v_PushUps_g21_c01,8,13,0,29,0,0,0,middle eastern
v_PushUps_g22_c01,47,0,0,2,0,0,1,white
v_PushUps_g23_c01,9,2,1,4,0,30,4,hispanic
v_PushUps_g24_c01.,31,1,1,3,0,10,4,white
v_PushUps_g25_c01,0,0,1,1,0,1,47,unknown
v_PushUps_g26_c01,4,24,1,9,0,0,12,asian
v_PushUps_g27_c01,7,24,10,0,0,4,5,asian
v_PushUps_g28_c01,4,0,0,0,44,2,0,indian
v_PushUps_g29_c01,14,8,13,1,1,5,8,white
v_PushUps_g30_c01,1,15,1,10,10,13,0,asian
v_PushUps_g31_c01,2,6,0,29,0,11,2,middle eastern
v_PushUps_g32_c01,0,0,0,1,49,0,0,indian
v_PushUps_g33_c01,0,24,0,15,0,6,5,asian
v_PushUps_g34_c01,0,2,45,0,3,0,0,black
v_PushUps_g35_c01,12,1,2,2,0,5,28,unknown
v_PushUps_g36_c01,17,12,6,0,0,0,15,white
v_PushUps_g37_c01,13,18,0,13,0,6,0,asian
v_PushUps_g38_c01,0,2,45,2,0,0,1,black
v_PushUps_g39_c01,12,0,1,25,0,9,3,middle eastern
v_PushUps_g40_c01,1,5,7,7,26,4,0,indian
v_PushUps_g41_c01,1,1,3,2,36,6,1,indian
v_PushUps_g42_c01,5,7,2,23,0,8,5,middle eastern
v_PushUps_g43_c01.,2,15,2,1,0,15,15,asian
v_PushUps_g44_c01,19,11,1,0,1,14,4,white
v_PushUps_g45_c01,25,12,0,8,0,4,1,white
v_PushUps_g46_c01,15,4,2,0,0,27,2,hispanic
v_PushUps_g47_c01.,0,11,38,0,0,0,1,black
v_PushUps_g48_c01,23,0,0,11,0,16,0,white
v_PushUps_g49_c01.,3,2,44,0,0,0,0,black
v_PushUps_g50_c01.,0,0,48,0,0,2,0,black
v_PushUps_g51_c01.,12,4,16,2,0,16,0,black
v_PushUps_g52_c01,16,5,2,2,0,11,14,white
v_PushUps_g53_c01,0,0,30,0,15,1,4,black
v_PushUps_g54_c01.,0,1,7,3,0,26,13,hispanic
v_PushUps_g55_c01,24,0,4,1,0,10,11,white
v_PushUps_g56_c01,0,4,0,2,0,42,2,hispanic
v_PushUps_g57_c01,12,4,3,11,0,5,15,white
v_PushUps_g58_c01,6,6,8,3,1,3,23,black
v_PushUps_g59_c01,0,2,45,1,0,0,2,black
v_Rafting_g01_c01,16,5,1,0,0,14,14,white
v_Rafting_g02_c01,3,19,4,2,22,0,0,indian
v_Rafting_g03_c01,0,30,9,0,1,2,8,asian
v_Rafting_g04_c01,4,19,4,0,2,6,15,asian
v_Rafting_g05_c01,3,14,1,0,0,16,16,hispanic
v_Rafting_g06_c01.,5,2,10,0,2,31,0,hispanic
v_Rafting_g07_c01,2,5,1,0,0,40,2,hispanic
v_Rafting_g08_c01,2,0,0,13,32,1,2,indian
v_Rafting_g09_c01.,0,42,2,0,0,5,0,asian
v_Rafting_g10_c01,1,6,1,13,17,12,0,indian
v_Rafting_g11_c01,28,10,1,0,0,2,8,white
v_Rafting_g12_c01,26,1,10,2,0,5,6,white
v_Rafting_g13_c01,18,8,5,2,0,17,0,white
v_Rafting_g14_c01,12,5,9,0,0,8,16,white
v_Rafting_g15_c01,4,10,6,0,16,12,2,indian
v_Rafting_g16_c01,3,7,7,3,21,7,2,indian
v_Rafting_g17_c01,5,13,9,2,6,14,1,hispanic
v_Rafting_g18_c01,10,6,13,4,0,12,5,black
v_Rafting_g19_c01,5,8,17,0,0,1,19,black
v_Rafting_g20_c01,34,0,4,0,0,12,0,white
v_Rafting_g21_c01,5,18,4,0,0,4,19,asian
v_Rafting_g22_c01,2,13,3,1,18,11,2,indian
v_Rafting_g23_c01,28,2,4,0,0,16,0,white
v_Rafting_g24_c01,32,0,4,0,0,12,2,white
v_Rafting_g25_c01,5,7,5,1,0,16,16,hispanic
v_Rafting_g26_c01,8,11,0,10,0,11,10,asian
v_Rafting_g27_c01,12,0,36,0,0,0,2,black
v_Rafting_g28_c01,4,17,1,0,1,21,6,hispanic
v_Rafting_g29_c01,13,0,1,0,0,9,27,unknown
v_Rafting_g30_c01,6,13,2,0,0,1,28,unknown
v_Rafting_g31_c01,7,11,9,0,0,2,21,asian
v_Rafting_g32_c01,1,18,12,0,0,15,4,asian
v_Rafting_g33_c01,23,2,2,0,0,17,6,white
v_Rafting_g34_c01,48,0,0,0,0,2,0,white
v_Rafting_g35_c01,0,3,45,0,0,2,0,black
v_Rafting_g36_c01,4,5,0,2,27,4,8,indian
v_Rafting_g37_c01,30,6,0,0,0,12,2,white
v_Rafting_g38_c01,20,4,0,0,1,8,17,white
v_Rafting_g39_c01,13,3,8,0,0,9,17,white
v_Rafting_g40_c01,4,30,4,1,1,4,6,asian
v_Rafting_g41_c01,15,4,2,0,0,11,18,white
v_Rafting_g42_c01,2,10,2,0,0,29,7,hispanic
v_Rafting_g43_c01.,11,12,3,0,0,0,24,asian
v_Rafting_g44_c01,5,20,3,5,4,3,10,asian
v_Rafting_g45_c01,0,31,14,0,0,3,2,asian
v_Rafting_g46_c01,8,22,3,0,0,8,9,asian
v_Rafting_g47_c01,4,9,3,2,16,12,4,indian
v_Rafting_g48_c01.,20,9,6,0,0,6,9,white
v_Rafting_g49_c01,0,0,2,8,2,9,29,unknown
v_Rafting_g50_c01,0,0,0,0,50,0,0,indian
v_Rafting_g51_c01,22,5,0,1,0,18,4,white
v_Rafting_g52_c01,19,6,5,0,0,11,9,white
v_Rafting_g53_c01,1,37,0,1,6,3,2,asian
v_Rafting_g54_c01.,5,9,4,0,29,2,1,indian
v_Rafting_g55_c01,0,0,0,0,50,0,0,indian
v_Rafting_g56_c01,2,14,0,7,24,2,1,indian
v_Rafting_g57_c01,3,13,11,1,2,6,14,asian
v_Rafting_g58_c01,0,1,0,0,45,0,4,indian
v_Rafting_g59_c01,1,6,16,0,0,3,24,black
v_Rafting_g60_c01,3,39,2,0,4,0,1,asian
v_Rafting_g61_c01,27,11,1,0,0,11,0,white
v_Rafting_g62_c01,0,2,4,0,39,4,1,indian
v_Rafting_g63_c01,32,1,2,0,0,10,5,white
v_Rafting_g64_c01,13,5,1,0,0,12,19,white
v_Rafting_g65_c01,11,11,2,4,0,8,14,white
v_Rafting_g66_c01,23,0,15,2,0,5,5,white
v_Rafting_g67_c01,7,10,24,0,6,0,3,black
v_Rafting_g68_c01,9,5,9,0,0,13,14,hispanic
v_Rafting_g69_c01,15,4,3,1,4,13,10,white
v_Rafting_g70_c01,2,1,8,0,0,11,28,unknown
v_Rafting_g71_c01,3,7,6,15,0,13,6,middle eastern
v_Rafting_g72_c01.,5,12,21,0,8,4,0,black
v_Rafting_g73_c01,9,9,1,0,0,23,8,hispanic
v_Rafting_g74_c01,10,4,12,0,0,0,24,black
v_Rafting_g75_c01,8,21,8,3,0,6,4,asian
v_Rafting_g76_c01,10,15,2,1,0,16,6,hispanic
v_Rafting_g77_c01,2,3,11,1,8,23,2,hispanic
v_Rafting_g78_c01,11,19,1,2,3,11,3,asian
v_Rafting_g79_c01,21,8,2,0,0,17,1,white
v_Rafting_g80_c01,11,13,12,0,0,10,4,asian
v_Rafting_g81_c01,0,0,0,0,50,0,0,indian
v_Rafting_g82_c01,38,6,1,0,0,0,5,white
v_Rafting_g83_c01,4,6,3,0,20,9,8,indian
v_Rafting_g84_c01,1,0,0,1,2,45,1,hispanic
v_Rafting_g85_c01,14,1,8,0,0,17,10,hispanic
v_Rafting_g86_c01,15,3,0,3,1,20,8,hispanic
v_Rafting_g87_c01,7,16,17,1,0,4,5,black
v_Rafting_g88_c01,23,4,1,0,0,20,2,white
v_Rafting_g89_c01,17,3,2,2,0,21,5,hispanic
v_Rafting_g90_c01,2,15,6,3,14,7,3,asian
v_Rafting_g91_c01,0,26,1,0,0,16,7,asian
v_Rafting_g92_c01,1,1,1,0,45,1,1,indian
v_Rafting_g93_c01,27,4,13,1,0,5,0,white
v_Rafting_g94_c01,24,0,0,4,0,6,16,white
v_Rafting_g95_c01,6,22,6,0,0,8,8,asian
v_Rafting_g96_c01,7,21,4,0,5,11,2,asian
v_Rafting_g97_c01.,17,13,5,0,1,2,12,white
v_Rafting_g98_c01,27,4,13,1,0,5,0,white
v_RockClimbingIndoor_g01_c01,0,43,0,3,0,0,4,asian
v_RockClimbingIndoor_g02_c01,0,49,1,0,0,0,0,asian
v_RockClimbingIndoor_g03_c01.,0,47,1,0,0,0,2,asian
v_RockClimbingIndoor_g04_c01,0,26,21,1,0,0,2,asian
v_RockClimbingIndoor_g05_c01,0,4,2,1,0,31,12,hispanic
v_RockClimbingIndoor_g06_c01.,0,49,0,1,0,0,0,asian
v_RockClimbingIndoor_g07_c01,1,20,0,13,0,0,16,asian
v_RockClimbingIndoor_g08_c01,0,18,0,15,0,1,16,asian
v_RockClimbingIndoor_g09_c01.,11,31,0,0,0,0,8,asian
v_RockClimbingIndoor_g10_c01,1,23,0,14,0,0,12,asian
v_RockClimbingIndoor_g11_c01,4,17,0,3,0,14,12,asian
v_RockClimbingIndoor_g12_c01.,0,21,3,0,0,0,26,unknown
v_RockClimbingIndoor_g13_c01,1,34,0,8,0,1,6,asian
v_RockClimbingIndoor_g14_c01,4,16,1,1,0,0,28,unknown
v_RockClimbingIndoor_g15_c01,13,3,11,20,0,0,3,middle eastern
v_RockClimbingIndoor_g16_c01,2,18,1,10,1,0,18,asian
v_RockClimbingIndoor_g17_c01,14,23,0,1,0,0,12,asian
v_RockClimbingIndoor_g18_c01,0,46,0,4,0,0,0,asian
v_RockClimbingIndoor_g19_c01,0,47,3,0,0,0,0,asian
v_RockClimbingIndoor_g20_c01.,0,49,0,0,0,0,0,asian
v_RockClimbingIndoor_g21_c01,4,4,3,19,3,16,1,middle eastern
v_RockClimbingIndoor_g22_c01.,32,2,3,2,0,5,6,white
v_RockClimbingIndoor_g23_c01,0,30,1,3,1,2,13,asian
v_RockClimbingIndoor_g24_c01,0,13,1,0,0,0,35,unknown
v_RockClimbingIndoor_g25_c01,0,35,7,0,0,0,8,asian
v_RockClimbingIndoor_g26_c01,0,39,5,2,0,0,4,asian
v_RockClimbingIndoor_g27_c01,0,38,0,0,0,7,5,asian
v_RockClimbingIndoor_g28_c01,0,47,0,3,0,0,0,asian
v_RockClimbingIndoor_g29_c01,1,26,0,8,0,4,11,asian
v_RockClimbingIndoor_g30_c01,0,38,0,1,0,0,11,asian
v_RockClimbingIndoor_g31_c01.,2,46,0,1,0,0,1,asian
v_RockClimbingIndoor_g32_c01.,11,18,6,7,0,1,7,asian
v_RockClimbingIndoor_g33_c01,3,34,1,2,0,3,7,asian
v_RockClimbingIndoor_g34_c01,4,12,0,0,0,2,32,unknown
v_RockClimbingIndoor_g35_c01,9,20,0,3,0,0,18,asian
v_RockClimbingIndoor_g36_c01,0,49,0,0,0,0,1,asian
v_RockClimbingIndoor_g37_c01,3,6,3,4,8,5,21,indian
v_RockClimbingIndoor_g38_c01,3,14,1,5,2,6,19,asian
v_RockClimbingIndoor_g39_c01.,0,50,0,0,0,0,0,asian
v_RockClimbingIndoor_g40_c01,12,13,1,16,0,1,7,middle eastern
v_RockClimbingIndoor_g41_c01,13,7,1,3,0,0,26,unknown
v_RockClimbingIndoor_g42_c01.,1,33,1,4,0,11,0,asian
v_RockClimbingIndoor_g43_c01,0,25,16,0,1,3,5,asian
v_RockClimbingIndoor_g44_c01.,16,1,0,22,0,4,7,middle eastern
v_RockClimbingIndoor_g45_c01,0,44,0,0,0,0,6,asian
v_RockClimbingIndoor_g46_c01,3,29,1,11,0,0,6,asian
v_RockClimbingIndoor_g47_c01,1,23,17,5,0,0,4,asian
v_RockClimbingIndoor_g48_c01,5,13,5,10,2,1,14,asian
v_RockClimbingIndoor_g49_c01,1,17,5,2,0,13,12,asian
v_RockClimbingIndoor_g50_c01.,3,17,11,2,0,4,13,asian
v_RockClimbingIndoor_g51_c01,0,32,0,0,0,0,17,asian
v_RockClimbingIndoor_g52_c01,2,12,4,19,0,6,7,middle eastern
v_RockClimbingIndoor_g53_c01,0,45,0,1,0,0,4,asian
v_RopeClimbing_g01_c01,5,12,3,18,1,0,11,middle eastern
v_RopeClimbing_g02_c01.,0,26,8,5,0,0,11,asian
v_RopeClimbing_g03_c01,0,33,0,9,1,0,7,asian
v_RopeClimbing_g04_c01.,0,6,0,6,24,13,1,indian
v_RopeClimbing_g05_c01.,0,34,0,4,0,4,8,asian
v_RopeClimbing_g06_c01.,13,6,0,0,0,11,20,white
v_RopeClimbing_g07_c01,19,22,0,1,0,4,4,asian
v_RopeClimbing_g08_c01,13,3,3,6,0,6,19,white
v_RopeClimbing_g09_c01,13,9,6,5,0,10,7,white
v_RopeClimbing_g10_c01,5,31,0,3,0,1,10,asian
v_RopeClimbing_g11_c01.,8,16,1,1,0,24,0,hispanic
v_RopeClimbing_g12_c01.,0,41,1,0,0,0,8,asian
v_RopeClimbing_g13_c01,0,1,6,11,0,1,31,unknown
v_RopeClimbing_g14_c01,26,3,3,8,0,7,3,white
v_RopeClimbing_g15_c01.,29,3,6,2,0,5,5,white
v_RopeClimbing_g16_c01.,0,48,0,0,0,1,1,asian
v_RopeClimbing_g17_c01,13,2,2,0,0,2,31,unknown
v_RopeClimbing_g18_c01,3,18,0,12,0,2,15,asian
v_RopeClimbing_g19_c01.,0,0,6,13,1,0,30,unknown
v_RopeClimbing_g20_c01,18,2,1,18,0,6,5,white
v_RopeClimbing_g21_c01.,9,27,0,1,0,6,7,asian
v_RopeClimbing_g22_c01.,8,12,1,0,23,2,4,indian
v_RopeClimbing_g23_c01,25,17,0,0,8,0,0,white
v_RopeClimbing_g24_c01,3,4,5,10,2,8,18,middle eastern
v_RopeClimbing_g25_c01.,8,9,0,1,3,4,25,unknown
v_RopeClimbing_g26_c01,1,10,8,3,1,10,17,asian
v_RopeClimbing_g27_c01,2,29,2,1,0,2,14,asian
v_RopeClimbing_g28_c01.,0,16,1,1,0,1,31,unknown
v_RopeClimbing_g29_c01,0,50,0,0,0,0,0,asian
v_RopeClimbing_g30_c01,25,8,5,1,0,11,0,white
v_RopeClimbing_g31_c01.,15,18,0,1,4,4,8,asian
v_RopeClimbing_g32_c01,0,42,0,3,0,1,4,asian
v_RopeClimbing_g33_c01.,7,3,3,3,3,16,15,hispanic
v_RopeClimbing_g34_c01,0,49,0,0,0,0,1,asian
v_RopeClimbing_g35_c01.,0,50,0,0,0,0,0,asian
v_RopeClimbing_g36_c01,17,13,2,2,0,6,10,white
v_RopeClimbing_g37_c01.,1,9,2,2,1,5,30,unknown
v_RopeClimbing_g38_c01,0,6,0,16,27,0,1,indian
v_RopeClimbing_g39_c01.,1,16,4,1,14,1,13,asian
v_RopeClimbing_g40_c01,3,14,1,5,2,6,19,asian
v_RopeClimbing_g41_c01,0,8,0,1,0,1,40,unknown
v_RopeClimbing_g42_c01,1,5,7,3,0,21,13,hispanic
v_RopeClimbing_g43_c01,34,5,2,1,0,5,3,white
v_RopeClimbing_g44_c01,1,11,2,5,29,2,0,indian
v_RopeClimbing_g45_c01,0,7,10,4,2,11,16,hispanic
v_RopeClimbing_g46_c01,0,38,0,0,10,0,2,asian
v_RopeClimbing_g47_c01,20,5,8,4,1,5,7,white
v_RopeClimbing_g48_c01,0,7,0,27,13,2,1,middle eastern
v_RopeClimbing_g49_c01,2,19,2,13,0,3,11,asian
v_RopeClimbing_g50_c01,4,15,7,6,3,2,13,asian
v_RopeClimbing_g51_c01.,0,18,1,0,13,2,16,asian
v_RopeClimbing_g52_c01,1,16,1,0,0,5,27,unknown
v_RopeClimbing_g53_c01,0,0,7,0,0,29,14,hispanic
v_RopeClimbing_g54_c01,4,0,6,0,38,1,1,indian
v_RopeClimbing_g55_c01,37,2,2,2,0,6,1,white
v_RopeClimbing_g56_c01,0,14,8,0,18,3,7,indian
v_RopeClimbing_g57_c01.,11,8,0,5,6,0,20,white
v_RopeClimbing_g58_c01,1,7,1,1,28,4,8,indian
v_RopeClimbing_g59_c01,0,9,1,10,20,5,5,indian
v_RopeClimbing_g60_c01,1,9,0,11,17,8,4,indian
v_RopeClimbing_g61_c01,39,0,2,1,0,5,3,white
v_RopeClimbing_g62_c01,4,1,41,1,0,3,0,black
v_RopeClimbing_g63_c01,0,14,1,1,1,11,22,asian
v_RopeClimbing_g64_c01.,0,2,0,38,0,6,4,middle eastern
v_RopeClimbing_g65_c01.,13,8,5,2,0,14,8,hispanic
v_RopeClimbing_g66_c01.,35,3,5,0,0,3,4,white
v_RopeClimbing_g67_c01,5,24,2,4,0,0,15,asian
v_RopeClimbing_g68_c01,4,28,1,3,0,3,11,asian
v_RopeClimbing_g69_c01,0,21,0,3,0,0,26,unknown
v_RopeClimbing_g70_c01,0,7,0,0,37,1,5,indian
v_RopeClimbing_g71_c01,2,3,5,2,0,3,35,unknown
v_RopeClimbing_g72_c01,0,6,8,31,0,1,4,middle eastern
v_RopeClimbing_g73_c01,0,7,16,0,0,4,23,black
v_RopeClimbing_g74_c01,1,14,12,1,4,8,10,asian
v_RopeClimbing_g75_c01,2,5,15,14,0,3,11,black
v_RopeClimbing_g76_c01,0,5,2,0,14,0,29,unknown
v_RopeClimbing_g77_c01,7,2,1,5,1,1,33,unknown
v_RopeClimbing_g78_c01,6,21,1,9,1,1,11,asian
v_RopeClimbing_g79_c01,2,18,9,2,4,0,15,asian
v_Rowing_g01_c01.,36,8,2,3,0,0,1,white
v_Rowing_g02_c01,3,23,1,0,0,2,21,asian
v_Rowing_g03_c01,25,5,6,7,0,5,2,white
v_Rowing_g04_c01,22,2,12,1,0,12,1,white
v_Rowing_g05_c01,12,1,0,0,0,2,35,unknown
v_Rowing_g06_c01.,36,6,0,0,0,1,7,white
v_Rowing_g07_c01,29,13,2,0,0,4,2,white
v_Rowing_g08_c01.,38,3,0,0,0,9,0,white
v_Rowing_g09_c01,42,4,1,0,0,3,0,white
v_Rowing_g10_c01,0,4,24,0,0,0,22,black
v_Rowing_g11_c01.,43,3,0,0,0,1,3,white
v_Rowing_g12_c01,8,34,2,1,0,2,3,asian
v_Rowing_g13_c01,0,0,0,0,50,0,0,indian
v_Rowing_g14_c01,22,6,6,0,0,5,11,white
v_Rowing_g15_c01,14,7,10,0,0,3,16,white
v_Rowing_g16_c01,5,17,11,8,2,5,2,asian
v_Rowing_g17_c01,3,0,0,0,0,0,47,unknown
v_Rowing_g18_c01,22,0,0,21,0,7,0,white
v_Rowing_g19_c01,0,27,1,0,14,8,0,asian
v_Rowing_g20_c01,0,2,0,0,1,46,1,hispanic
v_Rowing_g21_c01,11,12,2,1,0,17,7,hispanic
v_Rowing_g22_c01.,0,50,0,0,0,0,0,asian
v_Rowing_g23_c01,18,1,10,0,0,7,14,white
v_Rowing_g24_c01.,0,0,19,2,4,10,15,black
v_Rowing_g25_c01,3,1,1,3,33,9,0,indian
v_Rowing_g26_c01.,49,0,1,0,0,0,0,white
v_Rowing_g27_c01,25,24,1,0,0,0,0,white
v_Rowing_g28_c01,0,0,6,0,0,0,44,unknown
v_Rowing_g29_c01.,28,14,1,1,0,3,3,white
v_Rowing_g30_c01,0,1,0,0,49,0,0,indian
v_Rowing_g31_c01,4,23,13,0,1,6,3,asian
v_Rowing_g32_c01,8,2,5,0,0,0,35,unknown
v_Rowing_g33_c01,5,4,25,1,0,12,3,black
v_Rowing_g34_c01,3,32,2,1,1,2,9,asian
v_Rowing_g35_c01,30,2,5,0,0,4,9,white
v_Rowing_g36_c01.,33,1,1,2,0,13,0,white
v_Rowing_g37_c01.,1,4,4,2,34,1,4,indian
v_Rowing_g38_c01,21,13,1,0,2,8,5,white
v_Rowing_g39_c01,32,3,4,1,0,1,9,white
v_Rowing_g40_c01,6,2,1,2,0,32,7,hispanic
v_Rowing_g41_c01,31,2,13,0,0,4,0,white
v_Rowing_g42_c01,17,25,1,0,0,0,7,asian
v_Rowing_g43_c01,44,0,4,0,0,1,1,white
v_Rowing_g44_c01,1,3,1,0,0,27,18,hispanic
v_Rowing_g45_c01,0,30,10,0,3,1,6,asian
v_Rowing_g46_c01,17,8,13,0,0,3,9,white
v_Rowing_g47_c01,0,2,0,0,48,0,0,indian
v_Rowing_g48_c01,24,11,4,0,0,9,2,white
v_Rowing_g49_c01,15,9,22,0,0,3,1,black
v_Rowing_g50_c01,10,9,22,0,0,0,9,black
v_Rowing_g51_c01,1,29,1,0,10,8,1,asian
v_Rowing_g52_c01.,1,8,2,3,17,3,15,indian
v_Rowing_g53_c01,31,7,5,1,0,0,6,white
v_Rowing_g54_c01,3,0,2,0,0,43,2,hispanic
v_Rowing_g55_c01,16,3,2,2,0,0,27,unknown
v_Rowing_g56_c01,10,3,3,0,0,13,21,hispanic
v_Rowing_g57_c01.,0,0,2,0,0,1,47,unknown
v_Rowing_g58_c01,2,14,1,2,0,24,7,hispanic
v_Rowing_g59_c01,4,2,2,0,0,40,2,hispanic
v_Rowing_g60_c01,3,47,0,0,0,0,0,asian
v_Rowing_g61_c01,31,7,1,1,1,2,7,white
v_Rowing_g62_c01,7,6,6,1,2,1,27,unknown
v_Rowing_g63_c01,48,1,0,0,0,0,1,white
v_Rowing_g64_c01,24,1,2,0,0,17,6,white
v_Rowing_g65_c01,29,0,0,0,0,6,15,white
v_Rowing_g66_c01.,18,4,1,0,0,20,7,hispanic
v_Rowing_g67_c01,12,4,28,0,0,4,2,black
v_Rowing_g68_c01,15,32,0,0,0,3,0,asian
v_Rowing_g69_c01,3,31,4,1,2,9,0,asian
v_Rowing_g70_c01.,28,11,1,0,0,3,7,white
v_Rowing_g71_c01,17,3,2,1,0,3,24,white
v_Rowing_g72_c01,0,4,3,0,0,1,42,unknown
v_Rowing_g73_c01,37,3,2,1,0,5,2,white
v_Rowing_g74_c01,13,11,1,0,0,1,24,white
v_Rowing_g75_c01,12,32,4,0,0,0,2,asian
v_Rowing_g76_c01.,33,1,1,0,0,13,2,white
v_Rowing_g77_c01.,32,8,1,0,0,3,6,white
v_Rowing_g78_c01,0,3,38,0,0,9,0,black
v_Rowing_g79_c01,28,4,5,0,0,1,12,white
v_Rowing_g80_c01,15,0,2,10,0,4,19,white
v_Rowing_g81_c01,31,3,0,0,0,2,14,white
v_Rowing_g82_c01,8,5,6,0,1,1,29,unknown
v_Rowing_g83_c01,0,2,1,2,41,4,0,indian
v_Rowing_g84_c01,5,12,6,1,0,0,26,unknown
v_Rowing_g85_c01,10,1,7,0,0,1,31,unknown
v_Rowing_g86_c01,15,5,8,0,0,4,18,white
v_Rowing_g87_c01,0,0,49,0,0,1,0,black
v_Rowing_g88_c01,14,0,33,0,0,1,2,black
v_Rowing_g89_c01,20,0,2,4,0,3,21,white
v_Rowing_g90_c01,19,9,8,0,0,10,4,white
v_Rowing_g91_c01,18,12,10,5,0,4,1,white
v_Rowing_g92_c01,3,7,1,1,0,38,0,hispanic
v_Rowing_g93_c01.,5,4,4,4,0,25,8,hispanic
v_SalsaSpin_g01_c01,2,9,0,0,38,1,0,indian
v_SalsaSpin_g02_c01,0,6,19,7,1,10,7,black
v_SalsaSpin_g03_c01.,0,46,0,0,0,1,3,asian
v_SalsaSpin_g04_c01,43,0,2,5,0,0,0,white
v_SalsaSpin_g05_c01,2,0,9,18,0,21,0,hispanic
v_SalsaSpin_g06_c01,13,8,0,0,0,24,5,hispanic
v_SalsaSpin_g07_c01,18,0,1,0,0,2,29,unknown
v_SalsaSpin_g08_c01,2,14,1,0,0,11,22,asian
v_SalsaSpin_g09_c01,24,0,2,1,0,22,1,white
v_SalsaSpin_g10_c01,0,2,1,0,0,42,5,hispanic
v_SalsaSpin_g11_c01,49,0,1,0,0,0,0,white
v_SalsaSpin_g12_c01.,0,0,42,0,0,8,0,black
v_SalsaSpin_g13_c01,3,2,30,0,0,15,0,black
v_SalsaSpin_g14_c01,0,0,7,0,0,22,21,hispanic
v_SalsaSpin_g15_c01,3,0,44,0,0,1,2,black
v_SalsaSpin_g16_c01,1,16,28,0,0,5,0,black
v_SalsaSpin_g17_c01,11,8,8,1,0,17,5,hispanic
v_SalsaSpin_g18_c01,8,0,3,1,0,36,2,hispanic
v_SalsaSpin_g19_c01,11,14,9,4,1,7,4,asian
v_SalsaSpin_g20_c01,22,14,7,0,0,7,0,white
v_SalsaSpin_g21_c01,9,14,7,0,0,20,0,hispanic
v_SalsaSpin_g22_c01,3,5,2,3,0,26,11,hispanic
v_ShavingBeard_g01_c01.,26,0,0,14,0,4,6,white
v_ShavingBeard_g02_c01.,0,0,50,0,0,0,0,black
v_ShavingBeard_g03_c01,38,0,2,9,0,1,0,white
v_ShavingBeard_g04_c01.,1,0,47,1,0,0,1,black
v_ShavingBeard_g05_c01.,0,0,0,50,0,0,0,middle eastern
v_ShavingBeard_g06_c01.,0,0,0,0,47,2,1,indian
v_ShavingBeard_g07_c01,38,9,0,1,0,1,1,white
v_ShavingBeard_g08_c01,0,0,3,6,28,13,0,indian
v_ShavingBeard_g09_c01,4,8,0,0,0,35,3,hispanic
v_ShavingBeard_g10_c01,1,0,0,4,32,13,0,indian
v_ShavingBeard_g11_c01.,34,0,1,4,0,1,10,white
v_ShavingBeard_g12_c01.,0,3,3,2,41,0,0,indian
v_ShavingBeard_g13_c01,1,0,31,12,0,3,3,black
v_ShavingBeard_g14_c01,9,2,24,0,0,7,8,black
v_ShavingBeard_g15_c01,2,0,40,0,1,7,0,black
v_ShavingBeard_g16_c01,0,20,0,0,2,26,2,hispanic
v_ShavingBeard_g17_c01,31,3,2,0,0,8,6,white
v_ShavingBeard_g18_c01.,0,7,1,16,22,0,4,indian
v_ShavingBeard_g19_c01,7,10,1,0,21,1,10,indian
v_ShavingBeard_g20_c01,2,0,0,8,10,26,4,hispanic
v_ShavingBeard_g21_c01.,25,8,2,0,0,14,1,white
v_ShavingBeard_g22_c01.,43,0,0,5,0,0,2,white
v_ShavingBeard_g23_c01,34,1,0,4,1,1,9,white
v_ShavingBeard_g24_c01,0,0,0,6,32,12,0,indian
v_ShavingBeard_g25_c01,44,0,0,5,0,1,0,white
v_ShavingBeard_g26_c01,0,1,0,16,19,13,1,indian
v_ShavingBeard_g27_c01.,16,1,7,7,3,3,13,white
v_ShavingBeard_g28_c01.,0,8,5,2,3,29,3,hispanic
v_ShavingBeard_g29_c01,0,0,1,37,0,8,4,middle eastern
v_ShavingBeard_g30_c01.,6,0,3,24,1,15,1,middle eastern
v_ShavingBeard_g31_c01,0,9,2,4,0,28,7,hispanic
v_ShavingBeard_g32_c01.,5,3,0,11,1,14,16,hispanic
v_ShavingBeard_g33_c01,28,2,3,5,0,10,2,white
v_ShavingBeard_g34_c01.,0,50,0,0,0,0,0,asian
v_ShavingBeard_g35_c01.,0,4,0,1,43,2,0,indian
v_Shotput_g01_c01,9,1,4,21,0,0,15,middle eastern
v_Shotput_g02_c01,25,0,10,2,0,7,6,white
v_Shotput_g03_c01,4,0,36,1,0,8,1,black
v_Shotput_g04_c01.,3,0,5,2,0,36,4,hispanic
v_Shotput_g05_c01,0,7,2,1,38,0,2,indian
v_Shotput_g06_c01,0,0,0,0,50,0,0,indian
v_Shotput_g07_c01,0,1,38,0,0,5,6,black
v_Shotput_g08_c01,16,10,7,3,0,11,3,white
v_Shotput_g09_c01,5,2,40,0,0,2,1,black
v_Shotput_g10_c01,23,2,0,0,0,8,17,white
v_Shotput_g11_c01,1,30,4,0,7,8,0,asian
v_Shotput_g12_c01,1,39,2,0,7,1,0,asian
v_Shotput_g13_c01,0,27,17,1,0,4,1,asian
v_Shotput_g14_c01,0,25,16,0,3,6,0,asian
v_Shotput_g15_c01,1,5,16,3,17,4,4,indian
v_Shotput_g16_c01,9,16,14,0,0,3,8,asian
v_Shotput_g17_c01,5,5,33,0,0,0,7,black
v_Shotput_g18_c01,6,19,3,1,0,21,0,hispanic
v_Shotput_g19_c01,3,18,8,1,2,13,5,asian
v_Shotput_g20_c01,40,4,0,0,0,0,6,white
v_Shotput_g21_c01,2,0,40,0,0,5,3,black
v_Shotput_g22_c01,37,3,0,1,0,2,7,white
v_Shotput_g23_c01.,13,26,0,0,1,10,0,asian
v_Shotput_g24_c01,31,1,1,1,0,11,5,white
v_Shotput_g25_c01,0,11,8,0,21,10,0,indian
v_Shotput_g26_c01,46,2,0,0,0,0,2,white
v_Shotput_g27_c01.,29,1,0,0,0,16,4,white
v_Shotput_g28_c01,13,10,4,4,0,18,1,hispanic
v_Shotput_g29_c01,1,2,1,1,45,0,0,indian
v_Shotput_g30_c01,4,2,4,0,0,19,21,hispanic
v_Shotput_g31_c01,49,0,0,0,0,1,0,white
v_Shotput_g32_c01,50,0,0,0,0,0,0,white
v_Shotput_g33_c01,3,3,39,1,0,3,1,black
v_Shotput_g34_c01.,6,6,2,2,27,2,5,indian
v_Shotput_g35_c01.,7,0,0,0,0,43,0,hispanic
v_Shotput_g36_c01,7,1,13,0,0,27,2,hispanic
v_Shotput_g37_c01,22,0,27,0,0,0,1,black
v_Shotput_g38_c01,0,0,0,50,0,0,0,middle eastern
v_Shotput_g39_c01,43,1,0,1,0,5,0,white
v_Shotput_g40_c01,22,0,13,0,2,6,7,white
v_Shotput_g41_c01,2,30,9,4,0,4,1,asian
v_Shotput_g42_c01,48,1,1,0,0,0,0,white
v_Shotput_g43_c01.,4,2,15,0,0,24,5,hispanic
v_Shotput_g44_c01.,2,5,13,4,22,2,2,indian
v_Shotput_g45_c01,0,0,50,0,0,0,0,black
v_Shotput_g46_c01,0,11,14,7,16,1,1,indian
v_Shotput_g47_c01,14,0,4,21,10,0,1,middle eastern
v_Shotput_g48_c01,30,1,0,0,0,13,6,white
v_Shotput_g49_c01,14,1,1,27,6,1,0,middle eastern
v_Shotput_g50_c01,6,1,17,9,1,13,3,black
v_Shotput_g51_c01,2,7,33,0,7,0,1,black
v_Shotput_g52_c01,31,3,9,0,0,2,5,white
v_Shotput_g53_c01,0,0,0,0,50,0,0,indian
v_Shotput_g54_c01,4,1,34,5,2,0,4,black
v_Shotput_g55_c01,5,1,39,2,0,0,3,black
v_Shotput_g56_c01,1,2,44,0,2,0,1,black
v_Shotput_g57_c01,1,0,3,4,41,1,0,indian
v_Shotput_g58_c01,47,0,1,0,0,2,0,white
v_Shotput_g59_c01.,32,1,11,1,0,2,3,white
v_Shotput_g60_c01,29,6,9,0,0,1,5,white
v_Shotput_g61_c01,13,3,12,0,0,8,14,white
v_Shotput_g62_c01,12,5,5,0,0,25,3,hispanic
v_Shotput_g63_c01,15,5,18,2,0,6,4,black
v_Shotput_g64_c01,4,6,14,1,0,14,11,black
v_Shotput_g65_c01.,42,0,5,0,0,0,3,white
v_Shotput_g66_c01,9,0,16,1,4,1,19,black
v_Shotput_g67_c01.,28,2,5,8,0,7,0,white
v_Shotput_g68_c01,0,0,31,5,8,5,1,black
v_Shotput_g69_c01,17,7,7,4,0,11,4,white
v_Shotput_g70_c01,0,12,10,0,24,1,3,indian
v_Shotput_g71_c01,10,2,4,4,2,24,4,hispanic
v_Shotput_g72_c01,33,8,2,1,0,4,2,white
v_Shotput_g73_c01,7,2,11,0,1,28,1,hispanic
v_Shotput_g74_c01,2,1,33,2,10,1,1,black
v_Shotput_g75_c01,9,1,36,1,2,1,0,black
v_Shotput_g76_c01,9,0,6,2,0,0,33,unknown
v_Shotput_g77_c01,0,0,0,0,0,0,50,unknown
v_Shotput_g78_c01,11,0,19,5,0,13,2,black
v_Shotput_g79_c01,11,10,10,0,0,17,2,hispanic
v_Shotput_g80_c01,13,2,5,16,0,9,5,middle eastern
v_Shotput_g81_c01,6,2,38,0,0,4,0,black
v_Shotput_g82_c01.,1,2,7,3,0,2,35,unknown
v_Shotput_g83_c01,34,0,0,0,0,16,0,white
v_Shotput_g84_c01,33,1,11,1,0,4,0,white
v_Shotput_g85_c01,17,5,25,0,0,0,3,black
v_Shotput_g86_c01,16,2,7,6,0,6,13,white
v_Shotput_g87_c01,3,9,13,4,4,14,3,hispanic
v_Shotput_g88_c01,0,14,11,1,14,6,4,asian
v_Shotput_g89_c01,15,15,4,3,2,4,7,white
v_Shotput_g90_c01,7,5,6,26,3,2,1,middle eastern
v_Shotput_g91_c01,0,2,18,4,14,7,5,black
v_Shotput_g92_c01,8,3,21,0,0,4,14,black
v_Shotput_g93_c01,11,8,7,0,0,6,18,white
v_Shotput_g94_c01,0,0,0,0,50,0,0,indian
v_SkateBoarding_g01_c01.,27,13,4,4,0,2,0,white
v_SkateBoarding_g02_c01.,26,12,7,3,0,2,0,white
v_SkateBoarding_g03_c01,1,13,21,0,0,3,12,black
v_SkateBoarding_g04_c01,1,14,2,6,4,13,10,asian
v_SkateBoarding_g05_c01,4,3,1,0,0,12,30,unknown
v_SkateBoarding_g06_c01,4,4,3,0,0,6,33,unknown
v_SkateBoarding_g07_c01.,15,3,1,1,0,12,18,white
v_SkateBoarding_g08_c01,8,4,25,2,0,10,1,black
v_SkateBoarding_g09_c01,5,12,7,20,0,2,4,middle eastern
v_SkateBoarding_g10_c01,4,22,1,0,0,0,23,asian
v_SkateBoarding_g11_c01,1,4,1,24,3,14,3,middle eastern
v_SkateBoarding_g12_c01,3,1,4,3,0,29,10,hispanic
v_SkateBoarding_g13_c01,3,6,11,0,0,7,23,black
v_SkateBoarding_g14_c01,47,0,2,0,0,1,0,white
v_SkateBoarding_g15_c01,10,1,19,0,0,0,20,black
v_SkateBoarding_g16_c01,4,1,4,4,0,9,28,unknown
v_SkateBoarding_g17_c01,1,7,3,2,0,25,12,hispanic
v_SkateBoarding_g18_c01,4,7,2,1,0,5,31,unknown
v_SkateBoarding_g19_c01,0,4,8,0,0,2,36,unknown
v_SkateBoarding_g20_c01,0,4,12,7,12,8,7,black
v_SkateBoarding_g21_c01,1,24,8,0,13,2,2,asian
v_SkateBoarding_g22_c01,4,8,4,2,0,17,15,hispanic
v_SkateBoarding_g23_c01.,30,10,1,1,0,5,3,white
v_SkateBoarding_g24_c01,0,2,0,14,31,3,0,indian
v_SkateBoarding_g25_c01,10,20,7,2,1,5,5,asian
v_SkateBoarding_g26_c01.,3,36,1,2,0,7,1,asian
v_SkateBoarding_g27_c01,3,3,17,2,1,4,20,black
v_SkateBoarding_g28_c01,20,4,8,7,0,0,11,white
v_SkateBoarding_g29_c01,38,8,0,3,1,0,0,white
v_SkateBoarding_g30_c01,22,12,6,1,0,0,9,white
v_SkateBoarding_g31_c01,6,7,3,3,0,8,23,hispanic
v_SkateBoarding_g32_c01.,1,4,15,1,0,14,15,black
v_SkateBoarding_g33_c01,0,2,1,1,0,1,45,unknown
v_SkateBoarding_g34_c01,1,19,4,1,6,19,0,asian
v_SkateBoarding_g35_c01,0,3,10,3,0,3,31,unknown
v_SkateBoarding_g36_c01.,0,0,7,1,33,3,6,indian
v_SkateBoarding_g37_c01,20,10,8,0,0,0,12,white
v_SkateBoarding_g38_c01.,38,0,3,0,0,9,0,white
v_SkateBoarding_g39_c01,3,3,16,0,0,14,14,black
v_SkateBoarding_g40_c01,13,22,2,0,0,7,6,asian
v_SkateBoarding_g41_c01,4,8,15,1,1,12,9,black
v_SkateBoarding_g42_c01,0,0,6,2,28,4,10,indian
v_SkateBoarding_g43_c01,3,5,13,5,12,6,6,black
v_SkateBoarding_g44_c01,5,5,8,5,0,10,17,hispanic
v_SkateBoarding_g45_c01.,19,3,18,1,0,0,9,white
v_SkateBoarding_g46_c01,8,6,3,2,2,11,18,hispanic
v_SkateBoarding_g47_c01,0,2,45,2,0,0,1,black
v_SkateBoarding_g48_c01,7,16,13,0,2,6,6,asian
v_SkateBoarding_g49_c01,6,3,5,4,0,22,10,hispanic
v_SkateBoarding_g50_c01,10,12,2,7,0,7,12,asian
v_SkateBoarding_g51_c01,16,12,1,5,0,7,9,white
v_SkateBoarding_g52_c01,21,1,7,0,0,19,2,white
v_SkateBoarding_g53_c01.,21,1,0,2,0,25,1,hispanic
v_SkateBoarding_g54_c01,0,2,0,4,37,6,1,indian
v_SkateBoarding_g55_c01,6,32,12,0,0,0,0,asian
v_SkateBoarding_g56_c01,2,4,2,1,4,34,3,hispanic
v_SkateBoarding_g57_c01.,45,0,4,0,0,0,0,white
v_SkateBoarding_g58_c01,1,3,14,0,2,0,30,unknown
v_SkateBoarding_g59_c01,13,6,7,6,1,11,6,white
v_SkateBoarding_g60_c01,29,0,0,0,0,20,1,white
v_SkateBoarding_g61_c01,5,3,24,0,0,5,13,black
v_SkateBoarding_g62_c01,2,3,9,2,0,10,24,hispanic
v_SkateBoarding_g63_c01,3,4,19,0,0,8,16,black
v_SkateBoarding_g64_c01,10,0,23,0,0,6,11,black
v_SkateBoarding_g65_c01.,4,4,6,2,19,6,9,indian
v_SkateBoarding_g66_c01,1,15,2,1,1,27,3,hispanic
v_Skiing_g01_c01,10,8,3,1,0,0,28,unknown
v_Skiing_g02_c01,3,2,0,0,0,0,45,unknown
v_Skiing_g03_c01,11,18,2,0,0,0,19,asian
v_Skiing_g04_c01,5,2,1,0,0,1,41,unknown
v_Skiing_g05_c01,5,1,2,0,0,0,42,unknown
v_Skiing_g06_c01,29,0,8,0,0,10,3,white
v_Skiing_g07_c01,43,0,4,0,0,0,3,white
v_Skiing_g08_c01,11,29,5,1,0,2,2,asian
v_Skiing_g09_c01,13,32,1,1,0,1,2,asian
v_Skiing_g10_c01,45,0,1,0,0,1,3,white
v_Skiing_g11_c01.,32,2,3,1,0,0,12,white
v_Skiing_g12_c01.,14,14,0,6,1,1,14,white
v_Skiing_g13_c01,29,7,1,0,0,5,8,white
v_Skiing_g14_c01,4,3,2,38,0,0,3,middle eastern
v_Skiing_g15_c01,11,8,1,2,0,8,20,white
v_Skiing_g16_c01,11,22,3,4,1,0,9,asian
v_Skiing_g17_c01.,13,9,0,1,0,19,8,hispanic
v_Skiing_g18_c01,8,2,6,0,0,2,32,unknown
v_Skiing_g19_c01.,18,6,4,2,0,5,15,white
v_Skiing_g20_c01,6,18,0,7,0,8,11,asian
v_Skiing_g21_c01.,5,4,1,0,2,1,37,unknown
v_Skiing_g22_c01.,9,11,0,0,0,0,30,unknown
v_Skiing_g23_c01,12,2,1,0,0,0,35,unknown
v_Skiing_g24_c01.,40,1,1,0,0,7,1,white
v_Skiing_g25_c01.,13,3,1,1,0,7,25,unknown
v_Skiing_g26_c01,19,7,3,0,0,2,19,white
v_Skiing_g27_c01,3,3,17,2,1,4,20,black
v_Skiing_g28_c01,0,1,2,1,46,0,0,indian
v_Skiing_g29_c01,27,16,0,0,0,0,7,white
v_Skiing_g30_c01,38,5,3,0,0,0,4,white
v_Skiing_g31_c01,27,9,2,0,0,0,12,white
v_Skiing_g32_c01,2,4,0,6,0,18,20,hispanic
v_Skiing_g33_c01,11,9,9,10,1,2,8,white
v_Skiing_g34_c01,15,3,4,0,0,6,22,white
v_Skiing_g35_c01,0,1,5,1,1,0,42,unknown
v_Skiing_g36_c01,12,0,0,0,0,0,38,unknown
v_Skiing_g37_c01,5,2,7,0,0,0,36,unknown
v_Skiing_g38_c01.,10,6,0,0,0,0,34,unknown
v_Skiing_g39_c01.,1,4,3,0,0,2,40,unknown
v_Skiing_g40_c01,4,1,2,8,0,1,34,unknown
v_Skiing_g41_c01.,36,9,0,0,0,2,3,white
v_Skiing_g42_c01.,13,1,1,0,1,0,34,unknown
v_Skiing_g43_c01.,41,0,2,0,0,0,7,white
v_Skiing_g44_c01,14,12,2,5,0,5,12,white
v_Skiing_g45_c01,5,8,0,0,0,0,37,unknown
v_Skiing_g46_c01.,9,27,1,1,0,8,4,asian
v_Skiing_g47_c01,32,4,0,0,0,0,14,white
v_Skiing_g48_c01.,16,18,0,0,0,0,16,asian
v_Skiing_g49_c01,27,21,0,0,0,0,2,white
v_Skiing_g50_c01,13,5,2,7,3,5,15,white
v_Skiing_g51_c01,35,2,3,1,0,8,1,white
v_Skijet_g01_c01.,2,7,14,15,0,7,5,middle eastern
v_Skijet_g02_c01,7,13,6,0,0,19,5,hispanic
v_Skijet_g03_c01,6,1,2,1,0,0,40,unknown
v_Skijet_g04_c01,6,5,4,5,0,0,30,unknown
v_Skijet_g05_c01,36,5,2,7,0,0,0,white
v_Skijet_g06_c01,4,3,1,2,3,31,6,hispanic
v_Skijet_g07_c01,5,2,1,2,1,21,18,hispanic
v_Skijet_g08_c01,26,0,4,2,2,8,8,white
v_Skijet_g09_c01,12,3,7,0,1,2,25,unknown
v_Skijet_g10_c01,16,0,9,2,0,21,2,hispanic
v_Skijet_g11_c01,10,1,8,0,0,28,3,hispanic
v_Skijet_g12_c01,12,0,1,0,0,32,5,hispanic
v_Skijet_g13_c01,0,1,2,0,0,2,45,unknown
v_Skijet_g14_c01.,1,10,11,18,1,0,9,middle eastern
v_Skijet_g15_c01,1,31,0,1,16,1,0,asian
v_Skijet_g16_c01,3,3,17,2,1,4,20,black
v_Skijet_g17_c01,50,0,0,0,0,0,0,white
v_Skijet_g18_c01,12,9,7,1,2,10,9,white
v_Skijet_g19_c01,4,8,0,0,2,10,26,unknown
v_Skijet_g20_c01,1,0,14,0,7,3,25,unknown
v_Skijet_g21_c01,7,0,11,0,1,30,1,hispanic
v_Skijet_g22_c01,20,0,0,1,0,24,5,hispanic
v_Skijet_g23_c01,6,11,9,0,0,11,13,asian
v_Skijet_g24_c01,1,0,0,0,0,5,44,unknown
v_Skijet_g25_c01.,21,3,2,0,0,2,22,white
v_Skijet_g26_c01.,23,2,4,0,0,0,21,white
v_Skijet_g27_c01,42,0,8,0,0,0,0,white
v_Skijet_g28_c01.,5,1,0,36,1,5,2,middle eastern
v_Skijet_g29_c01,0,8,1,0,3,29,9,hispanic
v_Skijet_g30_c01.,21,1,8,4,0,3,13,white
v_Skijet_g31_c01,0,9,2,23,13,3,0,middle eastern
v_Skijet_g32_c01,3,3,13,0,0,0,31,unknown
v_Skijet_g33_c01,23,0,15,1,0,9,2,white
v_Skijet_g34_c01,19,0,25,0,0,6,0,black
v_Skijet_g35_c01,22,0,2,0,0,19,7,white
v_Skijet_g36_c01.,13,0,2,21,0,2,12,middle eastern
v_Skijet_g37_c01,5,0,4,0,0,39,2,hispanic
v_Skijet_g38_c01.,16,29,2,2,0,0,1,asian
v_Skijet_g39_c01,3,8,14,3,4,15,3,hispanic
v_SkyDiving_g01_c01.,4,3,1,3,1,3,35,unknown
v_SkyDiving_g02_c01,6,1,2,1,0,0,40,unknown
v_SkyDiving_g03_c01.,2,21,1,5,6,3,12,asian
v_SkyDiving_g04_c01,22,2,1,0,0,20,5,white
v_SkyDiving_g05_c01,11,5,1,5,0,13,15,hispanic
v_SkyDiving_g06_c01,4,3,35,0,0,1,7,black
v_SkyDiving_g07_c01,43,0,4,0,0,0,3,white
v_SkyDiving_g08_c01,36,5,2,7,0,0,0,white
v_SkyDiving_g09_c01,10,6,3,12,0,4,15,middle eastern
v_SkyDiving_g10_c01,1,0,13,2,0,0,34,unknown
v_SkyDiving_g11_c01,1,6,2,1,0,3,37,unknown
v_SkyDiving_g12_c01,17,0,2,3,0,0,28,unknown
v_SkyDiving_g13_c01,11,0,1,0,0,17,21,hispanic
v_SkyDiving_g14_c01,2,7,1,6,20,3,11,indian
v_SkyDiving_g15_c01,1,21,8,1,0,12,7,asian
v_SkyDiving_g16_c01,1,18,5,0,1,19,6,hispanic
v_SkyDiving_g17_c01,18,15,11,1,0,2,3,white
v_SkyDiving_g18_c01,12,0,36,0,0,0,2,black
v_SkyDiving_g19_c01,20,0,3,3,0,0,24,white
v_SkyDiving_g20_c01,8,17,2,1,0,4,18,asian
v_SkyDiving_g21_c01,7,13,8,1,0,4,17,asian
v_SkyDiving_g22_c01,3,2,8,0,0,0,37,unknown
v_SkyDiving_g23_c01,0,2,0,0,0,4,44,unknown
v_SkyDiving_g24_c01.,3,19,2,1,0,5,20,asian
v_SkyDiving_g25_c01,7,10,2,3,0,1,27,unknown
v_SkyDiving_g26_c01,4,5,7,5,1,4,24,black
v_SkyDiving_g27_c01,10,3,0,19,0,2,16,middle eastern
v_SkyDiving_g28_c01,1,9,3,4,21,6,6,indian
v_SkyDiving_g29_c01.,10,13,1,9,7,0,10,asian
v_SkyDiving_g30_c01,2,9,6,0,0,10,23,hispanic
v_SkyDiving_g31_c01,7,2,4,17,0,8,12,middle eastern
v_SkyDiving_g32_c01,40,4,0,0,0,6,0,white
v_SkyDiving_g33_c01,0,2,45,2,0,0,1,black
v_SkyDiving_g34_c01,2,0,0,0,0,13,35,unknown
v_SkyDiving_g35_c01,17,0,3,2,0,4,24,white
v_SkyDiving_g36_c01,1,10,11,1,0,2,25,unknown
v_SkyDiving_g37_c01,9,0,2,9,1,6,23,white
v_SkyDiving_g38_c01,1,3,22,0,1,5,18,black
v_SkyDiving_g39_c01,20,1,13,5,0,8,3,white
v_SkyDiving_g40_c01,10,0,37,0,0,0,3,black
v_SkyDiving_g41_c01,2,11,9,1,0,0,27,unknown
v_SkyDiving_g42_c01.,11,9,9,1,0,4,16,white
v_SkyDiving_g43_c01,32,0,1,0,0,16,1,white
v_SkyDiving_g44_c01,1,9,1,0,0,5,34,unknown
v_SoccerJuggling_g01_c01.,7,13,1,0,0,5,24,asian
v_SoccerJuggling_g02_c01,0,28,5,4,0,6,7,asian
v_SoccerJuggling_g03_c01.,5,14,12,0,0,3,16,asian
v_SoccerJuggling_g04_c01,0,0,47,0,0,0,3,black
v_SoccerJuggling_g05_c01,0,0,0,4,0,46,0,hispanic
v_SoccerJuggling_g06_c01,0,14,8,0,4,2,22,asian
v_SoccerJuggling_g07_c01,11,11,0,12,0,0,16,middle eastern
v_SoccerJuggling_g08_c01.,17,0,1,7,0,21,4,hispanic
v_SoccerJuggling_g09_c01,9,10,7,0,2,17,5,hispanic
v_SoccerJuggling_g10_c01.,0,7,34,0,0,8,1,black
v_SoccerJuggling_g11_c01.,3,0,1,9,0,33,4,hispanic
v_SoccerJuggling_g12_c01.,23,10,5,6,0,4,2,white
v_SoccerJuggling_g13_c01.,13,10,2,1,0,18,6,hispanic
v_SoccerJuggling_g14_c01,0,3,2,0,0,9,36,unknown
v_SoccerJuggling_g15_c01.,12,4,4,1,0,27,2,hispanic
v_SoccerJuggling_g16_c01.,20,3,2,1,0,15,9,white
v_SoccerJuggling_g17_c01,0,2,1,21,8,16,2,middle eastern
v_SoccerJuggling_g18_c01,0,39,10,0,0,0,1,asian
v_SoccerJuggling_g19_c01,3,6,0,2,0,38,1,hispanic
v_SoccerJuggling_g20_c01,3,17,7,3,0,12,8,asian
v_SoccerJuggling_g21_c01,18,3,3,2,1,4,19,white
v_SoccerJuggling_g22_c01,1,24,9,4,0,7,5,asian
v_SoccerJuggling_g23_c01,0,14,2,0,0,23,11,hispanic
v_SoccerJuggling_g24_c01,30,4,4,0,0,5,7,white
v_SoccerJuggling_g25_c01,25,3,3,0,0,17,2,white
v_SoccerJuggling_g26_c01,2,27,2,3,0,0,16,asian
v_SoccerJuggling_g27_c01,5,0,11,0,0,33,1,hispanic
v_SoccerJuggling_g28_c01,11,0,0,0,0,39,0,hispanic
v_SoccerJuggling_g29_c01.,0,0,0,4,0,46,0,hispanic
v_SoccerJuggling_g30_c01,1,21,2,16,0,2,8,asian
v_SoccerJuggling_g31_c01,3,1,37,0,1,0,8,black
v_SoccerJuggling_g32_c01,15,9,7,0,0,1,18,white
v_SoccerJuggling_g33_c01,0,34,3,10,0,3,0,asian
v_SoccerJuggling_g34_c01,14,3,3,0,0,29,1,hispanic
v_SoccerJuggling_g35_c01,16,11,21,1,0,1,0,black
v_SoccerJuggling_g36_c01,2,15,2,9,0,14,8,asian
v_SoccerJuggling_g37_c01,0,11,24,2,0,11,2,black
v_SoccerJuggling_g38_c01,10,10,20,0,1,6,3,black
v_SoccerJuggling_g39_c01.,5,2,19,2,2,7,13,black
v_SoccerJuggling_g40_c01,28,9,2,0,0,11,0,white
v_SoccerJuggling_g41_c01,10,9,10,8,0,5,8,white
v_SoccerJuggling_g42_c01,11,0,11,0,0,27,1,hispanic
v_SoccerJuggling_g43_c01,24,10,2,0,0,3,11,white
v_SoccerJuggling_g44_c01,1,0,41,1,0,2,5,black
v_SoccerJuggling_g45_c01,3,6,4,2,0,8,27,unknown
v_SoccerJuggling_g46_c01,1,3,2,29,4,0,11,middle eastern
v_SoccerJuggling_g47_c01.,5,14,12,0,0,3,16,asian
v_SoccerJuggling_g48_c01,13,9,1,0,0,19,8,hispanic
v_SoccerJuggling_g49_c01,0,0,0,4,0,46,0,hispanic
v_SoccerJuggling_g50_c01,9,10,7,0,2,17,5,hispanic
v_SoccerJuggling_g51_c01.,0,7,34,0,0,8,1,black
v_SoccerJuggling_g52_c01.,3,0,1,9,0,33,4,hispanic
v_SoccerJuggling_g53_c01.,23,10,5,6,0,4,2,white
v_SoccerJuggling_g54_c01,1,18,19,1,0,2,9,black
v_SoccerJuggling_g55_c01.,12,4,4,1,0,27,2,hispanic
v_SoccerJuggling_g56_c01.,20,3,2,1,0,15,9,white
v_SoccerJuggling_g57_c01,3,6,0,2,0,38,1,hispanic
v_SoccerJuggling_g58_c01,0,14,2,0,0,23,11,hispanic
v_SoccerJuggling_g59_c01.,0,1,15,0,1,23,9,hispanic
v_SoccerJuggling_g60_c01,9,4,16,3,1,1,16,black
v_SoccerJuggling_g61_c01,25,3,3,0,0,17,2,white
v_SoccerJuggling_g62_c01,2,27,2,3,0,0,16,asian
v_SoccerJuggling_g63_c01,5,0,11,0,0,33,1,hispanic
v_SoccerJuggling_g64_c01,11,0,0,0,0,39,0,hispanic
v_SoccerJuggling_g65_c01.,0,0,0,4,0,46,0,hispanic
v_SoccerJuggling_g66_c01,1,21,2,16,0,2,8,asian
v_SoccerJuggling_g67_c01,0,34,3,10,0,3,0,asian
v_SoccerJuggling_g68_c01,14,3,3,0,0,29,1,hispanic
v_SoccerJuggling_g69_c01,16,11,21,1,0,1,0,black
v_SoccerJuggling_g70_c01,2,15,2,9,0,14,8,asian
v_SoccerJuggling_g71_c01.,5,2,19,2,2,7,13,black
v_SoccerJuggling_g72_c01,1,0,41,1,0,2,5,black
v_SoccerJuggling_g73_c01,4,37,5,1,0,2,1,asian
v_SoccerPenalty_g01_c01,25,3,20,2,0,0,0,white
v_SoccerPenalty_g02_c01,0,3,15,1,29,2,0,indian
v_SoccerPenalty_g03_c01,0,11,17,5,6,3,8,black
v_SoccerPenalty_g04_c01,3,5,34,0,0,5,3,black
v_SoccerPenalty_g05_c01,1,7,16,1,1,14,10,black
v_SoccerPenalty_g06_c01.,3,13,12,1,20,0,1,indian
v_SoccerPenalty_g07_c01,0,10,2,27,0,8,3,middle eastern
v_SoccerPenalty_g08_c01,5,4,30,0,0,5,6,black
v_SoccerPenalty_g09_c01,7,6,15,8,13,1,0,black
v_SoccerPenalty_g10_c01.,1,4,36,0,7,0,2,black
v_SoccerPenalty_g11_c01,4,26,4,2,0,1,13,asian
v_SoccerPenalty_g12_c01,8,27,12,0,0,2,1,asian
v_SoccerPenalty_g13_c01,23,4,13,4,0,5,1,white
v_SoccerPenalty_g14_c01,7,7,9,5,1,7,14,black
v_SoccerPenalty_g15_c01.,25,6,15,1,0,1,2,white
v_SoccerPenalty_g16_c01,0,2,42,1,0,4,1,black
v_SoccerPenalty_g17_c01.,18,4,20,3,0,5,0,black
v_SoccerPenalty_g18_c01,12,2,14,0,0,8,14,black
v_SoccerPenalty_g19_c01.,0,0,13,0,34,2,1,indian
v_SoccerPenalty_g20_c01.,0,1,7,0,41,0,1,indian
v_SoccerPenalty_g21_c01,0,0,22,0,5,8,15,black
v_SoccerPenalty_g22_c01,1,44,1,1,0,1,2,asian
v_SoccerPenalty_g23_c01,6,37,2,4,0,1,0,asian
v_SoccerPenalty_g24_c01,0,1,17,0,11,1,20,black
v_SoccerPenalty_g25_c01,5,1,13,2,0,29,0,hispanic
v_SoccerPenalty_g26_c01.,3,4,23,0,0,18,2,black
v_SoccerPenalty_g27_c01,21,6,10,5,0,6,2,white
v_SoccerPenalty_g28_c01,12,1,34,0,0,3,0,black
v_SoccerPenalty_g29_c01,11,35,1,2,1,0,0,asian
v_SoccerPenalty_g30_c01,0,13,7,17,0,12,1,middle eastern
v_SoccerPenalty_g31_c01,1,0,22,0,14,13,0,black
v_SoccerPenalty_g32_c01.,23,3,6,0,0,1,17,white
v_SoccerPenalty_g33_c01,1,1,2,14,18,14,0,indian
v_SoccerPenalty_g34_c01,0,10,2,27,0,8,3,middle eastern
v_SoccerPenalty_g35_c01,5,4,30,0,0,5,6,black
v_SoccerPenalty_g36_c01.,25,6,15,1,0,1,2,white
v_SoccerPenalty_g37_c01.,2,25,4,1,4,7,7,asian
v_SoccerPenalty_g38_c01.,3,4,23,0,0,18,2,black
v_SoccerPenalty_g39_c01.,10,8,10,4,1,10,7,white
v_SoccerPenalty_g40_c01,4,27,5,0,4,2,8,asian
v_SoccerPenalty_g41_c01,12,1,34,0,0,3,0,black
v_SoccerPenalty_g42_c01.,17,1,11,6,0,11,4,white
v_SoccerPenalty_g43_c01.,18,2,20,4,0,5,1,black
v_StillRings_g01_c01,11,16,0,1,0,8,14,asian
v_StillRings_g02_c01,2,9,1,8,1,26,3,hispanic
v_StillRings_g03_c01,18,9,23,0,0,0,0,black
v_StillRings_g04_c01,0,50,0,0,0,0,0,asian
v_StillRings_g05_c01,0,0,49,0,0,1,0,black
v_StillRings_g07_c01,13,11,0,2,0,15,9,hispanic
v_StillRings_g08_c01,19,7,1,1,3,10,9,white
v_StillRings_g09_c01,23,21,3,0,1,2,0,white
v_StillRings_g10_c01,0,15,27,3,0,3,2,black
v_StillRings_g11_c01,16,6,0,0,2,16,10,white
v_StillRings_g12_c01,8,10,6,8,0,17,1,hispanic
v_StillRings_g13_c01,2,32,4,4,7,0,1,asian
v_StillRings_g14_c01.,3,1,40,0,0,0,6,black
v_StillRings_g15_c01,1,0,3,0,0,0,46,unknown
v_StillRings_g16_c01,44,1,1,0,3,0,1,white
v_StillRings_g17_c01.,3,32,1,4,2,3,5,asian
v_StillRings_g18_c01.,6,24,8,3,1,0,8,asian
v_StillRings_g19_c01,46,0,1,2,0,1,0,white
v_StillRings_g20_c01.,5,13,4,7,0,12,9,asian
v_StillRings_g21_c01.,10,12,4,7,0,5,12,asian
v_StillRings_g22_c01.,2,25,3,9,0,3,8,asian
v_StillRings_g23_c01.,0,24,2,8,0,16,0,asian
v_StillRings_g24_c01.,7,1,26,2,0,3,11,black
v_StillRings_g25_c01,2,28,6,4,0,6,4,asian
v_StillRings_g26_c01,7,19,5,3,0,3,13,asian
v_StillRings_g27_c01,10,2,1,0,0,37,0,hispanic
v_StillRings_g28_c01,3,1,20,0,0,5,21,black
v_StillRings_g29_c01,9,16,5,0,3,0,17,asian
v_StillRings_g30_c01,1,46,0,2,0,1,0,asian
v_StillRings_g31_c01,10,25,12,1,0,0,2,asian
v_StillRings_g32_c01,15,12,7,0,0,2,14,white
v_StillRings_g33_c01,5,2,4,1,2,3,33,unknown
v_StillRings_g34_c01,8,19,0,4,0,15,4,asian
v_StillRings_g35_c01,3,14,4,0,4,9,16,asian
v_StillRings_g36_c01,18,11,2,2,0,0,17,white
v_StillRings_g37_c01,14,10,4,6,1,12,3,white
v_StillRings_g38_c01,27,7,1,1,0,3,11,white
v_StillRings_g39_c01,13,13,4,2,1,10,7,white
v_StillRings_g40_c01,8,9,2,15,1,4,11,middle eastern
v_StillRings_g41_c01.,1,49,0,0,0,0,0,asian
v_StillRings_g42_c01.,2,19,0,7,0,17,5,asian
v_StillRings_g43_c01,10,15,4,9,0,9,3,asian
v_StillRings_g44_c01,23,2,21,1,0,2,1,white
v_StillRings_g45_c01,2,0,41,0,0,5,2,black
v_StillRings_g46_c01,5,24,2,8,2,8,1,asian
v_StillRings_g47_c01.,0,0,0,0,0,0,50,unknown
v_StillRings_g48_c01,42,3,5,0,0,0,0,white
v_StillRings_g49_c01,6,1,1,0,0,33,9,hispanic
v_StillRings_g50_c01,9,10,3,28,0,0,0,middle eastern
v_StillRings_g51_c01,7,5,0,7,0,31,0,hispanic
v_StillRings_g52_c01,34,8,5,3,0,0,0,white
v_StillRings_g53_c01,3,17,5,1,2,8,14,asian
v_StillRings_g54_c01,11,14,5,6,0,12,2,asian
v_StillRings_g55_c01,1,1,1,15,0,3,29,unknown
v_StillRings_g56_c01,5,19,10,0,0,4,12,asian
v_StillRings_g57_c01,7,0,3,19,6,4,11,middle eastern
v_StillRings_g58_c01,2,21,0,4,2,17,4,asian
v_StillRings_g59_c01,1,47,1,0,0,0,1,asian
v_StillRings_g60_c01,3,0,0,0,0,47,0,hispanic
v_StillRings_g61_c01,7,43,0,0,0,0,0,asian
v_StillRings_g62_c01,1,34,0,0,11,0,4,asian
v_StillRings_g63_c01.,5,24,3,3,0,0,15,asian
v_StillRings_g64_c01,1,0,9,1,0,0,39,unknown
v_StillRings_g65_c01,0,1,47,0,0,1,1,black
v_StillRings_g66_c01,3,13,1,10,2,3,18,asian
v_StillRings_g67_c01,0,31,2,4,4,5,4,asian
v_SumoWrestling_g01_c01,23,6,19,1,0,0,1,white
v_SumoWrestling_g02_c01,8,28,0,6,0,8,0,asian
v_SumoWrestling_g03_c01,10,33,0,3,0,0,4,asian
v_SumoWrestling_g04_c01,6,22,19,1,1,0,1,asian
v_SumoWrestling_g06_c01,25,1,22,1,0,1,0,white
v_SumoWrestling_g07_c01,14,0,2,7,12,15,0,hispanic
v_SumoWrestling_g08_c01,0,8,33,0,0,7,2,black
v_SumoWrestling_g09_c01,11,0,38,1,0,0,0,black
v_SumoWrestling_g10_c01,4,15,0,0,0,7,24,asian
v_SumoWrestling_g11_c01,3,18,1,1,25,2,0,indian
v_SumoWrestling_g12_c01,23,9,0,10,0,5,3,white
v_SumoWrestling_g13_c01,11,34,3,0,0,0,2,asian
v_SumoWrestling_g14_c01,20,1,13,5,0,8,3,white
v_SumoWrestling_g15_c01,8,17,1,19,0,4,1,middle eastern
v_SumoWrestling_g16_c01,15,1,2,13,13,6,0,white
v_SumoWrestling_g17_c01,30,6,2,0,0,7,5,white
v_SumoWrestling_g18_c01,16,31,1,1,0,1,0,asian
v_SumoWrestling_g19_c01.,14,4,1,0,0,30,1,hispanic
v_SumoWrestling_g20_c01,5,7,19,0,0,14,5,black
v_SumoWrestling_g21_c01,3,21,9,4,2,10,1,asian
v_SumoWrestling_g22_c01,17,3,2,0,0,22,6,hispanic
v_SumoWrestling_g23_c01.,7,2,41,0,0,0,0,black
v_SumoWrestling_g24_c01,1,34,1,0,1,0,13,asian
v_SumoWrestling_g25_c01,2,36,0,4,0,4,4,asian
v_SumoWrestling_g26_c01,2,32,0,3,0,0,13,asian
v_SumoWrestling_g27_c01.,40,4,2,0,0,3,1,white
v_SumoWrestling_g28_c01,1,48,0,0,0,1,0,asian
v_SumoWrestling_g29_c01,17,17,7,5,0,2,2,white
v_SumoWrestling_g30_c01,6,2,24,3,1,4,10,black
v_SumoWrestling_g31_c01,18,19,3,6,0,3,1,asian
v_SumoWrestling_g32_c01,47,0,0,0,0,3,0,white
v_SumoWrestling_g33_c01,2,22,11,1,2,11,1,asian
v_SumoWrestling_g34_c01,20,17,0,1,0,0,12,white
v_SumoWrestling_g35_c01,6,35,0,3,0,2,4,asian
v_SumoWrestling_g36_c01.,0,34,0,1,0,8,7,asian
v_SumoWrestling_g37_c01,22,11,1,5,2,1,8,white
v_SumoWrestling_g38_c01,3,6,2,0,3,16,20,hispanic
v_SumoWrestling_g39_c01,4,36,8,0,0,0,2,asian
v_SumoWrestling_g40_c01,5,42,1,1,0,0,1,asian
v_SumoWrestling_g41_c01.,1,1,1,0,0,0,47,unknown
v_SumoWrestling_g42_c01,10,16,1,8,0,14,1,asian
v_SumoWrestling_g43_c01,0,5,0,1,40,4,0,indian
v_SumoWrestling_g44_c01,12,12,6,5,1,1,13,white
v_SumoWrestling_g45_c01,22,6,1,1,0,12,8,white
v_SumoWrestling_g46_c01,1,3,14,22,2,4,4,middle eastern
v_SumoWrestling_g47_c01,2,1,25,0,1,0,21,black
v_SumoWrestling_g48_c01,20,1,13,5,0,8,3,white
v_Surfing_g01_c01.,8,1,35,0,1,4,1,black
v_Surfing_g02_c01,12,2,4,7,1,18,6,hispanic
v_Surfing_g03_c01,11,0,1,13,2,9,14,middle eastern
v_Surfing_g04_c01,6,1,4,0,0,25,14,hispanic
v_Surfing_g05_c01,6,3,5,0,14,8,14,indian
v_Surfing_g06_c01.,2,2,4,3,35,2,2,indian
v_Surfing_g07_c01,33,2,7,4,0,2,2,white
v_Surfing_g08_c01,11,3,1,1,0,24,10,hispanic
v_Surfing_g09_c01,0,0,6,0,1,2,41,unknown
v_Surfing_g10_c01,14,0,5,0,1,3,27,unknown
v_Surfing_g11_c01,1,28,5,0,2,6,8,asian
v_Surfing_g12_c01,11,3,5,5,5,4,17,white
v_Surfing_g13_c01,6,3,22,4,0,3,12,black
v_Surfing_g14_c01,17,2,3,0,0,28,0,hispanic
v_Surfing_g15_c01,15,0,4,2,2,11,16,white
v_Surfing_g16_c01,41,0,6,0,0,1,2,white
v_Surfing_g17_c01,6,0,4,0,1,4,35,unknown
v_Surfing_g18_c01,7,19,8,1,2,12,1,asian
v_Surfing_g19_c01,34,1,2,0,0,6,7,white
v_Surfing_g20_c01,6,12,1,0,3,2,26,unknown
v_Surfing_g21_c01,27,0,4,0,0,0,19,white
v_Surfing_g22_c01,0,1,15,0,0,2,32,unknown
v_Surfing_g23_c01,9,5,1,3,0,15,17,hispanic
v_Surfing_g24_c01,24,0,9,0,0,17,0,white
v_Surfing_g25_c01.,4,5,7,1,0,16,17,hispanic
v_Surfing_g26_c01,0,0,1,1,4,42,2,hispanic
v_Surfing_g27_c01.,17,0,20,1,0,2,10,black
v_Surfing_g28_c01.,18,0,1,0,0,7,24,white
v_Surfing_g29_c01.,2,8,10,12,12,2,4,middle eastern
v_Surfing_g30_c01,18,0,10,0,0,1,21,white
v_Surfing_g31_c01,16,4,4,0,2,9,15,white
v_Surfing_g32_c01,6,4,5,10,0,15,10,hispanic
v_Surfing_g33_c01.,5,0,5,0,0,4,36,unknown
v_Surfing_g34_c01,25,0,1,0,0,18,6,white
v_Surfing_g35_c01,8,2,7,1,5,22,5,hispanic
v_Surfing_g36_c01,7,1,5,0,0,13,24,hispanic
v_Surfing_g37_c01,4,0,2,11,1,5,27,unknown
v_Surfing_g38_c01,33,7,4,0,0,2,4,white
v_Surfing_g39_c01,5,0,3,29,0,0,13,middle eastern
v_Surfing_g40_c01,14,2,7,5,0,8,14,white
v_Surfing_g41_c01,10,5,0,13,1,16,5,hispanic
v_Surfing_g42_c01,6,8,9,1,3,4,19,black
v_Surfing_g43_c01,19,0,0,0,0,6,25,unknown
v_Surfing_g44_c01,3,3,4,5,0,29,6,hispanic
v_Surfing_g45_c01,8,6,3,2,2,11,18,hispanic
v_Surfing_g46_c01,1,1,17,0,1,5,25,unknown
v_Surfing_g47_c01,3,0,2,0,0,30,15,hispanic
v_Surfing_g48_c01,8,3,2,0,1,9,27,unknown
v_Surfing_g49_c01,2,0,16,0,0,9,23,black
v_Surfing_g50_c01,7,1,14,1,0,0,27,unknown
v_Surfing_g51_c01,0,0,0,0,0,40,10,hispanic
v_Surfing_g52_c01,0,0,3,27,3,0,17,middle eastern
v_Surfing_g53_c01,12,0,11,0,0,6,21,white
v_Surfing_g54_c01,0,2,8,7,0,2,31,unknown
v_Surfing_g55_c01,11,2,5,1,6,11,14,white
v_Surfing_g56_c01,4,2,3,0,0,6,35,unknown
v_Surfing_g57_c01,31,2,4,0,0,6,7,white
v_Surfing_g58_c01,6,10,3,9,0,12,10,hispanic
v_Surfing_g59_c01,7,2,2,4,1,29,5,hispanic
v_Surfing_g60_c01,8,2,3,3,0,26,8,hispanic
v_Surfing_g61_c01,0,0,10,0,0,39,1,hispanic
v_Surfing_g62_c01,26,4,1,1,0,5,13,white
v_Surfing_g63_c01,5,16,2,0,1,23,3,hispanic
v_Surfing_g64_c01,3,0,14,0,1,2,30,unknown
v_Swing_g01_c01,0,0,0,0,0,2,48,unknown
v_Swing_g02_c01,43,6,0,0,0,1,0,white
v_Swing_g03_c01,2,3,1,0,0,20,24,hispanic
v_Swing_g04_c01,20,2,1,4,0,15,8,white
v_Swing_g05_c01,15,0,3,0,0,4,28,unknown
v_Swing_g06_c01,6,7,21,9,0,7,0,black
v_Swing_g07_c01,0,0,37,1,0,0,12,black
v_Swing_g08_c01,5,0,44,0,0,0,1,black
v_Swing_g09_c01,25,1,0,0,0,0,24,white
v_Swing_g10_c01.,1,7,0,12,28,2,0,indian
v_Swing_g11_c01,15,0,0,0,0,0,35,unknown
v_Swing_g12_c01,47,0,0,0,0,3,0,white
v_Swing_g13_c01,2,1,3,3,40,0,1,indian
v_Swing_g14_c01,41,0,0,1,0,3,5,white
v_Swing_g15_c01,0,1,1,0,47,1,0,indian
v_Swing_g16_c01,33,10,4,0,1,1,1,white
v_Swing_g17_c01,1,1,34,2,1,1,10,black
v_Swing_g18_c01,20,2,8,0,0,8,12,white
v_Swing_g19_c01,1,49,0,0,0,0,0,asian
v_Swing_g20_c01.,49,0,0,0,0,1,0,white
v_Swing_g21_c01,8,0,0,1,33,0,8,indian
v_Swing_g22_c01,7,10,7,0,0,6,20,asian
v_Swing_g23_c01,50,0,0,0,0,0,0,white
v_Swing_g24_c01.,1,0,24,1,0,2,22,black
v_Swing_g25_c01.,24,1,3,0,0,14,8,white
v_Swing_g26_c01,21,3,1,0,0,23,2,hispanic
v_Swing_g27_c01.,49,1,0,0,0,0,0,white
v_Swing_g28_c01,12,17,0,0,0,1,20,asian
v_Swing_g29_c01,1,8,3,7,28,3,0,indian
v_Swing_g30_c01,3,6,2,0,0,17,22,hispanic
v_Swing_g31_c01,0,0,30,1,0,5,14,black
v_Swing_g32_c01,36,6,4,0,0,4,0,white
v_Swing_g33_c01,0,48,0,0,0,0,1,asian
v_Swing_g34_c01,0,0,50,0,0,0,0,black
v_Swing_g35_c01.,1,47,2,0,0,0,0,asian
v_Swing_g36_c01,1,2,3,11,0,5,28,unknown
v_Swing_g37_c01,4,8,0,0,2,10,26,unknown
v_Swing_g38_c01,21,0,1,0,0,11,17,white
v_Swing_g39_c01.,9,1,15,0,0,1,24,black
v_Swing_g40_c01.,0,0,0,50,0,0,0,middle eastern
v_Swing_g41_c01,36,6,0,0,0,8,0,white
v_Swing_g42_c01,41,0,1,0,0,0,8,white
v_Swing_g43_c01.,2,19,0,10,12,5,2,asian
v_Swing_g44_c01,0,3,27,1,0,1,18,black
v_Swing_g45_c01.,50,0,0,0,0,0,0,white
v_Swing_g46_c01,1,11,0,9,22,6,1,indian
v_Swing_g47_c01,50,0,0,0,0,0,0,white
v_Swing_g48_c01,0,29,0,0,0,0,21,asian
v_Swing_g49_c01,6,2,12,3,0,27,0,hispanic
v_Swing_g50_c01,2,3,25,1,0,3,16,black
v_Swing_g51_c01,20,0,2,4,0,3,21,white
v_Swing_g52_c01.,3,21,9,2,2,9,4,asian
v_Swing_g53_c01,0,0,0,0,0,50,0,hispanic
v_Swing_g54_c01,7,13,4,2,0,21,3,hispanic
v_Swing_g55_c01,14,1,5,13,4,1,12,white
v_Swing_g56_c01,2,36,2,0,0,0,10,asian
v_Swing_g57_c01,11,28,1,0,0,0,10,asian
v_Swing_g58_c01,3,0,44,0,0,1,2,black
v_Swing_g59_c01.,2,8,0,39,0,0,1,middle eastern
v_Swing_g60_c01,15,5,0,1,0,0,29,unknown
v_Swing_g61_c01.,20,13,1,0,0,11,5,white
v_Swing_g62_c01,4,5,16,0,0,2,23,black
v_Swing_g63_c01,22,13,1,0,0,1,13,white
v_Swing_g64_c01,10,2,9,1,0,4,24,white
v_Swing_g65_c01,13,5,0,0,0,30,2,hispanic
v_Swing_g66_c01.,36,6,5,1,0,2,0,white
v_Swing_g67_c01.,0,4,15,0,0,0,31,unknown
v_Swing_g68_c01.,0,0,50,0,0,0,0,black
v_Swing_g69_c01,1,5,2,2,0,1,39,unknown
v_Swing_g70_c01,6,3,2,2,5,10,22,hispanic
v_Swing_g71_c01,0,46,1,0,0,0,3,asian
v_Swing_g72_c01,22,0,3,1,0,0,24,white
v_Swing_g73_c01,2,0,2,0,0,11,35,unknown
v_Swing_g74_c01,37,0,1,11,0,0,1,white
v_Swing_g75_c01,12,1,12,17,2,2,4,middle eastern
v_Swing_g76_c01,21,0,8,2,0,4,15,white
v_Swing_g77_c01,28,0,1,1,0,1,19,white
v_Swing_g78_c01,1,29,4,0,0,13,3,asian
v_Swing_g79_c01,5,1,3,2,3,18,18,hispanic
v_Swing_g80_c01,1,1,1,1,0,0,46,unknown
v_Swing_g81_c01.,20,0,30,0,0,0,0,black
v_Swing_g82_c01,16,15,4,2,3,7,3,white
v_Swing_g83_c01,14,4,0,0,0,28,4,hispanic
v_Swing_g84_c01,6,13,3,3,0,20,5,hispanic
v_Swing_g85_c01,10,27,3,3,0,5,2,asian
v_Swing_g86_c01,0,0,6,0,1,0,43,unknown
v_Swing_g87_c01,0,1,32,0,0,12,5,black
v_Swing_g88_c01,0,0,41,1,4,4,0,black
v_Swing_g89_c01,4,2,0,5,1,21,17,hispanic
v_Swing_g90_c01,0,0,50,0,0,0,0,black
v_Swing_g91_c01,33,4,0,0,0,7,6,white
v_Swing_g92_c01,36,6,0,1,0,6,1,white
v_Swing_g93_c01,3,1,28,1,0,4,13,black
v_Swing_g94_c01,15,0,10,1,0,18,6,hispanic
v_Swing_g95_c01,1,5,4,0,0,24,16,hispanic
v_Swing_g96_c01,6,0,4,1,0,17,22,hispanic
v_Swing_g97_c01,5,0,44,0,0,0,1,black
v_Swing_g98_c01,20,0,2,4,0,3,21,white
v_TableTennisShot_g01_c01,0,49,1,0,0,0,0,asian
v_TableTennisShot_g02_c01,0,16,16,2,1,6,9,asian
v_TableTennisShot_g03_c01,12,21,15,0,0,0,2,asian
v_TableTennisShot_g04_c01,48,1,1,0,0,0,0,white
v_TableTennisShot_g05_c01,35,2,1,1,0,5,6,white
v_TableTennisShot_g06_c01,0,49,0,0,1,0,0,asian
v_TableTennisShot_g07_c01,0,39,2,0,0,0,9,asian
v_TableTennisShot_g08_c01,29,6,5,7,0,0,3,white
v_TableTennisShot_g09_c01,3,34,0,1,0,0,12,asian
v_TableTennisShot_g10_c01,21,11,2,5,0,0,11,white
v_TableTennisShot_g11_c01,18,14,0,0,0,18,0,white
v_TableTennisShot_g12_c01,50,0,0,0,0,0,0,white
v_TableTennisShot_g13_c01,1,44,1,1,0,0,3,asian
v_TableTennisShot_g14_c01,1,45,0,2,2,0,0,asian
v_TableTennisShot_g15_c01,3,45,0,0,1,0,1,asian
v_TableTennisShot_g16_c01,0,18,1,0,0,0,31,unknown
v_TableTennisShot_g17_c01,0,43,4,1,1,0,1,asian
v_TableTennisShot_g18_c01,0,43,5,0,0,0,2,asian
v_TableTennisShot_g19_c01,11,29,1,1,4,1,3,asian
v_TableTennisShot_g20_c01,0,35,7,0,1,6,1,asian
v_TableTennisShot_g21_c01,11,24,7,4,1,0,3,asian
v_TableTennisShot_g22_c01,1,48,0,0,0,0,1,asian
v_TableTennisShot_g23_c01.,1,22,4,0,1,5,17,asian
v_TableTennisShot_g24_c01,2,38,5,0,0,0,5,asian
v_TableTennisShot_g25_c01,0,38,6,0,0,1,5,asian
v_TableTennisShot_g26_c01,18,12,7,5,0,0,8,white
v_TableTennisShot_g27_c01,16,2,4,0,2,0,26,unknown
v_TaiChi_g01_c01.,2,22,0,24,0,0,2,middle eastern
v_TaiChi_g02_c01.,2,14,0,27,0,1,6,middle eastern
v_TaiChi_g03_c01.,0,50,0,0,0,0,0,asian
v_TaiChi_g04_c01,0,44,2,1,0,0,3,asian
v_TaiChi_g05_c01,0,49,0,0,0,1,0,asian
v_TaiChi_g06_c01,1,9,16,0,0,3,21,black
v_TaiChi_g07_c01,0,44,0,4,2,0,0,asian
v_TaiChi_g08_c01,0,50,0,0,0,0,0,asian
v_TaiChi_g09_c01,2,36,0,0,3,0,9,asian
v_TaiChi_g10_c01.,2,6,8,2,2,6,24,black
v_TaiChi_g11_c01,0,42,6,0,2,0,0,asian
v_TaiChi_g12_c01,3,35,3,2,4,0,3,asian
v_TaiChi_g13_c01,12,10,0,8,18,1,1,indian
v_TaiChi_g14_c01,1,18,12,0,4,0,15,asian
v_TaiChi_g15_c01.,46,1,0,0,0,3,0,white
v_TaiChi_g16_c01,47,3,0,0,0,0,0,white
v_TaiChi_g17_c01,1,44,0,1,0,1,3,asian
v_TaiChi_g18_c01,1,32,7,0,3,0,7,asian
v_TaiChi_g19_c01.,1,33,6,6,0,0,4,asian
v_TaiChi_g20_c01.,0,18,1,0,0,0,31,unknown
v_TaiChi_g21_c01,1,24,5,6,2,5,7,asian
v_TaiChi_g22_c01,42,8,0,0,0,0,0,white
v_TaiChi_g23_c01.,3,32,3,0,0,0,12,asian
v_TaiChi_g24_c01.,5,21,2,0,2,0,20,asian
v_TaiChi_g25_c01,0,49,0,1,0,0,0,asian
v_TaiChi_g26_c01,16,7,11,5,0,3,8,white
v_TaiChi_g27_c01,6,16,0,0,0,28,0,hispanic
v_TaiChi_g28_c01,12,24,13,0,0,0,1,asian
v_TaiChi_g29_c01,5,39,6,0,0,0,0,asian
v_TaiChi_g30_c01,10,12,2,0,1,7,18,asian
v_TaiChi_g31_c01,17,3,4,0,1,17,8,white
v_TaiChi_g32_c01,2,29,3,0,0,0,16,asian
v_TaiChi_g33_c01.,25,8,1,0,0,15,1,white
v_TaiChi_g34_c01.,31,1,0,0,0,18,0,white
v_TaiChi_g35_c01,0,46,2,0,0,0,2,asian
v_TaiChi_g36_c01.,0,45,0,3,0,0,2,asian
v_TaiChi_g37_c01,1,48,0,1,0,0,0,asian
v_TaiChi_g38_c01,0,19,17,0,0,12,2,asian
v_TaiChi_g39_c01,2,46,1,1,0,0,0,asian
v_TaiChi_g40_c01,0,37,1,0,0,0,12,asian
v_TaiChi_g41_c01.,6,9,9,0,0,0,26,unknown
v_TaiChi_g42_c01.,7,8,0,1,0,16,18,hispanic
v_TaiChi_g43_c01,0,7,39,0,2,2,0,black
v_TaiChi_g44_c01,11,15,8,0,0,13,3,asian
v_TaiChi_g45_c01,0,40,4,0,0,6,0,asian
v_TaiChi_g46_c01,5,2,0,1,41,1,0,indian
v_TaiChi_g47_c01,16,26,1,0,0,3,4,asian
v_TaiChi_g48_c01,24,11,5,0,0,4,6,white
v_TaiChi_g49_c01.,14,7,13,10,0,5,1,white
v_TaiChi_g50_c01,3,37,1,0,0,3,6,asian
v_TaiChi_g51_c01,5,34,4,0,0,6,1,asian
v_TaiChi_g52_c01,46,0,0,3,0,1,0,white
v_TaiChi_g53_c01,3,3,1,1,0,41,1,hispanic
v_TaiChi_g54_c01,16,1,0,0,0,33,0,hispanic
v_TaiChi_g55_c01,2,34,2,2,2,8,0,asian
v_TaiChi_g56_c01,2,23,4,0,0,0,21,asian
v_TaiChi_g57_c01,0,49,0,0,1,0,0,asian
v_TaiChi_g58_c01.,2,11,2,1,0,4,30,unknown
v_TennisSwing_g01_c01.,13,2,24,1,0,0,10,black
v_TennisSwing_g02_c01.,38,2,2,0,0,7,1,white
v_TennisSwing_g03_c01,11,3,16,4,0,0,16,black
v_TennisSwing_g04_c01,0,13,19,0,0,16,2,black
v_TennisSwing_g05_c01.,20,4,14,0,0,7,5,white
v_TennisSwing_g06_c01,9,31,3,2,1,0,4,asian
v_TennisSwing_g07_c01,4,25,1,18,0,1,1,asian
v_TennisSwing_g08_c01.,14,31,2,2,0,1,0,asian
v_TennisSwing_g09_c01,2,3,45,0,0,0,0,black
v_TennisSwing_g10_c01,46,2,1,0,0,0,1,white
v_TennisSwing_g11_c01,50,0,0,0,0,0,0,white
v_TennisSwing_g12_c01,42,4,0,0,0,4,0,white
v_TennisSwing_g13_c01,41,3,0,6,0,0,0,white
v_TennisSwing_g14_c01,27,4,9,4,0,6,0,white
v_TennisSwing_g15_c01.,5,28,3,5,0,0,9,asian
v_TennisSwing_g16_c01,0,0,0,0,0,0,50,unknown
v_TennisSwing_g17_c01,1,0,10,0,0,38,1,hispanic
v_TennisSwing_g18_c01,5,4,27,5,0,9,0,black
v_TennisSwing_g19_c01.,0,0,0,0,0,50,0,hispanic
v_TennisSwing_g20_c01.,41,9,0,0,0,0,0,white
v_TennisSwing_g21_c01,17,10,4,0,0,1,18,white
v_TennisSwing_g22_c01.,6,32,5,0,0,4,3,asian
v_TennisSwing_g23_c01,43,0,0,3,0,4,0,white
v_TennisSwing_g24_c01.,11,35,2,0,0,1,1,asian
v_TennisSwing_g25_c01.,0,0,0,0,0,50,0,hispanic
v_TennisSwing_g26_c01.,44,0,2,0,0,4,0,white
v_TennisSwing_g27_c01,50,0,0,0,0,0,0,white
v_ThrowDiscus_g01_c01.,17,0,8,3,2,10,10,white
v_ThrowDiscus_g02_c01,9,13,0,3,0,23,2,hispanic
v_ThrowDiscus_g03_c01,4,1,20,1,0,18,6,black
v_ThrowDiscus_g04_c01.,2,3,10,0,26,6,3,indian
v_ThrowDiscus_g05_c01,20,3,10,1,0,14,2,white
v_ThrowDiscus_g06_c01,8,12,4,0,0,22,4,hispanic
v_ThrowDiscus_g07_c01.,16,4,4,0,0,13,13,white
v_ThrowDiscus_g08_c01,40,4,0,0,0,0,6,white
v_ThrowDiscus_g09_c01,12,0,14,2,0,12,10,black
v_ThrowDiscus_g10_c01,16,0,7,0,0,23,4,hispanic
v_ThrowDiscus_g11_c01,20,6,0,15,0,0,9,white
v_ThrowDiscus_g12_c01,20,8,3,2,0,7,10,white
v_ThrowDiscus_g13_c01.,24,2,14,0,1,6,3,white
v_ThrowDiscus_g14_c01,20,0,2,2,0,25,1,hispanic
v_ThrowDiscus_g15_c01,4,19,3,4,0,15,5,asian
v_ThrowDiscus_g16_c01,6,3,9,0,0,29,3,hispanic
v_ThrowDiscus_g17_c01,22,0,27,0,0,0,1,black
v_ThrowDiscus_g18_c01,0,35,1,0,2,6,6,asian
v_ThrowDiscus_g19_c01,0,5,7,0,37,1,0,indian
v_ThrowDiscus_g20_c01,3,11,27,3,2,4,0,black
v_ThrowDiscus_g21_c01,1,1,3,20,24,1,0,indian
v_ThrowDiscus_g22_c01.,9,5,7,0,0,18,11,hispanic
v_ThrowDiscus_g23_c01,0,0,0,0,50,0,0,indian
v_ThrowDiscus_g24_c01,47,2,0,0,0,0,1,white
v_ThrowDiscus_g25_c01,1,1,3,3,1,10,31,unknown
v_ThrowDiscus_g26_c01,0,39,0,0,0,5,6,asian
v_ThrowDiscus_g27_c01,5,0,34,0,0,0,11,black
v_ThrowDiscus_g28_c01,22,0,12,0,0,14,2,white
v_ThrowDiscus_g29_c01,0,0,50,0,0,0,0,black
v_ThrowDiscus_g30_c01,4,8,16,0,0,13,9,black
v_ThrowDiscus_g31_c01,15,5,8,0,2,13,7,white
v_ThrowDiscus_g32_c01,1,2,1,7,38,1,0,indian
v_ThrowDiscus_g33_c01,23,3,10,2,0,3,9,white
v_ThrowDiscus_g34_c01,6,1,16,0,0,26,1,hispanic
v_TrampolineJumping_g01_c01,21,21,8,0,0,0,0,white
v_TrampolineJumping_g02_c01,8,0,0,0,0,0,42,unknown
v_TrampolineJumping_g03_c01,16,2,8,0,0,18,6,hispanic
v_TrampolineJumping_g04_c01,10,13,2,0,0,14,11,hispanic
v_TrampolineJumping_g05_c01,21,1,0,2,0,1,25,unknown
v_TrampolineJumping_g06_c01,11,8,6,12,4,0,9,middle eastern
v_TrampolineJumping_g07_c01,39,6,0,0,0,3,2,white
v_TrampolineJumping_g08_c01,26,0,5,1,1,3,14,white
v_TrampolineJumping_g09_c01.,15,2,3,0,0,0,30,unknown
v_TrampolineJumping_g10_c01,0,0,4,0,0,0,46,unknown
v_TrampolineJumping_g11_c01.,1,23,1,0,0,8,17,asian
v_TrampolineJumping_g12_c01,3,21,5,0,0,8,13,asian
v_TrampolineJumping_g13_c01.,38,7,0,0,0,1,4,white
v_TrampolineJumping_g14_c01,7,10,2,3,0,1,27,unknown
v_TrampolineJumping_g15_c01.,6,4,11,1,0,6,22,black
v_TrampolineJumping_g16_c01,8,6,1,4,0,22,9,hispanic
v_TrampolineJumping_g17_c01.,37,0,2,0,0,10,1,white
v_TrampolineJumping_g18_c01.,0,0,0,0,0,0,50,unknown
v_TrampolineJumping_g19_c01,4,0,1,2,0,8,35,unknown
v_TrampolineJumping_g20_c01,25,1,12,0,0,6,6,white
v_TrampolineJumping_g21_c01.,31,1,1,3,0,3,11,white
v_TrampolineJumping_g22_c01,7,3,2,0,0,23,15,hispanic
v_TrampolineJumping_g23_c01,4,7,14,0,0,3,22,black
v_TrampolineJumping_g24_c01,13,4,7,7,1,17,1,hispanic
v_TrampolineJumping_g25_c01,23,6,11,0,0,9,1,white
v_TrampolineJumping_g26_c01,16,9,0,0,20,4,1,indian
v_TrampolineJumping_g27_c01.,2,3,4,16,11,9,5,middle eastern
v_TrampolineJumping_g28_c01.,3,2,16,0,0,20,9,hispanic
v_TrampolineJumping_g29_c01,7,3,2,0,0,23,15,hispanic
v_Typing_g01_c01.,17,5,2,0,22,4,0,indian
v_Typing_g02_c01,12,19,0,0,0,1,18,asian
v_Typing_g03_c01,0,0,0,0,0,23,27,unknown
v_Typing_g04_c01.,10,2,3,4,0,23,8,hispanic
v_Typing_g05_c01,10,12,3,0,0,23,2,hispanic
v_Typing_g06_c01.,6,0,5,0,0,38,1,hispanic
v_Typing_g07_c01,15,0,0,0,0,0,35,unknown
v_Typing_g08_c01,0,0,0,0,0,0,50,unknown
v_Typing_g09_c01,4,6,9,4,1,9,17,black
v_Typing_g10_c01.,0,0,0,0,0,1,49,unknown
v_Typing_g11_c01.,1,0,0,0,0,44,5,hispanic
v_Typing_g12_c01.,0,0,0,0,0,50,0,hispanic
v_Typing_g13_c01,0,0,50,0,0,0,0,black
v_Typing_g14_c01,0,0,50,0,0,0,0,black
v_Typing_g15_c01,25,4,2,0,0,4,15,white
v_Typing_g16_c01,2,1,32,7,3,0,5,black
v_Typing_g17_c01.,16,25,4,0,0,1,4,asian
v_Typing_g18_c01,5,2,1,21,2,4,15,middle eastern
v_Typing_g19_c01,20,9,1,1,0,18,1,white
v_Typing_g20_c01,20,2,5,5,1,6,11,white
v_Typing_g21_c01,6,14,8,5,0,17,0,hispanic
v_Typing_g22_c01,5,30,0,0,0,8,7,asian
v_Typing_g23_c01,16,7,6,5,0,6,10,white
v_Typing_g24_c01,42,0,0,1,0,7,0,white
v_Typing_g25_c01.,37,1,2,1,0,7,2,white
v_Typing_g26_c01,16,3,1,6,0,20,4,hispanic
v_Typing_g27_c01.,38,1,0,3,0,8,0,white
v_Typing_g28_c01.,28,2,0,1,0,6,13,white
v_Typing_g29_c01.,15,5,15,0,0,11,4,white
v_Typing_g30_c01,1,4,39,0,0,2,4,black
v_Typing_g31_c01,49,0,0,0,0,1,0,white
v_Typing_g32_c01,0,0,0,0,0,2,48,unknown
v_Typing_g33_c01,2,1,31,0,5,5,6,black
v_Typing_g34_c01,1,1,35,0,2,6,5,black
v_Typing_g35_c01.,0,0,0,0,0,50,0,hispanic
v_Typing_g36_c01,10,0,0,33,1,5,1,middle eastern
v_Typing_g37_c01,0,5,16,4,6,18,1,hispanic
v_Typing_g38_c01,42,2,1,1,0,0,4,white
v_Typing_g39_c01,18,2,11,0,0,5,14,white
v_Typing_g40_c01,0,0,49,0,0,0,0,black
v_Typing_g41_c01,1,3,30,0,1,6,9,black
v_Typing_g42_c01,39,1,4,0,1,2,3,white
v_Typing_g43_c01,5,12,0,2,22,9,0,indian
v_Typing_g44_c01,3,1,22,0,4,4,16,black
v_Typing_g45_c01,0,0,47,0,0,0,3,black
v_Typing_g46_c01,22,2,2,1,0,17,6,white
v_Typing_g47_c01,0,9,1,0,1,25,14,hispanic
v_Typing_g48_c01.,24,8,8,2,0,8,0,white
v_Typing_g49_c01,10,9,0,20,1,2,8,middle eastern
v_Typing_g50_c01,11,1,20,5,0,8,5,black
v_Typing_g51_c01,17,2,12,2,1,7,9,white
v_Typing_g52_c01,18,14,3,1,0,6,8,white
v_Typing_g53_c01,6,12,0,12,2,1,17,asian
v_Typing_g54_c01,9,1,1,0,3,10,26,unknown
v_Typing_g55_c01,25,3,0,4,0,4,14,white
v_Typing_g56_c01.,7,11,6,4,0,20,2,hispanic
v_Typing_g57_c01,8,4,27,0,0,9,2,black
v_Typing_g58_c01.,0,0,50,0,0,0,0,black
v_Typing_g59_c01.,0,0,50,0,0,0,0,black
v_Typing_g60_c01,47,1,1,0,0,0,1,white
v_Typing_g61_c01,0,0,0,0,0,0,50,unknown
v_UnevenBars_g01_c01,7,4,36,0,1,1,1,black
v_UnevenBars_g02_c01,1,2,45,0,0,0,2,black
v_UnevenBars_g03_c01,27,7,2,7,0,3,4,white
v_UnevenBars_g04_c01,7,13,10,0,0,5,15,asian
v_UnevenBars_g05_c01.,23,10,13,0,0,4,0,white
v_UnevenBars_g06_c01.,4,17,12,0,1,12,4,asian
v_UnevenBars_g07_c01,11,14,5,2,0,8,10,asian
v_UnevenBars_g08_c01,13,11,22,1,0,1,2,black
v_UnevenBars_g09_c01,16,13,12,0,2,5,2,white
v_UnevenBars_g10_c01,11,2,1,0,1,35,0,hispanic
v_UnevenBars_g11_c01,4,14,10,13,0,9,0,asian
v_UnevenBars_g12_c01,0,50,0,0,0,0,0,asian
v_UnevenBars_g13_c01,15,8,2,0,2,23,0,hispanic
v_UnevenBars_g14_c01,8,10,6,8,0,17,1,hispanic
v_UnevenBars_g15_c01,0,0,0,0,50,0,0,indian
v_UnevenBars_g16_c01,3,7,2,0,36,2,0,indian
v_UnevenBars_g17_c01,14,11,7,4,1,8,5,white
v_UnevenBars_g18_c01,17,8,6,1,1,1,16,white
v_UnevenBars_g19_c01,2,20,9,1,1,1,16,asian
v_UnevenBars_g20_c01,7,3,8,2,0,14,16,hispanic
v_UnevenBars_g21_c01,9,24,0,0,0,4,13,asian
v_UnevenBars_g22_c01,5,17,18,0,0,1,9,black
v_UnevenBars_g23_c01.,0,16,34,0,0,0,0,black
v_UnevenBars_g24_c01.,2,11,0,2,0,2,33,unknown
v_UnevenBars_g25_c01,2,15,7,0,5,2,19,asian
v_UnevenBars_g26_c01,1,7,4,28,9,1,0,middle eastern
v_UnevenBars_g27_c01.,8,15,20,1,1,4,1,black
v_UnevenBars_g28_c01,1,5,2,0,36,2,4,indian
v_UnevenBars_g29_c01,6,9,6,5,1,19,4,hispanic
v_UnevenBars_g30_c01,1,26,8,0,2,8,4,asian
v_UnevenBars_g31_c01,0,0,1,8,0,40,1,hispanic
v_UnevenBars_g32_c01.,40,8,1,0,0,0,1,white
v_UnevenBars_g33_c01,19,12,4,1,0,5,9,white
v_UnevenBars_g34_c01.,0,21,2,7,1,10,9,asian
v_UnevenBars_g35_c01,3,0,39,2,0,4,2,black
v_UnevenBars_g36_c01.,14,0,10,11,1,14,0,white
v_UnevenBars_g37_c01,4,34,3,0,0,1,8,asian
v_UnevenBars_g38_c01,5,41,1,2,0,1,0,asian
v_UnevenBars_g39_c01,0,23,24,0,0,3,0,black
v_UnevenBars_g40_c01,23,4,2,1,0,13,7,white
v_UnevenBars_g41_c01,2,36,2,1,3,1,5,asian
v_UnevenBars_g42_c01.,13,11,1,1,0,2,22,white
v_UnevenBars_g43_c01.,10,31,6,0,0,1,2,asian
v_UnevenBars_g44_c01.,23,17,8,1,0,0,1,white
v_UnevenBars_g45_c01,42,3,2,0,1,2,0,white
v_UnevenBars_g46_c01,10,0,36,0,0,4,0,black
v_UnevenBars_g47_c01.,31,2,4,4,2,2,5,white
v_UnevenBars_g48_c01,8,20,17,0,0,1,4,asian
v_UnevenBars_g49_c01,0,9,0,0,0,0,41,unknown
v_UnevenBars_g50_c01.,40,9,1,0,0,0,0,white
v_UnevenBars_g51_c01,4,0,46,0,0,0,0,black
v_UnevenBars_g52_c01,9,39,2,0,0,0,0,asian
v_UnevenBars_g53_c01,1,5,22,0,0,5,17,black
v_UnevenBars_g54_c01,21,15,2,7,1,2,2,white
v_UnevenBars_g55_c01,5,1,5,1,0,8,30,unknown
v_UnevenBars_g56_c01,15,9,6,1,0,8,11,white
v_UnevenBars_g57_c01,27,9,3,0,0,5,6,white
v_UnevenBars_g58_c01.,10,26,11,0,0,3,0,asian
v_UnevenBars_g59_c01,11,7,12,2,0,3,15,black
v_UnevenBars_g60_c01,1,38,1,0,0,0,10,asian
v_UnevenBars_g61_c01,1,18,11,3,11,1,5,asian
v_UnevenBars_g62_c01.,2,33,5,0,0,5,5,asian
v_UnevenBars_g63_c01,4,18,1,3,0,6,18,asian
v_UnevenBars_g64_c01,8,0,40,1,0,0,1,black
v_UnevenBars_g65_c01,6,41,1,0,0,2,0,asian
v_VolleyballSpiking_g01_c01.,4,22,11,0,0,2,11,asian
v_VolleyballSpiking_g02_c01,14,18,12,2,0,2,2,asian
v_VolleyballSpiking_g03_c01,11,34,4,0,0,0,1,asian
v_VolleyballSpiking_g04_c01.,0,46,3,1,0,0,0,asian
v_VolleyballSpiking_g05_c01,2,13,13,3,17,0,2,indian
v_VolleyballSpiking_g06_c01.,7,21,12,0,0,2,8,asian
v_VolleyballSpiking_g07_c01,14,12,7,1,0,8,8,white
v_VolleyballSpiking_g08_c01,6,38,2,0,0,2,2,asian
v_VolleyballSpiking_g09_c01,8,21,18,0,0,3,0,asian
v_VolleyballSpiking_g10_c01,8,19,17,1,0,1,4,asian
v_VolleyballSpiking_g11_c01.,9,10,21,2,1,1,6,black
v_VolleyballSpiking_g12_c01,18,5,12,0,0,1,14,white
v_VolleyballSpiking_g13_c01,0,23,19,0,0,0,8,asian
v_VolleyballSpiking_g14_c01,4,24,10,0,1,4,7,asian
v_VolleyballSpiking_g15_c01,9,20,19,0,0,2,0,asian
v_VolleyballSpiking_g16_c01,5,32,6,2,1,3,1,asian
v_VolleyballSpiking_g17_c01,8,3,0,0,0,38,1,hispanic
v_VolleyballSpiking_g18_c01,13,7,30,0,0,0,0,black
v_VolleyballSpiking_g19_c01,37,10,3,0,0,0,0,white
v_VolleyballSpiking_g20_c01,1,17,13,8,11,0,0,asian
v_VolleyballSpiking_g21_c01,34,5,7,0,0,3,1,white
v_VolleyballSpiking_g22_c01,13,10,8,0,2,9,8,white
v_VolleyballSpiking_g23_c01.,5,1,4,0,0,39,1,hispanic
v_VolleyballSpiking_g24_c01,20,11,0,0,0,10,9,white
v_VolleyballSpiking_g25_c01,10,0,4,2,0,32,2,hispanic
v_VolleyballSpiking_g26_c01.,27,12,3,0,0,6,2,white
v_VolleyballSpiking_g27_c01.,49,0,1,0,0,0,0,white
v_VolleyballSpiking_g28_c01,29,2,8,3,0,7,1,white
v_VolleyballSpiking_g29_c01,18,9,18,0,0,0,5,white
v_VolleyballSpiking_g30_c01,14,25,5,0,1,1,4,asian
v_VolleyballSpiking_g31_c01,13,4,19,0,2,7,4,black
v_VolleyballSpiking_g32_c01,5,15,4,16,0,10,0,middle eastern
v_VolleyballSpiking_g33_c01,1,35,11,1,0,1,1,asian
v_VolleyballSpiking_g34_c01.,2,30,2,0,0,0,16,asian
v_VolleyballSpiking_g35_c01.,0,47,2,0,0,0,1,asian
v_VolleyballSpiking_g36_c01,38,2,10,0,0,0,0,white
v_VolleyballSpiking_g37_c01,23,4,12,4,0,7,0,white
v_VolleyballSpiking_g38_c01,19,7,11,6,0,6,0,white
v_VolleyballSpiking_g39_c01.,17,21,9,0,0,1,2,asian
v_VolleyballSpiking_g40_c01,0,2,45,1,2,0,0,black
v_VolleyballSpiking_g41_c01,6,29,13,1,0,1,0,asian
v_VolleyballSpiking_g42_c01,8,14,21,0,0,7,0,black
v_VolleyballSpiking_g43_c01,35,9,0,6,0,0,0,white
v_VolleyballSpiking_g44_c01,5,35,9,0,0,1,0,asian
v_VolleyballSpiking_g45_c01,9,24,12,3,0,2,0,asian
v_VolleyballSpiking_g46_c01.,10,10,12,6,0,6,6,black
v_VolleyballSpiking_g47_c01,14,10,19,2,0,3,2,black
v_VolleyballSpiking_g48_c01,18,0,8,0,0,0,24,white
v_VolleyballSpiking_g49_c01,18,28,1,2,0,0,1,asian
v_VolleyballSpiking_g50_c01.,8,2,37,0,0,2,1,black
v_VolleyballSpiking_g51_c01,6,4,8,1,0,31,0,hispanic
v_VolleyballSpiking_g52_c01,5,5,10,1,0,29,0,hispanic
v_VolleyballSpiking_g53_c01,34,4,2,0,0,2,8,white
v_VolleyballSpiking_g54_c01,6,12,9,15,0,4,4,middle eastern
v_VolleyballSpiking_g55_c01,3,13,24,0,0,8,2,black
v_VolleyballSpiking_g56_c01,7,23,8,4,0,4,4,asian
v_VolleyballSpiking_g57_c01,19,8,2,0,0,21,0,hispanic
v_VolleyballSpiking_g58_c01,0,0,2,0,48,0,0,indian
v_WalkingWithDog_g01_c01,10,0,10,2,0,4,24,white
v_WalkingWithDog_g02_c01,29,10,3,0,0,0,8,white
v_WalkingWithDog_g03_c01,17,10,6,0,0,0,17,white
v_WalkingWithDog_g04_c01,1,19,17,0,0,1,12,asian
v_WalkingWithDog_g05_c01,5,21,18,0,0,2,4,asian
v_WalkingWithDog_g06_c01,4,2,2,1,0,8,33,unknown
v_WalkingWithDog_g07_c01.,0,20,3,0,0,27,0,hispanic
v_WalkingWithDog_g08_c01,1,20,0,0,0,21,8,hispanic
v_WalkingWithDog_g09_c01,1,18,28,0,0,3,0,black
v_WalkingWithDog_g10_c01,8,35,1,0,0,6,0,asian
v_WalkingWithDog_g11_c01,1,0,0,0,48,0,1,indian
v_WalkingWithDog_g12_c01,0,48,0,1,0,0,1,asian
v_WalkingWithDog_g13_c01,0,40,2,0,1,5,2,asian
v_WalkingWithDog_g14_c01,1,3,3,0,1,16,26,unknown
v_WalkingWithDog_g15_c01,0,41,1,0,0,0,8,asian
v_WalkingWithDog_g16_c01.,5,23,0,3,0,0,19,asian
v_WalkingWithDog_g17_c01,1,4,0,0,45,0,0,indian
v_WallPushups_g01_c01.,0,2,7,9,27,4,1,indian
v_WallPushups_g02_c01,0,1,2,1,43,3,0,indian
v_WallPushups_g03_c01,3,1,1,5,0,40,0,hispanic
v_WallPushups_g04_c01,0,1,47,0,0,2,0,black
v_WallPushups_g05_c01,13,0,0,22,0,11,4,middle eastern
v_WallPushups_g06_c01,2,5,37,0,0,6,0,black
v_WallPushups_g07_c01.,20,6,5,0,0,16,3,white
v_WallPushups_g08_c01,1,7,25,3,0,7,7,black
v_WallPushups_g09_c01,32,10,0,0,0,8,0,white
v_WallPushups_g10_c01,7,9,1,4,0,22,7,hispanic
v_WallPushups_g11_c01,20,1,1,0,0,2,26,unknown
v_WallPushups_g12_c01,14,10,0,10,7,8,1,white
v_WallPushups_g13_c01,0,42,0,2,0,5,1,asian
v_WallPushups_g14_c01,0,26,0,11,6,7,0,asian
v_WallPushups_g15_c01,50,0,0,0,0,0,0,white
v_WallPushups_g16_c01.,0,3,6,16,13,12,0,middle eastern
v_WallPushups_g17_c01,40,3,3,1,0,0,3,white
v_WallPushups_g18_c01,1,42,1,1,1,3,1,asian
v_WallPushups_g19_c01,6,38,3,0,0,3,0,asian
v_WallPushups_g20_c01,7,2,0,1,0,40,0,hispanic
v_WallPushups_g21_c01,1,32,1,0,0,13,3,asian
v_WallPushups_g22_c01,1,10,13,0,0,20,6,hispanic
v_WallPushups_g23_c01,0,0,50,0,0,0,0,black
v_WallPushups_g24_c01,0,28,8,0,0,14,0,asian
v_WallPushups_g25_c01,0,7,3,3,27,9,1,indian
v_WallPushups_g26_c01,7,17,1,7,0,16,2,asian
v_WallPushups_g27_c01,0,22,0,0,27,1,0,indian
v_WallPushups_g28_c01,0,9,1,25,4,10,1,middle eastern
v_WallPushups_g29_c01,1,6,3,0,33,2,5,indian
v_WallPushups_g30_c01,1,12,21,1,0,12,3,black
v_WallPushups_g31_c01,39,6,1,0,0,1,3,white
v_WallPushups_g32_c01,0,20,0,3,0,27,0,hispanic
v_WallPushups_g33_c01.,0,27,1,2,0,2,18,asian
v_WallPushups_g34_c01,8,6,3,0,0,2,31,unknown
v_WallPushups_g35_c01,37,3,0,0,0,0,10,white
v_WallPushups_g36_c01,2,44,0,0,4,0,0,asian
v_WallPushups_g37_c01,2,1,0,1,0,41,5,hispanic
v_WallPushups_g38_c01,5,27,1,0,0,15,2,asian
v_WritingOnBoard_g01_c01,0,0,0,0,50,0,0,indian
v_WritingOnBoard_g02_c01,31,3,11,0,2,3,0,white
v_WritingOnBoard_g03_c01,25,11,3,2,2,6,1,white
v_WritingOnBoard_g04_c01.,18,2,3,0,0,3,24,white
v_WritingOnBoard_g05_c01,0,0,0,0,50,0,0,indian
v_YoYo_g01_c01,10,6,7,2,18,6,1,indian
v_YoYo_g02_c01,0,50,0,0,0,0,0,asian
v_YoYo_g03_c01,6,2,4,0,6,25,7,hispanic
v_YoYo_g04_c01,7,6,19,1,3,11,3,black
v_YoYo_g05_c01,4,32,2,0,0,2,10,asian
v_YoYo_g06_c01,5,4,9,1,5,20,6,hispanic
v_YoYo_g07_c01,1,2,1,0,0,46,0,hispanic
v_YoYo_g08_c01,1,0,8,3,0,38,0,hispanic
v_YoYo_g09_c01,14,23,5,5,0,1,2,asian
v_YoYo_g100_c01.,15,2,3,5,5,13,7,white
v_YoYo_g10_c01,0,4,9,12,7,10,8,middle eastern
v_YoYo_g11_c01,7,38,1,0,0,0,4,asian
v_YoYo_g12_c01,0,2,31,0,1,1,15,black
v_YoYo_g13_c01.,2,19,8,2,0,3,16,asian
v_YoYo_g14_c01,16,4,3,0,0,17,10,hispanic
v_YoYo_g15_c01,0,3,38,0,0,1,8,black
v_YoYo_g16_c01,13,5,2,4,0,23,3,hispanic
v_YoYo_g17_c01,3,1,1,0,0,1,44,unknown
v_YoYo_g18_c01,0,3,27,0,0,19,1,black
v_YoYo_g19_c01,37,13,0,0,0,0,0,white
v_YoYo_g20_c01,3,1,2,4,31,4,5,indian
v_YoYo_g21_c01,2,3,33,1,1,2,8,black
v_YoYo_g22_c01,5,25,5,3,0,8,4,asian
v_YoYo_g23_c01,23,12,0,3,0,12,0,white
v_YoYo_g24_c01,6,3,9,1,1,22,8,hispanic
v_YoYo_g25_c01,0,2,9,0,1,23,15,hispanic
v_YoYo_g26_c01,2,0,0,0,48,0,0,indian
v_YoYo_g27_c01,3,5,1,4,32,5,0,indian
v_YoYo_g28_c01,44,0,6,0,0,0,0,white
v_YoYo_g29_c01,29,0,2,0,0,19,0,white
v_YoYo_g30_c01.,2,37,5,0,0,1,5,asian
v_YoYo_g31_c01,3,2,3,1,0,37,4,hispanic
v_YoYo_g32_c01,0,5,3,13,11,12,6,middle eastern
v_YoYo_g33_c01,7,6,12,2,0,6,17,black
v_YoYo_g34_c01,2,0,32,0,0,15,1,black
v_YoYo_g35_c01,1,1,8,2,2,32,4,hispanic
v_YoYo_g36_c01,3,1,4,1,0,27,14,hispanic
v_YoYo_g37_c01,16,25,1,2,0,5,1,asian
v_YoYo_g38_c01,38,4,2,1,0,3,2,white
v_YoYo_g39_c01,0,3,2,5,0,18,22,hispanic
v_YoYo_g40_c01,4,30,1,4,2,7,2,asian
v_YoYo_g41_c01,12,3,0,0,0,34,1,hispanic
v_YoYo_g42_c01,0,3,1,0,39,6,1,indian
v_YoYo_g43_c01,3,2,0,0,18,24,3,hispanic
v_YoYo_g44_c01,16,12,0,0,0,22,0,hispanic
v_YoYo_g45_c01,40,1,0,0,0,9,0,white
v_YoYo_g46_c01,23,2,0,0,0,24,1,hispanic
v_YoYo_g47_c01,1,0,0,2,0,47,0,hispanic
v_YoYo_g48_c01,34,3,0,0,0,12,1,white
v_YoYo_g49_c01,2,3,0,1,32,4,8,indian
v_YoYo_g50_c01,1,39,3,0,0,5,2,asian
v_YoYo_g51_c01,0,3,0,1,39,2,5,indian
v_YoYo_g52_c01,3,3,5,2,7,2,28,unknown
v_YoYo_g53_c01,30,1,0,0,0,14,4,white
v_YoYo_g54_c01,8,8,13,0,0,17,4,hispanic
v_YoYo_g55_c01,2,3,1,8,0,26,10,hispanic
v_YoYo_g56_c01,0,3,2,1,1,3,40,unknown
v_YoYo_g57_c01,1,0,4,15,24,5,1,indian
v_YoYo_g58_c01,0,3,6,2,21,8,10,indian
v_YoYo_g59_c01,4,0,8,0,0,16,22,hispanic
v_YoYo_g60_c01,24,9,1,0,0,9,7,white
v_YoYo_g61_c01,2,7,0,12,18,7,4,indian
v_YoYo_g62_c01,0,6,27,0,1,1,15,black
v_YoYo_g63_c01,0,1,40,0,3,3,3,black
v_YoYo_g64_c01,2,3,36,0,1,5,3,black
v_YoYo_g65_c01,5,0,40,0,0,0,5,black
v_YoYo_g66_c01.,0,1,38,0,2,4,5,black
v_YoYo_g67_c01,5,2,4,5,0,9,25,unknown
v_YoYo_g68_c01,2,4,4,0,9,23,8,hispanic
v_YoYo_g69_c01,7,38,1,1,0,3,0,asian
v_YoYo_g70_c01,3,40,0,0,0,7,0,asian
v_YoYo_g71_c01,6,35,5,0,0,4,0,asian
v_YoYo_g72_c01,6,2,12,3,0,27,0,hispanic
v_YoYo_g73_c01,0,5,31,0,0,2,12,black
v_YoYo_g74_c01,0,5,9,1,11,19,5,hispanic
v_YoYo_g75_c01,0,3,14,1,1,20,11,hispanic
v_YoYo_g76_c01,20,21,7,0,0,2,0,asian
v_YoYo_g77_c01,6,6,6,0,0,17,15,hispanic
v_YoYo_g78_c01,29,0,4,4,0,9,4,white
v_YoYo_g79_c01,43,3,2,0,0,1,1,white
v_YoYo_g80_c01,10,21,6,6,0,3,4,asian
v_YoYo_g81_c01,12,0,9,1,17,10,1,indian
v_YoYo_g82_c01,1,6,1,2,0,37,3,hispanic
v_YoYo_g83_c01,1,4,3,1,1,3,37,unknown
v_YoYo_g84_c01,1,1,3,20,0,22,3,hispanic
v_YoYo_g85_c01,3,2,6,1,22,2,14,indian
v_YoYo_g86_c01,19,2,5,3,0,13,8,white
v_YoYo_g87_c01,40,0,5,0,0,5,0,white
v_YoYo_g88_c01,2,6,13,6,13,9,1,black
v_YoYo_g89_c01.,3,0,8,29,0,6,4,middle eastern
v_YoYo_g90_c01,0,2,27,2,6,10,3,black
v_YoYo_g91_c01,5,13,9,1,0,12,10,asian
v_YoYo_g92_c01.,2,47,0,0,0,0,1,asian
v_YoYo_g93_c01,3,3,34,0,0,2,8,black
v_YoYo_g94_c01,1,2,42,1,0,3,1,black
v_YoYo_g95_c01,3,4,0,0,0,0,43,unknown
v_YoYo_g96_c01,3,3,3,1,7,4,29,unknown
v_YoYo_g97_c01,46,1,0,1,0,2,0,white
v_YoYo_g98_c01,0,49,0,0,0,0,0,asian
v_YoYo_g99_c01.,0,46,0,0,0,0,4,asian
