step,avg_chi
0,1691.9616984449692
1,1691.587881664289
2,1691.214149292171
3,1690.8599166404604
4,1690.5057724334608
5,1690.3356983254923
6,1689.9816350740468
7,1689.6276603346976
8,1689.2737741353624
9,1688.9199765039782
10,1688.5662674684934
11,1688.2126470568762
12,1687.85911529711
13,1687.836054603249
14,1687.4826356075985
15,1687.4598038803422
16,1687.437177137702
17,1687.4147554820381
18,1687.0415778883914
19,1686.6684849948415
20,1686.2954768276056
21,1685.9423170270954
22,1685.5694263402822
23,1685.3995220020636
24,1685.092716817002
25,1684.7199849203018
26,1684.4133201203392
27,1684.106766516198
28,1683.8003241544532
29,1683.4939930817147
30,1683.187773344628
31,1682.8816649898745
32,1682.5756680641705
33,1682.2224725408726
34,1681.869365917369
35,1681.5163482218165
36,1681.1634194823885
37,1680.8105797272735
38,1680.4578289846786
39,1680.1051672828253
40,1679.752594649952
41,1679.400111114314
42,1679.3780063527847
43,1679.3561071112624
44,1679.3344134925753
45,1679.312925599633
46,1679.2916435354246
47,1678.939371258665
48,1678.9183195995672
49,1678.566161035138
50,1678.5453399296948
51,1678.193295150032
52,1678.1727047469515
53,1677.8207738245817
54,1677.468932254942
55,1677.11718006647
56,1676.9471264504773
57,1676.5754274260032
58,1676.2038137257587
59,1676.0339685211777
60,1675.662485343316
61,1675.3560797368664
62,1675.004479585146
63,1674.6529689428892
64,1674.6327255065898
65,1674.2813291147795
66,1673.9300223039252
67,1673.7602872764692
68,1673.5906705857208
69,1673.4211722703276
70,1673.1322358264688
71,1672.8434192201003
72,1672.554722505157
73,1672.2661457356214
74,1671.977688965516
75,1671.68935224891
76,1671.6691325537288
77,1671.6491195555961
78,1671.3608399128682
79,1671.3410021956734
80,1671.3213713812008
81,1670.9505989568088
82,1670.5993258668939
83,1670.3111076338566
84,1670.2917030392373
85,1670.2725055851913
86,1670.2535153758924
87,1670.234732515596
88,1670.2161571086417
89,1670.1977892594496
90,1670.1796290725224
91,1670.1616766524469
92,1670.1439321038913
93,1670.1263955316072
94,1670.109067040429
95,1670.0919467352735
96,1670.0750347211415
97,1669.7047477071085
98,1669.3345466441424
99,1669.0460950167144
100,1668.676008225734
101,1668.5064519611467
102,1668.3370144487872
103,1668.1676957276159
104,1667.9984958366185
105,1667.6917945623388
106,1667.4034671974548
107,1667.0337069991285
108,1666.8925358340123
109,1666.52288374958
110,1666.1533178502796
111,1665.7838381632512
112,1665.4144447156493
113,1665.045137534644
114,1664.8762900750473
115,1664.507115097508
116,1664.338432620664
117,1664.1975659668587
118,1663.8285453115197
119,1663.6600095337253
120,1663.4915929323513
121,1663.3232955466174
122,1663.147039211677
123,1662.9788660971265
124,1662.610161443209
125,1662.2415433221138
126,1661.8730117611897
127,1661.5045667878019
128,1661.3639919188815
129,1660.9956556544357
130,1660.8553126156396
131,1660.6874528240708
132,1660.547301314562
133,1660.4073598320483
134,1660.1012539081246
135,1659.7952597294604
136,1659.4893773429528
137,1659.183606795533
138,1659.0157865819917
139,1658.6478145384874
140,1658.2799292793288
141,1657.912130832002
142,1657.7725191672605
143,1657.6331178523308
144,1657.4939270330815
145,1657.1884004812553
146,1657.0494382283741
147,1656.9106867677547
148,1656.6053080587105
149,1656.3178366864192
150,1656.0125944549973
151,1655.7252681040236
152,1655.438062387355
153,1655.1509773594669
154,1654.7835812569647
155,1654.416272124997
156,1654.0490499911393
157,1653.6819148829836
158,1653.5143681250886
159,1653.3469411230292
160,1653.0600685213183
161,1652.6931423357062
162,1652.3263032868072
163,1652.1590774763688
164,1651.7923721976251
165,1651.4257541343807
166,1651.059223314358
167,1650.6927797652934
168,1650.3264235149434
169,1650.0398620735214
170,1649.7534215702217
171,1649.3872104606444
172,1649.021086723508
173,1648.6550503866222
174,1648.289101477815
175,1647.9232400249293
176,1647.5574660558261
177,1647.191779598381
178,1647.1748776506176
179,1646.8093054708559
180,1646.4438208740721
181,1646.2773326750212
182,1646.1109647352405
183,1645.9447170946357
184,1645.7785897931353
185,1648.8082644917713
186,1648.5218119733745
187,1648.3832744148046
188,1648.0969601992
189,1647.8107671549315
190,1647.5246953368617
191,1647.2199188926343
192,1647.0537822095255
193,1646.8877660045398
194,1646.721870317713
195,1646.5560951891027
196,1646.3904406587906
197,1646.2166744128951
198,1645.8515352357717
199,1645.5468949472343
200,1645.4086350724465
201,1645.2431252523083
202,1645.0777361471448
203,1644.7732057408614
204,1644.4687878115094
205,1644.3034985205202
206,1644.138330033117
207,1643.9732823895256
208,1643.687407875
209,1643.322735364077
210,1643.0370114389145
211,1642.8721088865284
212,1642.5864948837389
213,1642.30100241778
214,1642.1361977188462
215,1641.8319703898214
216,1641.667276289846
217,1641.5027032381931
218,1641.1384263547077
219,1640.9653119863103
220,1640.8009131341332
221,1640.6366354405855
222,1640.27258822173
223,1640.108479274629
224,1639.9354747188543
225,1639.631461721245
226,1639.4674693558225
227,1639.2945634063487
228,1639.1306980506677
229,1638.9669540557727
230,1638.8033314622178
231,1638.4397340860742
232,1638.1358694041367
233,1637.9724056365922
234,1637.6686434450032
235,1637.505290871936
236,1637.342059853734
237,1637.1789504310648
238,1637.0159626446195
239,1636.730747401132
240,1636.8467850325912
241,1636.483625443304
242,1636.1205545404046
243,1635.835534641178
244,1635.9520601364
245,1635.5891274068047
246,1635.3042735749575
247,1635.000782344602
248,1634.7160757743407
249,1634.5532559103387
250,1634.2018839579098
251,1633.8392124756247
252,1633.5546216429182
253,1633.2033515198225
254,1632.8521726556467
255,1632.689493650656
256,1632.5269365642969
257,1632.1758373325576
258,1631.824829446127
259,1631.662382714195
260,1631.5000580079814
261,1631.137837494867
262,1630.8532552016247
263,1630.549847088724
264,1630.1989064829415
265,1629.8955881707616
266,1629.7333961755955
267,1629.571326337106
268,1629.43329548585
269,1629.0823806572143
270,1628.7979177222344
271,1628.4360966863212
272,1628.2741624497364
273,1628.1123504957723
274,1627.9506608655586
275,1627.7890936002495
276,1627.4858792529158
277,1627.324424229954
278,1627.1630916585812
279,1627.001881580026
280,1626.840794035542
281,1626.6798290664053
282,1626.5189867139186
283,1626.3582670194055
284,1626.3408127784862
285,1626.0376093606556
286,1625.8769887629924
287,1625.5159275363458
288,1625.355478327049
289,1624.9945553443522
290,1624.8565604079656
291,1624.5056947271114
292,1624.345393734601
293,1623.984667763303
294,1623.8245384216127
295,1623.6645320483456
296,1623.3039933681678
297,1623.1441588257105
298,1622.8411272314654
299,1622.5382090124397
300,1622.1778707871244
301,1621.827134764672
302,1621.4764906459711
303,1621.316797061725
304,1621.1572266534592
305,1620.997779462854
306,1620.8384555316127
307,1620.5355945368062
308,1620.376383840213
309,1620.2172964908332
310,1620.0583325304458
311,1619.899492000856
312,1619.882116790606
313,1619.5315256580677
314,1619.1810266152195
315,1619.02228577676
316,1618.6718736000742
317,1618.6547782496211
318,1618.6378941004295
319,1618.3533084009753
320,1618.0688450615246
321,1617.7845041377248
322,1617.4816194623352
323,1617.1788483406851
324,1616.8761908207714
325,1616.5736469506257
326,1616.2712167783193
327,1615.968900351959
328,1615.6666977196885
329,1615.364608929689
330,1615.0626340301799
331,1614.7786490776314
332,1614.4768140999943
333,1614.1750931171443
334,1613.891282746261
335,1613.6075950388501
336,1613.3240300507687
337,1613.0405878379208
338,1612.7572684562565
339,1612.4740719617705
340,1612.1726211683433
341,1611.8712845130347
342,1611.588263069884
343,1611.2374221481143
344,1610.8866734139337
345,1610.5360168978402
346,1610.1854526303498
347,1609.8349806419963
348,1609.484600963334
349,1609.1343136249343
350,1608.7841186573878
351,1608.4256253520064
352,1608.0672227061161
353,1607.7171920743676
354,1607.3672539115844
355,1607.0174082484389
356,1606.6676551156222
357,1606.317994543844
358,1605.9684265638316
359,1605.9514283504134
360,1605.6019806670083
361,1605.2526256534723
362,1604.9510842594743
363,1604.649657070704
364,1604.3664446578005
365,1604.065157876393
366,1603.7820946620238
367,1603.4991545486735
368,1603.2163375925422
369,1602.9336438498758
370,1602.6510733769667
371,1602.3500318242507
372,1602.049104669283
373,1601.7667099423209
374,1601.4844386127
375,1601.2022907368564
376,1600.920266371273
377,1600.6383655724792
378,1600.3565883970507
379,1600.0559331302845
380,1599.7743059012164
381,1599.75696150083
382,1599.739828847086
383,1599.7229080486907
384,1599.365577384048
385,1599.08400613245
386,1598.8113384184853
387,1598.5107856138682
388,1598.2103474081348
389,1597.9100238500102
390,1597.6098149882594
391,1597.3097208716836
392,1597.0097415491218
393,1596.7284493388097
394,1596.447281020448
395,1596.166236650856
396,1595.8853162869011
397,1595.604519985497
398,1595.3238478036044
399,1595.0432997982314
400,1594.7628760264313
401,1594.4825765453072
402,1594.202401412008
403,1593.922350683729
404,1593.642424417715
405,1593.362622671256
406,1593.0829455016901
407,1592.8033929664027
408,1592.44688693361
409,1592.0904722875414
410,1591.8111054120873
411,1591.4610709289161
412,1591.104814429149
413,1590.754908981355
414,1590.405096369289
415,1590.055376623846
416,1589.7057497759408
417,1589.4264145477648
418,1589.1472041315856
419,1588.847793069135
420,1588.5687340672855
421,1588.2898000001878
422,1588.0109909255116
423,1587.7323069009738
424,1587.4331171402712
425,1587.1340425058759
426,1586.8555367634788
427,1586.556603903646
428,1586.200925206167
429,1585.8511604976775
430,1585.7137531944336
431,1585.3582267862548
432,1585.0799283449176
433,1584.8017551686373
434,1584.642497840882
435,1584.3644390977854
436,1584.2052954197359
437,1583.9273511792187
438,1583.7902219678879
439,1583.4915727058244
440,1583.2137996939575
441,1582.936152200234
442,1582.6586302827782
443,1582.3812339997628
444,1582.1039634094093
445,1581.826818569986
446,1581.549799539812
447,1581.6664981532258
448,1581.3896209480802
449,1581.1128696742044
450,1580.9463325033082
451,1580.7798438138682
452,1580.6134036184405
453,1580.4470119295881
454,1580.0923488302435
455,1579.7942992303317
456,1579.5179256733782
457,1579.1634176843263
458,1578.865542720385
459,1578.5677833602113
460,1578.2916206164227
461,1577.9940038283237
462,1577.6965027509204
463,1577.8140248781992
464,1577.5166569975463
465,1577.2407173865004
466,1576.9649040589154
467,1576.6677059270994
468,1576.3706236767619
469,1576.0949906562062
470,1575.7409460837632
471,1575.3869937503923
472,1575.0901191501655
473,1574.8147016644282
474,1574.5394106779142
475,1574.264246249494
476,1573.9675687965637
477,1573.6925580477491
478,1573.396023746456
479,1573.0996055838807
480,1572.824775684527
481,1572.5500725435897
482,1572.2754962201452
483,1572.0010467733198
484,1571.7267242622881
485,1571.4305578428196
486,1571.1563894612111
487,1570.882348141726
488,1570.6084339436895
489,1570.3346469264795
490,1569.9813541617052
491,1569.7077256205396
492,1569.4342243872645
493,1569.1608505214087
494,1568.8650231949443
495,1568.9835136308775
496,1568.8192196886637
497,1568.523575580173
498,1568.228047937347
499,1567.9326368101063
500,1568.051666753243
501,1567.6987837698505
502,1567.4257595356903
503,1567.1528628515805
504,1566.8800937772241
505,1566.6074523723755
506,1566.3349386968396
507,1566.0398312246405
508,1565.7448404250772
509,1565.4499663482081
510,1565.1776624934616
511,1564.9054865115625
512,1564.6334384624763
513,1564.3615184062166
514,1564.066870592838
515,1563.7723396362298
516,1563.5006024263942
517,1563.2062157862238
518,1562.9346341227347
519,1562.640391874155
520,1562.346266650001
521,1562.0748680598283
522,1561.7808873612955
523,1561.4287705959232
524,1561.1349400268793
525,1560.8412266507937
526,1560.5476305181037
527,1560.3848635750098
528,1560.5048384278386
529,1560.2337757958721
530,1559.9403920160312
531,1559.6471256083362
532,1559.3539766233544
533,1559.0609451116936
534,1558.7092559662317
535,1558.549788244782
536,1558.2568418534538
537,1558.0974338765827
538,1557.8265354300454
539,1557.6671858642824
540,1557.3156378256288
541,1557.1564080258356
542,1556.8634433138996
543,1556.7042733498336
544,1556.4333620333343
545,1556.2742505703902
546,1555.9812999578999
547,1555.8222483786728
548,1555.5293498419105
549,1555.3703581677119
550,1555.0190067092387
551,1554.8601350582528
552,1554.589171520708
553,1554.4303584878417
554,1554.159456553496
555,1554.0007021591964
556,1553.7077472968103
557,1553.5490529258714
558,1553.2781732820915
559,1553.1195375969903
560,1552.7684373071734
561,1552.7477899284077
562,1552.7273549331778
563,1552.7071324312876
564,1552.6871225326302
565,1552.667325347186
566,1552.6477409850277
567,1552.3766985095065
568,1552.4961745824792
569,1552.3374900621036
570,1552.1788746248494
571,1552.0203850789464
572,1551.8619646786567
573,1551.7036702444973
574,1551.5454450185252
575,1551.3873458335484
576,1551.5068949131662
577,1551.3488451565972
578,1551.0775985126857
579,1550.9196077292988
580,1550.6261225274013
581,1550.4681921180509
582,1550.1747588873461
583,1550.016888873655
584,1550.1366239014478
585,1549.978803402897
586,1549.7074891488464
587,1549.5497277204158
588,1549.199107840992
589,1549.0414674810297
590,1548.7479679538076
591,1548.5903881047714
592,1548.3190606177134
593,1548.1615399305094
594,1547.8680543157134
595,1547.7105941883012
596,1547.3602025346056
597,1547.0667452273858
598,1547.1865357453762
599,1547.0291111468002
600,1546.735724120729
601,1546.578360131054
602,1546.2850251670354
603,1546.1277218080274
604,1545.8344389342972
605,1545.6771962277326
606,1545.7971745680254
607,1545.6399816182693
608,1545.76032395862
609,1545.6031807857362
610,1545.5829079343296
611,1545.5628484222289
612,1545.269458111321
613,1545.1123487420143
614,1544.7621918446414
615,1544.605204140352
616,1544.2551363354771
617,1544.0982703828142
618,1543.7482917457273
619,1543.5915476314192
620,1543.3197627244106
621,1543.1630781521226
622,1542.813215672469
623,1542.6566530697755
624,1542.384894162263
625,1542.2283911670395
626,1542.2084679733914
627,1541.8587507751847
628,1541.7023565970014
629,1541.4087460957999
630,1541.2524129572157
631,1540.9806070174102
632,1540.82433358612
633,1540.5525891528769
634,1540.3963754500103
635,1540.3765427398885
636,1540.0828757610507
637,1539.9267099322612
638,1539.6330949937462
639,1539.4769903106737
640,1539.2051947783577
641,1539.0491499067828
642,1538.7555488366731
643,1538.5995651605242
644,1538.3060161786514
645,1538.1500937200633
646,1537.8782806003485
647,1537.7224180297108
648,1537.4288829434338
649,1537.273081640158
650,1537.3925708930208
651,1537.2368198974418
652,1536.9649781902415
653,1536.809287154212
654,1536.9290809002741
655,1536.7734402150381
656,1536.5016094947744
657,1536.3460288130855
658,1536.0523736512953
659,1535.8968543605376
660,1535.6250456284208
661,1535.4695863902723
662,1535.3311770937719
663,1535.1757717298744
664,1534.903977431701
665,1534.7486321674485
666,1534.476899519055
667,1534.3216143758136
668,1534.441406890676
669,1534.2861722537182
670,1534.2657313354764
671,1533.9718888715913
672,1533.8167026611482
673,1533.9367584611864
674,1533.7816228052222
675,1533.9020445679437
676,1533.7469594870392
677,1533.7265745060668
678,1533.7064038737674
679,1533.6864477019699
680,1533.6667061025946
681,1533.647179187655
682,1533.6278670692543
683,1533.6087698595902
684,1533.2600449772156
685,1532.9114153231385
686,1532.5628809298967
687,1532.2144418300493
688,1531.8660980561738
689,1531.51784964087
690,1531.1696966167583
691,1531.1510210882916
692,1531.1325608278846
693,1531.1143159481344
694,1531.09628656173
695,1531.0784727814541
696,1530.92327096144
697,1530.9056601096265
698,1530.8882651044557
699,1530.8710860590047
700,1530.5232613966284
701,1530.5063281908444
702,1530.4896111906635
703,1530.4731105094595
704,1530.456826260702
705,1530.4407585579538
706,1530.4249075148712
707,1530.0773574725752
708,1530.0617531049884
709,1529.7143287433898
710,1529.3670001933394
711,1529.019767487789
712,1529.0044699023226
713,1528.9893893964872
714,1528.9745260843868
715,1528.6274793010416
716,1528.3602681621014
717,1528.3457132824878
718,1527.9988536305593
719,1527.6520900185824
720,1527.3054224796667
721,1527.291175465162
722,1527.2771460888396
723,1527.2633344652695
724,1527.2497407091166
725,1526.9544889915862
726,1526.6593555499896
727,1526.3643404356844
728,1526.350867397553
729,1526.3376124489296
730,1526.3245757047678
731,1525.9781438250022
732,1525.6318082097062
733,1525.3367661180553
734,1525.0418424344389
735,1524.7470372103226
736,1524.452350497213
737,1524.1577823466566
738,1523.884527816246
739,1523.5381429384731
740,1523.2436976059432
741,1522.9493709448254
742,1522.6762767798346
743,1522.4033119171556
744,1522.1304764180097
745,1522.2493836617439
746,1522.3687352871793
747,1522.0960635463553
748,1521.9558041344626
749,1521.6832826249158
750,1521.5276996958921
751,1521.2552395916603
752,1521.099717379474
753,1521.0863738360777
754,1520.7399203539617
755,1520.3935632756309
756,1520.238092203838
757,1519.8918276655156
758,1519.5456596137453
759,1519.1995880819452
760,1518.8536131035537
761,1518.5077347120325
762,1518.2134119995442
763,1517.9192080969904
764,1517.7638281598602
765,1517.7508267212404
766,1517.7380440385805
767,1517.3922714554344
768,1517.2299622363823
769,1517.0894950900017
770,1516.7953842576062
771,1516.5013923511106
772,1516.361182130787
773,1516.2058582883144
774,1515.9119406210718
775,1515.756679077718
776,1515.6014891494915
777,1515.4464285386532
778,1515.2914396096933
779,1515.136580077553
780,1514.9817922941313
781,1514.8271339870578
782,1514.6725474956347
783,1514.518090560184
784,1514.2451472780667
785,1514.0907515767867
786,1513.7965423220833
787,1513.6422092300181
788,1513.2967003157144
789,1513.1424932858954
790,1512.7970777783182
791,1512.6429969041037
792,1512.34877270935
793,1512.194754562768
794,1511.9005823923437
795,1511.74662699667
796,1511.4525068789665
797,1511.2986142574937
798,1511.2855784993196
799,1510.9914777825172
800,1510.8376359557378
801,1510.5435873377892
802,1510.3898083398337
803,1510.0958118491997
804,1509.9420957034106
805,1509.779809693574
806,1509.626173473962
807,1509.3322126116757
808,1509.1786392978145
809,1509.1656165056963
810,1508.9006667842195
811,1508.887925698924
812,1508.6231004799586
813,1508.2782536260177
814,1508.1248218311675
815,1507.8513865829082
816,1507.6980164981496
817,1507.353292638397
818,1507.2000494987924
819,1506.9059664395809
820,1506.752786396799
821,1506.4081870141115
822,1506.2551340593336
823,1505.9610694808673
824,1505.808079694698
825,1505.4636049573746
826,1505.31074240235
827,1504.9663620848178
828,1504.8136268559492
829,1504.4693410416464
830,1504.3167332340793
831,1503.9725420065727
832,1503.8200617155846
833,1503.475965158569
834,1503.3236124795728
835,1502.979610676869
836,1502.8273857054135
837,1502.8149676139435
838,1502.47109212184
839,1502.3189834099746
840,1502.0551567372047
841,1501.711439019893
842,1501.4376535551974
843,1501.4255357438294
844,1501.0819219931248
845,1500.91972214181
846,1500.6561595706478
847,1500.644340865101
848,1500.3009125732049
849,1500.0066269804713
850,1499.6632725191569
851,1499.3690820655527
852,1499.025801462524
853,1498.7317061919912
854,1498.3884994749671
855,1498.0944994314825
856,1497.751366628201
857,1497.4574618557742
858,1497.1144029939894
859,1496.8205935366648
860,1496.477608644147
861,1496.203900185992
862,1495.860988009976
863,1495.5873837022398
864,1495.2445442696455
865,1494.9710441641757
866,1494.628277501939
867,1494.3548816506282
868,1494.0121877857007
869,1493.8701092125557
870,1493.7179332541855
871,1493.575992095569
872,1493.2822155190677
873,1493.140451550279
874,1492.8776788461666
875,1492.535139833629
876,1492.3935475393325
877,1492.130892157689
878,1491.868300067593
879,1491.5260124586991
880,1491.1838235648702
881,1490.8415587116924
882,1490.4993926049183
883,1490.1573252795552
884,1490.0158838149353
885,1489.6738832343174
886,1489.5326228742279
887,1489.1906890611192
888,1489.0496099398954
889,1488.7077429170743
890,1488.4343792669163
891,1488.0925854393154
892,1487.940509934149
893,1487.598812429477
894,1487.3255167209154
895,1487.052292837555
896,1486.779199155104
897,1486.4854895050667
898,1486.2124968650048
899,1485.8708876603112
900,1485.718769688543
901,1485.4251169334268
902,1485.1521889326577
903,1484.8106843614726
904,1484.6586170513692
905,1484.3172090053802
906,1484.1652709074763
907,1483.8239594732286
908,1483.6721506857473
909,1483.3309359499196
910,1483.1792565712246
911,1482.8381386206295
912,1482.6865887492256
913,1482.3455676708109
914,1482.194147405343
915,1481.8532232861908
916,1481.7019327254468
917,1481.3611056527734
918,1481.088026741971
919,1480.7472733303784
920,1480.5960994981588
921,1480.2554432645775
922,1479.982432411105
923,1479.6418499103493
924,1479.3689437143178
925,1479.0284349739711
926,1478.734650506597
927,1478.3942169080556
928,1478.1005280070822
929,1477.7601695789024
930,1477.4665762885688
931,1477.126293059325
932,1476.8327954239048
933,1476.4925874221906
934,1476.1991854859916
935,1475.8590527404158
936,1475.7175194715649
937,1475.3774543177954
938,1475.2263068086413
939,1474.8863392749834
940,1474.7449380311693
941,1474.405038155268
942,1474.1322091497113
943,1473.792383342454
944,1473.6413339603525
945,1473.3016059487354
946,1473.141000182092
947,1472.8013650035307
948,1472.6504519281543
949,1472.3109146844006
950,1472.4265773060251
951,1472.087104135813
952,1471.793719744907
953,1471.4543221592055
954,1471.3035052782477
955,1470.9642058009777
956,1470.8135196797257
957,1470.4743183998114
958,1470.1809619112228
959,1469.8876670783284
960,1469.737034298341
961,1469.3979408888927
962,1469.247439053647
963,1468.908502784514
964,1468.5696669206634
965,1468.230755151181
966,1467.8919438199518
967,1467.5532329631576
968,1467.4029721329327
969,1467.064359927471
970,1466.9142304113238
971,1466.5757169469482
972,1466.4257188463514
973,1466.1526677071734
974,1466.002733338646
975,1465.9914996513032
976,1465.6531494323738
977,1465.3597524207282
978,1465.3487410493065
979,1465.0105002668427
980,1464.717165929416
981,1464.3790012864622
982,1464.105982531105
983,1463.7678927429504
984,1463.4949788142615
985,1463.4841876848304
986,1463.473619051507
987,1463.4632730337191
988,1463.4531497509943
989,1463.44324932296
990,1463.4335718693462
991,1463.4241175099844
992,1463.1306223919964
993,1462.8372478414924
994,1462.5789102165945
995,1462.2412635008784
996,1462.2320647627123
997,1461.9589180852902
998,1461.9499081743645
999,1461.6124038396583
1000,1461.2748828679369
1001,1460.9374630643713
1002,1460.7951716470604
1003,1460.4578206528338
1004,1460.315710530118
1005,1459.978428369326
1006,1459.83649967611
1007,1459.4992863728648
1008,1459.3575392442187
1009,1459.0203948226488
1010,1458.8788293938087
1011,1458.541753878056
1012,1458.4003702844282
1013,1458.063363698651
1014,1457.9221620758053
1015,1457.5852244441783
1016,1457.4442049278543
1017,1457.1073362745647
1018,1456.8342939877402
1019,1456.82551642832
1020,1456.5681456728887
1021,1456.4272210381787
1022,1456.2674458799283
1023,1455.9307716819033
1024,1455.6374158306182
1025,1455.3801815892218
1026,1455.0868859035297
1027,1454.7937109797338
1028,1454.7851659991563
1029,1454.448678120429
1030,1454.155566073927
1031,1453.81921425186
1032,1453.4829641385015
1033,1453.1466385238364
1034,1452.8735978821921
1035,1452.537407100789
1036,1452.24440622961
1037,1451.9082925581945
1038,1451.7674961487564
1039,1451.4314518104827
1040,1451.1385459677197
1041,1450.9791227229362
1042,1450.8385251723546
1043,1450.5025775348615
1044,1450.2097843678164
1045,1450.0593723661016
1046,1449.7666315767092
1047,1449.6261280130973
1048,1449.3334726332414
1049,1448.9976374476428
1050,1448.7050784947257
1051,1448.819392629478
1052,1448.5269153444467
1053,1448.5184065056476
1054,1448.3678636811837
1055,1448.0754055800455
1056,1447.9249282822402
1057,1447.6325227109464
1058,1447.4821109652066
1059,1447.3318335603774
1060,1447.1816312945366
1061,1447.031563456075
1062,1446.8815708298
1063,1446.6083438277549
1064,1446.4584156543833
1065,1446.1658673543413
1066,1446.0160049307196
1067,1446.1302132746962
1068,1445.9804049730164
1069,1445.6878601075439
1070,1445.5381176075234
1071,1445.6526323061832
1072,1445.5029439774637
1073,1445.2104025415676
1074,1444.9179232023055
1075,1444.6255653452674
1076,1444.2902062662743
1077,1444.1491861509992
1078,1443.9994669014006
1079,1443.7071604704058
1080,1443.433739271032
1081,1443.2928443983826
1082,1443.2839589568403
1083,1443.134208444602
1084,1443.2488506682366
1085,1443.108005845943
1086,1442.8156970095872
1087,1442.6750320042538
1088,1442.790047699186
1089,1442.4548411705753
1090,1442.57026945719
1091,1442.4203666905348
1092,1442.128089468725
1093,1441.8546031973353
1094,1441.9703793212666
1095,1441.8297836911631
1096,1441.556410154035
1097,1441.283108405046
1098,1441.1427140294418
1099,1441.0024761924049
1100,1441.11859706284
1101,1440.783478795769
1102,1440.4912619405193
1103,1440.1562214629369
1104,1439.8641015239448
1105,1439.5908839460037
1106,1439.2988565729272
1107,1439.0257411492594
1108,1438.7338063844936
1109,1438.39886097814
1110,1438.107023274392
1111,1437.7721557356535
1112,1437.4804151383585
1113,1437.1456254976472
1114,1436.8539820522767
1115,1436.5192703400226
1116,1436.2277240920848
1117,1436.0772994952679
1118,1435.785806222182
1119,1435.6354475265853
1120,1435.344007257562
1121,1435.1937144888925
1122,1434.9023272531695
1123,1434.7521004371513
1124,1434.4607662639917
1125,1434.1262674598745
1126,1433.8350306711206
1127,1433.5006099373402
1128,1433.209470578695
1129,1432.8751279457986
1130,1432.5840860629999
1131,1432.43389369566
1132,1432.1429050110921
1133,1431.9927786720625
1134,1431.7018432151283
1135,1431.4286199723217
1136,1431.1377777544756
1137,1430.9876374878884
1138,1430.696848567063
1139,1430.5562865274508
1140,1430.2655843159828
1141,1430.1252026328086
1142,1429.8345871690053
1143,1429.6943859780986
1144,1429.421234445058
1145,1429.4112621653005
1146,1429.4015148987128
1147,1429.3919927674124
1148,1429.3826958936231
1149,1429.3736243996716
1150,1429.3647784079901
1151,1429.3561580411151
1152,1429.022312462318
1153,1428.6885702680963
1154,1428.3549314966992
1155,1428.0213961864017
1156,1428.0131413531878
1157,1428.0051124851107
1158,1427.9973097051127
1159,1427.9897331362401
1160,1427.6564414801771
1161,1427.3232534524404
1162,1426.9901690914583
1163,1426.9829242198114
1164,1426.8421760966442
1165,1426.5091978193705
1166,1426.1763233053796
1167,1425.8435525931964
1168,1425.5108857213727
1169,1425.1776643305018
1170,1424.903936220134
1171,1424.5708522525908
1172,1424.2378721029206
1173,1423.9054149804936
1174,1423.5730618484297
1175,1423.240812745417
1176,1422.987312452379
1177,1422.980638475361
1178,1422.6485964833955
1179,1422.3166586482405
1180,1421.9848250087034
1181,1421.6530956036186
1182,1421.3214704718482
1183,1421.0476944642116
1184,1420.7161474731693
1185,1420.3838056360255
1186,1420.0515679820953
1187,1419.7779647793923
1188,1419.445865043721
1189,1419.1724272474178
1190,1418.8404655013692
1191,1418.5091479629853
1192,1418.1779349091848
1193,1417.8468263790103
1194,1417.5158224115312
1195,1417.1849230458429
1196,1416.8532880211333
1197,1416.5217574850321
1198,1416.1910518975585
1199,1415.8604510410594
1200,1415.6083677917088
1201,1415.2779398730192
1202,1414.9476167915143
1203,1414.6164375866558
1204,1414.2853630784946
1205,1413.9543933062662
1206,1413.6235283092349
1207,1413.2927681266901
1208,1412.9621127979506
1209,1412.6315623623607
1210,1412.3583554097747
1211,1412.0673683823018
1212,1411.7765041873288
1213,1411.4857628796465
1214,1411.480146623004
1215,1411.2071294248133
1216,1411.2017059670316
1217,1411.1965103578925
1218,1410.8665869058502
1219,1410.5367686091242
1220,1410.531873534396
1221,1410.5272066074492
1222,1410.5227679532363
1223,1410.5185576968179
1224,1410.514575963363
1225,1410.510822878147
1226,1410.5072985665545
1227,1410.5040031540768
1228,1410.2307159567438
1229,1410.227614600306
1230,1410.2247423910767
1231,1409.8950667156817
1232,1409.5654964416044
1233,1409.2360316086044
1234,1408.90667225647
1235,1408.577418425016
1236,1408.436299230183
1237,1408.1071180085316
1238,1407.8340590626437
1239,1407.5049571712832
1240,1407.2140922519145
1241,1406.8851311128628
1242,1406.5562756601173
1243,1406.227525933632
1244,1405.8988819733902
1245,1405.570343819404
1246,1405.2419115117111
1247,1405.1007326482993
1248,1404.7720118211007
1249,1404.4433968344372
1250,1404.3024891649793
1251,1404.029463602648
1252,1403.8887961130959
1253,1403.7483457054143
1254,1403.4575923447337
1255,1403.1291738808725
1256,1402.838518527066
1257,1402.5101809371752
1258,1402.2196236364168
1259,1401.970356701581
1260,1401.6421693647255
1261,1401.4927187979338
1262,1401.164638316256
1263,1400.8917663790162
1264,1400.5637657314044
1265,1400.290999743127
1266,1399.9630789613673
1267,1399.6904189753539
1268,1399.3625780912516
1269,1399.0900241608506
1270,1398.7623235888223
1271,1398.489815384837
1272,1398.162194787983
1273,1397.8716698039045
1274,1397.5812680883694
1275,1397.440889800647
1276,1397.150575609794
1277,1397.0103788995864
1278,1396.7201522721869
1279,1396.5801372768929
1280,1396.2899982517483
1281,1395.9999827017193
1282,1395.7100302163365
1283,1395.4202013027432
1284,1395.1304355366776
1285,1394.8407934392362
1286,1394.5132311641412
1287,1394.2236876585182
1288,1393.8962066589886
1289,1393.6067617918172
1290,1393.279362100644
1291,1392.9900159185975
1292,1392.7176503100009
1293,1392.5676761547063
1294,1392.2403928818742
1295,1391.951106561146
1296,1391.6239046905678
1297,1391.3347171452972
1298,1391.0075967098498
1299,1390.7185079868186
1300,1390.4294827118895
1301,1390.140581517694
1302,1389.851743855215
1303,1389.5630303710934
1304,1389.2743805024568
1305,1388.9858549099663
1306,1388.8458250742394
1307,1388.6903144528223
1308,1388.5504955216195
1309,1388.2620761788348
1310,1388.1224393065543
1311,1387.9830205604776
1312,1387.8437594231148
1313,1387.704716712268
1314,1387.432419200952
1315,1387.281894526348
1316,1386.9549336770415
1317,1386.8045477141175
1318,1386.4776944521366
1319,1386.1892781232746
1320,1386.0502795275181
1321,1385.9114996490114
1322,1385.7728779010831
1323,1385.6344751721674
1324,1385.483965403412
1325,1385.596976213381
1326,1385.3246293322136
1327,1385.4380511065795
1328,1385.1657958718686
1329,1384.877394361127
1330,1384.5890565729462
1331,1384.3169366570064
1332,1384.028694277459
1333,1383.7566780905217
1334,1383.468531164144
1335,1383.3301849512975
1336,1383.1919972125295
1337,1383.0540289349458
1338,1382.7820660705836
1339,1382.510236213604
1340,1382.2384785573113
1341,1381.9668540224313
1342,1381.6787896085427
1343,1381.540978197184
1344,1381.403325658038
1345,1381.1153748285312
1346,1381.2289677645624
1347,1380.9411016670094
1348,1380.8036098492446
1349,1380.5158325536968
1350,1380.3785247461117
1351,1380.090836292343
1352,1379.9537126354664
1353,1379.6821530719408
1354,1379.5452126199714
1355,1379.2576087443038
1356,1378.9861160777589
1357,1378.6986080110935
1358,1378.4272194591078
1359,1378.2753631217593
1360,1378.0040361728654
1361,1377.7165850724425
1362,1377.4453623385598
1363,1377.1580071317574
1364,1376.886888665155
1365,1376.5996293968917
1366,1376.3286152498833
1367,1376.041451965115
1368,1375.7705421900591
1369,1375.499766091628
1370,1375.3628805755907
1371,1375.075809045153
1372,1374.939108086959
1373,1374.6521257756287
1374,1374.3255164878792
1375,1374.0386343699392
1376,1373.7121070404962
1377,1373.4253251638638
1378,1373.288792565505
1379,1373.018113412012
1380,1372.881764562845
1381,1372.5950677996625
1382,1372.4589039334753
1383,1372.322961350312
1384,1371.9965153056057
1385,1371.8426618943515
1386,1371.5163162605186
1387,1371.2457540793419
1388,1370.9194894567693
1389,1370.6490348862378
1390,1370.3228513074598
1391,1370.1702443098086
1392,1369.8441686206527
1393,1369.6917003493763
1394,1369.3657326539076
1395,1369.2134032243837
1396,1368.88754362684
1397,1368.7353531546269
1398,1368.5832398153489
1399,1368.4312649292353
1400,1368.2793672544528
1401,1368.1276081255353
1402,1367.8569124897729
1403,1367.7052199011484
1404,1367.43458620464
1405,1367.2829601828919
1406,1367.1314115120829
1407,1366.9800015696344
1408,1366.8286690568584
1409,1366.6774753655093
1410,1366.5263591826854
1411,1366.3753819144786
1412,1366.050016185507
1413,1365.8991787764317
1414,1365.5739219406776
1415,1365.3030993046016
1416,1364.9779240613598
1417,1364.7072090857505
1418,1364.382115467994
1419,1364.1115082075708
1420,1363.786496248295
1421,1363.4992964564879
1422,1363.1744287798404
1423,1362.8495463996414
1424,1362.7128780555233
1425,1362.44238192372
1426,1362.171958621049
1427,1361.9016696793906
1428,1361.7651723190081
1429,1361.6142472174677
1430,1361.3439830763007
1431,1361.193124928111
1432,1360.9059142148587
1433,1360.7551242077918
1434,1360.467968059377
1435,1360.317246221171
1436,1360.0301446680887
1437,1359.8794910265021
1438,1359.5924440992746
1439,1359.3221540587763
1440,1359.051936981036
1441,1358.7818544985973
1442,1358.5118450808911
1443,1358.3610934146686
1444,1358.091146328269
1445,1357.9404617336747
1446,1357.9344864985696
1447,1357.9287420540181
1448,1357.9232285281525
1449,1357.9179460492167
1450,1357.9128947455658
1451,1357.9080747456696
1452,1357.903486178108
1453,1357.6333537768783
1454,1357.4826822892944
1455,1357.3456244897502
1456,1357.1950133414487
1457,1356.9248950035362
1458,1356.7743510990263
1459,1356.5042951030716
1460,1356.3673487437754
1461,1356.097390221243
1462,1355.8275666509082
1463,1355.5578164266378
1464,1355.2882012716811
1465,1355.2834888190434
1466,1355.2790080863558
1467,1355.00939547629
1468,1354.8586465315113
1469,1354.53465052188
1470,1354.3840426978488
1471,1354.060156923293
1472,1353.9096903393004
1473,1353.5859149078476
1474,1353.4355896833702
1475,1353.1898391097561
1476,1352.8662456265645
1477,1352.7160874133313
1478,1352.4463847091843
1479,1352.2962940106618
1480,1352.050735042388
1481,1351.805247681098
1482,1351.8012515039447
1483,1351.4780489004586
1484,1351.1549556595794
1485,1350.8317864936391
1486,1350.508726732048
1487,1350.2636696510483
1488,1350.1138569973596
1489,1349.9641848094857
1490,1349.6413714796875
1491,1349.4918415319657
1492,1349.1691395239948
1493,1349.0197519375677
1494,1348.7499264463531
1495,1348.6006067498695
1496,1348.4513659249703
1497,1348.3022658615914
1498,1348.0143024416768
1499,1347.8652716203094
1500,1347.5428217000997
1501,1347.272969753975
1502,1346.9506029227161
1503,1346.801705790145
1504,1346.4794507573613
1505,1346.3306965315817
1506,1346.0085534079337
1507,1345.8599422111295
1508,1345.5379111074649
1509,1345.389443062014
1510,1345.1014000081777
1511,1344.953001492676
1512,1344.8150219533566
1513,1344.6666848767065
1514,1344.5288473833343
1515,1344.3805717684088
1516,1344.1105050783713
1517,1343.9622978457771
1518,1343.8245471581338
1519,1343.676401443
1520,1343.5387930358524
1521,1343.3907088611052
1522,1343.3869746907799
1523,1343.383473632719
1524,1343.3802058173774
1525,1343.377171375326
1526,1343.3743704372503
1527,1343.371803133951
1528,1343.3694695963438
1529,1343.3673699554613
1530,1343.3655043424499
1531,1343.3638728885728
1532,1343.3624757252098
1533,1343.0411894104695
1534,1343.1503501042632
1535,1342.8617549928128
1536,1342.591286837801
1537,1342.3027883783698
1538,1342.032426299065
1539,1341.7621376440657
1540,1341.491984507422
1541,1341.2035861094093
1542,1340.9335392117257
1543,1340.6123626314459
1544,1340.3424245156752
1545,1340.340976264632
1546,1340.1877030870317
1547,1340.0344850939382
1548,1340.0332397932991
1549,1339.712274924747
1550,1339.5590894268441
1551,1339.2382285019137
1552,1339.0850913297238
1553,1339.0841287981764
1554,1339.083401158243
1555,1339.0829085420194
1556,1339.0826510817212
1557,1339.0826289096788
1558,1339.0828421583403
1559,1339.0832909602716
1560,1338.762813816074
1561,1338.6245360973983
1562,1338.3041362767888
1563,1338.015675367514
1564,1338.0163627737554
1565,1338.017286047226
1566,1337.6970520703965
1567,1337.5588694946446
1568,1337.2387129614922
1569,1336.968596295548
1570,1336.6985532402944
1571,1336.5499647989043
1572,1336.4118777810063
1573,1336.2740133576972
1574,1336.1363095141244
1575,1335.866340756809
1576,1335.8672956528583
1577,1335.8684867324087
1578,1335.8699141287636
1579,1335.8715779753445
1580,1335.8734784056926
1581,1335.603404068983
1582,1335.46569628643
1583,1335.1957203342251
1584,1335.0581980507384
1585,1335.1667160134712
1586,1335.0293682029942
1587,1335.1382923214103
1588,1334.9892549177578
1589,1334.7193073339477
1590,1334.4494957740344
1591,1334.300453771052
1592,1334.03070483548
1593,1334.1399142312378
1594,1333.9870950158572
1595,1333.6983189999703
1596,1333.4286905726403
1597,1333.5383290351458
1598,1333.2687950285297
1599,1333.119566831535
1600,1332.970481011548
1601,1332.8214753036946
1602,1332.6726120716855
1603,1332.5238290359855
1604,1332.375188575105
1605,1332.226628394838
1606,1332.0782108885044
1607,1331.9298737472202
1608,1331.78167937912
1609,1331.6335654606382
1610,1331.4855944147293
1611,1331.5950044854424
1612,1331.4470915374143
1613,1331.556873668071
1614,1331.2868722261194
1615,1331.0169446666848
1616,1330.8640548293235
1617,1330.5942567473849
1618,1330.4414155866557
1619,1330.2933576207254
1620,1330.004162960948
1621,1330.0053157660486
1622,1330.0067056952105
1623,1330.0083328827964
1624,1330.010197463288
1625,1329.740344171744
1626,1329.4511077149662
1627,1329.1813615553895
1628,1329.033255654742
1629,1328.7142507556446
1630,1328.4250756644171
1631,1328.1061573393463
1632,1327.8170829122766
1633,1327.6787750968085
1634,1327.3897908193628
1635,1327.2416613487142
1636,1327.0889579331003
1637,1326.940918114871
1638,1326.651971098552
1639,1326.5040021043117
1640,1326.2151091571704
1641,1325.8964189488358
1642,1325.607626839752
1643,1325.2890233707485
1644,1325.136421788824
1645,1324.8179239913018
1646,1324.665371273148
1647,1324.3469791959926
1648,1324.199164529669
1649,1323.8808883548945
1650,1323.733220502306
1651,1323.4444809787215
1652,1323.1747258479093
1653,1323.2842761817083
1654,1323.1459547775155
1655,1323.0077942228274
1656,1322.7381211684167
1657,1322.8480524616587
1658,1322.5784741708383
1659,1322.2603753838077
1660,1321.9423894173199
1661,1321.6245163166768
1662,1321.3067561272155
1663,1320.9891088943057
1664,1320.6711981965225
1665,1320.3534004565283
1666,1320.035715719746
1667,1319.7181440316328
1668,1319.5800896104327
1669,1319.442259015609
1670,1319.3046524122747
1671,1319.0160210783768
1672,1318.8786022929278
1673,1318.7413450107158
1674,1318.6043121942037
1675,1318.2869369950226
1676,1317.969674986122
1677,1317.6525262130826
1678,1317.3354907215187
1679,1317.0185685570789
1680,1316.748931181427
1681,1316.6119144798647
1682,1316.6137436091465
1683,1316.296914980023
1684,1316.2990239183077
1685,1316.3013713255968
1686,1315.9847392343097
1687,1315.987366839444
1688,1315.9902332150268
1689,1315.993338497148
1690,1315.9966828220167
1691,1316.0002663259675
1692,1316.0040891454555
1693,1316.0081514170586
1694,1315.691924845345
1695,1315.6962685359763
1696,1315.7008519821727
1697,1315.705675320911
1698,1315.7107386892912
1699,1315.7160422245345
1700,1315.4459427674572
1701,1315.2978621079765
1702,1315.3033646936958
1703,1315.0333544116768
1704,1314.7171914457585
1705,1314.4795050758473
1706,1314.1635318107005
1707,1314.1693985823156
1708,1314.175506044141
1709,1314.181854334014
1710,1314.1884435898953
1711,1314.1952739498697
1712,1314.2023455521464
1713,1313.8868655254926
1714,1313.8942208529086
1715,1313.5788975000025
1716,1313.5865367810718
1717,1313.316387650684
1718,1313.0463754463701
1719,1312.7569874267608
1720,1312.4871458851833
1721,1312.2174414155418
1722,1311.9281846851288
1723,1311.6390548401685
1724,1311.3694290754963
1725,1311.2315876544276
1726,1310.9620614440835
1727,1310.6926724948205
1728,1310.540985977176
1729,1310.2519782737118
1730,1310.360701475318
1731,1310.071780173625
1732,1309.7565290724385
1733,1309.4677090097748
1734,1309.1984196611186
1735,1308.9292677165913
1736,1308.7777791728138
1737,1308.489084024217
1738,1308.2200335721811
1739,1307.9314363628516
1740,1307.7937311644605
1741,1307.6562508474228
1742,1307.3411319439053
1743,1307.0526266396855
1744,1306.7836787539072
1745,1306.4952714991578
1746,1306.3464787872729
1747,1306.0581257224944
1748,1305.7431470398571
1749,1305.4548955395987
1750,1305.1667083896043
1751,1304.878648746412
1752,1304.7275097632591
1753,1304.4395709684857
1754,1304.124723072261
1755,1303.9873635536815
1756,1304.0962865047593
1757,1303.827463936226
1758,1303.558715909365
1759,1303.4215203190395
1760,1303.1067519324686
1761,1302.8189066829916
1762,1302.50429044239
1763,1302.3533934421055
1764,1302.0656433339016
1765,1301.9165613945672
1766,1301.6479087175005
1767,1301.4988971498003
1768,1301.230307648085
1769,1301.0813664820182
1770,1300.9325071880764
1771,1300.7837930751055
1772,1300.5151806320962
1773,1300.3779201548075
1774,1300.0900599641702
1775,1299.9529886402452
1776,1299.6652198992674
1777,1299.5144977485957
1778,1299.226850160879
1779,1299.0899883776299
1780,1298.775649637005
1781,1298.6389793710823
1782,1298.370485354653
1783,1298.2340033443916
1784,1297.9197471611424
1785,1297.7707338761643
1786,1297.621802538797
1787,1297.4730165796784
1788,1297.185339809667
1789,1297.036625828455
1790,1296.749003582151
1791,1296.6003616100493
1792,1296.2863805881113
1793,1296.137888544937
1794,1296.246423253853
1795,1296.097990493842
1796,1295.8292981121149
1797,1295.6809361408807
1798,1295.412306982874
1799,1295.2640158307397
1800,1294.9762824507222
1801,1294.8280635135043
1802,1294.6774587330592
1803,1294.5293312855292
1804,1294.3787289400248
1805,1294.230693026066
1806,1294.3393488079862
1807,1294.191372374666
1808,1293.9036090034533
1809,1293.7557049288182
1810,1293.7616093614376
1811,1293.6109984608845
1812,1293.4631814923796
1813,1293.194389413441
1814,1293.04664353784
1815,1292.7588433007984
1816,1292.6111699094602
1817,1292.323424208267
1818,1292.1758233327764
1819,1291.8881321980505
1820,1291.740603870015
1821,1291.4717526046163
1822,1291.3242955145186
1823,1291.432862734924
1824,1291.2854653970717
1825,1290.9722927243192
1826,1290.8250465134865
1827,1290.5561659204438
1828,1290.4089910777984
1829,1290.1401737169926
1830,1289.993070273291
1831,1289.724316183475
1832,1289.5772841694973
1833,1289.6859687970234
1834,1289.5389967216552
1835,1289.2260975266202
1836,1289.0792769803418
1837,1288.932539443759
1838,1288.7859487278672
1839,1288.4732442750658
1840,1288.2044103882638
1841,1287.8917948618484
1842,1287.6230719984671
1843,1287.7319251850377
1844,1287.4632985866544
1845,1287.1507692455068
1846,1286.8822537863107
1847,1286.5698134521153
1848,1286.3014091901443
1849,1285.9890579015744
1850,1285.7207648949181
1851,1285.5741264959177
1852,1285.6833243249268
1853,1285.371091915683
1854,1285.2330837588831
1855,1284.9209334354666
1856,1284.7831168011455
1857,1284.5148417737555
1858,1284.3682250739982
1859,1284.0801190934437
1860,1283.9335756061105
1861,1283.6455240734779
1862,1283.499053830736
1863,1283.3488416424527
1864,1283.2024640569125
1865,1282.8905852804319
1866,1282.74436017859
1867,1282.4326035317445
1868,1282.2865310537127
1869,1281.9984446620404
1870,1281.8524456393027
1871,1281.9615819404844
1872,1281.815643424008
1873,1281.5040821574967
1874,1281.3582965370936
1875,1281.0701772408113
1876,1280.92446521033
1877,1280.613069583256
1878,1280.4675106588243
1879,1280.1562377153484
1880,1280.0108320381241
1881,1279.699681908016
1882,1279.4310755276472
1883,1279.2857476503616
1884,1279.1474294981738
1885,1278.8592537795687
1886,1278.7211254797596
1887,1278.433041855962
1888,1278.1450869518883
1889,1278.2542142973741
1890,1278.116253990532
1891,1277.828350193817
1892,1277.5405752241466
1893,1277.229566065902
1894,1277.0796892480676
1895,1276.7687908659
1896,1276.618964644135
1897,1276.3313165834518
1898,1276.1815409788896
1899,1275.8940150705664
1900,1275.7563019775926
1901,1275.8658522802687
1902,1275.9758676417905
1903,1275.6884161900898
1904,1275.7988560231013
1905,1275.6492256001936
1906,1275.3807489706678
1907,1275.2311692523972
1908,1274.9628249867994
1909,1274.6521157919508
1910,1274.383883095902
1911,1274.0965842460466
1912,1273.8284613661453
1913,1273.6822713518131
1914,1273.5446657818113
1915,1273.2340919783855
1916,1272.9660313937504
1917,1272.97080678695
1918,1272.6603674934079
1919,1272.3923818001306
1920,1272.2462411698255
1921,1271.9783191353158
1922,1272.0889324255893
1923,1271.8016521448362
1924,1271.5144366762981
1925,1271.3682609390942
1926,1271.0579963616085
1927,1270.7901376714356
1928,1270.644039824968
1929,1270.4980903713679
1930,1270.2108538497575
1931,1269.9237466715488
1932,1269.6367044018734
1933,1269.3497915795858
1934,1269.062943754143
1935,1268.9252067442324
1936,1268.6384518131472
1937,1268.3706238527957
1938,1268.0839690016567
1939,1267.9349530644818
1940,1267.6484210990602
1941,1267.3807315476529
1942,1267.0942997695827
1943,1266.826720448088
1944,1266.559216374285
1945,1266.669981765033
1946,1266.3836440408224
1947,1266.4948355621893
1948,1266.6064303434218
1949,1266.3202046218425
1950,1266.1734596324288
1951,1266.0357907647165
1952,1266.1477399354815
1953,1265.880290732088
1954,1265.992666228606
1955,1265.8551518798124
1956,1265.5877619738133
1957,1265.4504370994268
1958,1265.1831491455584
1959,1265.0460138949538
1960,1265.1587537276162
1961,1264.8725474442285
1962,1264.6053540106034
1963,1264.468386767919
1964,1264.2012953939343
1965,1263.9343442456259
1966,1263.6674686295694
1967,1263.4007333641298
1968,1263.1340737401056
1969,1262.8675545918702
1970,1262.6011111944374
1971,1262.4535710126556
1972,1262.16740565929
1973,1261.8813703701167
1974,1261.9943661738776
1975,1261.7084197305014
1976,1261.4225386221754
1977,1261.156192988278
1978,1260.870412480043
1979,1260.5847622516449
1980,1260.3184980436479
1981,1260.0523745820044
1982,1259.7667954199542
1983,1259.6188095566904
1984,1259.3333540608162
1985,1259.0480290206958
1986,1258.7627695739814
1987,1258.4776406886592
1988,1258.1925774865015
1989,1257.9266049726584
1990,1257.6416427727981
1991,1257.3757815008296
1992,1257.109996235579
1993,1256.8443520031876
1994,1256.559496466319
1995,1256.2939636516269
1996,1256.0285070046264
1997,1255.7437878762928
1998,1255.4591345883723
1999,1255.1746122050552
2000,1254.9092726951028
2001,1254.6248515672723
2002,1254.3404964114914
2003,1254.0307966392295
2004,1253.7465462047548
2005,1253.4624268965342
2006,1253.1972122040352
2007,1252.9131943569473
2008,1252.6292426558075
2009,1252.364174978676
2010,1252.0803248296286
2011,1251.7966060288843
2012,1251.51295350661
2013,1251.248003180964
2014,1250.9644523596776
2015,1250.69961380991
2016,1250.4161647391932
2017,1250.1328472395662
2018,1249.849596193146
2019,1249.5400701239885
2020,1249.2569243818762
2021,1248.973910376662
2022,1248.6909629584072
2023,1248.4081473847916
2024,1248.1253984898588
2025,1247.8159896750074
2026,1247.533346338276
2027,1247.2508350126893
2028,1246.968390500191
2029,1246.6860781070457
2030,1246.403832619158
2031,1246.2667220508317
2032,1245.9845719114376
2033,1245.847652670699
2034,1245.56559792454
2035,1245.2836755209503
2036,1245.0018201975781
2037,1244.865083946251
2038,1244.6003632070303
2039,1244.3186389420207
2040,1244.036981841087
2041,1243.7554573077816
2042,1243.6188660227785
2043,1243.3374371847055
2044,1243.0560756451098
2045,1242.7748468400507
2046,1242.4936854266105
2047,1242.6065000923386
2048,1242.32542991239
2049,1242.1890288611255
2050,1241.9080546126224
2051,1241.7718454565384
2052,1241.490967184723
2053,1241.2102219288627
2054,1240.9295442814152
2055,1240.648999759828
2056,1240.368522940422
2057,1240.088179356975
2058,1240.2012945231756
2059,1240.3148818824413
2060,1240.005714881421
2061,1239.854659778265
2062,1239.5743297605443
2063,1239.6882859222644
2064,1239.3791765917247
2065,1239.4935666145536
2066,1239.1845369543762
2067,1239.0483685940367
2068,1238.7394233036594
2069,1238.459223512333
2070,1238.194565398818
2071,1237.9144691720605
2072,1237.634440821934
2073,1237.6346007892955
2074,1237.3258432245539
2075,1237.0458861985835
2076,1236.7660627673592
2077,1236.4863073487807
2078,1236.2066856357878
2079,1235.9271320300575
2080,1235.647712240949
2081,1235.3683606539073
2082,1235.089142994718
2083,1234.80999363259
2084,1234.5309783097407
2085,1234.645565067987
2086,1234.7606262836632
2087,1234.8760967730457
2088,1234.9920427916957
2089,1235.1083991413996
2090,1235.2252320959508
2091,1234.9166177050697
2092,1234.651984940073
2093,1234.3874941683027
2094,1234.123145461602
2095,1233.8441603213432
2096,1233.5653093567487
2097,1233.3010429413873
2098,1233.0222962877995
2099,1232.7581421394407
2100,1232.4794998486916
2101,1232.2154580266072
2102,1231.9515585399681
2103,1231.6877356024477
2104,1231.4092036807895
2105,1231.5263174078975
2106,1231.2478780994609
2107,1231.3654277873184
2108,1231.0870811409852
2109,1230.8088031305113
2110,1230.5306597116294
2111,1230.648628135714
2112,1230.3705775263
2113,1230.106852164705
2114,1229.7983840568404
2115,1229.520411649001
2116,1229.242574011664
2117,1229.3609453186637
2118,1229.2080194288849
2119,1228.930198872552
2120,1228.6525131988735
2121,1228.77125740653
2122,1228.4936647906586
2123,1228.6128471333006
2124,1228.335347624586
2125,1228.4549686464034
2126,1228.1466372793695
2127,1228.1453188315763
2128,1227.8371515351234
2129,1227.529103998853
2130,1227.392485110143
2131,1227.2560955103024
2132,1227.1199353723187
2133,1226.9840048693993
2134,1227.1039377551608
2135,1226.9681869527692
2136,1226.7044550545068
2137,1226.5688960299217
2138,1226.2914096952175
2139,1226.2900384183235
2140,1226.2889110756082
2141,1226.2880278099976
2142,1225.980129810818
2143,1225.7026445813954
2144,1225.3948399944868
2145,1225.2413317001462
2146,1225.1057747380332
2147,1224.8283510169483
2148,1224.692987126642
2149,1224.4156614535566
2150,1224.2804907886446
2151,1224.003263210591
2152,1224.123323368933
2153,1223.846189215162
2154,1223.6924480631626
2155,1223.4153731870292
2156,1223.261704810661
2157,1222.9846892468527
2158,1222.7208632257436
2159,1222.4439532061292
2160,1222.2902705661043
2161,1222.0134199417287
2162,1221.749665801038
2163,1221.472920822003
2164,1221.1963115596873
2165,1220.9197717575937
2166,1221.0400228228955
2167,1220.9047814158496
2168,1220.7508910294912
2169,1220.6157958973445
2170,1220.3393317595217
2171,1220.1854296862032
2172,1219.9090251574432
2173,1219.755195897883
2174,1219.4478154948017
2175,1219.17144395407
2176,1219.0177582917222
2177,1218.8826929005834
2178,1218.6064101243185
2179,1218.4527128200714
2180,1218.145506263727
2181,1217.9919626744154
2182,1217.684881112057
2183,1217.5314913820175
2184,1217.3000027573114
2185,1216.9931263206447
2186,1216.991771408895
2187,1216.685060728464
2188,1216.3784708852565
2189,1216.0720019305732
2190,1215.7656539157535
2191,1215.4594268921799
2192,1215.1533209112713
2193,1214.84733602449
2194,1214.5414722833373
2195,1214.2357297393546
2196,1213.9294428419278
2197,1213.623876194492
2198,1213.3184308822638
2199,1213.0131069569381
2200,1212.7079044702507
2201,1212.402823473976
2202,1212.097864019931
2203,1211.793026159973
2204,1211.4883099459987
2205,1211.1837154299476
2206,1210.8792426637995
2207,1210.5748916995735
2208,1210.270662589332
2209,1209.9665553851771
2210,1209.7371588715564
2211,1209.4332546001517
2212,1209.156318480415
2213,1208.852509486171
2214,1208.8525800572204
2215,1208.852896411335
2216,1208.8534586934884
2217,1208.8542670487898
2218,1208.8553216224839
2219,1208.8566225599498
2220,1208.8581700067036
2221,1208.8599641083968
2222,1208.8620050108161
2223,1208.864292859885
2224,1208.7279781524255
2225,1208.4232498839276
2226,1208.118643722243
2227,1207.8141597198166
2228,1207.5097979291343
2229,1207.2055584027246
2230,1206.901441193157
2231,1206.5974463530424
2232,1206.3327818605628
2233,1206.0682602385812
2234,1205.7644656381378
2235,1205.4615945978499
2236,1205.1588463156666
2237,1204.8562208444912
2238,1204.5537182372711
2239,1204.251338546995
2240,1203.949081826692
2241,1203.646948129436
2242,1203.3449375083412
2243,1203.043050016565
2244,1202.7412857073066
2245,1202.464251081059
2246,1202.1611793774653
2247,1202.0251147537901
2248,1201.8892812598613
2249,1201.7536790714173
2250,1201.4892235786147
2251,1201.2249111316585
2252,1200.9482149513144
2253,1200.6840825794732
2254,1200.5488273658082
2255,1200.272334064013
2256,1199.9959771552221
2257,1199.7197567053765
2258,1199.4178140823503
2259,1199.1159947470105
2260,1198.8142987526821
2261,1198.5127261527332
2262,1198.2112770005735
2263,1197.9099513496574
2264,1197.6087492534784
2265,1197.3076707655757
2266,1197.310878888561
2267,1197.009971216227
2268,1197.013474633866
2269,1197.0172263398115
2270,1197.0212264815643
2271,1197.0254752067642
2272,1197.0299726631902
2273,1197.0347189987585
2274,1197.0397143615255
2275,1197.0449588996873
2276,1196.7445537469257
2277,1196.4442726717643
2278,1196.1441157282102
2279,1195.844082970313
2280,1195.5441744521663
2281,1195.2443902279076
2282,1194.944730351716
2283,1194.643518670498
2284,1194.342431020249
2285,1194.0414674550423
2286,1193.7647482289333
2287,1193.5002751352604
2288,1193.200856651821
2289,1192.936499010892
2290,1192.7842449203517
2291,1192.4836548954047
2292,1195.0527982461724
2293,1194.8282236505584
2294,1194.5286068096166
2295,1194.2291146515915
2296,1193.9297472310382
2297,1193.6305046025554
2298,1193.494097535937
2299,1193.3579220823492
2300,1193.0808983906502
2301,1192.8040112660449
2302,1192.8106372884524
2303,1192.511443187296
2304,1192.2123740089871
2305,1191.9476390502018
2306,1191.64745735864
2307,1191.3485429730179
2308,1191.049753654553
2309,1190.7851455402467
2310,1190.508365792016
2311,1190.2439384892998
2312,1189.9441155692082
2313,1189.6444175434708
2314,1189.380212292262
2315,1189.2443838965446
2316,1188.9679261126241
2317,1188.6916051786222
2318,1188.4154211608336
2319,1188.1393741256097
2320,1187.8634641393621
2321,1187.5646349343656
2322,1187.2659309524909
2323,1186.9673522487399
2324,1186.7034236592294
2325,1186.4049424256239
2326,1186.1411297234924
2327,1185.865324133696
2328,1185.7133847143243
2329,1185.4145095267984
2330,1185.2733481125085
2331,1184.9977708955882
2332,1185.0046510455772
2333,1185.011782357438
2334,1185.019164981664
2335,1184.7209322784422
2336,1184.7286150762927
2337,1184.5875070593063
2338,1184.4464601986285
2339,1184.305474513192
2340,1184.1645500219386
2341,1184.0236867438214
2342,1183.8828846978024
2343,1183.7311677778332
2344,1183.850955213715
2345,1183.7101512059671
2346,1183.56940846487
2347,1183.41770737636
2348,1183.2769689074164
2349,1183.1253643111988
2350,1182.9846301169061
2351,1182.8492577606523
2352,1182.7085786571815
2353,1182.556994935557
2354,1182.4163201196889
2355,1182.1529104337742
2356,1181.8896448313812
2357,1181.626455796497
2358,1181.474867577993
2359,1181.2117439878893
2360,1181.0602306865335
2361,1180.7971725818434
2362,1180.6457342322879
2363,1180.5103844840048
2364,1180.359013685899
2365,1180.2077290941304
2366,1180.0565984176149
2367,1179.905554047925
2368,1179.7546637113937
2369,1179.478992806311
2370,1179.1816188906328
2371,1178.884371284373
2372,1178.7335725510495
2373,1178.5829280367677
2374,1178.4324378093866
2375,1178.1567517772578
2376,1178.0063379000323
2377,1177.8560106719567
2378,1177.705837906471
2379,1177.430123128756
2380,1177.2800268462304
2381,1177.1300173540424
2382,1176.9801625005323
2383,1176.830394538917
2384,1176.680781335027
2385,1176.5312551247678
2386,1176.2345815159288
2387,1175.9380348099814
2388,1175.6414793463637
2389,1175.3451187310363
2390,1175.0488851707596
2391,1174.7525750681164
2392,1174.4563920814708
2393,1174.1926939241373
2394,1173.9718315431662
2395,1173.6759011265497
2396,1173.5268227134504
2397,1173.250993441236
2398,1173.3697818925623
2399,1173.0739871994135
2400,1172.9249705067916
2401,1172.6293116418024
2402,1172.3337802498256
2403,1172.0383763878474
2404,1171.818082804199
2405,1171.5228924751102
2406,1171.2278298325482
2407,1170.9325548987688
2408,1170.6566871331506
2409,1170.3617847225203
2410,1170.0670101495887
2411,1169.7723634716494
2412,1169.477844746044
2413,1169.18297761339
2414,1168.963458153565
2415,1168.6996795556204
2416,1168.4050665351635
2417,1168.2565618893454
2418,1167.9621539078669
2419,1167.8138822556807
2420,1167.6657666867243
2421,1167.371641081996
2422,1167.0776438033479
2423,1166.783774908519
2424,1166.490034455296
2425,1166.1964225015113
2426,1165.902939105047
2427,1165.6091752819425
2428,1165.3158809387014
2429,1165.0227153090855
2430,1164.7296784511589
2431,1164.4367704230328
2432,1164.143991282869
2433,1163.868021252795
2434,1163.6499058040215
2435,1163.4318774382623
2436,1163.1387599973393
2437,1162.8457714862063
2438,1162.5529119631547
2439,1162.260181486525
2440,1162.042589188454
2441,1161.7669176008105
2442,1161.4747175708262
2443,1161.1823053923079
2444,1160.8900224762572
2445,1160.5978688812452
2446,1160.3058446658922
2447,1160.4245125776617
2448,1160.2774279132357
2449,1160.1304320941588
2450,1159.8386527038958
2451,1159.7020428394715
2452,1159.555195332748
2453,1159.2796600552017
2454,1159.132891139755
2455,1158.9862112382095
2456,1158.8396887978272
2457,1158.564123703289
2458,1158.4275283718334
2459,1158.2809974065592
2460,1158.1445475126613
2461,1157.8690358447152
2462,1157.7327816253353
2463,1157.5862232697616
2464,1157.3223928077766
2465,1157.1759123379582
2466,1156.9121468552148
2467,1156.765744308413
2468,1156.6194995131768
2469,1156.473344022397
2470,1156.3370153898288
2471,1156.073185719766
2472,1155.9370521302699
2473,1155.6733291672524
2474,1155.5373907777994
2475,1155.273774576607
2476,1155.1380315443832
2477,1154.8624090201433
2478,1154.7268624324588
2479,1154.4513409890699
2480,1154.3159910042668
2481,1154.040570690978
2482,1153.905417467615
2483,1153.630098333719
2484,1153.4951420305688
2485,1153.2199241254036
2486,1153.0851649014548
2487,1152.8100482744019
2488,1152.67548628886
2489,1152.400470989344
2490,1152.1255944010843
2491,1151.9911924791224
2492,1151.7000304306955
2493,1151.4833990967716
2494,1151.3446407682784
2495,1151.205944957389
2496,1151.071788742228
2497,1150.9331492578822
2498,1150.658427230961
2499,1150.5198440983265
2500,1150.2452547395335
2501,1150.1067279837948
2502,1149.959438064564
2503,1149.8209160634788
2504,1149.5464429234582
2505,1149.4125724388953
2506,1149.1382009650927
2507,1149.0045284190755
2508,1148.7302586612434
2509,1148.4669339858265
2510,1148.31945781242
2511,1148.056198341798
2512,1147.908800140461
2513,1147.7752115340481
2514,1147.5119790750389
2515,1147.5200636855034
2516,1147.2458179954654
2517,1146.9826633598122
2518,1146.99092808337
2519,1146.727880999497
2520,1146.4649104555078
2521,1146.1907469029939
2522,1145.9166536875196
2523,1145.626167931211
2524,1145.3633241596988
2525,1145.4810632586405
2526,1145.207078667212
2527,1144.9166955776216
2528,1144.7689916530705
2529,1144.887112834972
2530,1144.624327694339
2531,1144.3340848195228
2532,1144.0601711467634
2533,1143.7700316394441
2534,1143.4962299461079
2535,1143.2336124818555
2536,1142.9599206485225
2537,1142.697419269222
2538,1142.423837352295
2539,1142.2902130508712
2540,1142.0167334201717
2541,1142.1352139624544
2542,1141.8618315149135
2543,1141.5885888765674
2544,1141.4404762795834
2545,1141.4484109524303
2546,1141.1859441681372
2547,1140.912695186247
2548,1140.6395861299623
2549,1140.3665478815203
2550,1140.1042070433857
2551,1139.831279106956
2552,1139.8392451557465
2553,1139.847466720327
2554,1139.5577125188331
2555,1139.2848230060376
2556,1138.9951724925447
2557,1138.8614752263284
2558,1138.8699748012887
2559,1138.7364678610502
2560,1138.4636482489109
2561,1138.3303399753136
2562,1138.181920963893
2563,1138.3003932458357
2564,1138.027623459182
2565,1137.7652470489563
2566,1137.4925878346323
2567,1137.220068979481
2568,1136.9476212341767
2569,1136.6853710533762
2570,1136.413034049884
2571,1136.1408375911985
2572,1135.9921223408726
2573,1135.8588681420354
2574,1135.596655291937
2575,1135.3245218944487
2576,1135.0624255384157
2577,1134.7730833500566
2578,1134.4838033174779
2579,1134.3468642579355
2580,1134.198148735395
2581,1133.936194196017
2582,1133.6641398022384
2583,1133.392226171826
2584,1133.1203839101584
2585,1132.8486825327507
2586,1132.5770526268475
2587,1132.4439451692135
2588,1132.172418754879
2589,1132.0395104109944
2590,1131.7680875395588
2591,1131.6353784714472
2592,1131.3640591942858
2593,1131.075043689698
2594,1130.8038380040864
2595,1130.5149266807637
2596,1130.2438346462022
2597,1129.9820439508019
2598,1129.7110634653448
2599,1129.5785394198817
2600,1129.4292356837052
2601,1129.2968603896304
2602,1129.0259358526953
2603,1128.764214177847
2604,1128.4934013132781
2605,1128.3612195490289
2606,1128.099576414794
2607,1128.1069843366522
2608,1127.9707286378648
2609,1127.7091882572643
2610,1127.4477946430184
2611,1127.3157534349214
2612,1127.0544683521045
2613,1126.7932604653129
2614,1126.5226004922272
2615,1126.2520124253847
2616,1126.3703345365755
2617,1126.1092402086667
2618,1125.8206360199295
2619,1125.5596603983615
2620,1125.4237505391238
2621,1125.1629160066898
2622,1125.0129560382206
2623,1124.752187888285
2624,1124.6023060818081
2625,1124.341604355773
2626,1124.1918007491201
2627,1123.9311654884302
2628,1123.7814401194637
2629,1123.5208713656075
2630,1123.5279705509738
2631,1123.3783238917115
2632,1123.1177837017738
2633,1122.9682153789154
2634,1122.707741763538
2635,1122.558251815069
2636,1122.4088513383804
2637,1122.2596103021715
2638,1121.9991112582777
2639,1121.8499487385254
2640,1121.7008758422019
2641,1121.5519625751197
2642,1121.2914380605196
2643,1121.1426034523454
2644,1120.8715814372597
2645,1120.9894631237614
2646,1120.7185400323685
2647,1120.4307736909711
2648,1120.1599647560752
2649,1119.8995550163525
2650,1119.6392230269705
2651,1119.4902714906914
2652,1119.2300062368304
2653,1118.9424098683792
2654,1118.6822639968568
2655,1118.3947720733856
2656,1118.1347456494111
2657,1117.8473582219985
2658,1117.5766585314536
2659,1117.2893764923458
2660,1117.0187911186283
2661,1116.8699170287573
2662,1116.609980786834
2663,1116.461185554823
2664,1116.2013162252067
2665,1116.052599889508
2666,1115.7927975141445
2667,1115.644160113242
2668,1115.3844247341233
2669,1115.235866306532
2670,1114.976197965693
2671,1114.8277185499612
2672,1114.9454588766516
2673,1114.685884054
2674,1114.426387450141
2675,1114.2778816598754
2676,1114.0184522295945
2677,1113.7316401817668
2678,1113.472330706549
2679,1113.3392130057632
2680,1113.0684609177454
2681,1112.9199343716396
2682,1112.6492439609808
2683,1112.500797416104
2684,1112.2415159550749
2685,1112.0931485642707
2686,1111.9448714619014
2687,1111.7967550825153
2688,1111.648729102226
2689,1111.5008639744053
2690,1111.3530893565446
2691,1111.2054757208507
2692,1111.3230002533244
2693,1111.1754531186455
2694,1111.2933777195656
2695,1111.1458971205104
2696,1110.8748492773857
2697,1110.7274491666728
2698,1110.5919839104827
2699,1110.4446860959754
2700,1110.1736835294253
2701,1110.0264662936909
2702,1109.7667647225026
2703,1109.619627224926
2704,1109.3599928363662
2705,1109.0740391466081
2706,1108.8145248356664
2707,1108.5286767239177
2708,1108.269282556507
2709,1107.9835400748634
2710,1107.7242661169596
2711,1107.438629317562
2712,1107.3048312284911
2713,1107.0923385182111
2714,1106.8068909896576
2715,1106.5477388407514
2716,1106.3354268953995
2717,1106.0764222928176
2718,1105.805505787964
2719,1105.5202692844316
2720,1105.2494673845242
2721,1105.2559642926656
2722,1104.9708892339604
2723,1104.8238218512663
2724,1104.6769163585886
2725,1104.406100466823
2726,1104.121225638795
2727,1103.8364858642742
2728,1103.5657567148746
2729,1103.3540657721985
2730,1103.069524800081
2731,1102.7849775320242
2732,1102.6501714376857
2733,1102.3658241086703
2734,1102.0952884960097
2735,1101.811048536967
2736,1101.54062775847
2737,1101.2564952229911
2738,1100.9724981440133
2739,1100.688636585375
2740,1100.4049106109712
2741,1100.1213202847518
2742,1099.8378656707214
2743,1099.5545468329412
2744,1099.2708676498316
2745,1098.987324238352
2746,1098.7042711758602
2747,1098.44521373331
2748,1098.1622677623338
2749,1097.8790322604325
2750,1097.7450944496961
2751,1097.598752414345
2752,1097.4525732227532
2753,1097.169815830261
2754,1096.887194674546
2755,1096.604709820159
2756,1096.3223613317089
2757,1096.0401492738577
2758,1095.7575765938702
2759,1095.6232800305925
2760,1095.3529000595618
2761,1095.2070290217123
2762,1094.924997097577
2763,1094.6428175584847
2764,1094.497205446692
2765,1094.2153881351205
2766,1093.933707615308
2767,1093.6521639523173
2768,1093.3707572112683
2769,1093.2253584018829
2770,1093.0801232445212
2771,1092.9350518161473
2772,1092.6536064187499
2773,1092.3722981319236
2774,1092.0911270210556
2775,1091.8100931515917
2776,1091.6654499221704
2777,1091.3845661918647
2778,1091.1255828641226
2779,1090.8448074944456
2780,1090.7003429396177
2781,1090.419717980065
2782,1090.1493693140258
2783,1089.8688537671812
2784,1089.609963012787
2785,1089.3295560346162
2786,1089.4464787720465
2787,1089.1661671847248
2788,1088.9073952149693
2789,1088.9160449442493
2790,1088.9249550321817
2791,1088.9341256408086
2792,1088.9435569323316
2793,1089.0607531103187
2794,1088.9271139537193
2795,1088.6471617750399
2796,1088.3673476125653
2797,1088.087671532522
2798,1087.8081336011937
2799,1087.5287338849237
2800,1087.2494724501137
2801,1086.970349363223
2802,1086.6913646907706
2803,1086.4125184993338
2804,1086.133810855548
2805,1085.855241826109
2806,1085.576811477771
2807,1085.2985198773447
2808,1085.0203670917035
2809,1085.0307943899031
2810,1085.0414833238171
2811,1085.0524340568447
2812,1085.0636467525483
2813,1084.9194772090561
2814,1084.7754729942633
2815,1084.6316341869203
2816,1084.6431220859083
2817,1084.6548723901633
2818,1084.4495618926592
2819,1084.1712462710402
2820,1083.8930698289983
2821,1083.6150326339302
2822,1083.627315447894
2823,1083.4224817366983
2824,1083.4351229859997
2825,1083.3000176796684
2826,1083.165150397842
2827,1083.030521326424
2828,1082.8961306515596
2829,1082.6185829227747
2830,1082.4844653341977
2831,1082.49719503536
2832,1082.5101880552795
2833,1082.523444559113
2834,1082.2462464905445
2835,1082.2598252568323
2836,1081.9828256505286
2837,1081.9967269844255
2838,1082.0108923924452
2839,1082.0253220405068
2840,1082.0400160946947
2841,1081.9069070162457
2842,1082.0233269574976
2843,1081.7639445844447
2844,1081.6308893149076
2845,1081.4978996850593
2846,1081.3649041579172
2847,1081.0883989694778
2848,1081.2053553446306
2849,1080.928947770544
2850,1080.6581239924033
2851,1080.381828432841
2852,1080.1111197478147
2853,1079.8349362606298
2854,1079.5643427295054
2855,1079.3052007467206
2856,1079.0347210587136
2857,1078.7756994305448
2858,1078.5167562231752
2859,1078.240712312757
2860,1077.9818900540465
2861,1077.996630158851
2862,1078.011635173788
2863,1077.7358208925764
2864,1077.5923473193852
2865,1077.3895707961897
2866,1077.405002078485
2867,1077.4206987444645
2868,1077.1452556111701
2869,1077.0020175363588
2870,1076.7267305674684
2871,1076.5836748325555
2872,1076.3085442213285
2873,1076.1656710302516
2874,1075.8906969703505
2875,1075.748006527455
2876,1075.6134066254413
2877,1075.342711789506
2878,1075.083682172639
2879,1074.8131013552368
2880,1074.6786988353415
2881,1074.4082242763816
2882,1074.5249651822035
2883,1074.2660159602106
2884,1073.9912253116975
2885,1073.7208652597303
2886,1073.4506490783351
2887,1073.1918335237565
2888,1072.9217316291313
2889,1072.6630368810645
2890,1072.3883878037216
2891,1072.2452911249802
2892,1071.9707990089912
2893,1071.827885384184
2894,1071.553550424429
2895,1071.4108200590974
2896,1071.1366424508617
2897,1070.9940955509614
2898,1070.7200754899382
2899,1070.5777122618372
2900,1070.3038499441288
2901,1070.0300576608204
2902,1069.8955428434945
2903,1069.6253379877865
2904,1069.3666068793439
2905,1069.224329822745
2906,1068.9656657721046
2907,1068.707080360159
2908,1068.572704732678
2909,1068.4304092724406
2910,1068.1719246728983
2911,1068.0297138280139
2912,1067.8288431575622
2913,1067.5586658303375
2914,1067.288560561539
2915,1067.0152113744837
2916,1066.8731352098364
2917,1066.8891558478254
2918,1066.9054432829707
2919,1066.9219976844067
2920,1066.938819221439
2921,1066.7969370938392
2922,1066.6551515417564
2923,1066.5135347926955
2924,1066.3720147445213
2925,1066.2306636445355
2926,1066.0894093710494
2927,1065.8167761528819
2928,1065.6757074764134
2929,1065.6929037382254
2930,1065.4931705523559
2931,1065.222658591914
2932,1065.0817274292397
2933,1064.8112768099816
2934,1064.5408982859456
2935,1064.2706641684624
2936,1064.1297257095423
2937,1063.870683869947
2938,1063.6004815533297
2939,1063.3283178660631
2940,1063.0582314771523
2941,1062.7861826117867
2942,1062.527245618867
2943,1062.3921298129953
2944,1062.1221645329817
2945,1061.8502360305768
2946,1061.5803868202274
2947,1061.3216182442818
2948,1061.1805851666636
2949,1060.921883683838
2950,1060.652109136529
2951,1060.3935291224523
2952,1060.1238697009924
2953,1059.865411222877
2954,1059.5958669882086
2955,1059.3375301133306
2956,1059.068101126451
2957,1058.80988592215
2958,1058.6685594324417
2959,1058.410411602038
2960,1058.2691706982591
2961,1058.011090284156
2962,1057.8699350115871
2963,1057.598417402365
2964,1057.4574487621346
2965,1057.3222296800532
2966,1057.0527475664182
2967,1056.7813972467836
2968,1056.512031589529
2969,1056.2407966687686
2970,1055.971547529943
2971,1055.7135242904576
2972,1055.4443906632346
2973,1055.186489379336
2974,1054.9174713250025
2975,1054.6596920643594
2976,1054.4019919868936
2977,1054.1444438279693
2978,1054.0031848888239
2979,1053.745704439469
2980,1053.604531304518
2981,1053.4693825533993
2982,1053.2004045791607
2983,1052.9315720912912
2984,1052.6628124082897
2985,1052.394198338636
2986,1052.125657180961
2987,1051.8572617638508
2988,1051.5889393660582
2989,1051.3207628362834
2990,1051.1792913289385
2991,1050.9218812453864
2992,1050.65373735024
2993,1050.3964496266253
2994,1050.1284219050347
2995,1049.8712566094064
2996,1049.6141707737227
2997,1049.3572373336572
2998,1049.089339040462
2999,1048.832528229225
3000,1048.5647462371244
3001,1048.308058123026
3002,1048.04039249403
3003,1047.7838271454439
3004,1047.5162779416185
3005,1047.2598354269846
3006,1046.9924027104537
3007,1046.7360830982761
3008,1046.468766931219
3009,1046.2125702900685
3010,1045.9453707347222
3011,1045.8103266196415
3012,1045.5432359907425
3013,1045.2871669855929
3014,1045.0201930994251
3015,1044.7642472121802
3016,1044.4973901311585
3017,1044.2267285737908
3018,1043.9599895773288
3019,1043.6894439507316
3020,1043.4228231023571
3021,1043.1523934679526
3022,1042.8858908312516
3023,1042.6155772505174
3024,1042.3491928891337
3025,1042.0789954236016
3026,1041.8127294012384
3027,1041.5426481124962
3028,1041.2765004929142
3029,1041.020759695882
3030,1040.7650989284418
3031,1040.509591469341
3032,1040.2435745266341
3033,1039.9881905313666
3034,1039.732886745345
3035,1039.4629647354222
3036,1039.1970797562199
3037,1038.927274104667
3038,1038.672107995774
3039,1038.4170955047005
3040,1038.1513425995738
3041,1038.0164657347004
3042,1037.7508226315042
3043,1037.6161483601104
3044,1037.3506151153508
3045,1037.2161436045355
3046,1036.9507202747714
3047,1036.816451691867
3048,1036.5615390355688
3049,1036.4274726989722
3050,1036.2935739291797
3051,1036.1599163164176
3052,1035.9051151617239
3053,1035.7716603054562
3054,1035.516974442041
3055,1035.2473395095274
3056,1034.9778498966118
3057,1034.7085056762564
3058,1034.4538850359452
3059,1034.1994184292878
3060,1033.945105938534
3061,1033.690947646014
3062,1033.5472628291411
3063,1033.2780358555679
3064,1033.1345383993814
3065,1032.8804083671114
3066,1032.7369967317081
3067,1032.4829360319438
3068,1032.3396102630863
3069,1032.0856189400156
3070,1031.952090872136
3071,1031.8188044977298
3072,1031.553396361196
3073,1031.4203141383434
3074,1031.2874003177776
3075,1031.0335261634318
3076,1030.9008158936379
3077,1030.7683480459702
3078,1030.636049106342
3079,1030.370791155967
3080,1030.2386972250652
3081,1030.1068462646028
3082,1029.9751647202293
3083,1029.721404100396
3084,1029.5899271498222
3085,1029.336282478049
3086,1029.071108929819
3087,1028.8175890780258
3088,1028.6733974166175
3089,1028.4199472278558
3090,1028.2886142606474
3091,1028.0352802186032
3092,1027.7701904219925
3093,1027.5169814090762
3094,1027.2638536038735
3095,1027.010880939688
3096,1026.7459232165104
3097,1026.481113716816
3098,1026.3534205993983
3099,1026.0846767480052
3100,1025.8199812761889
3101,1025.5554341782993
3102,1025.2909615772708
3103,1025.1598905691387
3104,1024.895528639997
3105,1024.626926573009
3106,1024.3626845294186
3107,1024.094199929469
3108,1023.830077836551
3109,1023.5661044649765
3110,1023.3133275828773
3111,1023.0607060767642
3112,1022.796821493955
3113,1022.5443254363354
3114,1022.2805597048942
3115,1022.0281891667186
3116,1021.7759001487781
3117,1021.5237668118938
3118,1021.3967022787701
3119,1021.26585333418
3120,1021.0138314197144
3121,1020.7619653506639
3122,1020.6312829448171
3123,1020.3677312835807
3124,1020.1159522936019
3125,1019.9855117229523
3126,1019.7338499107573
3127,1019.6036150318301
3128,1019.4579908966867
3129,1019.19451639531
3130,1019.0489788268154
3131,1018.7808648597029
3132,1018.5174262695497
3133,1018.3720659550653
3134,1018.2268026827018
3135,1018.0817108014882
3136,1017.9367160911987
3137,1017.7918929218107
3138,1017.6471670524055
3139,1017.3952937403125
3140,1017.2684765413314
3141,1017.000841593614
3142,1016.8740876176947
3143,1016.6065940799139
3144,1016.4799033575251
3145,1016.216447939098
3146,1015.9647733583624
3147,1015.7132550669506
3148,1015.5866909431215
3149,1015.6995740554538
3150,1015.5547378819398
3151,1015.6680227105923
3152,1015.5415292878783
3153,1015.6553103843768
3154,1015.3919402185833
3155,1015.5061799172482
3156,1015.3798133034373
3157,1015.4945505148435
3158,1015.6097168589525
3159,1015.7253874708327
3160,1015.8414884162017
3161,1015.958094853394
3162,1015.8127986880118
3163,1015.9298116243864
3164,1015.6783049039549
3165,1015.7957797349576
3166,1015.669674547841
3167,1015.7876512155204
3168,1015.9060612274551
3169,1016.0249798318067
3170,1016.1443329976051
3171,1016.2641959963767
3172,1016.1185249987435
3173,1016.2387987376643
3174,1016.1128918888888
3175,1016.2336712095508
3176,1016.0879856407628
3177,1016.2091769165485
3178,1016.0635635539271
3179,1016.1851673820462
3180,1015.9217102312413
3181,1016.0437831353466
3182,1015.7804316756843
3183,1015.9029742821486
3184,1015.6514290425325
3185,1015.7744410098821
3186,1015.5230075060848
3187,1015.646489462475
3188,1015.7704120980347
3189,1015.8948508860894
3190,1015.6435142095289
3191,1015.7684248787831
3192,1015.6222053477295
3193,1015.7475335184378
3194,1015.4962525790261
3195,1015.6220538910976
3196,1015.4757953039503
3197,1015.6020153543873
3198,1015.3386517909744
3199,1015.4653472556192
3200,1015.3190505882536
3201,1015.0521919764305
3202,1014.8009257516934
3203,1014.8113839680829
3204,1014.5447063965363
3205,1014.3986102726889
3206,1014.5255898244278
3207,1014.3795659964047
3208,1014.5069660931345
3209,1014.3610146023237
3210,1014.1097123106996
3211,1013.9638470937666
3212,1013.7126155488203
3213,1013.5668366523555
3214,1013.3156758996365
3215,1013.1699833702738
3216,1013.2975942739146
3217,1013.1519742682987
3218,1013.2800069003805
3219,1013.1482896360386
3220,1013.2767920261589
3221,1013.1516641092938
3222,1013.0266058854413
3223,1012.7754699885436
3224,1012.9045148413088
3225,1012.7586876990035
3226,1012.8881561865738
3227,1012.7424015879
3228,1012.8722943324975
3229,1012.6211580977684
3230,1012.751531036018
3231,1012.8823546178037
3232,1012.6186802949775
3233,1012.7499864203913
3234,1012.8818197884353
3235,1012.7357900450937
3236,1012.8680508722578
3237,1012.6169558273941
3238,1012.7497001175138
3239,1012.4987174086167
3240,1012.63194581955
3241,1012.3810755137544
3242,1012.5147887047424
3243,1012.2640308692811
3244,1012.3982295009513
3245,1012.1475842031538
3246,1012.282268937524
3247,1012.0317362448187
3248,1012.1669077453024
3249,1011.9164877252148
3250,1012.052146656622
3251,1011.8018393767765
3252,1011.9379864053208
3253,1011.6877919334398
3254,1011.6968497542525
3255,1011.833431833325
3256,1011.6864755035499
3257,1011.8234915532192
3258,1011.676607585257
3259,1011.8140582496798
3260,1011.9519692953462
3261,1012.0904169723966
3262,1011.8401679361931
3263,1011.9791077187109
3264,1011.8469640792999
3265,1011.9863888662449
3266,1011.7225690006753
3267,1011.4588992670979
3268,1011.3116344762763
3269,1011.451484683877
3270,1011.2012988643907
3271,1011.0774340764856
3272,1010.8274010815309
3273,1010.7036011786939
3274,1010.5716396847926
3275,1010.3059509564415
3276,1010.1741968612465
3277,1009.9086194509264
3278,1009.784944011774
3279,1009.521463290112
3280,1009.2580571224413
3281,1008.992641621555
3282,1008.7428308585559
3283,1008.477534642584
3284,1008.2278523842839
3285,1008.3682053717139
3286,1008.1186364203301
3287,1008.2594843791891
3288,1008.0100288032676
3289,1008.1513724159773
3290,1007.9020302841642
3291,1008.0438702345979
3292,1007.7806090254547
3293,1007.9229471777693
3294,1007.7913520116972
3295,1007.660002407613
3296,1007.4107720172004
3297,1007.2796290461256
3298,1007.0164822144201
3299,1007.1592667355953
3300,1006.910156660802
3301,1006.7792054616974
3302,1006.530215223015
3303,1006.6734758311273
3304,1006.4245993460548
3305,1006.2938389232667
3306,1006.0308162265161
3307,1005.9002641562719
3308,1006.0439496317626
3309,1006.1881802754415
3310,1006.057768432837
3311,1006.2024918015971
3312,1006.0722734862562
3313,1006.2174902677208
3314,1006.087465650293
3315,1006.2331765335648
3316,1006.3793592055464
3317,1006.5260905482695
3318,1006.6732950553056
3319,1006.8210496333155
3320,1006.5580855429492
3321,1006.7063467745758
3322,1006.4434894074192
3323,1006.5922579985335
3324,1006.7415025209076
3325,1006.8912999525415
3326,1006.6285373590177
3327,1006.7788442711444
3328,1006.9296292049293
3329,1007.0809691864785
3330,1007.2327885905685
3331,1006.9675853577825
3332,1006.7025317478633
3333,1006.4376278374997
3334,1006.1728737034542
3335,1005.9082694225614
3336,1005.71286970327
3337,1005.4485179913681
3338,1005.2985837553997
3339,1005.0343982497399
3340,1004.9041327216493
3341,1004.6396772548183
3342,1004.3769168429675
3343,1004.1128886163042
3344,1003.8490107022623
3345,1003.5849006664895
3346,1003.3212470413181
3347,1003.0585990189269
3348,1002.7961022006047
3349,1002.5337566646913
3350,1002.3841879714531
3351,1002.1219839259174
3352,1001.8599313290456
3353,1002.0120078589295
3354,1001.750062589626
3355,1001.9026523204901
3356,1001.6408144416032
3357,1001.7939180938268
3358,1001.5321876683012
3359,1001.6858059638204
3360,1001.4241830546957
3361,1001.5783167170079
3362,1001.4283543154173
3363,1001.1667524394201
3364,1001.016877476421
3365,1000.7553408967592
3366,1000.4939562525509
3367,1000.2326468772902
3368,999.9714895734778
3369,999.7104076525584
3370,999.4469906823564
3371,999.1837245589073
3372,998.9206093600606
3373,998.6717031211143
3374,998.5217607913263
3375,998.2587062537822
3376,997.9958028174724
3377,997.7348422125846
3378,997.4720610376957
3379,997.2112238298256
3380,996.9485649836561
3381,996.6860574660568
3382,996.4235475308114
3383,996.2740129044956
3384,996.1246529857441
3385,995.8638615681043
3386,995.6016614769901
3387,995.3409935720005
3388,995.0789161625947
3389,994.818371838806
3390,994.5579801484382
3391,994.2976641585647
3392,994.037500939257
3393,993.7774135353899
3394,993.5174790394985
3395,993.2576204742455
3396,993.1080718792927
3397,992.9586211700049
3398,992.965251115351
3399,992.9721521666183
3400,992.7104953796897
3401,992.5612507388604
3402,992.4121813536298
3403,992.2632101997841
3404,992.0142340124063
3405,991.8653502484484
3406,991.7166419733252
3407,991.5680321182439
3408,991.4195979097321
3409,991.1593573984028
3410,991.0110117859173
3411,990.7508372216913
3412,990.5017516447748
3413,990.3814413083455
3414,990.132510335665
3415,989.8725006386445
3416,989.6236993752351
3417,989.4927947971851
3418,989.2441144008158
3419,989.0954900470039
3420,988.8468815147274
3421,988.5869637381414
3422,988.4384171264716
3423,988.1785654593737
3424,988.0301075303677
3425,987.7703220132038
3426,987.6394929129812
3427,987.3798227140718
3428,987.2313473700624
3429,987.0829707145652
3430,986.9347702218298
3431,986.6750689865212
3432,986.5269573811642
3433,986.3789446547421
3434,986.2311083268432
3435,985.9713759991313
3436,985.823628739462
3437,985.7035405921102
3438,985.5559064958279
3439,985.296225259397
3440,985.1486803441211
3441,984.8890654056603
3442,984.7416097213778
3443,984.6215482006724
3444,984.4742058751277
3445,984.2251698895401
3446,984.1051896094363
3447,983.9578722595356
3448,983.7089804360761
3449,983.4494185239892
3450,983.1894829972365
3451,982.9300457213617
3452,982.6702345983236
3453,982.4109220283366
3454,982.1517635679725
3455,981.9030058712051
3456,981.9094448953805
3457,981.9161564368513
3458,981.9231406745786
3459,981.9303977877108
3460,981.9379279555848
3461,981.9457313577241
3462,981.7984581783189
3463,981.6668670971385
3464,981.5195688480729
3465,981.2705920244349
3466,981.1233825720115
3467,981.1311838803699
3468,980.9996375908405
3469,980.852411270054
3470,980.7051787935094
3471,980.445952520311
3472,980.2988098091483
3473,980.1673385252747
3474,979.9081405438791
3475,979.7768789990027
3476,979.6571192338162
3477,979.3980039693446
3478,979.266947159285
3479,979.1361387845541
3480,978.9888868103435
3481,978.8417064942092
3482,978.6946260991263
3483,978.5476173989724
3484,978.2885964163839
3485,978.0394083597903
3486,977.9197519972854
3487,977.7889558255056
3488,977.6693669953883
3489,977.5388144436747
3490,977.4192931799053
3491,977.1703276555949
3492,977.0230801287489
3493,976.7642848078459
3494,976.6171272379357
3495,976.3681924681363
3496,976.2211240620218
3497,976.0741274596844
3498,975.9272309452666
3499,975.7804062716032
3500,975.5313547447021
3501,975.400698217148
3502,975.1419653102012
3503,975.0115195404533
3504,974.8645800855384
3505,974.7342866229188
3506,974.5874283878126
3507,974.4406420678979
3508,974.181985649242
3509,973.932962122885
3510,973.6744305416299
3511,973.4255376509936
3512,973.1767276124361
3513,972.918368798298
3514,972.6600871019781
3515,972.5409236726427
3516,972.3938666227008
3517,972.1354052572991
3518,971.8772342734892
3519,971.6188987039794
3520,971.360718553986
3521,971.1026439951219
3522,970.9723869898129
3523,970.7145078864354
3524,970.4567061113304
3525,970.1990600978114
3526,969.9414915318166
3527,969.6834373713473
3528,969.4259951377015
3529,969.1687088872101
3530,969.0215697656373
3531,968.7637088860885
3532,968.6167669753022
3533,968.4269463619994
3534,968.1693669089592
3535,967.9119434064509
3536,967.6546759374169
3537,967.3975645848814
3538,967.2508173047983
3539,966.9935380042307
3540,966.8469598797391
3541,966.5899053058778
3542,966.4434178991936
3543,966.1863524632912
3544,966.0400344084092
3545,965.8938172306704
3546,965.74767208478
3547,965.6016278939373
3548,965.4556557721013
3549,965.3097846833083
3550,965.1639857007182
3551,964.9070146018211
3552,964.6500924030374
3553,964.4609735400385
3554,964.3152257011362
3555,964.0584792282926
3556,963.9128225184918
3557,963.6561440239462
3558,963.5105784953503
3559,963.321606585805
3560,963.1761621674796
3561,963.0308191301052
3562,962.8418372965289
3563,962.5853439714133
3564,962.4400332872465
3565,962.1836081014295
3566,962.0383887987691
3567,961.7820317947659
3568,961.6369039259674
3569,961.3806151463386
3570,961.2355787638097
3571,960.9793582511614
3572,960.8344134073606
3573,960.5782612043448
3574,960.4334079517826
3575,960.1773241010966
3576,960.0325624923368
3577,959.7765470367234
3578,959.588017769655
3579,959.3321597974382
3580,959.1874501870485
3581,958.9315817344045
3582,958.787042868376
3583,958.6426059988331
3584,958.4982414500415
3585,958.3539789769724
3586,958.2097888621034
3587,957.9540078041487
3588,957.6982757205338
3589,957.4427015121387
3590,957.2985337933254
3591,957.0429491912602
3592,956.8989526191689
3593,956.6434367396563
3594,956.6493311349672
3595,956.5054364972951
3596,956.3615351341037
3597,956.1735010314113
3598,956.0297218810138
3599,955.7743533170318
3600,955.5190337495445
3601,955.2638724733997
3602,955.1201160689837
3603,954.8650237495543
3604,954.6771979190235
3605,954.4222638788796
3606,954.4283821565786
3607,954.17356648015
3608,954.1799208192082
3609,953.9249066376046
3610,953.9314972239332
3611,953.6768391838247
3612,953.6836661654156
3613,953.4288096819081
3614,953.4358732450659
3615,953.1811352960898
3616,952.9939648459202
3617,952.7393855337809
3618,952.5955624716618
3619,952.3411317118183
3620,952.1541208429668
3621,951.899769590594
3622,951.7560790819383
3623,951.5057018509907
3624,951.2514686951009
3625,951.1077808064238
3626,950.8536170915723
3627,950.7100218900811
3628,950.4559276601682
3629,950.3124251996618
3630,950.0584004986343
3631,949.9149908329658
3632,949.661035704819
3633,949.5177188878941
3634,949.2638333766712
3635,949.120609462451
3636,948.8667936122416
3637,948.7236626547416
3638,948.4699165096845
3639,948.3268785629734
3640,948.0732021672549
3641,947.9302572854563
3642,947.676650683311
3643,947.5337989206031
3644,947.2802621563128
3645,947.1375035669284
3646,946.8840366848241
3647,946.7413713230502
3648,946.4879743675107
3649,946.3454022876887
3650,946.0920753031413
3651,945.9495965596684
3652,945.6963395905883
3653,945.553954237916
3654,945.3007673288272
3655,945.1584754214617
3656,944.9053586169372
3657,944.7631602094398
3658,944.6296156404156
3659,944.4962409743265
3660,944.3631161423988
3661,944.1100320445236
3662,943.9771181672837
3663,943.8347780328755
3664,943.7020156386349
3665,943.5597605393009
3666,943.4175780996553
3667,943.2754997267093
3668,943.133494051243
3669,942.8805028864105
3670,942.7477162754813
3671,942.605705485802
3672,942.473070604415
3673,942.331145030103
3674,942.1892922176672
3675,942.3348052860301
3676,942.2022487839868
3677,942.0603755391779
3678,942.066373190329
3679,941.9339194805904
3680,941.6810267042034
3681,941.8269459909121
3682,941.5741680269692
3683,941.7206051984535
3684,941.5784844443912
3685,941.7253804738438
3686,941.5833382045138
3687,941.4656750680518
3688,941.3237520728236
3689,941.3296356107021
3690,941.0769608160413
3691,940.9350312501492
3692,940.682426992127
3693,940.5405914115872
3694,940.2889549153521
3695,940.1472132962282
3696,940.153174694677
3697,939.9006708066087
3698,939.7589226680476
3699,939.6261639344935
3700,939.4845014038084
3701,939.490561969761
3702,939.2381501340966
3703,939.0964811053283
3704,938.8441400123642
3705,938.7025652034873
3706,938.4502948985705
3707,938.3088143650115
3708,938.0566148935383
3709,937.9152286907791
3710,937.6631000981965
3711,937.521808281776
3712,937.2697506135805
3713,937.1285532390945
3714,936.9875412200114
3715,936.8465218726591
3716,936.8524828912317
3717,936.7115481117365
3718,936.5706060152501
3719,936.4297369933853
3720,936.4357870262785
3721,936.1836496381505
3722,935.9315617026983
3723,935.9378092905463
3724,935.6857619728213
3725,935.5005174140242
3726,935.3596042318095
3727,935.2260479237565
3728,934.974112206182
3729,934.8330816664953
3730,934.6922368795725
3731,934.4403940091462
3732,934.4465578927625
3733,934.2613459086016
3734,934.009511027095
3735,933.8685083374448
3736,933.7276915419719
3737,933.5868673787014
3738,933.4461163928455
3739,933.3054708878058
3740,933.0536167530454
3741,932.9129533391293
3742,932.7724760514114
3743,932.6319914353741
3744,932.4915801094709
3745,932.3512744234937
3746,932.099401083293
3747,931.9590775301743
3748,931.8189403358189
3749,931.6787958527979
3750,931.6843649039912
3751,931.5443056026357
3752,931.4042390240442
3753,931.4098856211341
3754,931.269904276689
3755,931.1299156664583
3756,931.1356398896916
3757,930.995736566149
3758,930.7437536271831
3759,930.4919335040609
3760,930.2401955312397
3761,929.9882805871968
3762,929.8482793438385
3763,929.5966625655293
3764,929.3451280506532
3765,929.0933030307024
3766,929.0990428649162
3767,928.8475990458315
3768,928.7128020605019
3769,928.8567189355804
3770,928.7221183079306
3771,928.4707927156334
3772,928.3364040172158
3773,928.0852021034351
3774,927.9510255162603
3775,927.69994735083
3776,927.4482379842539
3777,927.4537971037311
3778,927.3131402148844
3779,927.1726701938773
3780,927.0321927824334
3781,926.8919023478555
3782,926.7516045368908
3783,926.5000615900221
3784,926.3598592982985
3785,926.1083881178926
3786,926.1138763178942
3787,925.9737815320609
3788,925.8337603812715
3789,925.6938455151704
3790,925.5540043228817
3791,925.4141557627926
3792,925.162738017174
3793,924.9777871909013
3794,924.837973380107
3795,924.586626935869
3796,924.401727645699
3797,924.2619486064896
3798,924.1270974183271
3799,923.9874058345778
3800,923.8477880279146
3801,923.7081628578791
3802,923.5733443396366
3803,923.3219907315688
3804,923.1873846608887
3805,923.0698016863798
3806,922.9354425551379
3807,922.6842490227394
3808,922.5445050079888
3809,922.4047536043905
3810,922.1535075958242
3811,922.0138521641217
3812,921.8743846492799
3813,921.8791024653625
3814,921.7395256026442
3815,921.6001367484378
3816,921.4151821360987
3817,921.2757247375217
3818,921.0245319725447
3819,920.8396290294266
3820,920.700206590211
3821,920.5655166521123
3822,920.4261819896025
3823,920.2869213513735
3824,920.1476533545036
3825,920.0129962833527
3826,919.8738161382612
3827,919.7347100919754
3828,919.595596711781
3829,919.4609725810033
3830,919.3219471277754
3831,919.1829958480034
3832,919.0440372591205
3833,918.9094461422895
3834,918.7705755556776
3835,918.6317792172971
3836,918.492975594669
3837,918.2416992582221
3838,918.102992168011
3839,918.1066568638208
3840,917.8554112819229
3841,917.7166985264963
3842,917.5315232894764
3843,917.2803494150057
3844,917.1416719263934
3845,916.9565484304816
3846,916.7054463081303
3847,916.5668041090581
3848,916.4282362724834
3849,916.2897757700312
3850,916.1513896695564
3851,916.0129962942001
3852,915.7618756383913
3853,915.6235790904951
3854,915.485357021173
3855,915.2342165926857
3856,914.9831262998308
3857,914.8449087829066
3858,914.5938911006615
3859,914.4557705340302
3860,914.4589856692669
3861,914.20799890229
3862,914.0698728455409
3863,913.8848173890002
3864,913.6339025684007
3865,913.4958120317547
3866,913.4991349316712
3867,913.2482510856829
3868,913.1126454473978
3869,912.861886805296
3870,912.7236792867207
3871,912.7270482373864
3872,912.4763206585849
3873,912.3381076270117
3874,912.3416146658319
3875,912.0908029822991
3876,911.9525844484089
3877,911.7018456289351
3878,911.5637242836943
3879,911.3789195761736
3880,911.2432213453085
3881,911.105127220263
3882,910.9671077346029
3883,910.9705824433819
3884,910.8325681555899
3885,910.6946285384805
3886,910.6981806210205
3887,910.5602462369185
3888,910.4223865548262
3889,910.2845195548948
3890,910.0337545803486
3891,909.8959850202086
3892,909.7582902392978
3893,909.6207036382133
3894,909.4831918562686
3895,909.4864960464271
3896,909.348989625017
3897,909.2115580542094
3898,909.0741192187652
3899,908.8233061693933
3900,908.6859650027349
3901,908.5486987641701
3902,908.4115409464397
3903,908.2744580968706
3904,908.1373680241842
3905,908.0005917082541
3906,907.8639866298987
3907,907.6131570867075
3908,907.3624114096632
3909,907.2260617049451
3910,907.0898835880984
3911,906.9539595551005
3912,906.7031098827871
3913,906.567399830357
3914,906.3167918281788
3915,906.1812959316934
3916,905.9308139190517
3917,905.9333195295336
3918,905.6826143015464
3919,905.4322247671122
3920,905.1815381615871
3921,904.9312832238599
3922,904.9340199517269
3923,904.7962583447546
3924,904.546034872204
3925,904.295513944709
3926,904.1577570752571
3927,903.9073095321831
3928,903.657178221291
3929,903.5195085957043
3930,903.2694508978765
3931,903.1318791817553
3932,903.1345082062095
3933,902.8841335237615
3934,902.7465565095694
3935,902.4964877580247
3936,902.3590087618053
3937,902.3617469417526
3938,902.1114772089545
3939,901.8614906322409
3940,901.6113557575978
3941,901.3615042029575
3942,901.1115042671736
3943,900.861787815481
3944,900.6119228993429
3945,900.3623416315553
3946,900.1128449532263
3947,899.9283606311614
3948,899.6783318238017
3949,899.4289697483376
3950,899.179075957838
3951,898.9298493340951
3952,898.6800906412924
3953,898.4309995505886
3954,898.1813760364038
3955,898.1841888087283
3956,897.9346076718417
3957,897.6856608281058
3958,897.4362150167476
3959,897.1874038864895
3960,896.9380934818264
3961,896.6894181466283
3962,896.440243229909
3963,896.1907696029866
3964,895.9421981457103
3965,895.8063287118916
3966,895.55729998082
3967,895.4216451068905
3968,895.1727437466776
3969,894.9234268929031
3970,894.6746613826599
3971,894.4254800982745
3972,894.2900019700623
3973,894.0409479901758
3974,893.9056848371788
3975,893.6567582353649
3976,893.5217102448099
3977,893.2729110947195
3978,893.0241967559376
3979,892.775650375794
3980,892.6408200798692
3981,892.3924013786367
3982,892.2577866146631
3983,892.009495666307
3984,891.875096622341
3985,891.6269335009043
3986,891.4927503652816
3987,891.244715144885
3988,890.996765131461
3989,890.7482811815911
3990,890.5004676680406
3991,890.2521198609147
3992,890.0044429295893
3993,889.7562313471564
3994,889.6173369183875
3995,889.369199855492
3996,889.2304038225851
3997,889.2328593922339
3998,889.0941516608478
3999,888.9555529855007
4000,888.8170295863338
4001,888.5691956421327
4002,888.3215304476907
4003,888.0739507159363
4004,887.825952701536
4005,887.578509825013
4006,887.3312359576524
4007,887.084047760427
4008,886.8370287401743
4009,886.6981963394454
4010,886.5638750611606
4011,886.3168907726066
4012,886.1827857184517
4013,885.9359302580548
4014,885.6880675198521
4015,885.4413494102697
4016,885.3074633459788
4017,885.0608742308059
4018,884.8131592204977
4019,884.5667076305805
4020,884.4330407786025
4021,884.1867183497051
4022,883.9405657302208
4023,883.6929664724352
4024,883.4469516460586
4025,883.2010231482119
4026,883.0615129029414
4027,883.1979309584631
4028,883.0585034053298
4029,882.812592240563
4030,882.6732631129958
4031,882.5340430227035
4032,882.3948984686896
4033,882.148958315025
4034,882.0099123401469
4035,881.870858159201
4036,881.8720842206732
4037,881.7331186719749
4038,881.4871071587162
4039,881.4884719872299
4040,881.3495007409398
4041,881.1035227704797
4042,881.1050264824689
4043,880.9660495389204
4044,880.8271819688808
4045,880.6883900409026
4046,880.5497075761183
4047,880.4111007939632
4048,880.2726035647974
4049,880.1341820588718
4050,879.995870195843
4051,879.8576340967098
4052,879.6112694445424
4053,879.6125469290622
4054,879.4743053772321
4055,879.2279741311676
4056,879.229390678253
4057,879.0911436742557
4058,878.8448458590543
4059,878.8464015856192
4060,878.7081491299905
4061,878.4618847704401
4062,878.2795108041455
4063,878.1412947494204
4064,877.8951057234417
4065,877.8967710621936
4066,877.7585495722006
4067,877.6204380815374
4068,877.6221805883703
4069,877.3750219865502
4070,877.2369052010872
4071,877.2389056843296
4072,877.2410748789802
4073,877.2435313698383
4074,877.2461568199045
4075,876.9991407408539
4076,876.8609408750239
4077,876.8638250738233
4078,876.8668784541647
4079,876.8702198311863
4080,876.873730638635
4081,876.6268574621428
4082,876.4885746401651
4083,876.2418962040774
4084,876.1037131129956
4085,876.107335749971
4086,875.8606906195411
4087,875.614132195652
4088,875.3677447019345
4089,875.2294506520484
4090,875.2331288110346
4091,874.9867747784979
4092,874.8484753689446
4093,874.8522944101968
4094,874.605973863685
4095,874.3597402792007
4096,874.1130815203351
4097,873.8669867789587
4098,873.6203475051385
4099,873.439049774688
4100,873.3005893983253
4101,873.0541446618445
4102,872.9157842044597
4103,872.6694155812205
4104,872.5311551047731
4105,872.2848626461349
4106,872.1467022126517
4107,872.008736995705
4108,871.8707632751567
4109,871.6245606242828
4110,871.4866870936295
4111,871.3488894734045
4112,871.2112028841256
4113,871.0735922461837
4114,870.8923743069103
4115,870.7548114133306
4116,870.7583294435022
4117,870.6207370475771
4118,870.3744993672382
4119,870.1283136304979
4120,869.9907263929039
4121,869.7446170793459
4122,869.4985950127397
4123,869.252744799874
4124,869.0066223529699
4125,868.7609115285917
4126,868.6237923201784
4127,868.3782127606146
4128,868.2403994911668
4129,867.994896695683
4130,867.7494814871901
4131,867.50423858033
4132,867.2590834078218
4133,867.0141007113847
4134,866.7681243915812
4135,866.5222002613642
4136,866.2763633758883
4137,866.279477122479
4138,866.0337694820545
4139,865.8957659006661
4140,865.6501349412656
4141,865.5122319155072
4142,865.2666776891083
4143,865.1288752816681
4144,864.8833978403092
4145,864.7456961139427
4146,864.500295509723
4147,864.3626945272536
4148,864.1173708123332
4149,863.9798706366531
4150,863.7347442561826
4151,863.4894648264122
4152,863.244478504627
4153,862.9993390449557
4154,862.7544928681888
4155,862.5097346450062
4156,862.2651494083087
4157,862.0201695970287
4158,861.7757247574323
4159,861.661596046063
4160,861.4164747371068
4161,861.3024200857445
4162,861.0574660410189
4163,860.8127202421578
4164,860.5685097329928
4165,860.3239042404798
4166,860.0794718372995
4167,859.8347303033306
4168,859.5905950812286
4169,859.3466332779499
4170,859.1028449952701
4171,858.8591451590886
4172,858.6156190201494
4173,858.4783679259948
4174,858.2349747362405
4175,858.097940175771
4176,857.8533497049783
4177,857.7165319907107
4178,857.7190738145018
4179,857.4746933492106
4180,857.2304861673647
4181,857.2333531293531
4182,857.2365106650946
4183,857.0569244879729
4184,857.0603722953587
4185,857.0639902498789
4186,856.8200259113564
4187,856.8238920486775
4188,856.579802562716
4189,856.583917083467
4190,856.5883231098193
4191,856.5928997731133
4192,856.5977682748689
4193,856.4187815784962
4194,856.4239416120818
4195,856.2851505870505
4196,856.1465568335421
4197,856.1517961916965
4198,856.0131720272876
4199,855.8757619114172
4200,855.8811360625717
4201,855.7424984999519
4202,855.7479373464076
4203,855.6105784891314
4204,855.6162588939839
4205,855.4775013600987
4206,855.4832466594283
4207,855.3459391381166
4208,855.1021437435215
4209,854.9632765236814
4210,854.824485416455
4211,854.5806716506667
4212,854.586480874855
4213,854.4476844335792
4214,854.2039055177605
4215,853.960179290579
4216,853.8228583533933
4217,853.579265627848
4218,853.442162204558
4219,853.3288813610843
4220,853.0854169099429
4221,852.841761977446
4222,852.598439353636
4223,852.6041801105226
4224,852.4650819428529
4225,852.2215508622234
4226,852.2274351844868
4227,851.98403556081
4228,851.8449572381088
4229,851.6016357880793
4230,851.3584034904447
4231,851.1151021608172
4232,850.9760179034101
4233,850.8371317104144
4234,850.6982361271088
4235,850.4550275251605
4236,850.4609278298361
4237,850.3220269082803
4238,850.1833242502656
4239,850.1893045367046
4240,850.0504854864854
4241,849.8072833977567
4242,849.8134075870439
4243,849.6745832224451
4244,849.4964213262962
4245,849.3577310270606
4246,849.2190313336323
4247,848.9758784941365
4248,848.7328151161593
4249,848.5942062974273
4250,848.4555880861453
4251,848.3171685419176
4252,848.1787396188547
4253,848.3075704050466
4254,848.0644179861832
4255,847.8213185175449
4256,847.6828678212597
4257,847.5446160010641
4258,847.5503265263961
4259,848.4939904525951
4260,848.3556816917072
4261,848.2173636497924
4262,848.0791222253525
4263,847.9409940409956
4264,847.8029425157446
4265,847.6648817601061
4266,847.5270202824855
4267,847.5329139892256
4268,847.3949358707781
4269,847.1512018042426
4270,846.9074347022241
4271,846.7695479243592
4272,846.5259454654839
4273,846.3880751162948
4274,846.2502815517355
4275,846.0066607345917
4276,845.7631296989694
4277,845.5197745897813
4278,845.2762266916196
4279,845.1383303732504
4280,844.8948612457225
4281,844.7570674604709
4282,844.513677158051
4283,844.3759859712009
4284,844.1325883689816
4285,843.995086025336
4286,843.857574411954
4287,843.6142446961832
4288,843.4357950070292
4289,843.2983213823837
4290,843.0550699600318
4291,842.9176991451612
4292,842.7804053193622
4293,842.537135615164
4294,842.399944693569
4295,842.2627445058432
4296,842.0195428309991
4297,841.7764312975314
4298,841.7815663229253
4299,841.6443502546168
4300,841.507248237344
4301,841.3702233170865
4302,841.2333125444032
4303,841.0964789108448
4304,840.9596360383288
4305,840.964666665181
4306,840.8279165327122
4307,840.6911571725362
4308,840.6962681350668
4309,840.5596015757825
4310,840.4229258000646
4311,840.428117185551
4312,840.291534271643
4313,840.1549421525966
4314,839.9116754297496
4315,839.775186711148
4316,839.6387753133332
4317,839.3954903153517
4318,839.1523823303942
4319,838.9093648904458
4320,838.9143689703596
4321,838.7778442153918
4322,838.5348624160732
4323,838.540011251432
4324,838.545333166986
4325,838.3021927878987
4326,838.165581368989
4327,837.9226445350372
4328,837.6797984363983
4329,837.4371297907181
4330,837.1941419407772
4331,837.0574274222814
4332,836.8145191330599
4333,836.6779082215631
4334,836.4350795485352
4335,836.2985723105189
4336,836.0558233092255
4337,835.9194198112446
4338,835.6766637568493
4339,835.4340853662239
4340,835.1915979374398
4341,834.9492883578232
4342,834.707069897373
4343,834.465029471899
4344,834.2230803233098
4345,834.0824423638301
4346,833.8406299814114
4347,833.9654378074728
4348,833.7227570932256
4349,833.4811267852751
4350,833.2385903085809
4351,833.3639075964647
4352,833.2269021643748
4353,832.9853560096859
4354,832.7427789619682
4355,832.6059904633203
4356,832.46919251113
4357,832.3285671263807
4358,832.3331657881848
4359,832.196355209545
4360,831.9547482335278
4361,831.7123588774715
4362,831.575641128505
4363,831.3333317719627
4364,831.1967180235292
4365,830.954488722457
4366,830.8179790415406
4367,830.5758298519613
4368,830.4394243056208
4369,830.2986172109381
4370,830.0569687893613
4371,829.9205612341269
4372,829.7842313893389
4373,829.6480168601739
4374,829.5118800841519
4375,829.2698542608697
4376,829.1338218485271
4377,828.9979049238392
4378,828.8620658127321
4379,828.7263422879978
4380,828.5906966196532
4381,828.455041483769
4382,828.319589411641
4383,828.3235082208697
4384,828.1879377444737
4385,828.0465909929629
4386,828.0506469073171
4387,828.0548759023478
4388,827.9191842287737
4389,827.6772145918616
4390,827.6815888223394
4391,827.5458928048747
4392,827.3039594383613
4393,827.1625073691652
4394,826.920586093413
4395,826.7848772568532
4396,826.5430365653178
4397,826.4074325234336
4398,826.2719064939387
4399,826.1364964611462
4400,826.0011644837714
4401,825.8658230344382
4402,825.623969057156
4403,825.6280251521736
4404,825.4926794692046
4405,825.2508618595897
4406,825.2550633381519
4407,825.1197134234861
4408,824.8779322095155
4409,824.8822791983649
4410,824.7469250539499
4411,824.5051802636344
4412,824.3699312393956
4413,824.2347603801726
4414,824.0926897916714
4415,823.8509730073615
4416,823.715800670993
4417,823.5807065576877
4418,823.438728482943
4419,823.1970397339364
4420,823.0619441597879
4421,822.9269268668262
4422,822.7850414177725
4423,822.7890096103662
4424,822.6539803314654
4425,822.5189415511828
4426,822.5229903657547
4427,822.3880464434927
4428,822.253093031276
4429,822.2572225564323
4430,822.1223640654824
4431,821.9874960960275
4432,821.745749882708
4433,821.7499156477907
4434,821.6150435988675
4435,821.3733339312283
4436,821.1959485098963
4437,821.0611160206581
4438,820.8194865717333
4439,820.6847597275006
4440,820.5501113488384
4441,820.407600805448
4442,820.4117382080834
4443,820.2770779953544
4444,820.1424082890853
4445,820.1466265998321
4446,820.1510189726732
4447,820.1555855524406
4448,820.1604530279557
4449,820.0256756230457
4450,819.8908887031489
4451,819.8958375638728
4452,819.900961002526
4453,819.9062591645708
4454,819.7714743879668
4455,819.6366800778715
4456,819.6420599248194
4457,819.4989589664674
4458,819.3560304553803
4459,819.2133626340523
4460,819.078430151529
4461,819.0838441084376
4462,818.9488801511748
4463,818.8140334713435
4464,818.8195292699615
4465,818.6846511044495
4466,818.541798130566
4467,818.4070181622461
4468,818.2722286639088
4469,818.137517807172
4470,817.9946920745152
4471,817.8600795046708
4472,817.8653485515688
4473,817.730616327628
4474,817.4888001902126
4475,817.3460144331274
4476,817.2321879921877
4477,817.0974716831961
4478,816.962834120618
4479,816.8283141315205
4480,816.8334578199892
4481,816.698906366004
4482,816.5644725722635
4483,816.4301176030709
4484,816.295753163481
4485,816.1527712731557
4486,816.0185054151998
4487,815.8843184666747
4488,815.7501220741063
4489,815.5082675391424
4490,815.3741776700025
4491,815.240166796707
4492,815.1062738663612
4493,814.9724599760053
4494,814.8386366842365
4495,814.8431701309368
4496,814.847878839439
4497,814.7140411377521
4498,814.5803215536038
4499,814.4028380908294
4500,814.269131057751
4501,814.1355422308766
4502,813.9580521246144
4503,813.8244758626996
4504,813.691017895765
4505,813.695619342191
4506,813.7003962435414
4507,813.4585231064865
4508,813.2811507640496
4509,813.1037773163429
4510,812.8620839306585
4511,812.6848360950771
4512,812.6899506187419
4513,812.4483930957352
4514,812.2712698711249
4515,812.0941455600038
4516,811.8527680385187
4517,811.8582217514414
4518,811.7241783718473
4519,811.4825720568474
4520,811.3384005731668
4521,811.1944906445248
4522,810.953031336286
4523,810.8190449575336
4524,810.577667879366
4525,810.5830908822828
4526,810.4491007570756
4527,810.2077608209105
4528,810.0738778383978
4529,809.9400740385759
4530,809.8063889488967
4531,809.6727830862814
4532,809.5391677025773
4533,809.2978150544832
4534,809.1643070112171
4535,809.0308782821871
4536,808.8975684592389
4537,808.7643379950399
4538,808.6310980527231
4539,808.3897327635491
4540,808.256600359975
4541,808.1235474025669
4542,807.9906135477385
4543,807.8577591837301
4544,807.7248953847878
4545,807.5478218904327
4546,807.5524069074095
4547,807.375331028813
4548,807.1340341543842
4549,807.1388771728394
4550,806.9619264597956
4551,806.7851033642197
4552,806.7902487881078
4553,806.7955703253174
4554,806.6505075640339
4555,806.4093419052853
4556,806.4148701238668
4557,806.4205747336717
4558,806.2872787839736
4559,806.1106305531453
4560,806.1165281681941
4561,805.9714973832556
4562,805.826639541959
4563,805.6820438573569
4564,805.5376215081915
4565,805.2965388743014
4566,805.1629169233103
4567,804.986291665621
4568,804.8420612586475
4569,804.7084722270234
4570,804.5749626737844
4571,804.4414435121336
4572,804.2004054646823
4573,804.0669942175849
4574,804.0725410048881
4575,803.9282221050912
4576,803.7947995827577
4577,803.661456633749
4578,803.5281040886078
4579,803.3838116730572
4580,803.1427314900972
4581,802.998659717243
4582,802.757591558311
4583,802.6137406392712
4584,802.3728138319393
4585,802.2291839657677
4586,801.9883985995206
4587,801.844989985579
4588,801.6043461500021
4589,801.4611589879622
4590,801.2206567727435
4591,801.1070953337945
4592,800.9935281343927
4593,800.8506405355643
4594,800.7166121798718
4595,800.573880264532
4596,800.4399520182179
4597,800.3061035516826
4598,800.1723746531835
4599,800.0387255794448
4600,799.9051961788172
4601,799.7717466479816
4602,799.6384168954718
4603,799.6429026009806
4604,799.6476945094823
4605,799.514350537098
4606,799.3809968894798
4607,799.3858714873227
4608,799.2526154910985
4609,799.1193498315389
4610,799.1243072113338
4611,798.991139269902
4612,798.8579616770577
4613,798.6171446424656
4614,798.4840756031203
4615,798.4889582338068
4616,798.2481789889794
4617,798.1151065616806
4618,798.1201384617381
4619,798.1254775187009
4620,797.9923909245064
4621,797.8592946614161
4622,797.6185246676931
4623,797.4855371281045
4624,797.4908015352918
4625,797.2500693954739
4626,797.2555956193228
4627,797.122492551796
4628,797.1282143447397
4629,796.9519131471596
4630,796.9578114934665
4631,796.9640179487143
4632,796.9704024061325
4633,796.9769650171511
4634,796.9838362451379
4635,796.8077886803188
4636,796.8148371993767
4637,796.6702402622508
4638,796.4295717017791
4639,796.2851965983613
4640,796.0445401570688
4641,795.9003871008521
4642,795.659873260327
4643,795.6669328399586
4644,795.4264281335437
4645,795.2925582940408
4646,795.0521374490544
4647,794.9183764774319
4648,794.784695485827
4649,794.5442569342196
4650,794.3038733137251
4651,794.170199640304
4652,793.9298999982378
4653,793.7963353453373
4654,793.6205623981299
4655,793.3803456717678
4656,793.1402248151711
4657,792.9002898915237
4658,792.6604510105844
4659,792.4207982661513
4660,792.1805865484936
4661,791.9410850454047
4662,791.7016798395161
4663,791.7084118294374
4664,791.7154533524507
4665,791.7226737835849
4666,791.4826614144014
4667,791.4901459282729
4668,791.4979405708046
4669,791.5059145332294
4670,791.2660817629511
4671,791.1318496127377
4672,791.1401065561491
4673,791.0059726855246
4674,790.8720500211124
4675,790.7381172632341
4676,790.7464777404604
4677,790.5714601254231
4678,790.4375577432432
4679,790.1977925640826
4680,790.2063041155656
4681,790.0313465193303
4682,789.7917208565841
4683,789.5520601485742
4684,789.3124545604925
4685,789.072945487926
4686,788.8982454685544
4687,788.7235443716526
4688,788.4842199218953
4689,788.4930728892781
4690,788.3589140214762
4691,788.4692900890368
4692,788.2299528219323
4693,787.9906707415579
4694,787.8564907126143
4695,787.6172934292182
4696,787.3780610726648
4697,787.1390158227672
4698,786.9000674631601
4699,786.6613064163657
4700,786.422246229694
4701,786.1836375122244
4702,785.9451259430831
4703,785.7068020064177
4704,785.4679141130831
4705,785.229742802604
4706,784.9916688994977
4707,784.753782949621
4708,784.5159945842606
4709,784.2783943802198
4710,784.0408919383049
4711,784.1516061605676
4712,783.9142403368127
4713,783.6756041665102
4714,783.4383916519729
4715,783.1993805978983
4716,782.960556843238
4717,782.7219205064083
4718,782.4847911773189
4719,782.2478505438906
4720,782.0110987263574
4721,781.7725444662236
4722,781.5340871402641
4723,781.2975446269908
4724,781.0592398503017
4725,780.822851230642
4726,780.5865610363088
4727,780.3504601225695
4728,780.1123283683055
4729,779.8739884205185
4730,779.6360096584382
4731,779.3982189813405
4732,779.1605256503404
4733,778.924619814546
4734,778.6870795546347
4735,778.4513280463634
4736,778.2139409596638
4737,777.9783438825671
4738,777.7411100713198
4739,777.5056675291694
4740,777.2685870957317
4741,777.1326306630111
4742,776.8956362425415
4743,776.6576384043229
4744,776.4198286871338
4745,776.1822072102327
4746,775.9445008665261
4747,775.9522613307248
4748,775.8068672955569
4749,775.5700151170672
4750,775.3333519319539
4751,775.097990037147
4752,774.8614807195794
4753,774.6250694685756
4754,774.4800005495957
4755,774.3690208676844
4756,774.1328420165729
4757,773.8967614077791
4758,773.6616739187239
4759,773.4257476005778
4760,773.1908150938907
4761,772.9550431699157
4762,772.717864728649
4763,772.4822475363753
4764,772.3459481756917
4765,772.2353026383894
4766,772.0991426349195
4767,771.8635950892967
4768,771.7275448545415
4769,771.8381366724051
4770,771.7021796994651
4771,771.4666554136287
4772,771.3308083621001
4773,771.1950830748102
4774,771.0595711283726
4775,770.8240187162504
4776,770.6886169619307
4777,770.5779785217092
4778,770.4427168155586
4779,770.3075772522593
4780,770.1726515031546
4781,770.0378481019943
4782,769.9032587518332
4783,769.6678139085863
4784,769.5333352883296
4785,769.2979774956781
4786,769.1636096811905
4787,768.9283390039609
4788,768.7940820711974
4789,768.6598139649221
4790,768.525760395008
4791,768.3916956657005
4792,768.2578456147377
4793,768.1239844185311
4794,767.990338042824
4795,767.8566805360548
4796,767.7232379921114
4797,767.589784331319
4798,767.4434575672964
4799,767.2077575382901
4800,767.074396063855
4801,766.941023471586
4802,766.8078661174754
4803,766.6746976597946
4804,766.5416100665092
4805,766.4086459136905
4806,766.4150498248213
4807,766.2820518715225
4808,766.0463148332205
4809,765.8107688832314
4810,765.5753221088121
4811,765.3400666370435
4812,765.1049105236824
4813,764.8699459278197
4814,764.635080873691
4815,764.488487272071
4816,764.2537708730739
4817,764.0192463233461
4818,763.7848215838907
4819,763.5492376766346
4820,763.3149693351787
4821,763.0795409666189
4822,762.845429129302
4823,762.6101564044976
4824,762.376201177583
4825,762.2423815813398
4826,762.0085146764468
4827,762.0142921187161
4828,761.7789465993311
4829,761.6324410179722
4830,761.6385667631765
4831,761.5047749157214
4832,761.3583699634836
4833,761.1245609005105
4834,760.890852121236
4835,760.7447194674796
4836,760.5987608537874
4837,760.3652509185989
4838,760.2195157789902
4839,759.9861555562729
4840,759.7509975758136
4841,759.8594377736712
4842,759.6261824121337
4843,759.480709957147
4844,759.5896144967486
4845,759.3565491224208
4846,759.1215489299403
4847,758.8867406082671
4848,758.741438804092
4849,758.5085446585696
4850,758.3634669722046
4851,758.3688224736449
4852,758.2239584031698
4853,758.0792694545481
4854,758.0848313604138
4855,757.8499647848845
4856,757.7054468068013
4857,757.4726296032987
4858,757.3283365722835
4859,757.2190096086828
4860,756.9843005777963
4861,756.8128335341544
4862,756.5783159965214
4863,756.3438979779386
4864,756.3496868192174
4865,756.1784869364819
4866,755.9442141969386
4867,755.8090450830036
4868,755.5748603958851
4869,755.4398031003785
4870,755.205706531627
4871,755.0707611320053
4872,754.836752747649
4873,754.7019193214607
4874,754.4679991876134
4875,754.3332778125023
4876,754.0994459953623
4877,753.9648367490662
4878,753.7319099220399
4879,753.5874488966238
4880,753.4432564980226
4881,753.299239936021
4882,753.1554924415182
4883,753.0119211925567
4884,752.7791579717837
4885,752.5464955427159
4886,752.3140270905759
4887,752.0802972885385
4888,751.8467606899767
4889,751.6144149201067
4890,751.3807645536577
4891,751.2374395740386
4892,751.0039393060183
4893,750.7717662589451
4894,750.5384236551357
4895,750.4032211863827
4896,750.1699672314675
4897,750.0348770143579
4898,749.8917039033367
4899,749.6595870729952
4900,749.5166406578384
4901,749.3738711265577
4902,749.1407272280507
4903,748.908775867621
4904,748.7662836053291
4905,748.5332544949325
4906,748.3001472820216
4907,748.0672764238434
4908,747.8343273848559
4909,747.6016148870746
4910,747.4593641149727
4911,747.2268024648688
4912,746.994435024848
4913,746.7621683730744
4914,746.5300961516241
4915,746.298398643
4916,746.0664852302742
4917,745.83467288157
4918,745.6030553049487
4919,745.3715389808222
4920,745.1402176503444
4921,744.9089977613447
4922,744.6779730880947
4923,744.7861215579081
4924,744.555239621337
4925,744.6639142488443
4926,744.5567173745545
4927,744.6659663431998
4928,744.5588527307817
4929,744.3274578697988
4930,744.2204275688329
4931,744.3302877366409
4932,744.2233407967557
4933,744.3337770493637
4934,744.226913520235
4935,743.9963298524085
4936,743.8895497837592
4937,743.6591565876648
4938,743.4267709437403
4939,743.1965379228621
4940,742.9643109728618
4941,742.8274859051204
4942,742.5954841245133
4943,742.4589074332627
4944,742.2271311873683
4945,741.9969640381497
4946,741.7653469575386
4947,741.535340168929
4948,741.3038823627747
4949,741.0740360454603
4950,740.8427376230666
4951,740.6116770501685
4952,740.3805382574279
4953,740.1496375028333
4954,739.9186584494486
4955,739.6890180818182
4956,739.4581987683414
4957,739.2287191395868
4958,739.2332612722867
4959,739.2379829796637
4960,739.0073674316565
4961,738.8709440449102
4962,738.6404185738153
4963,738.5041080568029
4964,738.2736727307582
4965,738.1374751627487
4966,737.907130049981
4967,737.7710455103407
4968,737.5407906791658
4969,737.4048192473579
4970,737.1746547661819
4971,737.038796521767
4972,737.0436788681219
4973,736.875681870186
4974,736.880881190481
4975,736.7130210505101
4976,736.7185375875623
4977,736.5826820535958
4978,736.3527744050102
4979,736.3584450695856
4980,736.3642958086679
4981,736.370464818736
4982,736.3768141917211
4983,736.2407418619495
4984,736.0108758015908
4985,736.0173799069003
4986,736.0240646586894
4987,736.031068430611
4988,735.8637520945837
4989,735.7275091606521
4990,735.5913914666809
4991,735.4240713609553
4992,735.2879642463004
4993,735.0582062958997
4994,734.8285070120909
4995,734.6924072458755
4996,734.4627988863716
4997,734.3268127799862
4998,734.1909081706932
4999,734.0551290616444
5000,733.8878681242501
5001,733.7206067007445
5002,733.4911089803667
5003,733.3553018247479
5004,733.1881071366498
5005,732.9587000412192
5006,732.8229358015598
5007,732.8296590241681
5008,732.6002961568478
5009,732.464528402244
5010,732.2974673435933
5011,732.0681952224089
5012,731.9324704393163
5013,731.9393228953498
5014,731.7100950946261
5015,731.4809704610288
5016,731.2520438646715
5017,731.0232206302352
5018,730.9175046464561
5019,731.0257654117135
5020,730.7966202051574
5021,730.6605507411118
5022,730.4314969261214
5023,730.2955415273074
5024,730.0665791737742
5025,729.9307379212286
5026,729.7020064855311
5027,729.473378521916
5028,729.3293773718648
5029,729.1009046407057
5030,728.9571313397769
5031,728.728813946659
5032,728.5852687052421
5033,728.3571067558777
5034,728.2137897846986
5035,727.9857833849281
5036,727.7579760280261
5037,727.5302727021173
5038,727.3027686499948
5039,727.0753688261731
5040,726.9086914872752
5041,726.9148313970054
5042,726.6861846688258
5043,726.5495484606703
5044,726.4063525077105
5045,726.2698231417988
5046,726.1032731968444
5047,725.9602274217068
5048,725.8237336827933
5049,725.8299628942278
5050,725.6870207767282
5051,725.5505160154838
5052,725.5568935200054
5053,725.4519699090416
5054,725.3154924729521
5055,725.1491612742221
5056,724.9208881061428
5057,724.7844537194287
5058,724.6415212594533
5059,724.4987661163364
5060,724.2705936658662
5061,724.1341402476388
5062,723.9060599168967
5063,723.7697210565035
5064,723.6271139182389
5065,723.3993625916852
5066,723.1713904633217
5067,723.0350399312938
5068,722.8071600712484
5069,722.6709242370725
5070,722.4431367162844
5071,722.3070156619765
5072,722.2023942736206
5073,722.0598243920746
5074,721.8321764728315
5075,721.6960749963476
5076,721.5302196669385
5077,721.3026638899237
5078,721.16660572115
5079,721.172685114744
5080,720.9451747270901
5081,720.8091130780181
5082,720.8153484061398
5083,720.6793907699374
5084,720.543419445773
5085,720.407530208379
5086,720.1799790739946
5087,720.037181844511
5088,719.8945623592535
5089,719.7586543580663
5090,719.6227326768626
5091,719.4802529907755
5092,719.3379514178799
5093,719.2021185348743
5094,719.0662719667986
5095,718.930507660365
5096,718.7882312141529
5097,718.6525748746941
5098,718.5169048744232
5099,718.3813172290269
5100,718.2390659825578
5101,718.1035864084159
5102,717.9680931977979
5103,717.832682435463
5104,717.605075635987
5105,717.4697804323524
5106,717.3344716180385
5107,717.1921638000122
5108,716.964594506495
5109,716.7372260638604
5110,716.5099624041299
5111,716.282899829961
5112,716.0559422390279
5113,715.8284797077322
5114,715.6929204707058
5115,715.5575848079916
5116,715.4222354856812
5117,715.2871098912024
5118,715.1519706498534
5119,715.0170552900476
5120,714.88212629613
5121,714.7474213376589
5122,714.612702757865
5123,714.3854196805754
5124,714.2508171991009
5125,714.1162975472097
5126,713.9734597616949
5127,713.8390489953061
5128,713.7046246168278
5129,713.5702831622784
5130,713.342951499087
5131,713.1158214761978
5132,712.8887966442117
5133,712.661548354557
5134,712.5270951339857
5135,712.2999402961905
5136,712.1656034394504
5137,711.9385421260841
5138,711.8340783678437
5139,711.6072137977153
5140,711.5028363774005
5141,711.2758849081433
5142,711.0490386667648
5143,710.8834076650859
5144,710.6567630154668
5145,710.5224570151772
5146,710.3882340581
5147,710.1615747700152
5148,710.0274684687894
5149,709.8933484210858
5150,709.6667713540651
5151,709.5327680454084
5152,709.5361386563039
5153,709.4022411487975
5154,709.2683298886562
5155,709.2717842128992
5156,709.0452276952719
5157,708.9113137147878
5158,708.9149237259907
5159,708.6884134479368
5160,708.5544967518443
5161,708.4206632682526
5162,708.1941384079529
5163,707.9676737928688
5164,707.7413150023586
5165,707.6074782067917
5166,707.3810709570334
5167,707.2473512804822
5168,707.0210382482197
5169,706.8874357756696
5170,706.7538194919367
5171,706.6204293385889
5172,706.4870253869129
5173,706.3537048517238
5174,706.1273879482942
5175,705.9941848475988
5176,705.8609679747732
5177,705.7566840004912
5178,705.5304445813631
5179,705.3042655409521
5180,705.0781926465206
5181,704.8523233360237
5182,704.7190143823545
5183,704.5859320140116
5184,704.452835836465
5185,704.3199664015912
5186,704.1870831704517
5187,704.0544268395302
5188,703.9217567253122
5189,703.9242735543202
5190,703.7917103124041
5191,703.6591332967705
5192,703.661733712626
5193,703.4356667100809
5194,703.3030874451741
5195,703.1705919412251
5196,702.9445105026499
5197,702.7184895313816
5198,702.5860028555365
5199,702.4409806399934
5200,702.3086049971372
5201,702.1763132025508
5202,702.0440076377517
5203,701.8180483582463
5204,701.6858610526757
5205,701.5537576932405
5206,701.4217843788123
5207,701.2898950593567
5208,701.1579920093853
5209,700.932029480873
5210,700.800244923911
5211,700.6685444600756
5212,700.4425675354881
5213,700.2167952904391
5214,699.991129974747
5215,699.7656695822224
5216,699.5403163271586
5217,699.3144466113307
5218,699.1825127565216
5219,699.0370094485152
5220,698.8117679776825
5221,698.6664955240403
5222,698.4414149361533
5223,698.4428662608644
5224,698.4444982264945
5225,698.2188038834856
5226,698.0866346142421
5227,697.8610356023322
5228,697.7289850234641
5229,697.5034814177947
5230,697.3715496162158
5231,697.1461414920313
5232,697.0143285547671
5233,696.7890159874142
5234,696.6573220016024
5235,696.4321050665309
5236,696.3005301194203
5237,696.1690394813899
5238,696.0376796582865
5239,695.9064041934593
5240,695.7751148386287
5241,695.7765839952634
5242,695.6454028507954
5243,695.5142078260202
5244,695.2889630446215
5245,695.0636807696027
5246,694.8386044020308
5247,694.7074070267728
5248,694.6033144754277
5249,694.4722685920796
5250,694.3413072408689
5251,694.1951189658894
5252,693.9700652967771
5253,693.7451193076816
5254,693.5203796189311
5255,693.2957478209723
5256,693.2968148435612
5257,693.1656011789888
5258,693.0345187156386
5259,692.9035208823474
5260,692.6785238958969
5261,692.6796495550366
5262,692.6811013609516
5263,692.682734080235
5264,692.6846933548917
5265,692.5536205253771
5266,692.4225336780875
5267,692.1977174695022
5268,692.0667504465649
5269,692.0686234212045
5270,691.8438548267817
5271,691.7128862029512
5272,691.714915884002
5273,691.4901949445557
5274,691.3592247257035
5275,691.2283391683218
5276,691.081413609142
5277,691.083568687211
5278,690.9526746235746
5279,690.8217665083203
5280,690.5970605577536
5281,690.4501741721627
5282,690.3035637210882
5283,690.0789756604241
5284,689.8543027029535
5285,689.7232560968936
5286,689.5924403038712
5287,689.4616104217372
5288,689.3150318354055
5289,689.1686306898968
5290,689.170427144447
5291,689.0395700486606
5292,688.9086988548921
5293,688.910579379066
5294,688.7798173938672
5295,688.6490413203604
5296,688.6510060142733
5297,688.5203392302737
5298,688.3896583676636
5299,688.1650399452496
5300,688.0344796003419
5301,688.0363575875787
5302,687.8117870763181
5303,687.6812253038564
5304,687.5507485503243
5305,687.4037462002883
5306,687.179216059878
5307,687.0487421156289
5308,686.8844747269676
5309,686.6600406789626
5310,686.5296134462591
5311,686.5314207361811
5312,686.5335567653046
5313,686.535874903973
5314,686.3718222342601
5315,686.3744685997344
5316,686.377297389427
5317,686.2133888293525
5318,686.2165462719641
5319,686.0857630138612
5320,685.9549655449908
5321,685.9582081216363
5322,685.8275203590947
5323,685.6968183954226
5324,685.7001462078202
5325,685.7036569891276
5326,685.7073509058815
5327,685.7113753865436
5328,685.7155833059784
5329,685.7199748313119
5330,685.7246974913973
5331,685.7296040618589
5332,685.5984489598359
5333,685.3740460779776
5334,685.1498520617624
5335,684.9257678085759
5336,684.7018926751562
5337,684.59765784286
5338,684.6025598415268
5339,684.6076460629741
5340,684.6130641912204
5341,684.6186668483139
5342,684.6246018340452
5343,684.6307216554569
5344,684.4066070840399
5345,684.2749537246374
5346,684.0509368846114
5347,683.9194046814337
5348,683.7879573205313
5349,683.6836677770211
5350,683.4597312010557
5351,683.3283261744054
5352,683.1970060571111
5353,683.0927466513772
5354,682.8688904183723
5355,682.7376126951945
5356,682.6064199485503
5357,682.3825500000207
5358,682.1587415059386
5359,682.0275585340102
5360,681.8038480826732
5361,681.6727866624084
5362,681.5418103098538
5363,681.3180861889072
5364,681.0944235773916
5365,680.9634570815857
5366,680.7398926645168
5367,680.609047908245
5368,680.4782883110347
5369,680.2547102704485
5370,680.0311937943677
5371,679.9004441362005
5372,679.6770260066631
5373,679.5463982763798
5374,679.4158557966855
5375,679.192424089901
5376,678.9690540027874
5377,678.8385215446923
5378,678.6152499566157
5379,678.4848396152356
5380,678.3545146161482
5381,678.2049953643776
5382,677.9817652439474
5383,677.8514436715167
5384,677.7212075116173
5385,677.497963869005
5386,677.2747819472228
5387,677.1445559246757
5388,676.9214727254862
5389,676.7913691039693
5390,676.6613509870058
5391,676.4382543123346
5392,676.2152194139264
5393,676.085211517528
5394,675.8622754952008
5395,675.7323901898848
5396,675.6025904813217
5397,675.3796410303942
5398,675.1567534112545
5399,675.0269640067353
5400,674.8041754175669
5401,674.6745087946697
5402,674.5449278609028
5403,674.3949278688418
5404,674.232593273334
5405,674.2367395274479
5406,674.1070759275807
5407,673.884315650723
5408,673.7220524877072
5409,673.5924366695454
5410,673.3697745413825
5411,673.1471743490512
5412,673.1514064655136
5413,673.1559730336946
5414,673.1607242213855
5415,673.0308968852867
5416,672.8083966595586
5417,672.6786924102815
5418,672.5490738986508
5419,672.4195908534689
5420,672.424281064865
5421,672.2947597066972
5422,672.0722215868585
5423,672.0770729202376
5424,671.9150978307096
5425,671.9202834627962
5426,671.9256542388043
5427,671.7959586525864
5428,671.5735197272088
5429,671.5790521462956
5430,671.4493556726957
5431,671.2269664814391
5432,671.2326606995024
5433,671.1029633455179
5434,670.9519476951546
5435,670.9577973530969
5436,670.8280926092651
5437,670.6983730372724
5438,670.7043104010257
5439,670.5747030062549
5440,670.4450807927013
5441,670.4511059684654
5442,670.3215960172143
5443,670.1920712565818
5444,670.1981843507365
5445,670.2044835131813
5446,670.0749465307707
5447,669.8525266139771
5448,669.8589884076804
5449,669.7294506185316
5450,669.5070805894587
5451,669.3776666839544
5452,669.2482379361019
5453,669.1190464641672
5454,668.9898401630534
5455,668.8607198803976
5456,668.6383497761395
5457,668.5093536300038
5458,668.380342681956
5459,668.251569374701
5460,668.1227812787962
5461,667.9940793561399
5462,667.7717092923648
5463,667.6431317598964
5464,667.5145394661922
5465,667.3861851791995
5466,667.2578161443265
5467,667.1295334379852
5468,667.0013878641728
5469,667.0068239231812
5470,666.8786397162768
5471,666.6562452472283
5472,666.4339128750713
5473,666.4394610981755
5474,666.2171913202466
5475,666.2230274162216
5476,666.0947436309563
5477,665.8725239841198
5478,665.6503664751859
5479,665.6563150488057
5480,665.4343215044499
5481,665.4405584047911
5482,665.3120737884336
5483,665.1508136503977
5484,665.157263074264
5485,665.0288158148252
5486,664.8068593586099
5487,664.678537078469
5488,664.550301195885
5489,664.3283317544474
5490,664.1064245117939
5491,663.9781998087929
5492,663.9846407232666
5493,663.9912685500531
5494,663.8630320897413
5495,663.6411634429837
5496,663.4193570205418
5497,663.2911317713389
5498,663.0694264806617
5499,662.9413265391462
5500,662.8133131060112
5501,662.5915949202639
5502,662.3699390149618
5503,662.2419368805107
5504,662.0203822672488
5505,661.8925056386273
5506,661.7647156125932
5507,661.5431481542201
5508,661.3216430325148
5509,661.1938643930242
5510,660.9724607240629
5511,660.8448077890625
5512,660.71724155104
5513,660.4958250871226
5514,660.2744710161895
5515,660.146916252856
5516,660.0196018044788
5517,659.8922723623335
5518,659.7650297430295
5519,659.5436894726608
5520,659.4165729209893
5521,659.2894414032338
5522,659.1625505739916
5523,659.0356447921191
5524,658.9088259906647
5525,658.6874870023308
5526,658.5607945285003
5527,658.4340871298749
5528,658.3076207943989
5529,658.1811395476784
5530,658.0547454394574
5531,657.8334078537182
5532,657.7071403339365
5533,657.5808579308978
5534,657.4548169667281
5535,657.328761132948
5536,657.202792596258
5537,656.9814565340971
5538,656.8556148474894
5539,656.7297583194108
5540,656.6041436070102
5541,656.4785140668829
5542,656.3529719829465
5543,656.1316375657756
5544,656.006222594396
5545,655.8807928235832
5546,655.7556052463499
5547,655.6304028835257
5548,655.5052881365058
5549,655.2839554861648
5550,655.1589681150114
5551,655.033965986715
5552,654.9092064309973
5553,654.7844321320777
5554,654.6597456090911
5555,654.4384148478507
5556,654.3138559648792
5557,654.1892823673091
5558,653.968041496117
5559,653.7469158487719
5560,653.5256976069437
5561,653.4011238924373
5562,653.1800082589828
5563,653.0555623562442
5564,652.8345494172722
5565,652.7102314256812
5566,652.5860014034923
5567,652.3649758864236
5568,652.1440130683209
5569,652.0197957034919
5570,651.7989357446407
5571,651.6748464956326
5572,651.5508453130474
5573,651.3299728279115
5574,651.1091630987352
5575,650.9851746652623
5576,650.7644679605531
5577,650.6406078481168
5578,650.5168358993157
5579,650.2961167203392
5580,650.0754603544115
5581,649.9517012467763
5582,649.7311480709795
5583,649.6075174901408
5584,649.4839751703416
5585,649.2634095725017
5586,649.0429068448954
5587,648.9193774586186
5588,648.6989780872568
5589,648.5755774340829
5590,648.452265139545
5591,648.23195664576
5592,648.1086699757944
5593,647.9854717095782
5594,647.7651508829814
5595,647.642081587538
5596,647.5191007808704
5597,647.2988709852501
5598,647.175915921607
5599,647.0530493919765
5600,646.8328072974633
5601,646.7100699769611
5602,646.5874212757118
5603,646.3672703660017
5604,646.2446475266466
5605,646.1221133519052
5606,645.9019501773793
5607,645.7795454508092
5608,645.6572294743082
5609,645.4371576388404
5610,645.3148676435227
5611,645.1926664437599
5612,645.0707111763901
5613,644.9487411120604
5614,644.8268599615812
5615,644.6066880082531
5616,644.4849367170045
5617,644.3631706580342
5618,644.241650921203
5619,644.1201164310495
5620,643.9986710190627
5621,643.7785026825117
5622,643.5583974501487
5623,643.4369657395233
5624,643.2776380284391
5625,643.0575905272929
5626,642.8984925755273
5627,642.6786193665863
5628,642.5197513906072
5629,642.3000526050554
5630,642.1414148216844
5631,641.9218905908816
5632,641.8174276511326
5633,641.5981184666467
5634,641.4937471477688
5635,641.389369601343
5636,641.2850899626601
5637,641.0654025343715
5638,640.9433248028282
5639,640.7237418118533
5640,640.6017942240132
5641,640.3823157590876
5642,640.2604984173555
5643,640.0411245673453
5644,639.9194375742676
5645,639.7000640947778
5646,639.699919871004
5647,639.5957777715062
5648,639.4372415352666
5649,639.3331913556067
5650,639.1141369791321
5651,638.9924149541274
5652,638.8707822917307
5653,638.7667639426163
5654,638.5477958334097
5655,638.4262114655154
5656,638.3047165341094
5657,638.2007300557966
5658,637.9818483024542
5659,637.8604017350926
5660,637.739044678211
5661,637.5805180590229
5662,637.361682359972
5663,637.2403333492067
5664,637.1190739257473
5665,636.9606372862341
5666,636.741847695639
5667,636.6205963506432
5668,636.4994346698983
5669,636.341088127359
5670,636.1222398850925
5671,636.1213292325913
5672,636.0001518434385
5673,635.8962532516917
5674,635.7380554961771
5675,635.6342492090124
5676,635.4156043238919
5677,635.3118904014069
5678,635.3906589893942
5679,635.2327211906623
5680,635.0750619941045
5681,634.8565330601162
5682,634.7349326079252
5683,634.733864757986
5684,634.6123840123679
5685,634.4909931072306
5686,634.2725463207112
5687,634.1511815940187
5688,634.0299067541896
5689,633.8720738262641
5690,633.6536735008011
5691,633.5324067295713
5692,633.411229922657
5693,633.2534877552285
5694,633.0351339456159
5695,632.913965239833
5696,632.7928865759355
5697,632.6352352877358
5698,632.633624645582
5699,632.5125427024661
5700,632.5109878531401
5701,632.3533759212761
5702,632.2498626733457
5703,632.1464484995464
5704,632.2246646105704
5705,632.1213432853289
5706,632.0180156930827
5707,631.914787277114
5708,631.6965960352612
5709,631.5934605893441
5710,631.3754868311776
5711,631.2724444161546
5712,631.3514140075215
5713,631.2484646842992
5714,631.0307494654479
5715,630.873730951619
5716,630.9532634199993
5717,630.7964607988853
5718,630.6936916332812
5719,630.5371632107752
5720,630.3191998324594
5721,630.1629051808827
5722,629.9451188189138
5723,629.7890581612082
5724,629.5712363017748
5725,629.3535860815192
5726,629.136160087032
5727,629.0338641171821
5728,629.0316568381598
5729,628.8141835264463
5730,628.5968822884041
5731,628.3798055943566
5732,628.2776792909309
5733,628.0608211776438
5734,627.958788589755
5735,627.7415101852472
5736,627.639571374533
5737,627.4225113808416
5738,627.3206664090045
5739,627.1038250080045
5740,627.1840441813324
5741,626.9673691902954
5742,627.0481182102559
5743,626.8924531264429
5744,626.9737270267548
5745,626.8182791858868
5746,626.9000788217996
5747,626.7448484337816
5748,626.8271746627654
5749,626.6106686559738
5750,626.6935282291096
5751,626.4771889182354
5752,626.3760025517013
5753,626.159882593786
5754,626.058790562106
5755,625.8428901403605
5756,625.7418925058276
5757,625.8253639379705
5758,625.724460762944
5759,625.5088219645319
5760,625.4080133114372
5761,625.1925944599154
5762,625.0918803912444
5763,625.0886048310559
5764,625.0856737958665
5765,625.0830875784401
5766,624.9281988148857
5767,624.7735925172238
5768,624.6191623277282
5769,624.5185855220485
5770,624.3644323482553
5771,624.2639503494405
5772,624.1100744680921
5773,623.8948985901328
5774,623.6798423489608
5775,623.5795501524191
5776,623.3634324474239
5777,623.2632352464242
5778,623.0484595452818
5779,622.948357402851
5780,622.7325193963796
5781,622.6325123756114
5782,622.4180175487949
5783,622.3181057128506
5784,622.1038319663506
5785,621.9505227784267
5786,621.7973905216958
5787,621.6976692451531
5788,621.4836298195455
5789,621.3840039177159
5790,621.2312042011325
5791,621.1316737374476
5792,620.9791526605111
5793,620.8797176984705
5794,620.6660083515923
5795,620.5666689547638
5796,620.3531813780031
5797,620.2010537837257
5798,619.9877469234613
5799,619.8885988480325
5800,619.6755141165726
5801,619.576461797468
5802,619.4246209435423
5803,619.3256644446027
5804,619.1741031886469
5805,619.0752425737815
5806,618.8624892903464
5807,618.7637246235331
5808,618.5511939418503
5809,618.4525252871359
5810,618.2402173948707
5811,618.1416448163703
5812,617.9295599014523
5813,617.8310834633506
5814,617.6192217139741
5815,617.4682196968541
5816,617.2565399044211
5817,617.1057768519435
5818,616.8942791575823
5819,616.7960915264745
5820,616.6455619998954
5821,616.5474707666159
5822,616.4493738742816
5823,616.351379103361
5824,616.2533786840263
5825,616.1554804400653
5826,616.0054248426458
5827,615.9076231903144
5828,615.6932666164388
5829,615.5955616204769
5830,615.5908630171465
5831,615.5865093611809
5832,615.5825009464598
5833,615.5788380672709
5834,615.5755210183083
5835,615.4481246822529
5836,615.3503526000633
5837,615.3472338999022
5838,615.219872789694
5839,615.0697645528984
5840,615.0668032353032
5841,614.9394362332017
5842,614.8416660366631
5843,614.8389034460862
5844,614.7115717391606
5845,614.6138024882861
5846,614.611238820129
5847,614.4839424489957
5848,614.3861741456835
5849,614.3838095956572
5850,614.2565486010159
5851,614.1587812471686
5852,614.1566160112947
5853,614.0293904339268
5854,613.9316240314508
5855,613.7179845569855
5856,613.5908059243669
5857,613.3771665725819
5858,613.3751258295769
5859,613.224728197714
5860,613.0113262720198
5861,612.8841710881194
5862,612.670877667763
5863,612.543854265949
5864,612.3306694445267
5865,612.2037779310507
5866,611.9907018022983
5867,611.8639422835628
5868,611.8621005994903
5869,611.7354616941408
5870,611.637866572065
5871,611.636225001209
5872,611.509622005287
5873,611.4120279086707
5874,611.4105866487994
5875,611.28401960398
5876,611.186426534804
5877,610.9737349323553
5878,610.8472153944198
5879,610.634632939974
5880,610.5082458584548
5881,610.2957726465903
5882,610.1695181287668
5883,609.9571542542038
5884,609.8310324075072
5885,609.6187779651091
5886,609.4927888971246
5887,609.3668909427188
5888,609.269406623912
5889,609.0572444371227
5890,608.9313943872593
5891,608.8056355283017
5892,608.708187552455
5893,608.4961177186951
5894,608.3704068354893
5895,608.2447872206361
5896,608.0327064993517
5897,607.8206935932973
5898,607.6950865066616
5899,607.4831834103695
5900,607.357709569494
5901,607.2323271017613
5902,607.1349701871891
5903,606.9231597137094
5904,606.7978254374171
5905,606.672582612
5906,606.575262203708
5907,606.3635444510528
5908,606.2383498887684
5909,606.113246855212
5910,606.0159630000526
5911,605.8043380663934
5912,605.679283367785
5913,605.5543202758791
5914,605.4570730207896
5915,605.4544847656654
5916,605.329558595809
5917,605.3270250546199
5918,605.1154296427201
5919,605.1131938528175
5920,604.9881364419904
5921,604.7765985248697
5922,604.7745281565191
5923,604.6494720112382
5924,604.4379916424883
5925,604.436086862638
5926,604.3110319930262
5927,604.0996092263184
5928,604.0978702021774
5929,603.9728166183855
5930,603.7614515074719
5931,603.7598784065103
5932,603.6348261187186
5933,603.4235187174306
5934,603.4221117073811
5935,603.2970607257975
5936,603.0858110880476
5937,602.8746296010377
5938,602.74959149276
5939,602.5385208604766
5940,602.4136170945536
5941,602.2888050902188
5942,602.1642490919976
5943,602.0396752407497
5944,601.8851890848833
5945,601.6741379091576
5946,601.4631549600149
5947,601.3385131409095
5948,601.1276413086125
5949,601.0031341781291
5950,600.8787189695864
5951,600.6678366841596
5952,600.4570226922906
5953,600.3326206206158
5954,600.1219179331584
5955,599.9976507766327
5956,599.873475648241
5957,599.6627625691584
5958,599.4521178507309
5959,599.3279559597078
5960,599.1174227337933
5961,599.1153145100208
5962,598.991154334997
5963,598.7806794395866
5964,598.7787375281004
5965,598.6545790798042
5966,598.444162569658
5967,598.442387139186
5968,598.3182304283761
5969,598.1078723583363
5970,598.106263577872
5971,597.9821086153365
5972,597.7718090403276
5973,597.7703670791303
5974,597.6462138756875
5975,597.4359728507173
5976,597.434697878312
5977,597.3105464448103
5978,597.1003640249694
5979,597.0992562111486
5980,596.9751065584668
5981,596.7649827989288
5982,596.7640423137522
5983,596.6398944527992
5984,596.4298294088213
5985,596.276408046119
5986,596.1523143513926
5987,595.9423604627148
5988,595.7890213547743
5989,595.6649818740143
5990,595.4551392328599
5991,595.4543213102507
5992,595.3302837028415
5993,595.1204999922683
5994,595.1198497916401
5995,594.9958140686563
5996,594.7860893443
5997,594.7856070366475
5998,594.6615732091949
5999,594.4519075267755
6000,594.451593283363
6001,594.3275613625782
6002,594.1179547779004
6003,594.117808770263
6004,593.9937787673139
6005,593.784231336267
6006,593.6603376596953
6007,593.5365362821452
6008,593.3269789473285
6009,593.1173795804424
6010,592.993702590436
6011,592.7843269131308
6012,592.6606757591102
6013,592.5371170111424
6014,592.3277314939997
6015,592.1184147345084
6016,591.994869755222
6017,591.7856661562638
6018,591.662257967307
6019,591.5389422916572
6020,591.4158866275895
6021,591.2928125840396
6022,591.1698311823375
6023,590.9606381762724
6024,590.8376828672282
6025,590.7148202482277
6026,590.7909233680285
6027,590.5817718714014
6028,590.4589056925385
6029,590.3361322820979
6030,590.4126006540448
6031,590.2034907045955
6032,590.0807137466743
6033,589.958029635672
6034,590.0348640007177
6035,589.8257956362453
6036,589.7031079901749
6037,589.5805132696386
6038,589.6577143710214
6039,589.4486876293848
6040,589.3260893862238
6041,589.2035841473297
6042,589.2811527305847
6043,589.0721676497031
6044,588.9496589006591
6045,588.8272432347336
6046,588.9051800477014
6047,588.6962366655534
6048,588.5738175019842
6049,588.4514915005044
6050,588.5297972933397
6051,588.3208956479651
6052,588.1985661613791
6053,588.076329915972
6054,587.8674185271016
6055,587.6585763594298
6056,587.53635435017
6057,587.3276262640428
6058,587.2055423376727
6059,587.0835517615387
6060,586.8748139971832
6061,586.6661455227766
6062,586.544169288257
6063,586.3356150918514
6064,586.332727217161
6065,586.2107537405627
6066,586.0022596372622
6067,585.9995396479234
6068,585.877568941418
6069,585.6691349886161
6070,585.6665830570845
6071,585.5446151328779
6072,585.3362413880558
6073,585.3338576870625
6074,585.2118925573935
6075,585.0035790781211
6076,584.8817525898293
6077,584.7600195997746
6078,584.5516966200186
6079,584.3434430640119
6080,584.22172460707
6081,584.0135858753828
6082,584.0111387913549
6083,583.8894232530837
6084,583.6813449766677
6085,583.5597683992263
6086,583.4382854392938
6087,583.2301977570837
6088,583.2277625003923
6089,583.1062825622879
6090,582.8982554216826
6091,582.6902978064049
6092,582.5688325515542
6093,582.3609901351921
6094,582.2396641619574
6095,582.1184319257651
6096,581.9105801989099
6097,581.7027980666389
6098,581.58158062113
6099,581.3739138875652
6100,581.2528359640622
6101,581.1318518877312
6102,581.0354761072977
6103,580.8279069055408
6104,580.7069748347274
6105,580.5861366930898
6106,580.3785582742624
6107,580.1710495741988
6108,580.0502263844722
6109,579.842833390214
6110,579.7221500974993
6111,579.6015608445025
6112,579.6775114648863
6113,579.4701614287452
6114,579.3495695493916
6115,579.2290717903329
6116,579.3053910516757
6117,579.0980840132486
6118,578.9775836414536
6119,578.8571774706539
6120,578.649861287276
6121,578.4980201742042
6122,578.3776707799738
6123,578.2182633098743
6124,578.2146400740959
6125,578.0942893580792
6126,577.9740329459537
6127,577.7668755693926
6128,577.6466464396291
6129,577.5265116634268
6130,577.3669896180179
6131,577.3632359706952
6132,577.2430999768172
6133,577.1230584183606
6134,576.9159364022674
6135,576.7959222326606
6136,576.67600254828
6137,576.4688714790291
6138,576.2618104446395
6139,576.1419061155553
6140,576.1380064652744
6141,576.018231446812
6142,575.8985510211904
6143,575.8947380484302
6144,575.7750735553257
6145,575.655503700877
6146,575.6517775192631
6147,575.5322236682026
6148,575.4127645016634
6149,575.2057581069064
6150,575.0863266705934
6151,574.9669899688706
6152,574.7599746119499
6153,574.5530293527441
6154,574.4337082834787
6155,574.2268799454158
6156,574.1077004147637
6157,573.9886157309784
6158,573.7817785000224
6159,573.5750114371319
6160,573.4559424968861
6161,573.2492925602882
6162,573.1303654056882
6163,573.0115332104709
6164,572.8048744505421
6165,572.5982859291609
6166,572.4794695889647
6167,572.2729983996359
6168,572.154324092836
6169,572.0357448581749
6170,571.8747035899331
6171,571.6682892978534
6172,571.5497213707004
6173,571.4312486029086
6174,571.2248255751114
6175,571.0184729155562
6176,570.9000161605373
6177,570.6937811363862
6178,570.5754667883524
6179,570.4572477128718
6180,570.2510040232759
6181,570.0448307727895
6182,569.9266278225623
6183,569.7205724147717
6184,569.602512121101
6185,569.4845472134172
6186,569.3232059229247
6187,569.1172078321404
6188,568.9992545634185
6189,568.8813967684397
6190,568.7201469854937
6191,568.5142062834167
6192,568.3963601679837
6193,568.2786096141946
6194,568.1174514621167
6195,567.9115682205723
6196,567.793829386991
6197,567.6761862030993
6198,567.5151198054515
6199,567.309294096391
6200,567.191662673447
6201,567.0741269883839
6202,566.9131524689698
6203,566.7073843644695
6204,566.5898604811724
6205,566.4724324240927
6206,566.311549906958
6207,566.1057244592353
6208,565.9884232648037
6209,565.8711029650871
6210,565.71031257452
6211,565.7037601285402
6212,565.586440119485
6213,565.4692161096128
6214,565.4627494736495
6215,565.3455424153929
6216,565.2284314034324
6217,565.2220506910868
6218,565.104956704192
6219,564.9879588107593
6220,564.9816641358431
6221,564.8646833410768
6222,564.7477986869914
6223,564.7415901635272
6224,564.6247226818601
6225,564.5079513881454
6226,564.5018291303675
6227,564.3850750829747
6228,564.2684172708585
6229,564.2623813932133
6230,564.1457409014749
6231,564.02919669239
6232,563.8234035103882
6233,563.7068883545022
6234,563.5904695328868
6235,563.4283073227379
6236,563.2225721212106
6237,563.1061657492772
6238,562.9898558009776
6239,562.7841122094538
6240,562.5783239988274
6241,562.4621466595967
6242,562.256477744874
6243,562.1404452344749
6244,562.0243936244357
6245,561.8188320316276
6246,561.6133414813218
6247,561.4973070072639
6248,561.2919360154133
6249,561.1760465771627
6250,561.0602537947224
6251,560.8548745585348
6252,560.8480205717349
6253,560.7322334050365
6254,560.5269174758581
6255,560.520232916852
6256,560.4044513816056
6257,560.199198821841
6258,559.9940174100462
6259,559.8782531780072
6260,559.6731917276126
6261,559.5575729656106
6262,559.4420509966528
6263,559.2369814386165
6264,559.0319831009411
6265,558.9164785528026
6266,558.9097092415733
6267,558.7943387750657
6268,558.6790652141798
6269,558.6723823149555
6270,558.557126794006
6271,558.4063489170368
6272,558.2014412106471
6273,558.1949259357227
6274,558.0795906186426
6275,557.9645298150272
6276,557.8494497223851
6277,557.8428809345795
6278,557.7279353929863
6279,557.6129705707555
6280,557.498102820592
6281,557.4916583088251
6282,557.3768088814378
6283,557.2620565742712
6284,557.2556989274862
6285,557.1409650195869
6286,557.0263282801164
6287,557.0200576145543
6288,556.9054393510006
6289,556.7909183041384
6290,556.784734736258
6291,556.6702322421216
6292,556.5558270129933
6293,556.5497306594725
6294,556.4353440600387
6295,556.3210547739848
6296,556.3150457517199
6297,556.2007751724888
6298,556.0866019550639
6299,556.0806803811714
6300,555.9665259478579
6301,555.852468924832
6302,555.8466349166484
6303,555.7325967551835
6304,555.7268122872279
6305,555.6129097276249
6306,555.4989879641554
6307,555.4932912281441
6308,555.3795051842279
6309,555.2656999451174
6310,555.1519922620691
6311,555.1464216572402
6312,555.0327330690694
6313,554.9191420856632
6314,554.7140873165962
6315,554.6005272944853
6316,554.4870649301794
6317,554.3738798696724
6318,554.2606756656636
6319,554.147569261829
6320,554.1416827286565
6321,554.0285956911827
6322,553.9156065028537
6323,553.9098079839512
6324,553.7968382406208
6325,553.6839663954621
6326,553.6782560094367
6327,553.5654036880782
6328,553.4526493139746
6329,553.4470271796582
6330,553.334292408321
6331,553.2216556333775
6332,553.2161218698265
6333,553.1035047767807
6334,552.9909857293245
6335,552.9855404558199
6336,552.873041169558
6337,552.760639978137
6338,552.7552833141867
6339,552.6429019634226
6340,552.5306187568082
6341,552.5253508221455
6342,552.4130875358168
6343,552.3009224430022
6344,552.2957433575876
6345,552.1835982648546
6346,552.0715514150572
6347,552.066461299079
6348,551.9544345293257
6349,551.8425060519868
6350,551.8375050258611
6351,551.7255967086963
6352,551.5749254644775
6353,551.4632098124431
6354,551.3514751262671
6355,551.3464181794691
6356,551.2348212576984
6357,551.1232053109798
6358,551.0116878177195
6359,551.006759530418
6360,550.8952624534678
6361,550.7838638796944
6362,550.7790250123882
6363,550.6676469357436
6364,550.5563674120523
6365,550.5516180860792
6366,550.4403591405047
6367,550.3291987977174
6368,550.3245391346468
6369,550.2133994511347
6370,550.1023584203012
6371,550.0977885419336
6372,549.9867682517045
6373,549.8361271410932
6374,549.6308020436259
6375,549.6264030563221
6376,549.5153031824815
6377,549.3100427400192
6378,549.1047358026557
6379,548.9937734187143
6380,548.7885896560065
6381,548.6899566823414
6382,548.4850199882122
6383,548.3146283676396
6384,548.1098957864696
6385,547.9397425459712
6386,547.9351805663055
6387,547.8238394907013
6388,547.7127799808685
6389,547.601701342319
6390,547.3969576013419
6391,547.392467052815
6392,547.2813962383398
6393,547.0767176325054
6394,546.8719272230156
6395,546.7608762151358
6396,546.5562094896067
6397,546.445309475403
6398,546.4409567668687
6399,546.3301959222457
6400,546.1802041401897
6401,546.0817904063806
6402,546.0776488948225
6403,545.9668479103908
6404,545.8561458945981
6405,545.8520947832621
6406,545.7414139126537
6407,545.6308320608587
6408,545.6268714731433
6409,545.5163108492358
6410,545.4058492943739
6411,545.4019793539144
6412,545.2915391098181
6413,545.1811979850579
6414,545.177418815727
6415,545.027659921323
6416,544.9172521722109
6417,544.8185382723253
6418,544.708322146123
6419,544.5982052082323
6420,544.4880690513313
6421,544.3893093545829
6422,544.3854765514599
6423,544.2753885130459
6424,544.1653997778234
6425,544.16165791003
6426,544.0516907755081
6427,543.9418229947232
6428,543.9381721867907
6429,543.8283260904262
6430,543.7185793984031
6431,543.5141247693962
6432,543.4044118902435
6433,543.2947984705534
6434,543.1958240395746
6435,542.9914738085238
6436,542.8819209019845
6437,542.7724675464134
6438,542.5999051399081
6439,542.3956160605582
6440,542.2861799497792
6441,542.1768434851942
6442,542.0043671681478
6443,542.0001767465044
6444,541.8908455459053
6445,541.7816140824324
6446,541.7775146912684
6447,541.6683052172783
6448,541.5591955314125
6449,541.3549294379153
6450,541.2458538775118
6451,541.1368781607586
6452,541.0281881630493
6453,540.9194789618795
6454,540.8108697533295
6455,540.6066237084641
6456,540.498048827249
6457,540.3895739944091
6458,540.2813853962682
6459,540.1731776411344
6460,540.0650700838615
6461,539.8608442860726
6462,539.7527712589101
6463,539.6447984855935
6464,539.5371124643518
6465,539.4294073329237
6466,539.3218026053461
6467,539.1175972538822
6468,539.0100272600992
6469,538.9025577263832
6470,538.7953754638461
6471,538.6881741382707
6472,538.5810734232888
6473,538.4815530468086
6474,538.374647229048
6475,538.267722376146
6476,538.160898268349
6477,537.9567337188051
6478,537.8499446408374
6479,537.7432563645747
6480,537.6368561723289
6481,537.5304369926431
6482,537.4241187660476
6483,537.2199751630928
6484,537.1136921723065
6485,537.0075101914455
6486,536.9016168181693
6487,536.7957045055031
6488,536.7889238943188
6489,536.5847545311098
6490,536.3806571902222
6491,536.2746217149881
6492,536.0706509300461
6493,535.9647710303648
6494,535.8589923191772
6495,535.6550147548218
6496,535.4511092867588
6497,535.3011808406898
6498,535.0975316739646
6499,534.991740452149
6500,534.8860504581523
6501,534.6823946453693
6502,534.5768606318494
6503,534.4714279570915
6504,534.2677655016232
6505,534.1180280378022
6506,534.1110608054986
6507,533.9074743479392
6508,533.8021379328278
6509,533.6967824119419
6510,533.4933098805487
6511,533.2899095923957
6512,533.1403500072928
6513,533.1336656267742
6514,533.0282860379745
6515,532.9230078577165
6516,532.7197256264815
6517,532.5165156828062
6518,532.4112601094149
6519,532.208177772432
6520,532.10307890583
6521,531.9980815746698
6522,531.794992859961
6523,531.5919765072064
6524,531.4870019210301
6525,531.2841134160385
6526,531.179295830178
6527,531.0745799069451
6528,530.8716851103733
6529,530.6687417403965
6530,530.5641697106894
6531,530.3613543758818
6532,530.2569396953774
6533,530.1525057406369
6534,529.9498052651196
6535,529.747056127411
6536,529.64276636884
6537,529.4401455087855
6538,529.3360133949292
6539,529.2318619709891
6540,529.0293562207574
6541,528.8268017192635
6542,528.7227947950992
6543,528.5203688145269
6544,528.4165198315181
6545,528.3126515024379
6546,528.1103408830426
6547,527.9079814230279
6548,527.8042578982964
6549,527.602027203258
6550,527.4249934464901
6551,527.4747163460744
6552,527.2727530327478
6553,527.0709320785794
6554,526.869375323754
6555,526.9196220929125
6556,526.7182633461883
6557,526.5170474629751
6558,526.316096394442
6559,526.1152885392702
6560,525.9147459043585
6561,525.9655062344962
6562,525.7651625212179
6563,525.5630441076956
6564,525.4583858556634
6565,525.256396367919
6566,525.1518962178402
6567,524.950035784642
6568,524.8456938829233
6569,524.645307021396
6570,524.4451860311469
6571,524.4961808380516
6572,524.2962593105325
6573,524.3477917524901
6574,524.1480698651679
6575,523.94849223513
6576,523.7491813139177
6577,523.8012411444649
6578,523.6021304151849
6579,523.4031644579876
6580,523.2044658364902
6581,523.0059123440948
6582,522.8076266006993
6583,522.710052982122
6584,522.5120275042627
6585,522.3141476992422
6586,522.1165362993603
6587,521.9190709325509
6588,521.7218743875497
6589,521.711808769848
6590,521.6059910458928
6591,521.4088664360862
6592,521.3989758144472
6593,521.2931682581577
6594,521.0961156605898
6595,521.0864002272048
6596,520.9806028603964
6597,520.7836223522473
6598,520.7740822996376
6599,520.6256425791668
6600,520.6164831994172
6601,520.5106490311041
6602,520.3136750497665
6603,520.3046915480217
6604,520.1988676428876
6605,520.001965857885
6606,519.9931584277864
6607,519.8450876964181
6608,519.648267332508
6609,519.4517171056519
6610,519.5032280695896
6611,519.3256738832305
6612,519.3777228465951
6613,519.2716603596665
6614,519.1236285340331
6615,519.1761103522487
6616,519.0700978856054
6617,518.922141676887
6618,518.913374586551
6619,518.8072948522487
6620,518.7015101947022
6621,518.6928328396673
6622,518.4922885225487
6623,518.3865147462506
6624,518.1861010492414
6625,518.0804864796447
6626,517.8802035343105
6627,517.7747483203847
6628,517.5745962585212
6629,517.469300549482
6630,517.4609439083077
6631,517.3556725073026
6632,517.2506974234129
6633,517.1457018404866
6634,516.9673480550392
6635,516.7674383837295
6636,516.6625871247883
6637,516.4628088219465
6638,516.3581176634344
6639,516.1584708619808
6640,516.0539399543477
6641,515.8544247874369
6642,515.7500542813821
6643,515.6531684722203
6644,515.4556613934916
6645,515.2563443626804
6646,515.1520257911346
6647,514.9528406860651
6648,514.8486827959676
6649,514.6496297505065
6650,514.5456326932928
6651,514.537155186155
6652,514.4331832265464
6653,514.2355586194387
6654,514.2272587955609
6655,514.1232985520977
6656,513.9257456902151
6657,513.9176237470024
6658,513.8136752442298
6659,513.6347383143475
6660,513.6267923644199
6661,513.5228535413675
6662,513.3440033764597
6663,513.3362336142026
6664,513.2323044918368
6665,513.0535411939991
6666,513.0459478141366
6667,512.9420284134818
6668,512.7633520850081
6669,512.7559352826025
6670,512.6520256247424
6671,512.4540352362103
6672,512.25560197207
6673,512.0578330020397
6674,511.8596207402193
6675,511.6620733918401
6676,511.4640823348009
6677,511.26675681154853
6678,511.0689871620763
6679,510.8718836677528
6680,510.7756132303557
6681,510.5787742714288
6682,510.4826130512235
6683,510.285248825657
6684,510.1891969045881
6685,509.99209694721867
6686,509.89615440732973
6687,509.69971440357125
6688,509.7498012240649
6689,509.5535665105684
6690,509.60419586115
6691,509.4081666245633
6692,509.4593394485907
6693,509.2635158759038
6694,510.74473713670545
6695,510.54849503105197
6696,510.3524017092364
6697,510.24668428616883
6698,510.05072638878306
6699,509.9451700362684
6700,509.7659140146972
6701,509.6605170096077
6702,509.65230397234944
6703,509.64448259980253
6704,509.63705327572484
6705,509.63001638449083
6706,509.62317527567666
6707,509.61672717345715
6708,509.5113890532941
6709,509.4063516229234
6710,509.3012927085004
6711,509.1965347529203
6712,509.1900746822277
6713,509.1840084263065
6714,509.1781385477752
6715,508.9803932072659
6716,508.87554308993555
6717,508.6779320860957
6718,508.5732447163994
6719,508.6253089744303
6720,508.42848580388386
6721,508.4810995502692
6722,508.2844826188154
6723,508.3376468186618
6724,508.39143038978096
6725,508.4457090404757
6726,508.50060906149747
6727,508.3031262248027
6728,508.2075445803775
6729,508.0111232379936
6730,507.8137835799301
6731,507.71830492255236
6732,507.52123148011856
6733,507.4158289183622
6734,507.2188902921691
6735,507.21267476419786
6736,507.01641965426194
6737,507.01053691811927
6738,506.9051793824164
6739,506.70899750062216
6740,506.7032964267796
6741,506.5979504358491
6742,506.40184186157904
6743,506.3963226550006
6744,506.2909882342249
6745,506.19562775386424
6746,506.0152201635335
6747,505.91997054853437
6748,505.739847174448
6749,505.6447085090902
6750,505.4648696479571
6751,505.36984201662364
6752,505.19028796566613
6753,505.0953714528435
6754,505.0897416693833
6755,504.98401238845264
6756,504.88909800968776
6757,504.6929640486869
6758,504.54940663300977
6759,504.45464226460086
6760,504.4493509968648
6761,504.34367129550145
6762,504.24890914443125
6763,504.24384329134494
6764,504.1382179910219
6765,504.0325702982461
6766,503.9272262161201
6767,503.82185975464927
6768,503.7165971756171
6769,503.520733952988
6770,503.4156353495946
6771,503.3105143968351
6772,503.2056976321763
6773,503.1008585313961
6774,502.9961235341011
6775,502.80028933237077
6776,502.6957187156517
6777,502.59112579300535
6778,502.3954143144638
6779,502.38953212726625
6780,502.28495127744003
6781,502.1044504653609
6782,501.9087604870042
6783,501.72850013249314
6784,501.53303483783765
6785,501.33744482732624
6786,501.3314908363197
6787,501.13618947284573
6788,500.9407632535849
6789,500.74568879104953
6790,500.5504893024474
6791,500.35564195342346
6792,500.1606694077262
6793,499.96604938513525
6794,499.77130399493745
6795,499.67699162174836
6796,499.4970636504625
6797,499.4028634529955
6798,499.2232215346339
6799,499.2765743759638
6800,499.09715609514956
6801,499.15106251481933
6802,499.04533545471304
6803,499.09970804417776
6804,498.9941276574332
6805,499.0489673336617
6806,498.94353376087105
6807,498.74903618412685
6808,498.64376744081363
6809,498.549880721845
6810,498.3556407802569
6811,498.26186665918175
6812,498.067292726917
6813,498.06064495141965
6814,497.86656299797727
6815,497.6727601193492
6816,497.4791090006233
6817,497.28472639021965
6818,497.2782262023034
6819,497.09870263626675
6820,497.0925371896622
6821,496.9868433319914
6822,496.8074067304522
6823,496.8014229699268
6824,496.6957392087731
6825,496.51638967426743
6826,496.5105878058193
6827,496.4049141645017
6828,496.22565179976533
6829,496.22003202976066
6830,496.1143685316645
6831,496.10899573911956
6832,496.10382133573336
6833,495.9980296574178
6834,495.9931026946806
6835,495.8874643754662
6836,495.7818028424847
6837,495.7769697562546
6838,495.67146172915574
6839,495.56593049492767
6840,495.37196178329856
6841,495.2302313719577
6842,495.1247712010102
6843,495.1200140797753
6844,495.014707696389
6845,494.9093780763257
6846,494.9047151003778
6847,494.79953941540293
6848,494.6943405004135
6849,494.50047555883066
6850,494.4958435771796
6851,494.3906568448637
6852,494.19686751061676
6853,494.19242087300387
6854,494.0872463505521
6855,493.89353270694477
6856,493.88927162608496
6857,493.784109340763
6858,493.5904714712498
6859,493.58639616024084
6860,493.48124613938944
6861,493.287684127577
6862,493.28379479990053
6863,493.17865707093597
6864,493.0738286310361
6865,493.0700343184478
6866,492.96502778864107
6867,492.86033078890097
6868,492.7556103886147
6869,492.6509950053584
6870,492.4573997622128
6871,492.3529518007051
6872,492.34892934800587
6873,492.1554101642326
6874,492.0509748771174
6875,491.9097991140475
6876,491.716415476343
6877,491.6120523084085
6878,491.50766569440606
6879,491.40358961872334
6880,491.2994901096067
6881,491.1954958785844
6882,491.0021442166274
6883,490.8983180805535
6884,490.7944685406963
6885,490.69093014169727
6886,490.5873683516893
6887,490.44614000875094
6888,490.34279381739447
6889,490.3382974137464
6890,490.2347724809851
6891,490.04157662919823
6892,489.8483291563277
6893,489.74495873294927
6894,489.5519808664821
6895,489.4110607922949
6896,489.3076341242302
6897,489.3032934780104
6898,489.2000232742727
6899,489.1957269229833
6900,489.0028205964886
6901,488.9988668861968
6902,488.89545433010653
6903,488.792354230744
6904,488.6892306023988
6905,488.5862126606997
6906,488.5822499858059
6907,488.47925973783305
6908,488.3763752322565
6909,488.1834370976846
6910,488.08072211232485
6911,487.97798363461106
6912,487.87555846996594
6913,487.7731098258993
6914,487.6707671534669
6915,487.56860867226465
6916,487.4665562379184
6917,487.3644804001124
6918,487.26271853378944
6919,487.25800523807953
6920,487.1560637389992
6921,486.97172358123566
6922,486.7787864124434
6923,486.68434722074727
6924,486.49147983802385
6925,486.29869002661445
6926,486.1060562380764
6927,485.96545484111977
6928,485.86350806328875
6929,485.67101146254123
6930,485.5692352551727
6931,485.4674354861843
6932,485.3269515356845
6933,485.2253699627777
6934,485.1237648365565
6935,484.9314416032025
6936,484.8300073929864
6937,484.824957434359
6938,484.63271182938973
6939,484.62800611199526
6940,484.5264294818814
6941,484.3861610766876
6942,484.2848031318365
6943,484.1834215634615
6944,484.04316379061066
6945,483.94200111013953
6946,483.8408148144413
6947,483.65580701446265
6948,483.46367726170394
6949,483.271835015156
6950,483.0801502251409
6951,482.9398825978297
6952,482.9349455491916
6953,482.74305881399715
6954,482.7384668305069
6955,482.54680296901057
6956,482.5425564112288
6957,482.3511156351752
6958,482.24955345762106
6959,482.14809774393007
6960,481.956655496613
6961,481.8553716830924
6962,481.8511441771784
6963,481.6596498808596
6964,481.4682335081882
6965,481.27697523879783
6966,481.13740771184325
6967,481.03622285320785
6968,480.9350139892217
6969,480.7496782924468
6970,480.56450722184013
6971,480.37339729180877
6972,480.27219967680986
6973,480.1711087976055
6974,479.9799975490915
6975,479.7891756810581
6976,479.598512566959
6977,479.4591519402079
6978,479.3579762514086
6979,479.16745263425037
6980,478.97658408474535
6981,478.97209568637965
6982,478.7813206512026
6983,478.5908355023405
6984,478.49742022928854
6985,478.30721762542345
6986,478.1171743218526
6987,477.92699724803816
6988,477.7371917698127
6989,477.5472523317899
6990,477.35768491140385
6991,477.1679833412893
6992,477.07503203352036
6993,476.8858266769557
6994,476.93091901851534
6995,476.74044945634756
6996,476.5514123165893
6997,476.41256855309757
6998,476.2238183407046
6999,476.03522862462995
7000,475.84522926445806
7001,475.65552060587333
7002,475.46610292373276
7003,475.2769764933614
7004,475.27265845713686
7005,475.08408430319315
7006,474.8958025850409
7007,474.70781358084247
7008,474.51862305239666
7009,474.329724201734
7010,474.1420541206321
7011,473.9529688288576
7012,473.7655391524219
7013,473.57690552281224
7014,473.3897164620557
7015,473.2980769986378
7016,473.11334004023956
7017,472.92501710158484
7018,472.73814013989005
7019,472.64673532268375
7020,472.462312883692
7021,472.2743010951196
7022,472.09012217588526
7023,471.99895237868606
7024,471.81245944349786
7025,471.7214072967759
7026,471.53520159901973
7027,471.34757348540825
7028,471.1616096271851
7029,471.0707930629681
7030,470.88511702777095
7031,470.69780137061343
7032,470.5123676969213
7033,470.3252925956305
7034,470.22171046430344
7035,470.21640670124526
7036,470.0283463311712
7037,469.8404462451595
7038,469.65672398743544
7039,469.47142664514536
7040,469.3810869549986
7041,469.1960783563556
7042,469.00921152479526
7043,468.8244461245358
7044,468.7343432751383
7045,468.5498672093815
7046,468.3624594949342
7047,468.2724680387451
7048,468.26757140888293
7049,468.26308928109347
7050,468.25902208561683
7051,468.25537025342686
7052,468.1519736682512
7053,467.9674582429729
7054,467.86423546812733
7055,467.7609867218021
7056,467.65805952694
7057,467.5551063710952
7058,467.4524750728336
7059,467.34981782413564
7060,467.24748273967117
7061,467.1451217153672
7062,466.9587413371253
7063,466.8565552270222
7064,466.6703228924475
7065,466.56831187693734
7066,466.3822277492504
7067,466.2803920090557
7068,466.09445625178995
7069,465.9927959679629
7070,465.8070087449669
7071,465.7055240988911
7072,465.51988557432736
7073,465.4185767477189
7074,465.2330870860663
7075,465.1319542609737
7076,464.94726558148255
7077,464.76187142846885
7078,464.57742727683234
7079,464.3920599661842
7080,464.2078606129073
7081,464.0227371303566
7082,463.83747726787533
7083,463.6525980152783
7084,463.4675821857567
7085,463.28294740651535
7086,463.09817585295576
7087,462.9137857908968
7088,462.95751813045734
7089,462.77357361804985
7090,462.7689026279999
7091,462.7646494466264
7092,462.5804357867137
7093,462.4911964898463
7094,462.30727441046884
7095,462.1235170803593
7096,461.939840470419
7097,461.8508410685826
7098,461.6674566404707
7099,461.48423740002573
7100,461.5284569579783
7101,461.34546643864957
7102,461.3902443756395
7103,461.2074828038147
7104,461.0230563414737
7105,460.92035263526896
7106,460.73607600504414
7107,460.6335485386442
7108,460.44942190677125
7109,460.34707086358685
7110,460.16309439662194
7111,460.06091996040226
7112,460.0563149567084
7113,459.9543049530068
7114,459.9499576849732
7115,459.76694407967807
7116,459.7627319784179
7117,459.66057592648275
7118,459.6566220182705
7119,459.47362776282574
7120,459.2900573805653
7121,459.10731030511323
7122,458.92398642437047
7123,458.7414867776074
7124,458.5584096457886
7125,458.3761576768489
7126,458.19332754179595
7127,458.0113235002539
7128,457.90852840847487
7129,457.8057061632081
7130,457.7032102937544
7131,457.6006872802391
7132,457.49849095740257
7133,457.39626749997933
7134,457.294371048653
7135,457.1924474722643
7136,457.0908512179435
7137,456.9892278481345
7138,456.8879321169198
7139,456.704381038819
7140,456.52179124026526
7141,456.4203044259343
7142,456.319145550223
7143,456.13567777322487
7144,455.9531721011585
7145,455.76995177217236
7146,455.5868133181736
7147,455.403840794852
7148,455.31585173381814
7149,455.13317402766853
7150,455.17626878314354
7151,454.9938218129857
7152,454.8110164784544
7153,454.6288181237563
7154,454.4469226457525
7155,454.2651942036511
7156,454.0820062786658
7157,453.90052727923836
7158,453.7180265746321
7159,453.53679721625326
7160,453.3558718238972
7161,453.17511435264856
7162,452.99466137545437
7163,452.81437677954636
7164,452.63152182461766
7165,452.44949245100526
7166,452.266885839237
7167,452.08688049919425
7168,451.90452226233515
7169,451.7716223416951
7170,451.5918637879529
7171,451.40975002059844
7172,451.40374779686437
7173,451.22417437688165
7174,451.04246371951535
7175,450.863142071092
7176,450.68168077730496
7177,450.5026111573064
7178,450.3209581823431
7179,450.142140902816
7180,449.9609581084921
7181,449.78239339992115
7182,449.6014605116957
7183,449.42314863236817
7184,449.2424659035161
7185,449.06440711218255
7186,448.8839747964282
7187,448.7026045465654
7188,448.52153826638363
7189,448.3406390244656
7190,448.1600442781815
7191,447.982296520542
7192,447.8019523560311
7193,447.6244583625766
7194,447.44436503421053
7195,447.2671250652845
7196,447.0872828278882
7197,446.9102971443021
7198,446.7307062531541
7199,446.5539751161894
7200,446.37463582702384
7201,446.1981594984327
7202,446.01907206744045
7203,445.84285080944704
7204,445.6640154932764
7205,445.48804956857816
7206,445.3094666243365
7207,445.1337562961053
7208,444.9554259813602
7209,444.77997151324365
7210,444.6018940860238
7211,444.42669574214693
7212,444.2488714609435
7213,444.0739295059093
7214,443.89635862967754
7215,443.7216733285682
7216,443.54435611672807
7217,443.36992773510724
7218,443.19286444754465
7219,443.01869325145776
7220,442.84188414852616
7221,442.66797040450183
7222,442.48829320476096
7223,442.31463756927695
7224,442.1381127424361
7225,441.9647151216521
7226,441.7884450400772
7227,441.6123461280327
7228,441.4365571874702
7229,441.2609398906116
7230,441.08563311137965
7231,440.9125519735801
7232,440.7332485187121
7233,440.5604264829952
7234,440.38137512990266
7235,440.20881246605154
7236,440.0300134712766
7237,439.8577104495662
7238,439.67916407010966
7239,439.50712096130854
7240,439.3288274546298
7241,439.1538431084569
7242,438.97580312785976
7243,438.8040500729976
7244,438.6262635100345
7245,438.45477095024376
7246,438.2739318399017
7247,438.10270046561095
7248,437.9221120570084
7249,437.7511421416303
7250,437.5708046883705
7251,437.4000965058187
7252,437.2200102619542
7253,437.0495640866454
7254,436.86972930668026
7255,436.69518715106256
7256,436.52095681340796
7257,436.3468989672249
7258,436.17315349004974
7259,435.99958098435076
7260,435.82632140071587
7261,435.656227304982
7262,435.4832260511109
7263,435.3103984771755
7264,435.1378846795886
7265,435.0287585046074
7266,434.8564058291033
7267,434.7474562587532
7268,434.57526489111433
7269,434.4664921119792
7270,434.28904591178616
7271,434.2782355098106
7272,434.2678465779647
7273,434.08925064330225
7274,433.9109623391357
7275,433.90130614064964
7276,433.89207275697805
7277,433.88326263924733
7278,433.8748762393798
7279,433.8669140100956
7280,433.6963348517764
7281,433.5260727751826
7282,433.51818021734766
7283,433.51071244773544
7284,433.5034475635038
7285,433.49660812990186
7286,433.4899719976397
7287,433.4837619801924
7288,433.37512453010373
7289,433.26681955119255
7290,433.1859707847405
7291,433.0130571447132
7292,433.00685833515985
7293,432.8984610959173
7294,432.721569524471
7295,432.7155663339375
7296,432.70999044111414
7297,432.6016651568262
7298,432.42864626773
7299,432.4232661054309
7300,432.31495453364073
7301,432.1420303810725
7302,431.9652012715016
7303,431.85705620112554
7304,431.6805248959475
7305,431.5724196902854
7306,431.3959054163949
7307,431.288121221802
7308,431.1119894028346
7309,430.9361695559448
7310,430.9308303231705
7311,430.82290677455717
7312,430.6471792330833
7313,430.4759687764827
7314,430.3004994002397
7315,430.12955225719173
7316,429.9566163471541
7317,429.78385523661217
7318,429.61141007081113
7319,429.43914019529774
7320,429.26718682973336
7321,429.09540924725684
7322,429.01557593025774
7323,428.90704109410746
7324,428.7355611691101
7325,428.5599242180822
7326,428.3848255665619
7327,428.27652888279755
7328,428.1052444612282
7329,427.9301661562443
7330,427.8221214370639
7331,427.8166583433543
7332,427.7087827967246
7333,427.53752680449935
7334,427.5322604924732
7335,427.4243992585987
7336,427.2498043984302
7337,427.24473554402795
7338,427.0734548933919
7339,426.90249249866855
7340,426.7314753147725
7341,426.56077669499854
7342,426.39025529655987
7343,426.22005303665
7344,426.0500284993902
7345,425.880323677203
7346,425.7057405054874
7347,425.597431789452
7348,425.4230082466488
7349,425.6251644369324
7350,425.45466140694174
7351,425.28447845306385
7352,425.279679296174
7353,425.27531269441596
7354,425.1957685023004
7355,425.02576629027044
7356,424.9463524666146
7357,424.77666518571397
7358,424.6071568597042
7359,424.43796982507655
7360,424.4337320002507
7361,424.2593424550608
7362,424.0903554702902
7363,423.9215481840515
7364,423.74796332962813
7365,423.57639148927865
7366,423.4079390624277
7367,423.40396172886085
7368,423.2302042279505
7369,423.2268225101771
7370,423.1179523427186
7371,423.1148371963997
7372,423.00613747637476
7373,422.83758142331595
7374,422.8346660347913
7375,422.72598048708215
7376,422.5575235620947
7377,422.55480817774895
7378,422.44613683861127
7379,422.27777916460303
7380,422.1046268199586
7381,421.9959822108047
7382,421.8277364011797
7383,421.65981418456767
7384,421.48786432004545
7385,421.32021107177314
7386,421.21133544380706
7387,421.10279951896604
7388,420.9297927108707
7389,420.8214405456368
7390,420.71305585184746
7391,420.6050114951486
7392,420.4371286654968
7393,420.26957032647846
7394,420.1021936955115
7395,419.9351421514402
7396,419.76242361562214
7397,419.654221087955
7398,419.691160774107
7399,419.51890609443564
7400,419.55640708279816
7401,419.38955465340786
7402,419.42761731703723
7403,419.2610178552554
7404,419.2996432263012
7405,419.13329700084984
7406,419.1724861145786
7407,419.0063933947304
7408,419.04614728953817
7409,418.8803083451187
7410,418.92062806254347
7411,418.74870231173685
7412,418.57672224790025
7413,418.4050621945125
7414,418.44594893089624
7415,418.2745369513718
7416,418.10330165789907
7417,417.93238725667766
7418,417.85543183934914
7419,417.684833218781
7420,417.51441204778257
7421,417.34431268736375
7422,417.1743912815984
7423,417.0047922692822
7424,417.0463120175738
7425,416.96989531986543
7426,416.7979097308076
7427,416.6285012686814
7428,416.5178773153769
7429,416.3525577552967
7430,416.394610337326
7431,416.2295455616752
7432,416.05809062380655
7433,415.8890437379548
7434,415.9316665794372
7435,415.76689131393664
7436,415.810085660612
7437,415.64556578640446
7438,415.6893327000943
7439,415.5205706813526
7440,415.564911802817
7441,415.40066405402627
7442,415.4455799066405
7443,415.2770862152117
7444,415.10877171047787
7445,414.94481437331495
7446,414.99030577004845
7447,414.8266047310413
7448,414.6585764990693
7449,414.49514996887115
7450,414.32368070055594
7451,414.1605294603794
7452,413.98932616252085
7453,413.8264505123919
7454,413.8725176317167
7455,413.7049029204787
7456,413.63039362666797
7457,413.4678605483903
7458,413.5145734439148
7459,413.35229825482907
7460,413.3995903606911
7461,413.23233094060396
7462,413.2802040146681
7463,413.1182039381851
7464,413.1666584278823
7465,412.99966962023
7466,413.0487072911914
7467,412.8869827087846
7468,412.72544444662134
7469,412.5587440510344
7470,412.3974829175472
7471,412.236554682587
7472,412.07581356743253
7473,411.915405974802
7474,411.7551860483904
7475,411.58882703703085
7476,411.63844562843957
7477,411.47857696850934
7478,411.31241645539376
7479,411.14658311826446
7480,410.98693788137615
7481,410.82137647658186
7482,410.65087875623186
7483,410.53622420734706
7484,410.36589031223684
7485,410.20053599743346
7486,410.03047033384746
7487,409.8653899705812
7488,409.9154938760744
7489,409.750669065872
7490,409.5860262413507
7491,409.42171250721975
7492,409.2575812843873
7493,409.098363634474
7494,408.92820411427283
7495,408.76926707705087
7496,408.59937538112194
7497,408.44071926655835
7498,408.36897198076946
7499,408.2053315479773
7500,408.0357962190171
7501,408.02680342117657
7502,407.8684484047064
7503,407.6991159703999
7504,407.57544829454145
7505,407.4173731581707
7506,407.24830919297284
7507,407.0905160450243
7508,406.92172118291074
7509,406.7642103359669
7510,406.595684863974
7511,406.43845663122374
7512,406.4891238357092
7513,406.33215979561123
7514,406.383414388697
7515,406.2267148311491
7516,406.27855792432393
7517,406.122123139837
7518,405.96587941590815
7519,405.80997490133063
7520,405.64673180485596
7521,405.4838195939921
7522,405.3157027734337
7523,405.1530676974233
7524,404.984301816281
7525,404.8219443001979
7526,404.65977048847253
7527,404.4979288376688
7528,404.55037160502224
7529,404.38878940974223
7530,404.44182388234435
7531,404.32437961042564
7532,404.37790151137256
7533,404.2606211268714
7534,404.14353498657493
7535,404.02679187077155
7536,403.91001304277825
7537,403.7935775865235
7538,403.6771064174013
7539,403.60743080404995
7540,403.5377507529674
7541,403.4682150339942
7542,403.3005485442556
7543,403.18422621988384
7544,403.0223703537638
7545,402.86084775449405
7546,402.69338788703345
7547,402.53214456320825
7548,402.3649570420489
7549,402.2958754930515
7550,402.1285479708201
7551,401.9676747249177
7552,401.8511397691296
7553,401.6904397815046
7554,401.52355076799313
7555,401.51299259609294
7556,401.3525064481203
7557,401.1858248761858
7558,401.06379531485646
7559,400.9035891111187
7560,400.73718107434775
7561,400.6153831610266
7562,400.45545726215795
7563,400.2893231088181
7564,400.1677571596261
7565,400.0019516288061
7566,399.83609252458297
7567,399.67056213984625
7568,399.5049781534388
7569,399.3397232124014
7570,399.22323937010384
7571,399.2766655378011
7572,399.1115064217124
7573,399.1017348045723
7574,398.985466516299
7575,398.8691613907959
7576,398.7532031067995
7577,398.63720798351414
7578,398.5215600563193
7579,398.4058752878054
7580,398.2905380706264
7581,398.17516401012864
7582,398.0105152819417
7583,398.06353885231755
7584,397.89914820637546
7585,397.9527684521124
7586,397.78863616476247
7587,397.8428542265329
7588,397.6864481371678
7589,397.74126417239717
7590,397.58512491163316
7591,397.64054006661735
7592,397.4846679289019
7593,397.54068335354305
7594,397.385078633951
7595,397.4416954817716
7596,397.28147892069137
7597,397.1649435865773
7598,397.048756308749
7599,397.1057652632748
7600,396.94563750465267
7601,396.7814141633857
7602,396.6175227542846
7603,396.45762255371636
7604,396.298059414163
7605,396.3556811010412
7606,396.19209077411045
7607,396.2503185476816
7608,396.0869876604583
7609,396.1458226910291
7610,396.0291130455227
7611,396.08844828299334
7612,395.9252929115008
7613,395.9852377217305
7614,395.8298277181334
7615,395.89038228699775
7616,395.9516222256361
7617,396.0133970758486
7618,395.85825811452406
7619,395.92064629615726
7620,395.7657758256057
7621,395.61109680398994
7622,395.45676140348496
7623,395.3026180222066
7624,395.1488189184949
7625,394.9852970376696
7626,394.86767205932546
7627,394.71399847145994
7628,394.77698076114865
7629,394.6141233057185
7630,394.67772258408553
7631,394.5243415614863
7632,394.3651770096664
7633,394.20262265257674
7634,394.13785363067296
7635,393.9749230720692
7636,393.8123263788312
7637,393.65006390028884
7638,393.5323203236164
7639,393.41469093506385
7640,393.25267275555507
7641,393.13523050164366
7642,392.97338409182794
7643,392.8544566854996
7644,392.6929463173962
7645,392.57425689413253
7646,392.41308291617884
7647,392.29463175149294
7648,392.1337945127723
7649,392.1220040983433
7650,391.9614372881829
7651,391.84397491683626
7652,391.6835811288504
7653,391.5663067371591
7654,391.4060861774672
7655,391.28899998188854
7656,391.128952857041
7657,391.0120550744741
7658,391.00069374491585
7659,390.88397283011545
7660,390.72410787827835
7661,390.6075758184518
7662,390.44788484383366
7663,390.436722735815
7664,390.2773038897667
7665,390.1603499517828
7666,390.0440363559251
7667,389.88479231247857
7668,389.7679695109973
7669,389.651735987083
7670,389.49266694290696
7671,389.4818788359935
7672,389.365658672416
7673,389.2066979272069
7674,389.090427111369
7675,388.97451100451576
7676,388.8155604790886
7677,388.6995937503562
7678,388.58398213655204
7679,388.4250418533952
7680,388.30852491634397
7681,388.19299396835
7682,388.0342292591877
7683,387.91864764248436
7684,387.8034218324217
7685,387.64466748822207
7686,387.52939104006776
7687,387.4144708068063
7688,387.25572685034814
7689,387.13938522613074
7690,387.02454617580923
7691,386.865978192541
7692,386.751088457228
7693,386.63655563253747
7694,386.4816724720204
7695,386.3232138398596
7696,386.31166156656263
7697,386.1969770846321
7698,386.03862771287805
7699,385.9225723028446
7700,385.80796932401154
7701,385.64979649211205
7702,385.53387368680524
7703,385.41935231344127
7704,385.2613562216242
7705,385.14678390389207
7706,385.0325697016817
7707,384.91831564607014
7708,384.80417668503964
7709,384.6902412960849
7710,384.5323112916551
7711,384.5204900230029
7712,384.40656950263565
7713,384.24874942094283
7714,384.13477787903565
7715,384.0211655126297
7716,383.907513231934
7717,383.8956055586225
7718,383.7821347228806
7719,383.66862396062226
7720,383.65680940693863
7721,383.5434802895907
7722,383.3873908517606
7723,383.37578017818913
7724,383.36437512114236
7725,383.25088265731046
7726,383.093359882035
7727,382.97981616429576
7728,382.8662324507814
7729,382.7086314360306
7730,382.69725128699105
7731,382.5839278406485
7732,382.468561969805
7733,382.35319597659674
7734,382.24001111558914
7735,382.0825989196146
7736,382.0714900449262
7737,381.9583206665338
7738,381.80175853559984
7739,381.6445569659733
7740,381.63358553284144
7741,381.5202644245813
7742,381.5095661747532
7743,381.4990743436185
7744,381.385756902202
7745,381.2291033088332
7746,381.11427393969626
7747,380.99944447925736
7748,380.88609861083245
7749,380.72913033687274
7750,380.57226211274354
7751,380.4589436443546
7752,380.30225474343865
7753,380.1876948262745
7754,380.0744596894131
7755,379.91795021813283
7756,379.9075948981706
7757,379.7941282284075
7758,379.6810244722123
7759,379.52445914585724
7760,379.36799407179666
7761,379.3575977533556
7762,379.2443419407309
7763,379.1312018757917
7764,379.1209003596941
7765,379.00753990076623
7766,378.8945429968371
7767,378.78150545667177
7768,378.66858387524
7769,378.5556217194008
7770,378.4430235908071
7771,378.33038488172184
7772,378.2178623675821
7773,378.10529933503307
7774,377.99310080321624
7775,377.8808617470485
7776,377.76873912283463
7777,377.65657603660594
7778,377.54477792584225
7779,377.4329393472667
7780,377.32121743845283
7781,377.20945512441875
7782,377.0980582618328
7783,376.94109251045006
7784,376.82964388518803
7785,376.81729928659274
7786,376.7058786786036
7787,376.54901376783636
7788,376.5368753259135
7789,376.42522229069044
7790,376.31393535702483
7791,376.1570139370381
7792,376.0001931846684
7793,375.88868547948647
7794,375.7775442525167
7795,375.62073565685665
7796,375.46427749535724
7797,375.30801235279023
7798,375.15134843691953
7799,375.03980580170327
7800,374.8833233015045
7801,374.87075485134557
7802,374.75922886156263
7803,374.6028592607959
7804,374.5904974240427
7805,374.4789881264657
7806,374.41564652869675
7807,374.2593858774956
7808,374.1034767619938
7809,373.9477613461964
7810,373.9354528935855
7811,373.82382102284197
7812,373.71214832834954
7813,373.55603371808974
7814,373.4445591392489
7815,373.4320949970285
7816,373.27634470028664
7817,373.12028641562347
7818,372.9643295514406
7819,372.8526907315779
7820,372.7383589057068
7821,372.62697524967
7822,372.51555059657375
7823,372.35984570803015
7824,372.3475200694804
7825,372.3354015722128
7826,372.223812033113
7827,372.211970367796
7828,372.1005678332867
7829,372.08875176911664
7830,371.97712618330706
7831,371.9655874365487
7832,371.8541489805263
7833,371.74266942177195
7834,371.62829513953943
7835,371.4725678336709
7836,371.36117397407867
7837,371.2498979082018
7838,371.1385807393815
7839,371.12677319129034
7840,371.01564362127834
7841,370.9044729349376
7842,370.892508608308
7843,370.7367146682172
7844,370.6255612048606
7845,370.51452576304797
7846,370.4034492035261
7847,370.28917189227315
7848,370.1783521849956
7849,370.06749134793023
7850,369.9567487706128
7851,369.8008555041975
7852,369.7886219414072
7853,369.67789680015716
7854,369.5671305278459
7855,369.4113402810187
7856,369.30077438000257
7857,369.1903269413704
7858,369.0798383776452
7859,369.06733520802874
7860,368.95703545156374
7861,368.84248853357934
7862,368.73203353229627
7863,368.5762455072834
7864,368.4659913501218
7865,368.35585590512756
7866,368.2456793219633
7867,368.0898930112431
7868,368.0770493030249
7869,367.96689053630234
7870,367.8568506504166
7871,367.74702359963095
7872,367.63731551774396
7873,367.52756629069955
7874,367.4179361917406
7875,367.30851923533845
7876,367.19922149545044
7877,367.0898826696159
7878,366.98066321996674
7879,366.8245964866419
7880,366.8108184452478
7881,366.7016173233037
7882,366.5923751147641
7883,366.43641199155303
7884,366.42265892182473
7885,366.31343506070834
7886,366.2043307564859
7887,366.04831065563013
7888,365.8923929311102
7889,365.87859465957723
7890,365.76933660054647
7891,365.6135341615218
7892,365.50447868892144
7893,365.39554292683357
7894,365.28656596479124
7895,365.272679751399
7896,365.16389382954895
7897,365.055066694628
7898,364.94635949488264
7899,364.79038805632825
7900,364.77634238149903
7901,364.6676539026489
7902,364.5589242101349
7903,364.5449739493481
7904,364.43643574096205
7905,364.32785630583004
7906,364.2193970418227
7907,364.11115284456633
7908,364.0030289083963
7909,363.8948638060869
7910,363.78681912702433
7911,363.63066844443057
7912,363.6160757077311
7913,363.5080501303709
7914,363.3999833866233
7915,363.38548603461055
7916,363.2776115882025
7917,363.1696959625022
7918,363.0619009978909
7919,362.9056829704757
7920,362.7495677618399
7921,362.6418039378877
7922,362.5341609206261
7923,362.3780591720121
7924,362.22206036142694
7925,362.1144485810046
7926,362.0069577531968
7927,361.8509724727646
7928,361.69509024987383
7929,361.58763075533415
7930,361.4802923596562
7931,361.32442373724075
7932,361.16865829214333
7933,361.153163521813
7934,361.04567094522895
7935,361.03045701027537
7936,360.92315792319346
7937,360.81581744821796
7938,360.7085982579438
7939,360.55277716058873
7940,360.53740152752016
7941,360.4302020686948
7942,360.32296122171425
7943,360.3076809948511
7944,360.2006340915277
7945,360.0935457870052
7946,359.9865790082515
7947,359.8798296732809
7948,359.7732019559947
7949,359.6665328996687
7950,359.5599856263622
7951,359.4039851475727
7952,359.2480881183222
7953,359.23208839986313
7954,359.1253867405869
7955,358.96960649772274
7956,358.8543768969005
7957,358.74776545906974
7958,358.64127595719
7959,358.53500461491876
7960,358.4288553010952
7961,358.32266458925807
7962,358.2165960721566
7963,358.0607158738515
7964,357.9453040476921
7965,357.83932620107083
7966,357.7333069578769
7967,357.6179205303817
7968,357.51216711223515
7969,357.4063722859191
7970,357.3006999392491
7971,357.1448931008015
7972,357.12794125243687
7973,357.02228963040596
7974,356.91659660051283
7975,356.7608958249752
7976,356.8010020251116
7977,356.64558715659433
7978,356.68630404157483
7979,356.53117541390725
7980,356.57250420116293
7981,356.55515908930414
7982,356.449045710087
7983,356.34289075921583
7984,356.22739604598604
7985,356.12150765992146
7986,356.0155776904731
7987,355.8600269329813
7988,355.7543051604866
7989,355.64870638477214
7990,355.68986320936637
7991,355.53441200567426
7992,355.42882698319767
7993,355.3233651003964
7994,355.21786158597814
7995,355.1998452792414
7996,355.0945387587098
7997,355.0765431162519
7998,354.9710071092816
7999,354.8154891085657
8000,354.7101620253463
8001,354.60495833000965
8002,354.4997129903861
8003,354.5404870099844
8004,354.43543199688247
8005,354.3305005716922
8006,354.3119456883524
8007,354.2067844577991
8008,354.0511812774775
8009,353.94622951049956
8010,353.84140151314386
8011,353.73653187209067
8012,353.5809318188697
8013,353.4762719553906
8014,353.3717360706035
8015,353.26715855034837
8016,353.11156169673086
8017,353.00719426884507
8018,352.9029510293085
8019,352.79866616265275
8020,352.6430725813903
8021,352.5389981226981
8022,352.43504806260245
8023,352.33105638385615
8024,352.3112829496022
8025,352.20749028679194
8026,352.0912651788228
8027,351.9873129016428
8028,351.9676315531479
8029,351.8638784784319
8030,351.7476768939521
8031,351.6437640878525
8032,351.6241749607159
8033,351.52046154397067
8034,351.4042835206945
8035,351.30041025535735
8036,351.28091348546997
8037,351.1772397967406
8038,351.0610853724642
8039,350.95725171773955
8040,350.9378474412847
8041,350.8342135507857
8042,350.7180827633866
8043,350.61428878929337
8044,350.59497714274767
8045,350.49138312086325
8046,350.47209100080494
8047,350.3682656359895
8048,350.2126080254659
8049,350.1089945687825
8050,350.00550607887084
8051,349.88930410624454
8052,349.73365892333277
8053,349.617717939981
8054,349.51420441534447
8055,349.4106490889005
8056,349.3912621403627
8057,349.2879074259527
8058,349.184510896941
8059,349.08123960446966
8060,348.9781922972543
8061,348.87527032397344
8062,348.85540796243566
8063,348.75225404665633
8064,348.73267688328525
8065,348.62972412073333
8066,348.61016619030283
8067,348.5069812957178
8068,348.4877090784793
8069,348.38472548298404
8070,348.2685275168861
8071,348.16538305975536
8072,348.1462040878807
8073,348.043261120682
8074,347.9402763455536
8075,347.83741722857525
8076,347.6815214504006
8077,347.52573118772676
8078,347.4229067888378
8079,347.32020820480096
8080,347.35486492017276
8081,347.33523581208834
8082,347.2325413722037
8083,347.1298050687483
8084,347.0271947602482
8085,346.87132980776784
8086,346.851531133259
8087,346.7489438624959
8088,346.64631472966767
8089,346.6266116000468
8090,346.5241849661325
8091,346.4217164575261
8092,346.31937420361913
8093,346.1634414308597
8094,346.0613138712494
8095,345.95914444653795
8096,345.8571014935874
8097,345.7552849030963
8098,345.6535948837108
8099,345.55186306810833
8100,345.45025800116815
8101,345.3488796425135
8102,345.24762813230046
8103,345.1463348952664
8104,345.0451686848025
8105,344.9442295295274
8106,344.843417501039
8107,344.742563815641
8108,344.64183743573216
8109,344.4855668476841
8110,344.3294023253541
8111,344.22871186064157
8112,344.12814886164045
8113,344.02781349506444
8114,343.9276056950732
8115,343.90528254288364
8116,343.80484089025805
8117,343.64868316587894
8118,343.54845820835857
8119,343.44836101022617
8120,343.3482221793426
8121,343.1920682602551
8122,343.1261206689126
8123,342.97006659056274
8124,342.9042756033073
8125,342.7485917087736
8126,342.6829574810262
8127,342.52710353021627
8128,342.42677620763556
8129,342.2711181977618
8130,342.17100808034905
8131,342.0710261463482
8132,341.91538325674793
8133,341.7601179553745
8134,341.6050604141381
8135,341.5051038479913
8136,341.40510532983484
8137,341.305235278197
8138,341.2055939346423
8139,341.1060811598866
8140,341.0065265041813
8141,340.9073715053741
8142,340.808174621664
8143,340.7091065912511
8144,340.55347646768206
8145,340.45462701127127
8146,340.3557356808395
8147,340.256973428295
8148,340.1584408887229
8149,340.0600375302779
8150,340.0352307857673
8151,339.9365921364545
8152,339.8383546177021
8153,339.740075285214
8154,339.64192539220045
8155,339.5437337616881
8156,339.3879874830226
8157,339.2900154051784
8158,339.19217299316693
8159,339.0942888552789
8160,338.99680693090016
8161,338.8992832772843
8162,338.80188957814056
8163,338.7044542265649
8164,338.67854404431114
8165,338.58131739606375
8166,338.55542149864186
8167,338.45795906411286
8168,338.3020317447133
8169,338.204789799416
8170,338.10767808410526
8171,338.0105247089027
8172,337.8546020715731
8173,337.7576695289429
8174,337.6608674450629
8175,337.5640237135711
8176,337.53764347274847
8177,337.4410093285643
8178,337.3443335255256
8179,337.31777258022976
8180,337.22130666231413
8181,337.12479907431543
8182,337.0284222850771
8183,336.9320039036734
8184,336.8359905918486
8185,336.73993568510843
8186,336.6440118703127
8187,336.5480465388712
8188,336.3918290840568
8189,336.2960859388795
8190,336.2004741170278
8191,336.17291854371183
8192,336.07734478382673
8193,335.9819024251432
8194,335.9544395286251
8195,335.8587604105601
8196,335.7024748796221
8197,335.60701849404063
8198,335.5116937129855
8199,335.4163274226042
8200,335.2600467791715
8201,335.16490357069637
8202,335.06989219974844
8203,335.0418615499041
8204,334.94688863430014
8205,334.85204763476963
8206,334.8241096528325
8207,334.7290314147446
8208,334.6103565486469
8209,334.5155635458272
8210,334.39676200358434
8211,334.3018047970872
8212,334.20725587908925
8213,334.1126654272806
8214,334.0182072537638
8215,333.9237076262418
8216,333.76731831021283
8217,333.673042975596
8218,333.5789001544099
8219,333.4847158933142
8220,333.3909410417894
8221,333.29712474844047
8222,333.20344126854053
8223,333.1097164272277
8224,333.01640159044865
8225,332.9870269528059
8226,332.9578605015721
8227,332.86411130809205
8228,332.7707724648202
8229,332.74169857752224
8230,332.62241562188495
8231,332.52871551015124
8232,332.37214388993976
8233,332.2786692705966
8234,332.1853278250852
8235,332.0919449966567
8236,331.9353785099902
8237,331.84222153093026
8238,331.74919796368323
8239,331.6561330283959
8240,331.4995717579632
8241,331.40673302998147
8242,331.3140279525026
8243,331.2212815220219
8244,331.0647255508063
8245,330.9722056865307
8246,330.87981971215953
8247,330.7873923999874
8248,330.63084181126817
8249,330.53864142516704
8250,330.44657516908666
8251,330.35446759057004
8252,330.1979224679235
8253,330.0415899538146
8254,329.94969920245194
8255,329.9186010444474
8256,329.826471283313
8257,329.7587823376046
8258,329.6025549905481
8259,329.44615678613627
8260,329.415171544733
8261,329.3229332199534
8262,329.16665901242396
8263,329.13588525109225
8264,329.04367664263833
8265,328.88752661058123
8266,328.85696463117233
8267,328.76478581057705
8268,328.7342341879267
8269,328.5781299599388
8270,328.485981040954
8271,328.3939667155251
8272,328.3019107327471
8273,328.1458123054518
8274,328.05398474767
8275,327.96229202599767
8276,327.87055766217844
8277,327.77923921365556
8278,327.65980712420367
8279,327.56832249150176
8280,327.5370716470298
8281,327.3809792356036
8282,327.26168963761006
8283,327.23084500583684
8284,327.13906731975135
8285,326.98309503793706
8286,326.8270553725303
8287,326.6711252756404
8288,326.5519690864928
8289,326.3962488247059
8290,326.3046488771836
8291,326.2738583296686
8292,326.1820173405835
8293,326.1147510803598
8294,325.95913726745516
8295,325.867574447242
8296,325.83677771143925
8297,325.7178419041754
8298,325.73486872372683
8299,325.57946730831736
8300,325.4876036921823
8301,325.3958754191737
8302,325.3041050666996
8303,325.1487099643336
8304,324.993247281584
8305,324.9016965728837
8306,324.8101037329104
8307,324.6548356153922
8308,324.49978323608894
8309,324.3445576742664
8310,324.25299644684924
8311,324.22148282367726
8312,324.06666716577564
8313,323.9116781916206
8314,323.8199591554938
8315,323.7283759440009
8316,323.63721226342335
8317,323.5460062697758
8318,323.51430989305686
8319,323.35934360124367
8320,323.26816863295966
8321,323.1771297778527
8322,323.086048615542
8323,322.9953879766427
8324,322.90468502856623
8325,322.81411850863896
8326,322.72350976370393
8327,322.6333221681194
8328,322.5430923457901
8329,322.4529992677944
8330,322.3628640476175
8331,322.20767640786056
8332,322.05259956297846
8333,322.0198055082704
8334,321.92951252276106
8335,321.7745625846724
8336,321.6556026242241
8337,321.5654160713999
8338,321.47536649648345
8339,321.32042889267365
8340,321.16560230086634
8341,321.13274028016684
8342,321.0425327753378
8343,320.88783349864497
8344,320.8551849613191
8345,320.76500923018665
8346,320.67497064564117
8347,320.520208911926
8348,320.3655583850062
8349,320.2755631103617
8350,320.1857051652045
8351,320.0962711062809
8352,320.0067945719909
8353,319.91745564442584
8354,319.8280743269187
8355,319.73911753113583
8356,319.705563283726
8357,319.6722177647996
8358,319.5828149825408
8359,319.42799385897297
8360,319.3090522906107
8361,319.2759154880542
8362,319.1864182706477
8363,319.0317198894547
8364,318.8771330032194
8365,318.844130026086
8366,318.75447446181835
8367,318.6000157644295
8368,318.51059485925487
8369,318.4776040605128
8370,318.38811874325455
8371,318.23359745652255
8372,318.07918786109724
8373,317.9897464705097
8374,317.9004431487039
8375,317.7460514864192
8376,317.591771657867
8377,317.5586371633606
8378,317.46917524435077
8379,317.31502417037206
8380,317.2257976990702
8381,317.19267530233725
8382,317.10338425808914
8383,316.94917063861516
8384,316.79506905035026
8385,316.7058221996784
8386,316.61671377474585
8387,316.5280331947737
8388,316.43930972413426
8389,316.35072496079164
8390,316.2620973934313
8391,316.1738983177023
8392,316.08565643614327
8393,315.99755358785995
8394,315.90940802080763
8395,315.8216915940338
8396,315.7339324469278
8397,315.6463126603515
8398,315.61155063689563
8399,315.45723534225095
8400,315.3694672855854
8401,315.3349198248428
8402,315.30058181734313
8403,315.1463146370305
8404,315.0583766346492
8405,315.02425372819397
8406,314.99034074449366
8407,314.8361217820412
8408,314.74801360734364
8409,314.66004482710815
8410,314.5722156065887
8411,314.41800487748054
8412,314.3302312401426
8413,314.2425972561091
8414,314.1551030910824
8415,314.0009006893409
8416,313.9134622566678
8417,313.8261637369431
8418,313.7390052963195
8419,313.58481131631174
8420,313.49770875769053
8421,313.41074637246714
8422,313.3239243272459
8423,313.16973886368544
8424,313.0829728505944
8425,312.9963472721592
8426,312.9098622954381
8427,312.7556854433861
8428,312.66925664940385
8429,312.58296855214775
8430,312.49682131913164
8431,312.3426531739989
8432,312.2565622748136
8433,312.1706123352408
8434,312.08480352325154
8435,311.9306441807996
8436,311.8448918542184
8437,311.7592807509553
8438,311.6738110394407
8439,311.5196605957838
8440,311.43424752174195
8441,311.31466607911403
8442,311.27773226917003
8443,311.1237064969578
8444,311.03819980495575
8445,310.95283461143805
8446,310.8676110854553
8447,310.7135943583541
8448,310.6284277092137
8449,310.5434028240499
8450,310.458519872377
8451,310.30451228737917
8452,310.21968636588684
8453,310.182156364804
8454,310.14483518981166
8455,309.9908761025509
8456,309.90588019560295
8457,309.8687741508545
8458,309.7492802935103
8459,309.5954463995603
8460,309.5103568471489
8461,309.47346017495875
8462,309.43677301574127
8463,309.2829879095004
8464,309.19772799343025
8465,309.1612568531241
8466,309.12499569889474
8467,308.97125948573097
8468,308.88582897604607
8469,308.84978438781127
8470,308.81395026054264
8471,308.660263046155
8472,308.624852926958
8473,308.58965377876456
8474,308.50363862576
8475,308.35000051618
8476,308.31501919937244
8477,308.2802493321273
8478,308.194062727164
8479,308.0404738287571
8480,307.92200320845296
8481,307.8874457289664
8482,307.8011644410262
8483,307.6477019094281
8484,307.561663742406
8485,307.5271175374434
8486,307.4410138438576
8487,307.3553497600264
8488,307.3208979950612
8489,307.28665848706993
8490,307.20053547616686
8491,307.11485247292796
8492,307.08070777828624
8493,307.0467757802585
8494,306.9606334235271
8495,306.80695716016965
8496,306.6533950363056
8497,306.6195995632658
8498,306.53329659108886
8499,306.3798674184803
8500,306.3462921256435
8501,306.3129302104248
8502,306.27978197506144
8503,306.12651577884225
8504,306.03993417342394
8505,306.0070068670824
8506,305.92035883123845
8507,305.76702915562544
8508,305.6806255545357
8509,305.6477109136642
8510,305.6150105946599
8511,305.4615445784963
8512,305.3751545128226
8513,305.2887204144743
8514,305.20242870778407
8515,305.0491583300878
8516,305.01647807496056
8517,304.93003598303227
8518,304.897361334175
8519,304.74414097657933
8520,304.6577350128046
8521,304.62528249730093
8522,304.59304510321573
8523,304.4398748749989
8524,304.35329578143825
8525,304.3212810916665
8526,304.23463499470245
8527,304.0814011708742
8528,303.9280951805825
8529,303.84168384116856
8530,303.75522822662566
8531,303.60212951824786
8532,303.4489585385973
8533,303.36273808111696
8534,303.2764732904481
8535,303.1235099464507
8536,302.9704742260828
8537,302.88444499307843
8538,302.7983713686555
8539,302.64554363865494
8540,302.49264342689656
8541,302.40680576183377
8542,302.3209236469516
8543,302.16823178125316
8544,302.1352950811627
8545,302.1025736169486
8546,302.01651788830503
8547,301.8638768292545
8548,301.83137882590626
8549,301.79909655538376
8550,301.7128669743965
8551,301.5602768333492
8552,301.5282186004749
8553,301.49637659929266
8554,301.40997292684483
8555,301.25743381551285
8556,301.2258164309673
8557,301.1944157789073
8558,301.1078377753456
8559,300.9553498058002
8560,300.9241743515831
8561,300.89321613258215
8562,300.80646355771563
8563,300.6540268423883
8564,300.6232944046661
8565,300.5927797068382
8566,300.47621127342745
8567,300.44621306132905
8568,300.3592456983552
8569,300.2724214889011
8570,300.1855522242029
8571,300.0331700246889
8572,299.8809035370252
8573,299.85062409509396
8574,299.76359167110127
8575,299.73362403145944
8576,299.64682819882245
8577,299.56017577681644
8578,299.4734782162085
8579,299.3211575862333
8580,299.1689528322892
8581,299.1387034306619
8582,299.0223680481895
8583,298.87049416670345
8584,298.78360546279583
8585,298.7535773251298
8586,298.6666197766859
8587,298.5146825748581
8588,298.4279743922452
8589,298.3979615276624
8590,298.31118448618327
8591,298.1591838803287
8592,298.0072994441961
8593,297.97742943515897
8594,297.8904886959562
8595,297.73874165483136
8596,297.65205081226554
8597,297.6221962293014
8598,297.5354363200822
8599,297.52925289754586
8600,297.3775414938918
8601,297.2908133850734
8602,297.26087154334385
8603,297.1740743021063
8604,297.16813888634476
8605,297.0164631940679
8606,296.92969774220654
8607,296.8996684691233
8608,296.7837024868427
8609,296.632158607357
8610,296.5452962490834
8611,296.5154897113379
8612,296.4285579810457
8613,296.42262498870184
8614,296.2711170725675
8615,296.1842171775717
8616,296.15432321142265
8617,296.0673538780681
8618,296.06166999404417
8619,295.9101981160842
8620,295.82326060681186
8621,295.7364676103404
8622,295.64981930649475
8623,295.4983582656516
8624,295.41177089048034
8625,295.3253283075505
8626,295.2390306971956
8627,295.0875805997631
8628,295.0569750058918
8629,294.97052413684514
8630,294.8842183053978
8631,294.8780467433787
8632,294.7266328577454
8633,294.6959388231456
8634,294.60945070241706
8635,294.57876227692225
8636,294.42740142012457
8637,294.39715748762984
8638,294.31049235427434
8639,294.22397240252786
8640,294.21772307425505
8641,294.1874769455514
8642,294.1009772537952
8643,294.0146229347799
8644,293.92822248655835
8645,293.9220941262835
8646,293.8916305629852
8647,293.80525043228096
8648,293.71901591381453
8649,293.63273526250316
8650,293.54691144064736
8651,293.4610414818077
8652,293.37531749603954
8653,293.28954746956987
8654,293.2042350049167
8655,293.1188764957082
8656,293.03366432189466
8657,292.94840620029134
8658,292.8636063752312
8659,292.77876059881487
8660,292.69406152161577
8661,292.6093165903129
8662,292.457352287135
8663,292.42503483319956
8664,292.34032883893957
8665,292.25576979524965
8666,292.22355301254333
8667,292.1390443596293
8668,292.0546827541439
8669,291.97027528648056
8670,291.81824547911305
8671,291.785826065109
8672,291.70145782924163
8673,291.6172368932984
8674,291.5849183536525
8675,291.46824910636855
8676,291.38394255981876
8677,291.29978340131987
8678,291.1478857768374
8679,291.0637895334714
8680,290.97984078170913
8681,290.8960397074946
8682,290.86339130557445
8683,290.8309637294779
8684,290.7469966750986
8685,290.6631773602256
8686,290.51121425783845
8687,290.47880034513787
8688,290.3620758226952
8689,290.27796577759665
8690,290.126136032045
8691,290.09394624986777
8692,290.00987591595043
8693,289.9259533988152
8694,289.7740587986904
8695,289.6222827239016
8696,289.5384121561702
8697,289.454689616819
8698,289.30293644125726
8699,289.2704651489781
8700,289.1867826758266
8701,289.1032484370963
8702,288.9514303397894
8703,288.86815441361995
8704,288.78483226489135
8705,288.7016586433156
8706,288.54985208144734
8707,288.46693722736103
8708,288.38397616726644
8709,288.301163928022
8710,288.14936901279594
8711,288.0668159973293
8712,287.98421679261907
8713,287.9017667034266
8714,287.74998354647664
8715,287.66779313871564
8716,287.5855565586915
8717,287.50346938982756
8718,287.4693939178485
8719,287.43553934559696
8720,287.3532858364411
8721,287.2711818021646
8722,287.2374284269238
8723,287.20389643070024
8724,287.12162596645
8725,287.0395050408025
8726,286.88757901631425
8727,286.73577217148113
8728,286.5842073522435
8729,286.43308100959024
8730,286.2812401152958
8731,286.1989426368097
8732,286.04797110855634
8733,285.89743915452266
8734,285.74587153878355
8735,285.66361602823184
8736,285.5813140460056
8737,285.4309263410803
8738,285.2795016833227
8739,285.12947773516436
8740,284.97841528054363
8741,284.8287556041319
8742,284.67741698666913
8743,284.5949268338966
8744,284.5127090553188
8745,284.4306416789979
8746,284.3488471685126
8747,284.2672031986287
8748,284.1855125626914
8749,284.0355592783638
8750,283.88456514876583
8751,283.80312579165405
8752,283.7216397032943
8753,283.57183178629265
8754,283.4209817201506
8755,283.33974736055984
8756,283.25846620432463
8757,283.10880393623876
8758,283.027785739193
8759,282.9469188231532
8760,282.8301055020331
8761,282.6794936779002
8762,282.59875123976275
8763,282.48210470548423
8764,282.33171858191355
8765,282.18209822283603
8766,282.0317553052983
8767,281.950917417411
8768,281.8008082043596
8769,281.7202345051861
8770,281.6396136863122
8771,281.49005086106337
8772,281.34008715942724
8773,281.25972012726476
8774,281.17930590892644
8775,281.0295659412187
8776,280.87974808671015
8777,280.7995881655674
8778,280.6500050656942
8779,280.50086725062425
8780,280.35132756669094
8781,280.2712122790852
8782,280.1910495886696
8783,280.0417345045235
8784,279.8923413406315
8785,279.81243378911535
8786,279.6632761179767
8787,279.5836346543284
8788,279.50394563325125
8789,279.42440924030444
8790,279.27526625373577
8791,279.19599642723625
8792,279.1166790590914
8793,279.03751462709505
8794,278.8883864464683
8795,278.80948906096006
8796,278.7305441498119
8797,278.65175248386964
8798,278.57323870314684
8799,278.4948783106122
8800,278.41647049277867
8801,278.3382163144575
8802,278.1889855684852
8803,278.11099948212666
8804,278.0329659871939
8805,277.9550864431945
8806,277.80587081043535
8807,277.7282598431122
8808,277.65060148416745
8809,277.5730973886322
8810,277.4240987427142
8811,277.38419197484444
8812,277.30653180423155
8813,277.22902597147817
8814,277.0799622136738
8815,276.9308190922139
8816,276.8535724499998
8817,276.77627835433805
8818,276.627363000415
8819,276.4783681578337
8820,276.40133372514424
8821,276.3242517709873
8822,276.1754851126277
8823,276.02663884023787
8824,275.8782438629802
8825,275.7297692042387
8826,275.5817464444794
8827,275.43298708753406
8828,275.3557199239098
8829,275.2787330394456
8830,275.20190144313864
8831,275.05348643517374
8832,274.97692575893683
8833,274.90031727009665
8834,274.752131760886
8835,274.60386630958544
8836,274.45605396505704
8837,274.30783215288574
8838,274.23126202376403
8839,274.1898169210196
8840,274.1133033668057
8841,274.0369455866932
8842,273.8889786749659
8843,273.81289295063056
8844,273.7367591740854
8845,273.660781490626
8846,273.51303555703265
8847,273.39690850173923
8848,273.3208568242267
8849,273.2449613443662
8850,273.09723351551185
8851,272.9494252795519
8852,272.8737929868898
8853,272.7981125785621
8854,272.7229198767533
8855,272.68038730274105
8856,272.6049208300539
8857,272.52961110442664
8858,272.3818354196057
8859,272.30679948878475
8860,272.231715443996
8861,272.1567884687233
8862,272.08214539623424
8863,272.00765954281263
8864,271.93312567997424
8865,271.8587492977224
8866,271.7422391410411
8867,271.69878513180555
8868,271.62432385860353
8869,271.55002016669295
8870,271.4021517448959
8871,271.25440784972255
8872,271.2307077244321
8873,271.0833242503367
8874,270.9358595308826
8875,270.78885337948486
8876,270.64109913533156
8877,270.56637951872835
8878,270.4188677896579
8879,270.34442354160285
8880,270.27026446505005
8881,270.1962635003819
8882,270.12221421535696
8883,269.9750447951114
8884,269.82800065594296
8885,269.78356985049976
8886,269.70935356119907
8887,269.665246673456
8888,269.54911515230225
8889,269.47502048279125
8890,269.40108422635046
8891,269.2849909079745
8892,269.2111971161141
8893,269.1375618786072
8894,269.06387819828575
8895,268.9168765268767
8896,268.8724079719016
8897,268.7987738681486
8898,268.7252986082397
8899,268.57843925250904
8900,268.50503430602834
8901,268.43178832206786
8902,268.3587015121872
8903,268.313888848648
8904,268.2408615311121
8905,268.1679935010781
8906,268.0950770368999
8907,267.948035979819
8908,267.8009126469487
8909,267.72826553724883
8910,267.6555699218299
8911,267.5086826890038
8912,267.4633385399481
8913,267.3906933874296
8914,267.31820805744223
8915,267.17125542256144
8916,267.09904967217534
8917,267.0267953291489
8918,266.95470114249184
8919,266.8828963228313
8920,266.81125181462835
8921,266.73955882235697
8922,266.6680264119611
8923,266.5209759986956
8924,266.4497242986643
8925,266.37842413329173
8926,266.3072848862727
8927,266.1604629243597
8928,266.0893954258178
8929,266.01848896750005
8930,265.94774376519376
8931,265.80073141921997
8932,265.7302679783359
8933,265.65975611033474
8934,265.58940583718805
8935,265.44241273204614
8936,265.37234474836055
8937,265.30222835705865
8938,265.2322739006456
8939,265.1842305446701
8940,265.11433766136287
8941,265.0446068307136
8942,264.99631849527475
8943,264.94858638628125
8944,264.8786870385273
8945,264.80894982066843
8946,264.7391642689891
8947,264.5921222522797
8948,264.52262022528583
8949,264.4532806704192
8950,264.38389280214045
8951,264.2368704301583
8952,264.18846314289084
8953,264.1402716955113
8954,264.0707060392224
8955,263.92374248243374
8956,263.7769060121399
8957,263.7288514537729
8958,263.6810132712985
8959,263.64992844667825
8960,263.50306009620414
8961,263.35666178959286
8962,263.2100479966117
8963,263.162372700748
8964,263.1149143753781
8965,262.96815760907003
8966,262.89793092804774
8967,262.8278669161894
8968,262.6813506981653
8969,262.53496199983175
8970,262.3884890386535
8971,262.2424874106958
8972,262.09640144402266
8973,261.9507874671679
8974,261.80508907558794
8975,261.6598633321106
8976,261.5145530977592
8977,261.36971617148646
8978,261.22479467805175
8979,261.08034715436986
8980,260.9358149870987
8981,260.8646546905682
8982,260.7186503104595
8983,260.64777497360706
8984,260.5020213679154
8985,260.43143144099446
8986,260.28614230705296
8987,260.2378396038879
8988,260.09250230957724
8989,260.04466607659725
8990,259.89970757749467
8991,259.82939702610315
8992,259.764703600402
8993,259.6947511984359
8994,259.6472374747677
8995,259.5319064733838
8996,259.4165655297966
8997,259.2720681661504
8998,259.20187411695696
8999,259.0867116484108
9000,259.03940282044283
9001,258.8950532410542
9002,258.8247652124347
9003,258.77769156273297
9004,258.73083574302296
9005,258.5865486333804
9006,258.51608086610787
9007,258.46946087386806
9008,258.4230592463216
9009,258.2788347503354
9010,258.20818697286126
9011,258.1620218246364
9012,258.1160755780193
9013,257.97191384009034
9014,257.8278814334894
9015,257.68411293362936
9016,257.61305216453445
9017,257.56715145451125
9018,257.49615383362845
9019,257.4253197167565
9020,257.3795176164566
9021,257.2355793662521
9022,257.09177070592324
9023,256.94822670020807
9024,256.80481237415626
9025,256.66166321368684
9026,256.518643822774
9027,256.37483982994837
9028,256.3033601676172
9029,256.1605121903314
9030,256.0181455646714
9031,255.87604559184877
9032,255.7344282492105
9033,255.59166976713325
9034,255.45045038840874
9035,255.3080880075721
9036,255.16726720357755
9037,255.02389932084887
9038,254.95177398436792
9039,254.8111275451616
9040,254.6709664399009
9041,254.53107513652628
9042,254.3916704666398
9043,254.24886553798828
9044,254.20184388054494
9045,254.059693318908
9046,254.02588791826648
9047,253.8868187993011
9048,253.74802104434661
9049,253.60971196944914
9050,253.4681201511718
9051,253.33021470871063
9052,253.18761675358144
9053,253.11447343582145
9054,252.9767463297343
9055,252.9038915757291
9056,252.85643704505512
9057,252.7947010570904
9058,252.72197195038052
9059,252.64919032506086
9060,252.51160020284263
9061,252.3742838519531
9062,252.34069771689943
9063,252.198784582914
9064,252.12603393544921
9065,252.05358200213138
9066,251.98129540445734
9067,251.93350626190374
9068,251.87200235182868
9069,251.73057432046767
9070,251.66926280782968
9071,251.60815680139714
9072,251.54703791607142
9073,251.486124738532
9074,251.3492760995418
9075,251.20863344974114
9076,251.14790051046353
9077,251.00773178621543
9078,250.94719216657595
9079,250.8110769979936
9080,250.6712968049171
9081,250.53200480719093
9082,250.39298230372856
9083,250.3330367399045
9084,250.19736391662218
9085,250.0621862884145
9086,249.92368752275775
9087,249.78567911275059
9088,249.6479418390131
9089,249.58857963518435
9090,249.4513214180314
9091,249.31455563825747
9092,249.2819476650857
9093,249.14166569909253
9094,249.0052064797992
9095,248.97331682205765
9096,248.94190736080432
9097,248.8833262530578
9098,248.74736669381082
9099,248.68898144937842
9100,248.55458906061776
9101,248.41497388958348
9102,248.28099301008834
9103,248.1475102107654
9104,248.01430488438382
9105,247.8815989971946
9106,247.74626657490944
9107,247.61397416128372
9108,247.47429419861973
9109,247.33510237915357
9110,247.20000805948908
9111,247.06541015463395
9112,246.93130942633456
9113,246.79952961012472
9114,246.6658399326041
9115,246.5326489212647
9116,246.39973490114699
9117,246.3431231322655
9118,246.20447583475652
9119,246.12766417305792
9120,246.09719162269286
9121,245.96589103758095
9122,245.8334064129948
9123,245.77724595609126
9124,245.74748538769643
9125,245.61561117810268
9126,245.47720097499163
9127,245.40023663598708
9128,245.2692812128773
9129,245.21357359183912
9130,245.08310982761282
9131,244.95168235180304
9132,244.82163597378212
9133,244.69062406360408
9134,244.5529289814177
9135,244.50135230097155
9136,244.37154191153908
9137,244.24223750771753
9138,244.111597120291
9139,243.98271216670494
9140,243.92798236890596
9141,243.87324064655238
9142,243.81871159368032
9143,243.69052301666645
9144,243.56062585682233
9145,243.4328584292674
9146,243.303379282542
9147,243.17603367760515
9148,243.04697320778004
9149,242.92005010052995
9150,242.79140897325863
9151,242.6649090406814
9152,242.53892068622966
9153,242.41061184450447
9154,242.28281140682694
9155,242.2294803189258
9156,242.10217739783067
9157,241.97515844300187
9158,241.8486501131715
9159,241.7957243024437
9160,241.6697157823278
9161,241.61699298583594
9162,241.49148512779686
9163,241.4389655966519
9164,241.31395925548068
9165,241.2616432413042
9166,241.13713927422964
9167,241.012172204384
9168,240.98412947423887
9169,240.85957448790842
9170,240.83213909566726
9171,240.70799684893805
9172,240.68117009822697
9173,240.62967067840233
9174,240.50615797711473
9175,240.38293406532748
9176,240.26022728920998
9177,240.13781056342918
9178,240.0159124253829
9179,239.89430560651792
9180,239.7732188357869
9181,239.6524246611558
9182,239.51677785404038
9183,239.39641890650321
9184,239.3461632089097
9185,239.22631537457673
9186,239.10699069894181
9187,238.98796117377267
9188,238.96209290911426
9189,238.8434853031249
9190,238.7081274043021
9191,238.68277082622419
9192,238.6333418150092
9193,238.51528856556865
9194,238.38045868472508
9195,238.26284535538642
9196,238.1280752401959
9197,238.10347687978472
9198,238.07959576352758
9199,237.9624470481322
9200,237.93918163923414
9201,237.82245794219045
9202,237.70626314572942
9203,237.59036773771308
9204,237.4561392595165
9205,237.34068763104517
9206,237.206870402495
9207,237.09186328963884
9208,237.06929374071657
9209,236.95471533055198
9210,236.93276422810743
9211,236.81861522480384
9212,236.79728391304874
9213,236.68356502289052
9214,236.57038062813228
9215,236.52323583971176
9216,236.50264286560557
9217,236.37990096553605
9218,236.24680916407252
9219,236.13410186769565
9220,236.00142316637184
9221,235.88916526104444
9222,235.8692529847249
9223,235.7574284184974
9224,235.64614182511608
9225,235.53516159680984
9226,235.42472090781214
9227,235.31458796035758
9228,235.18248499662343
9229,235.07280596982037
9230,234.96366890450437
9231,234.8416818823474
9232,234.73299855879137
9233,234.68775558309062
9234,234.5562636191115
9235,234.4480263701836
9236,234.3403336975282
9237,234.23295283984558
9238,234.12611816263438
9239,234.01959671288265
9240,233.97521617827343
9241,233.86923233981634
9242,233.82506551228195
9243,233.7196202510203
9244,233.6756674037675
9245,233.57076168848866
9246,233.4664065596339
9247,233.36236828753616
9248,233.2318783897532
9249,233.12830461796872
9250,233.10973451284994
9251,233.0066091700963
9252,232.96351498759432
9253,232.86093366895997
9254,232.73104533244168
9255,232.71312198158657
9256,232.6704587857743
9257,232.5684653063006
9258,232.5513952796131
9259,232.43101563275798
9260,232.41457806730807
9261,232.31307703763284
9262,232.18383182679258
9263,232.0827998920349
9264,232.06702417850917
9265,231.94717200240265
9266,231.8467396831132
9267,231.74662962153593
9268,231.64707920139165
9269,231.54785252190197
9270,231.4491871731768
9271,231.3508470579553
9272,231.25306997310545
9273,231.21213230246425
9274,231.19719340496258
9275,231.09986531053468
9276,230.9683172240168
9277,230.87146642773033
9278,230.77518145859187
9279,230.67922542276426
9280,230.58383694001301
9281,230.5437737230611
9282,230.44894438336485
9283,230.35444629310857
9284,230.26051848697662
9285,230.16692347379546
9286,230.0483267415065
9287,230.03415582192395
9288,229.9159830410174
9289,229.90245160584695
9290,229.77175938502987
9291,229.7588712879381
9292,229.6285840746557
9293,229.53560347820311
9294,229.4725017661983
9295,229.46028405416192
9296,229.42174478377902
9297,229.32936561334682
9298,229.23732118554537
9299,229.14585194864617
9300,229.1077557677436
9301,229.04479289792417
9302,228.91577691460054
9303,228.82469055739512
9304,228.7341813054686
9305,228.64400990568035
9306,228.5815874654035
9307,228.46413852772378
9308,228.34697707586324
9309,228.25734793060155
9310,228.14062465146787
9311,228.01319388728726
9312,227.97617685140244
9313,227.88718112826294
9314,227.85038767094605
9315,227.72360267017459
9316,227.6870330860518
9317,227.5607508297935
9318,227.4723835713651
9319,227.4362711097517
9320,227.42528001230548
9321,227.33762202707928
9322,227.21180885757755
9323,227.12464588445346
9324,227.088974752264
9325,227.0023878494626
9326,226.9161441340078
9327,226.9060947449835
9328,226.89655324632466
9329,226.8877635533112
9330,226.8794845550993
9331,226.79388631370932
9332,226.7086326727372
9333,226.59349310122252
9334,226.50873733581474
9335,226.42457091298238
9336,226.299617200504
9337,226.18498859343813
9338,226.1012332917271
9339,226.06738144937097
9340,225.98420942632447
9341,225.95058530139633
9342,225.9433190366983
9343,225.9099229328576
9344,225.903405743053
9345,225.77945877434874
9346,225.77360078814135
9347,225.74066164014246
9348,225.73555606092714
9349,225.70284584903243
9350,225.6206954585664
9351,225.61648182918063
9352,225.53481847554417
9353,225.5312614734726
9354,225.45008603727572
9355,225.44718714661326
9356,225.44480972754283
9357,225.4432007387422
9358,225.4421161378573
9359,225.3615984221784
9360,225.23847134491257
9361,225.15846237088462
9362,225.15808028811577
9363,225.0785620718987
9364,225.07884558776564
9365,225.0799040390851
9366,225.04902895585178
9367,224.97013373703453
9368,224.97185354791108
9369,224.8589875214124
9370,224.8613837916068
9371,224.78302982648236
9372,224.70503035683836
9373,224.5797272636382
9374,224.45748506526778
9375,224.33576233612516
9376,224.3389177948297
9377,224.30944516858202
9378,224.3133752947599
9379,224.20129479464524
9380,224.20590657954764
9381,224.08131392244556
9382,224.08661146168788
9383,224.057840598284
9384,223.98079268287742
9385,223.9043491382666
9386,223.79282938124683
9387,223.76452794967426
9388,223.653539842559
9389,223.57776285235016
9390,223.46722366208954
9391,223.47365908399573
9392,223.44582154447016
9393,223.3395926088704
9394,223.23371642875523
9395,223.1660929048962
9396,223.06092405082504
9397,222.9386851186565
9398,222.81696554250516
9399,222.69576612449433
9400,222.57508766896277
9401,222.45393110197617
9402,222.33404646352471
9403,222.23264185797925
9404,222.11228639862213
9405,221.9924541329295
9406,221.87268966008295
9407,221.75344898936154
9408,221.63398067268488
9409,221.53334891582298
9410,221.41441237706218
9411,221.29600152909723
9412,221.17786598817256
9413,221.0591908736933
9414,220.98414070918784
9415,220.90969926217699
9416,220.79208527049875
9417,220.68267516836036
9418,220.57355586933497
9419,220.45549000410873
9420,220.33795128970863
9421,220.22094055008372
9422,220.1044586114848
9423,220.0038451359752
9424,219.88764779883752
9425,219.78732656104967
9426,219.67141431704647
9427,219.57138581571462
9428,219.45575915802624
9429,219.35602389340045
9430,219.24068331672086
9431,219.14124179057433
9432,219.02542735372973
9433,218.91014546777774
9434,218.79539697323037
9435,218.68118271296944
9436,218.5724093254082
9437,218.45720261626434
9438,218.3425292119925
9439,218.22838995437107
9440,218.11478568755172
9441,218.0168799869041
9442,217.91805879491383
9443,217.80511179691769
9444,217.7065869329251
9445,217.6321537060493
9446,217.5583323058399
9447,217.49439844022265
9448,217.39616398817532
9449,217.2833578367275
9450,217.18542090244935
9451,217.07290530702673
9452,216.97526640606796
9453,216.86304187639305
9454,216.76570152589525
9455,216.65376857327794
9456,216.55672729198054
9457,216.44508642932513
9458,216.34834473757306
9459,216.23699647938545
9460,216.14055489913642
9461,216.029499761531
9462,215.93335881636196
9463,215.8225973170697
9464,215.72675753218468
9465,215.61629019055923
9466,215.5207520927968
9467,215.41057942982275
9468,215.30143835590079
9469,215.1928444240349
9470,215.08454088326428
9471,214.97678601870612
9472,214.8693228472595
9473,214.7624098951279
9474,214.65578994669542
9475,214.5463529037668
9476,214.45014469576998
9477,214.34400045913478
9478,214.23815039089592
9479,214.12910096728476
9480,214.05521127368624
9481,213.94587786637518
9482,213.83709136805336
9483,213.72885266045094
9484,213.63269396265937
9485,213.52423399457064
9486,213.4189550524286
9487,213.31423081100024
9488,213.24093879861334
9489,213.1329178848789
9490,213.0254465130901
9491,212.92947758016712
9492,212.82204467147312
9493,212.71478892081757
9494,212.61950654658767
9495,212.52440752867582
9496,212.41983739731913
9497,212.31317994013628
9498,212.20908260663307
9499,212.10289393399793
9500,211.99699761407123
9501,211.89165553633765
9502,211.78812498864406
9503,211.68325397947055
9504,211.58019794350898
9505,211.47391746999816
9506,211.4095524144244
9507,211.33683692696215
9508,211.24453615547205
9509,211.14204362648732
9510,211.1239731627641
9511,211.05204291849284
9512,210.95001554649807
9513,210.87861537158264
9514,210.77705933926862
9515,210.70619022956475
9516,210.60205789003933
9517,210.58500069916536
9518,210.48409064293728
9519,210.37955879172068
9520,210.27532017171333
9521,210.1843635504108
9522,210.08106635607632
9523,209.98512848955693
9524,209.88975335749353
9525,209.79429883773017
9526,209.69143989825838
9527,209.5962941946266
9528,209.53293978404233
9529,209.4380981474196
9530,209.3371116566559
9531,209.23477473129105
9532,209.13998743736883
9533,209.07691488295575
9534,208.9824326573473
9535,208.91129260804124
9536,208.8484656945952
9537,208.75402745137237
9538,208.65224618008662
9539,208.5896712306746
9540,208.50087721400703
9541,208.40670599258138
9542,208.33565037347705
9543,208.27371174451946
9544,208.17958524657675
9545,208.09085438162546
9546,207.99686539432557
9547,207.9030611276493
9548,207.84094736097654
9549,207.74718544033044
9550,207.65360837781182
9551,207.5915756566038
9552,207.49804124370067
9553,207.40469182659436
9554,207.31126159096638
9555,207.21054911909107
9556,207.11743308966277
9557,207.02450249532808
9558,206.93187807814078
9559,206.83943928548294
9560,206.7768564118654
9561,206.67624524149667
9562,206.58802840860582
9563,206.49547449854595
9564,206.3951803232808
9565,206.3228072789683
9566,206.25079277026683
9567,206.17940502271327
9568,206.0792874698311
9569,206.01688326755644
9570,205.91724639164536
9571,205.85536101693685
9572,205.76221012721624
9573,205.70067098404922
9574,205.607831360493
9575,205.51490990322506
9576,205.41554493735364
9577,205.3229404721092
9578,205.23052229623954
9579,205.15868303429093
9580,205.14333235654024
9581,205.07211681619359
9582,205.0015313232042
9583,204.93130802932967
9584,204.86922706871948
9585,204.77641947857418
9586,204.68352960039576
9587,204.62153077439055
9588,204.52895378081737
9589,204.43629442208135
9590,204.3375205172823
9591,204.24517965464622
9592,204.1530260101422
9593,204.06118238474747
9594,203.96952617007796
9595,203.87778745634117
9596,203.7792197700052
9597,203.68780092042815
9598,203.5965699317768
9599,203.52529595778944
9600,203.42696263471535
9601,203.35622978027092
9602,203.28613117559743
9603,203.2163967360899
9604,203.1472986326506
9605,203.04905274271823
9606,203.03487793050283
9607,202.93720596162078
9608,202.84011420816594
9609,202.77164359126334
9610,202.7038118247427
9611,202.60711673297251
9612,202.5110037467372
9613,202.49760872053048
9614,202.40207376040556
9615,202.33487242319907
9616,202.23745431292662
9617,202.22458459608296
9618,202.12774203970045
9619,202.0637313282448
9620,201.96869216825635
9621,201.9052055489673
9622,201.8122293718817
9623,201.71742119373926
9624,201.6541920975229
9625,201.56126926926254
9626,201.46669253256957
9627,201.40372146210038
9628,201.3108521540884
9629,201.21650731994922
9630,201.15379477950123
9631,201.06097916391522
9632,200.9986171014484
9633,200.936477026548
9634,200.87495698581662
9635,200.81365952940678
9636,200.8132348380275
9637,200.71892789116612
9638,200.65130681261977
9639,200.5574964804276
9640,200.55782921050312
9641,200.46450553182646
9642,200.39750963296447
9643,200.3987049269559
9644,200.30577668241574
9645,200.30766966802517
9646,200.21522979331397
9647,200.12057329820206
9648,200.02618852522815
9649,199.93426479536183
9650,199.8426587285644
9651,199.7484278731188
9652,199.6541109108646
9653,199.65655586875621
9654,199.56531957935536
9655,199.47136499150642
9656,199.37727932215046
9657,199.28642761558854
9658,199.21981852397042
9659,199.20983794976522
9660,199.14721770385722
9661,199.05323200690438
9662,198.95974749393528
9663,198.893328846768
9664,198.88342934274007
9665,198.7897702118698
9666,198.69665815515282
9667,198.60345933880504
9668,198.51085348963375
9669,198.41816080609684
9670,198.35541300719186
9671,198.26304291774701
9672,198.1709890953497
9673,198.07912680282757
9674,197.98731154076606
9675,197.92051581692718
9676,197.92183010320437
9677,197.82947756905563
9678,197.73739811148164
9679,197.64591523693386
9680,197.55434490505743
9681,197.46337215195183
9682,197.37231186545958
9683,197.2805861589022
9684,197.18877215755722
9685,197.0971501375864
9686,197.09855135439258
9687,197.03184777153214
9688,197.03394797447822
9689,196.96778524673496
9690,196.97054085675128
9691,196.8794446266887
9692,196.78821494076382
9693,196.69717842049792
9694,196.60609866670708
9695,196.51539324398007
9696,196.4245995093684
9697,196.33386348570386
9698,196.267528722297
9699,196.1773013472367
9700,196.1801426588156
9701,196.08945950155677
9702,195.9986423808393
9703,195.90824620368957
9704,195.81776123722375
9705,195.7276980301268
9706,195.6375458559039
9707,195.5475880817368
9708,195.5504937468617
9709,195.46067157152956
9710,195.37076023475944
9711,195.28104367257205
9712,195.1912845277574
9713,195.10172016449326
9714,195.01206645324007
9715,194.92283696996057
9716,194.83351795923542
9717,194.74439421434292
9718,194.65522838777602
9719,194.5662578342466
9720,194.4771975653275
9721,194.3885631873894
9722,194.29983891353683
9723,194.21131039919916
9724,194.1227403093641
9725,194.03436598648918
9726,193.94590157835034
9727,193.8580474839513
9728,193.792001753697
9729,193.70378122936702
9730,193.61580611571378
9731,193.52792348970067
9732,193.4402372714387
9733,193.3523272892966
9734,193.2863145769819
9735,193.1986902458835
9736,193.13086343651298
9737,193.0636915894223
9738,192.9968425656543
9739,192.90933053753528
9740,192.90234173058738
9741,192.81483815134774
9742,192.72719793738432
9743,192.63998845990673
9744,192.55268801439067
9745,192.46558507789186
9746,192.39881000210312
9747,192.33269344132646
9748,192.26690167577206
9749,192.19986618748098
9750,192.19334513356833
9751,192.10607191996073
9752,192.01895084367584
9753,191.95330827185754
9754,191.86647804802013
9755,191.77946442098792
9756,191.69260327583535
9757,191.62725683385918
9758,191.54073322234035
9759,191.4541181171418
9760,191.36770202055666
9761,191.28106059261972
9762,191.1949871186996
9763,191.10882205763255
9764,191.02327674307926
9765,190.93763975723138
9766,190.85220249798166
9767,190.76609288488487
9768,190.680708151746
9769,190.59552330435577
9770,190.52958728966817
9771,190.44374050724105
9772,190.3586190342852
9773,190.27369784875063
9774,190.20805896971683
9775,190.12247567965161
9776,190.03761812816654
9777,189.95296126731103
9778,189.8674458516433
9779,189.782130821987
9780,189.69754196149302
9781,189.61257340016255
9782,189.52833113342993
9783,189.44429007811223
9784,189.3786915508133
9785,189.29868949140806
9786,189.2148120247533
9787,189.13113622034476
9788,189.04660094174733
9789,188.97659451314152
9790,188.89269097693105
9791,188.80840820758525
9792,188.72485315435733
9793,188.6414999812586
9794,188.57574442300518
9795,188.49143331440712
9796,188.4262484741894
9797,188.34233708389806
9798,188.25878149186153
9799,188.17521994674533
9800,188.09201411548156
9801,188.0090108802776
9802,187.9255194147221
9803,187.8428668455041
9804,187.76041734474552
9805,187.67729319582853
9806,187.5948981709818
9807,187.51270637810327
9808,187.4311480890942
9809,187.3600446025407
9810,187.28915705650832
9811,187.2063573437806
9812,187.13602004953975
9813,187.05366700966817
9814,186.9719488730619
9815,186.8904343037635
9816,186.808825453394
9817,186.74247945467633
9818,186.6600203832414
9819,186.58943075082337
9820,186.5076060773907
9821,186.42540411271338
9822,186.35508250460785
9823,186.27332771716837
9824,186.1922107932838
9825,186.11129807408247
9826,186.03029054998396
9827,185.94823118505778
9828,185.86651161596197
9829,185.7854323930446
9830,185.7147640211049
9831,185.64431217471372
9832,185.63940807986546
9833,185.5586649767092
9834,185.55447025213206
9835,185.55076751758384
9836,185.48059166550567
9837,185.4105388402243
9838,185.40657760338445
9839,185.32525434879463
9840,185.24760339428465
9841,185.24365656961626
9842,185.24043843931815
9843,185.2376497369661
9844,185.23559305875395
9845,185.165327419254
9846,185.1615607368868
9847,185.0801867424749
9848,185.0101866939349
9849,184.92886737541696
9850,184.84770635483395
9851,184.7778356279509
9852,184.69672964734363
9853,184.61582938463553
9854,184.6132204317748
9855,184.53266506493097
9856,184.45201334882074
9857,184.37156787825685
9858,184.36918985649848
9859,184.2885212401486
9860,184.20819650346075
9861,184.13993714352907
9862,184.1366622636531
9863,184.0689275340783
9864,184.06575280907975
9865,184.0643204065113
9866,184.0612459742126
9867,184.0604506700425
9868,183.9887481443955
9869,183.9078483366945
9870,183.82754869390715
9871,183.74740292039178
9872,183.74462890914774
9873,183.7417528205009
9874,183.7390797024623
9875,183.73630441316962
9876,183.73592815254412
9877,183.7332538019199
9878,183.73078288906922
9879,183.7282096167404
9880,183.72584001649952
9881,183.72336796240688
9882,183.72383497426208
9883,183.72146427866116
9884,183.7225738191626
9885,183.72030462262478
9886,183.72205844048548
9887,183.64836480388036
9888,183.6460934988318
9889,183.5663047074951
9890,183.48663056014402
9891,183.40689704422144
9892,183.3273257634847
9893,183.2479649221027
9894,183.16894877981144
9895,183.1669490362909
9896,183.08942493678435
9897,183.01023424203257
9898,182.93169758557485
9899,182.85780033954552
9900,182.77887522533084
9901,182.70060516944943
9902,182.70149864484713
9903,182.70323827527116
9904,182.62449492429474
9905,182.54553577002704
9906,182.471544011896
9907,182.39275740805343
9908,182.31418233454633
9909,182.24046207029303
9910,182.17151638794837
9911,182.17339839583965
9912,182.17183783238738
9913,182.17048407834224
9914,182.093380595041
9915,182.01472846277593
9916,181.9366865561997
9917,181.86798985838948
9918,181.8668427639993
9919,181.86905075638413
9920,181.87201440019882
9921,181.87542372174426
9922,181.87448386851244
9923,181.87854820375446
9924,181.8777121899982
9925,181.88243334702443
9926,181.88170131912088
9927,181.88708111386202
9928,181.88645321852437
9929,181.88572084634754
9930,181.88519723062632
9931,181.80879447306995
9932,181.8147271890239
9933,181.7363420172933
9934,181.6582555648297
9935,181.58982913417688
9936,181.59620544603925
9937,181.60335057094574
9938,181.61095189153158
9939,181.6193256792226
9940,181.62815898584407
9941,181.62805386652062
9942,181.63755825631748
9943,181.63755825631748
9944,181.637453087253
9945,181.6375583559566
9946,181.55922355391053
9947,181.55922355391053
9948,181.48100810847112
9949,181.40335866227647
9950,181.32582900392376
9951,181.24715352286705
9952,181.16909293419067
9953,181.17836389811487
9954,181.1884633090826
9955,181.1990280169213
9956,181.1990280169213
9957,181.19892244816435
9958,181.1207141317501
9959,181.04230851563136
9960,180.96420217149566
9961,180.96425913693602
9962,180.975282662754
9963,180.90565595761328
9964,180.91724901167765
9965,180.92931179989034
9966,180.92920592936466
9967,180.94195207101814
9968,180.86373163040773
9969,180.79405523995436
9970,180.80716109890645
9971,180.82074162156752
9972,180.83479860961094
9973,180.84965219240587
9974,180.77036226685505
9975,180.7855866705173
9976,180.80129278087966
9977,180.72179896566718
9978,180.65175074612242
9979,180.66782558171278
9980,180.68470440287535
9981,180.6148095003116
9982,180.53505172156756
9983,180.45541495200882
9984,180.37607691404574
9985,180.29663873524592
9986,180.2174200565814
9987,180.1385500982145
9988,180.05958000042764
9989,179.9808297111708
9990,179.902429013704
9991,179.8239281786775
9992,179.74564746160982
9993,179.66594310459155
9994,179.5944502198566
9995,179.6097402339451
9996,179.53121734666385
9997,179.53046976617506
9998,179.4519617864911
9999,179.37242234813797
10000,179.29396685380024
10001,179.21573199833395
10002,179.13784875801693
10003,179.1526579663731
10004,179.0730971395454
10005,178.9948195784723
10006,178.91689427132204
10007,178.83740849918922
10008,178.75940499330684
10009,178.6817545096471
10010,178.60234404627207
10011,178.52461520473227
10012,178.4472401565753
10013,178.3679052572488
10014,178.29045169143626
10015,178.2133526930423
10016,178.1340936142909
10017,178.05691593783536
10018,177.9800936057244
10019,177.9008028873186
10020,177.82400943410622
10021,177.74757210507028
10022,177.6710335082428
10023,177.5947170060265
10024,177.51557435786387
10025,177.44097682452107
10026,177.3619504832745
10027,177.28540970773415
10028,177.20922650526995
10029,177.13027698898267
10030,177.05401442752816
10031,176.9781102275119
10032,176.8992377988327
10033,176.8232540761611
10034,176.83462523462813
10035,176.75900588806917
10036,176.68381929727786
10037,176.60779475661002
10038,176.5319932471713
10039,176.45315411550953
10040,176.37431938815152
10041,176.29838025619577
10042,176.22312676806496
10043,176.1476407644559
10044,176.0719811853429
10045,175.996545015611
10046,175.92147003375354
10047,175.84629288962773
10048,175.7713394749211
10049,175.6925388161836
10050,175.61644405979143
10051,175.53775959124678
10052,175.46258178480227
10053,175.46062211772485
10054,175.3859242938918
10055,175.31012418616038
10056,175.23501869659086
10057,175.16013748264598
10058,175.08159983388362
10059,175.00588680913975
10060,174.93086759054333
10061,174.8560728298357
10062,174.7776174694949
10063,174.70188264965373
10064,174.62354385661547
10065,174.54852404110798
10066,174.54665687337328
10067,174.4721194308252
10068,174.39668089443273
10069,174.3217339345722
10070,174.2470119820658
10071,174.16882150019822
10072,174.0934708130048
10073,174.01861062583657
10074,173.94397562919485
10075,173.86586815177574
10076,173.79049600826332
10077,173.71250547681277
10078,173.6376447584161
10079,173.6358708456389
10080,173.56149491434073
10081,173.486420705592
10082,173.4116333879781
10083,173.33707181364028
10084,173.25923110393038
10085,173.1841356719524
10086,173.1064122583978
10087,173.0316244383813
10088,173.03795158731086
10089,172.96353751746918
10090,172.8886279196142
10091,172.81380112272896
10092,172.7392006288292
10093,172.6615153028786
10094,172.58419733966093
10095,172.50663021110168
10096,172.43180339566058
10097,172.35734556427278
10098,172.28311431515954
10099,172.20579345237908
10100,172.1317334252872
10101,172.0575688926406
10102,171.98410654441076
10103,171.91053958146946
10104,171.83686811274129
10105,171.76390012716152
10106,171.690827526721
10107,171.61765042075524
10108,171.54517810145228
10109,171.46797634417416
10110,171.39508902732746
10111,171.3224294691431
10112,171.2448312134229
10113,171.1676043653272
10114,171.09012293777744
10115,171.0172373300475
10116,170.94472589614216
10117,170.8673267203212
10118,170.79473214301757
10119,170.7921226405601
10120,170.7200229360657
10121,170.642695984984
10122,170.5701795062557
10123,170.49789155617475
10124,170.42064746799835
10125,170.34853455767438
10126,170.3458176702462
10127,170.26858808287585
10128,170.19617786704654
10129,170.1935603634394
10130,170.1216467915725
10131,170.04448984269646
10132,169.9673358206709
10133,169.96491925528196
10134,169.88798131447655
10135,169.8157386780829
10136,169.73919696005578
10137,169.66221166596605
10138,169.58578826568353
10139,169.51331885280487
10140,169.43729274489752
10141,169.36440369529927
10142,169.29174381335318
10143,169.21535423263404
10144,169.13941571445443
10145,169.0666182735676
10146,168.9940501886633
10147,168.91819648684145
10148,168.84569316926306
10149,168.76975280017223
10150,168.697164562788
10151,168.6216239068091
10152,168.5491007163562
10153,168.47347345169473
10154,168.40086500644264
10155,168.32563841349884
10156,168.24951458180746
10157,168.1767685823048
10158,168.1042523912821
10159,168.0291147627748
10160,167.95307893879362
10161,167.8804252341051
10162,167.8080015267303
10163,167.73295308415362
10164,167.65700548722333
10165,167.5844443074495
10166,167.51211331400427
10167,167.43715427968823
10168,167.36129512997832
10169,167.28487569981445
10170,167.20868417833182
10171,167.13422847795132
10172,167.05887195500597
10173,166.98295479162928
10174,166.90726597689294
10175,166.83466768627187
10176,166.76229971673192
10177,166.6871896364159
10178,166.61181557203994
10179,166.53904354958965
10180,166.4669950131658
10181,166.3917074339013
10182,166.31664926120513
10183,166.24197454437498
10184,166.16752951471645
10185,166.09312924194418
10186,166.01846405294236
10187,165.94557104794555
10188,165.8734037805232
10189,165.79932146019016
10190,165.79821541631333
10191,165.7238583572592
10192,165.65106681167106
10193,165.57711676301767
10194,165.50321208259697
10195,165.42938269503892
10196,165.35636017969674
10197,165.28293892294147
10198,165.2087245509214
10199,165.1354246533146
10200,165.06266799096662
10201,164.9897772337085
10202,164.91624855876623
10203,164.84245258338538
10204,164.7689669357105
10205,164.69621120709886
10206,164.62300326283562
10207,164.54952761379124
10208,164.47636254515498
10209,164.40392888001625
10210,164.33054237952206
10211,164.25767728705628
10212,164.18554487172136
10213,164.11224784124354
10214,164.0394553762051
10215,164.0390774423993
10216,163.96600702894176
10217,163.89303694896174
10218,163.8203784697593
10219,163.74747661597877
10220,163.67480762444887
10221,163.60252986093948
10222,163.5304852492062
10223,163.45832984781197
10224,163.3860637720561
10225,163.3145342813767
10226,163.24120032524846
10227,163.1682586580028
10228,163.09504582877523
10229,163.02278089922788
10230,162.9509088017749
10231,162.8777864146248
10232,162.80582477089197
10233,162.73311706201488
10234,162.66122528143146
10235,162.58808145383327
10236,162.5160998247965
10237,162.4448584916052
10238,162.37350574805984
10239,162.3724883090555
10240,162.29944750824848
10241,162.22778334074218
10242,162.22687102645378
10243,162.15572682755555
10244,162.08447100130448
10245,162.07508403987495
10246,162.00202060591522
10247,161.93033644669046
10248,161.92139422925354
10249,161.85011437433081
10250,161.77872268639058
10251,161.77001371155362
10252,161.69681085846094
10253,161.6249899378092
10254,161.61672839560856
10255,161.54531223285912
10256,161.47378403058224
10257,161.40214390674768
10258,161.3307402296913
10259,161.25973391252256
10260,161.1886156655464
10261,161.11495106153592
10262,161.04374274717762
10263,161.03458505142729
10264,160.96378336724615
10265,160.89286957498126
10266,160.82184379378018
10267,160.75105548809532
10268,160.67723316494346
10269,160.60651625450157
10270,160.53260166521872
10271,160.45857284237778
10272,160.3879497912188
10273,160.3175645150641
10274,160.2441403762339
10275,160.1733143109354
10276,160.10272648572018
10277,160.03253933293686
10278,159.96223984607332
10279,159.89217896151794
10280,159.82251986487364
10281,159.75274842762232
10282,159.67898918209616
10283,159.60511439953814
10284,159.5349228932551
10285,159.46032254758472
10286,159.3863562970718
10287,159.31637670737078
10288,159.31416078060101
10289,159.2447113280323
10290,159.17514903746135
10291,159.1054740305472
10292,159.03116380284837
10293,158.96203257155375
10294,158.8927884747456
10295,158.82343163458515
10296,158.74900053410914
10297,158.68018849930786
10298,158.61126357186095
10299,158.59737078547977
10300,158.5236577071251
10301,158.4498281910341
10302,158.43659421338862
10303,158.36339295234652
10304,158.29007522473893
10305,158.2775021171469
10306,158.20481408434725
10307,158.13200955658252
10308,158.12009939110285
10309,158.04792600415584
10310,157.97563609427917
10311,157.96439095379003
10312,157.8901299613852
10313,157.8157536772137
10314,157.74386463865687
10315,157.6701297310169
10316,157.5962795165522
10317,157.5228326886508
10318,157.45014582036617
10319,157.44965542772937
10320,157.43913424706486
10321,157.36707027211142
10322,157.2959375600585
10323,157.29576432385198
10324,157.2242835407409
10325,157.15362725356246
10326,157.08327244259056
10327,157.00991074870197
10328,156.99975539019468
10329,156.9900651494396
10330,156.9811987927704
10331,156.9109175745546
10332,156.837386131107
10333,156.82862962432162
10334,156.82070089453467
10335,156.74770182058563
10336,156.67476022501435
10337,156.60159335584876
10338,156.59353838988247
10339,156.5207867484615
10340,156.52066746653102
10341,156.45003268401786
10342,156.45003268401788
10343,156.442448530703
10344,156.4356981720609
10345,156.36249259575823
10346,156.3559793524403
10347,156.2826665668014
10348,156.20965072846982
10349,156.1367679689205
10350,156.1303709857755
10351,156.0570213692504
10352,155.9840245390479
10353,155.9126310907054
10354,155.83984527996572
10355,155.76647281975133
10356,155.69345393692706
10357,155.6204577079982
10358,155.61393185648566
10359,155.54088293594668
10360,155.4681329691834
10361,155.3952759460606
10362,155.3889869217976
10363,155.31654880690087
10364,155.31086117493228
10365,155.31074085969857
10366,155.30577855640743
10367,155.23234243630606
10368,155.15973368065872
10369,155.08673039346826
10370,155.01349931076416
10371,154.94056824485602
10372,154.86782651379016
10373,154.79496771625426
10374,154.72252096523076
10375,154.65031939295525
10376,154.57711155514127
10377,154.50445328465136
10378,154.431680957878
10379,154.35945835471884
10380,154.28622811604274
10381,154.21391119468498
10382,154.14200810307304
10383,154.06998758890035
10384,153.9982132184125
10385,153.92632154947606
10386,153.85484489858615
10387,153.78361477680212
10388,153.7100354351209
10389,153.63834680681768
10390,153.5650835673924
10391,153.49395509412622
10392,153.4204742245802
10393,153.3488865766088
10394,153.27584411509332
10395,153.20469593201986
10396,153.13155726443304
10397,153.05994916968606
10398,152.98912389712603
10399,152.91608210225468
10400,152.84328683845655
10401,152.77165823613015
10402,152.69930367231117
10403,152.6281158946098
10404,152.5556652430168
10405,152.4840160720128
10406,152.4120072745836
10407,152.3407996115
10408,152.2672267591315
10409,152.19592325882869
10410,152.1250402059199
10411,152.05440525636118
10412,151.98131895043502
10413,151.91022126924352
10414,151.8399120087742
10415,151.76985162596972
10416,151.69688639586715
10417,151.62636248305026
10418,151.55626102377528
10419,151.48640874625832
10420,151.48454244615417
10421,151.4147043088064
10422,151.34474752577123
10423,151.27521425479986
10424,151.20593099483892
10425,151.13260439796053
10426,151.06285635341433
10427,150.9935329036339
10428,150.9199352765933
10429,150.8465854371886
10430,150.77681913990628
10431,150.7078477812447
10432,150.70552353781272
10433,150.63226097560255
10434,150.56295676566583
10435,150.49353348004277
10436,150.42024660088336
10437,150.34708446273854
10438,150.27434693218842
10439,150.2013112076476
10440,150.13141707457612
10441,150.06232064913357
10442,150.06021435745842
10443,149.98781460407
10444,149.91511619606456
10445,149.84533692221598
10446,149.77598547587039
10447,149.70301492732912
10448,149.63356620425142
10449,149.56092089621862
10450,149.48840096292835
10451,149.41917840809617
10452,149.34983567698987
10453,149.2772922847669
10454,149.20852612699105
10455,149.13630961781953
10456,149.13442036526547
10457,149.06531815177087
10458,148.99609552506845
10459,148.9273035536846
10460,148.858764365016
10461,148.79010475154405
10462,148.7218770738239
10463,148.64909474987294
10464,148.58076913760763
10465,148.51232306588824
10466,148.4396421049693
10467,148.36721166943303
10468,148.29483744063324
10469,148.22289553134226
10470,148.15176178027187
10471,148.08106310897472
10472,148.0120616048181
10473,147.94293906971356
10474,147.87424961792635
10475,147.801446506624
10476,147.7994406986658
10477,147.79742333925756
10478,147.72853094960138
10479,147.66007255545307
10480,147.65793864799858
10481,147.58949449167133
10482,147.52092885806744
10483,147.45279847970028
10484,147.38492319293465
10485,147.3169264171442
10486,147.24936620265743
10487,147.1820614943343
10488,147.11463528590252
10489,147.04764695122114
10490,146.97490617784683
10491,146.90781897951476
10492,146.84061024619783
10493,146.76784637916515
10494,146.69520858405699
10495,146.62300679638986
10496,146.6201713726764
10497,146.54877325575902
10498,146.47781407625075
10499,146.4753207140356
10500,146.40516878963217
10501,146.33545876009475
10502,146.31324504790285
10503,146.24421979853165
10504,146.17223649448357
10505,146.15070575044896
10506,146.07940213117294
10507,146.00685035352157
10508,146.0053895824382
10509,145.93476806773086
10510,145.86233521620494
10511,145.84158565054526
10512,145.77152239626534
10513,145.7019004518156
10514,145.70113346946366
10515,145.63232440690206
10516,145.56056555400275
10517,145.48938220537664
10518,145.42091546870452
10519,145.34949198064098
10520,145.27841104054662
10521,145.2102875597762
10522,145.14261075720734
10523,145.07163175625735
10524,145.00044292348306
10525,144.9331115113488
10526,144.86617101130557
10527,144.79994701061233
10528,144.79994701061233
10529,144.72878182942966
10530,144.65775782338554
10531,144.591637829121
10532,144.59151004174979
10533,144.5259819366983
10534,144.5259819366983
10535,144.45492097128582
10536,144.38400154194878
10537,144.31397282682892
10538,144.29202169669577
10539,144.22244876939382
10540,144.2010913473118
10541,144.12988421110853
10542,144.05881899373608
10543,143.9892161056023
10544,143.98908772764813
10545,143.92006977689076
10546,143.89879923716902
10547,143.877995917648
10548,143.85804763120282
10549,143.7912878411395
10550,143.71981888870616
10551,143.6481063884684
10552,143.57881654752737
10553,143.57881654752737
10554,143.5786877230411
10555,143.50985643911721
10556,143.4897410310015
10557,143.4181220570138
10558,143.3466460887834
10559,143.27778595418798
10560,143.2577596138943
10561,143.18936127444147
10562,143.1699384768712
10563,143.09817005595346
10564,143.02641560568898
10565,142.95811853007035
10566,142.93891609861183
10567,142.86724188528854
10568,142.79571113008075
10569,142.72738600029194
10570,142.70827517568782
10571,142.64041476611976
10572,142.62191236866352
10573,142.62178264172886
10574,142.6040203191198
10575,142.60402031911983
10576,142.53494297670358
10577,142.46717164791352
10578,142.44963250511805
10579,142.43257755847296
10580,142.41639924484414
10581,142.34740814799287
10582,142.27875122248346
10583,142.2108206217074
10584,142.2108206217074
10585,142.1946096044444
10586,142.17927976655415
10587,142.17927976655415
10588,142.17914927786404
10589,142.1114249661068
10590,142.1114249661068
10591,142.09632569502148
10592,142.0821125214587
10593,142.00868375910426
10594,141.93961634001866
10595,141.87186312620955
10596,141.87186312620955
10597,141.87173217615688
10598,141.8577540129886
10599,141.78903402753528
10600,141.71500913928432
10601,141.64130634212992
10602,141.56781023134718
10603,141.4945171188538
10604,141.49438585940933
10605,141.42638313657093
10606,141.41211922320232
10607,141.33839111474086
10608,141.2706092242228
10609,141.19735030471915
10610,141.1239038175033
10611,141.05629735945257
10612,140.98332114749334
10613,140.91021741079882
10614,140.84272663135707
10615,140.77009430469536
10616,140.69733426189524
10617,140.62995964382216
10618,140.55767215083492
10619,140.48525674963142
10620,140.41799877861948
10621,140.34605707204534
10622,140.27398726449908
10623,140.2068464291972
10624,140.2064226925184
10625,140.13384693340873
10626,140.11780103440344
10627,140.11774040627822
10628,140.05110467688897
10629,140.03573712936125
10630,139.963097458974
10631,139.963097458974
10632,139.94796450742098
10633,139.9337305989151
10634,139.91999972257443
10635,139.91986689397916
10636,139.9199998815554
10637,139.9199998815554
10638,139.9067742075276
10639,139.89445519994854
10640,139.8826459324186
10641,139.8154341332598
10642,139.80426921808638
10643,139.7936184625538
10644,139.78348426092995
10645,139.77426910104035
10646,139.76557516370653
10647,139.69226713908685
10648,139.6842303264112
10649,139.61022499885715
10650,139.61009137153297
10651,139.53610218655322
10652,139.46244043212553
10653,139.38852696619207
10654,139.3152098217554
10655,139.24721824427823
10656,139.23890315592067
10657,139.23111494937694
10658,139.22425810831592
10659,139.1503009293684
10660,139.07615288820935
10661,139.0026135777155
10662,139.0026135777155
10663,138.92874868985544
10664,138.92202003285726
10665,138.8480364775709
10666,138.7744441640039
10667,138.77451723923846
10668,138.7008791669131
10669,138.69414463313635
10670,138.68834905158323
10671,138.61490626660324
10672,138.5407608906516
10673,138.46694565101197
10674,138.39741933735166
10675,138.3234999521857
10676,138.24997348439663
10677,138.18062292485538
10678,138.1116780701125
10679,138.10519820499232
10680,138.0996619385103
10681,138.0996619385103
10682,138.02557769146696
10683,137.95123910394437
10684,137.87763788739255
10685,137.80378188114852
10686,137.73442575896183
10687,137.73456134300125
10688,137.72888486832042
10689,137.72375030101827
10690,137.7238860507071
10691,137.65487161081268
10692,137.65473586112384
10693,137.65487177686737
10694,137.65041510579064
10695,137.6465050078906
10696,137.64355200693578
10697,137.56865383175406
10698,137.49422249719228
10699,137.41953552379312
10700,137.4196717728678
10701,137.34500134548193
10702,137.27072506759686
10703,137.19672642939216
10704,137.12268652532885
10705,137.1191271863058
10706,137.04933165494165
10707,136.97451154229225
10708,136.90002365886383
10709,136.83046810398142
10710,136.75587541516478
10711,136.68161600269082
10712,136.6075725374556
10713,136.53373837470087
10714,136.52982784612672
10715,136.4601309190592
10716,136.38538811592466
10717,136.385251026325
10718,136.31111628387802
10719,136.236723749729
10720,136.1626661301959
10721,136.0887623741987
10722,136.01880345067084
10723,136.01461508528863
10724,135.94513977201868
10725,135.94164103059552
10726,135.93869889096501
10727,135.93672901371642
10728,135.86176995320588
10729,135.78728336917746
10730,135.71253799227375
10731,135.63854218429637
10732,135.56369242524218
10733,135.4893162311508
10734,135.48693692787714
10735,135.4855349000246
10736,135.41075925008596
10737,135.33645823268293
10738,135.26189754898377
10739,135.1880892881054
10740,135.11342350180772
10741,135.03923344617817
10742,135.03909516226943
10743,135.03756017340473
10744,134.96310865185384
10745,134.88913409976445
10746,134.88774795187473
10747,134.88734688655805
10748,134.81297005519102
10749,134.74074534200142
10750,134.66626252867187
10751,134.6660118424921
10752,134.59158865898516
10753,134.5197392623854
10754,134.4452095542393
10755,134.4450705784785
10756,134.37041858111687
10757,134.37045659799875
10758,134.29614245526878
10759,134.22198429252165
10760,134.14714662164587
10761,134.07306714263444
10762,133.9994690438527
10763,133.92514369150376
10764,133.85055619620138
10765,133.7779421449589
10766,133.77742647555297
10767,133.70319444684876
10768,133.62869982693954
10769,133.55496642106064
10770,133.55474247393803
10771,133.4808839533028
10772,133.40634301647734
10773,133.3325646754686
10774,133.25894262838534
10775,133.18463717755273
10776,133.11151639762116
10777,133.03855259962288
10778,132.96574633762603
10779,132.9646843142573
10780,132.8900685266938
10781,132.81748288571038
10782,132.7450553955333
10783,132.74449369550533
10784,132.67208426751807
10785,132.67075051596518
10786,132.59821706230986
10787,132.52461869736632
10788,132.45089586206512
10789,132.4499952062667
10790,132.3757736285551
10791,132.37559430785433
10792,132.30185863284086
10793,132.30240326148353
10794,132.22915485370814
10795,132.23042606197632
10796,132.1576662929888
10797,132.15966672733467
10798,132.08739697574677
10799,132.0901292989274
10800,132.01465658482797
10801,132.01812454446244
10802,132.02219197973014
10803,132.02686190136345
10804,131.9509737756799
10805,131.8755709049721
10806,131.80326375117693
10807,131.72822214398846
10808,131.6527281288776
10809,131.65727874091806
10810,131.66286173252544
10811,131.6690549976243
10812,131.59286033195846
10813,131.59286033195846
10814,131.51729366827712
10815,131.52380912294797
10816,131.52380912294797
10817,131.53122435382664
10818,131.45509993506818
10819,131.37932001324614
10820,131.3037000039902
10821,131.22738513787516
10822,131.1519085348386
10823,131.07788549973185
10824,131.07802822435778
10825,131.07802822435778
10826,131.00223507753074
10827,131.00938788482725
10828,130.9334661745053
10829,130.8578907172852
10830,130.78218962664903
10831,130.70622001751244
10832,130.63102689749977
10833,130.55680307864375
10834,130.4829317990861
10835,130.49010649203493
10836,130.4142449926961
10837,130.33811436543508
10838,130.2627618053455
10839,130.18900367508755
10840,130.11354198914907
10841,130.1203154914992
10842,130.04429346837097
10843,129.96862012957965
10844,129.89372826820232
10845,129.90111321526885
10846,129.82628161245137
10847,129.8344318092356
10848,129.75822738037672
10849,129.68175258096707
10850,129.6061250152869
10851,129.60605900866295
10852,129.53001641001708
10853,129.45462480520112
10854,129.37909398197408
10855,129.30404712198995
10856,129.22876509350243
10857,129.15377753283994
10858,129.07821628260703
10859,129.0031402193023
10860,128.92826304858048
10861,128.8536812231298
10862,128.7780894407106
10863,128.70298407469843
10864,128.6285134586514
10865,128.55433907048845
10866,128.47871665009112
10867,128.40358188141295
10868,128.3295195280217
10869,128.25575429033947
10870,128.1806161361889
10871,128.1059788497689
10872,128.03281738131142
10873,128.0373067256288
10874,127.96202200564903
10875,127.96143969945899
10876,127.88680362059678
10877,127.89205459776304
10878,127.81791950836997
10879,127.82393927431421
10880,127.75030662916508
10881,127.75709812245503
10882,127.68396938407524
10883,127.69153556221765
10884,127.61510428071212
10885,127.62344926359414
10886,127.62344926359417
10887,127.63228720032218
10888,127.55557373249123
10889,127.4793602536032
10890,127.40316471129506
10891,127.40316471129508
10892,127.40301822332957
10893,127.41248662245312
10894,127.41248662245313
10895,127.42245326171901
10896,127.34582833697108
10897,127.34582833697108
10898,127.26941067200858
10899,127.19315810721695
10900,127.11662965281306
10901,127.0404565336097
10902,126.96444859465761
10903,126.88816426185282
10904,126.81267855780487
10905,126.81238393097738
10906,126.73647394001496
10907,126.73632647999905
10908,126.66028704902116
10909,126.66043470499726
10910,126.5849004892526
10911,126.50908884078662
10912,126.43344294857161
10913,126.35815583503673
10914,126.28318258251694
10915,126.29167186803629
10916,126.21567699813693
10917,126.22495736647609
10918,126.14882820984565
10919,126.07350285995471
10920,125.99834403391219
10921,125.99819568793282
10922,125.92216479045025
10923,125.92216479045025
10924,125.84615172425283
10925,125.77094451518995
10926,125.69590433383759
10927,125.69575559068005
10928,125.61984106047413
10929,125.62870022984826
10930,125.55265107877482
10931,125.47740965672178
10932,125.40233577648002
10933,125.41138713790302
10934,125.3359258549177
10935,125.3359258549177
10936,125.26112657611897
10937,125.27097242770786
10938,125.19475165527479
10939,125.11825061102884
10940,125.04255904409608
10941,124.96787573771066
10942,124.89355875447421
10943,124.90344247537867
10944,124.82705329035208
10945,124.75038316934813
10946,124.67452424173915
10947,124.60032458124896
10948,124.52649377624125
10949,124.52664402792807
10950,124.4502394252046
10951,124.37355321145469
10952,124.29768010627636
10953,124.22412289479264
10954,124.14768469004524
10955,124.07141594385389
10956,123.99596260984957
10957,124.0045039476467
10958,123.92801053192545
10959,123.85213956699232
10960,123.7761795912589
10961,123.6999364304178
10962,123.62431642162393
10963,123.54875922371313
10964,123.47422244851147
10965,123.39839957664157
10966,123.32214186810268
10967,123.24670413134565
10968,123.17105141302976
10969,123.0954300410945
10970,123.02031494904828
10971,122.94477649741764
10972,122.86947726117086
10973,122.7945470498449
10974,122.71940095723834
10975,122.64428603227357
10976,122.56895506994364
10977,122.49445024515678
10978,122.42011623121648
10979,122.4259053233393
10980,122.35052083672541
10981,122.35711370743836
10982,122.28159180403122
10983,122.20659287156441
10984,122.13191708341073
10985,122.13900465921432
10986,122.06327643122006
10987,122.0711740867098
10988,121.99530751667965
10989,121.9202701058705
10990,121.84494546385109
10991,121.8449454638511
10992,121.76979212221163
10993,121.77757454927162
10994,121.70228341852759
10995,121.62705809467705
10996,121.55246414543666
10997,121.5521579485927
10998,121.4775835368835
10999,121.48525053142906
11000,121.4105388942359
11001,121.33527821707362
11002,121.25988243216123
11003,121.26805183182029
11004,121.19359362950775
11005,121.20212423581313
11006,121.12752861869741
11007,121.05207435418691
11008,120.97648468431747
11009,120.98552216252405
11010,120.9111804396814
11011,120.91025867177399
11012,120.83593785424527
11013,120.76044747718508
11014,120.68482138800987
11015,120.68405191831657
11016,120.61014457788735
11017,120.60906731893176
11018,120.53518133198362
11019,120.4598135604076
11020,120.3866330854318
11021,120.31099328459841
11022,120.2378533668642
11023,120.16260862342232
11024,120.090176580976
11025,120.09736641588154
11026,120.02479798193247
11027,120.02310043319221
11028,119.95055514606548
11029,119.8752745989663
11030,119.79985739537192
11031,119.80708579098479
11032,119.72967256854379
11033,119.73773032088154
11034,119.66017371940222
11035,119.58765873234438
11036,119.51532196730962
11037,119.52358147590279
11038,119.44596634231455
11039,119.37320021013538
11040,119.30128473188053
11041,119.22563443155241
11042,119.14813865542258
11043,119.14627578384778
11044,119.07395363495749
11045,118.99856461718396
11046,118.92132738212491
11047,118.91946190415753
11048,118.8474054224148
11049,118.85489935046762
11050,118.77706878396579
11051,118.70525605673176
11052,118.62797718855818
11053,118.63567423153405
11054,118.56342963439795
11055,118.57196543245358
11056,118.49393030391037
11057,118.41830644621318
11058,118.34616741238015
11059,118.3550663118158
11060,118.27712819496418
11061,118.20455608651751
11062,118.12889491722989
11063,118.05309520307883
11064,117.98110487038929
11065,117.98988704402292
11066,117.91161214388615
11067,117.83986699426258
11068,117.76214685870474
11069,117.68413172057846
11070,117.61197569242591
11071,117.54068274725033
11072,117.46292703939525
11073,117.38487577858162
11074,117.31317144443852
11075,117.23567773466608
11076,117.16454137648039
11077,117.08713839498681
11078,117.00922305745463
11079,116.9310114500188
11080,116.85372933472716
11081,116.77669141174466
11082,116.69921273788837
11083,116.62715488681194
11084,116.54976643944222
11085,116.47323935080824
11086,116.395726290676
11087,116.39414293041949
11088,116.31802404097776
11089,116.32452736295845
11090,116.24895278927217
11091,116.25630406772319
11092,116.17919897898874
11093,116.18740246514496
11094,116.10946368706868
11095,116.11852343308321
11096,116.0418124826305
11097,116.05173188709722
11098,115.97556394359326
11099,115.98634665730002
11100,115.9086523446067
11101,115.90817376061266
11102,115.91966484611663
11103,115.91934544637304
11104,115.91886651881289
11105,115.91870664666476
11106,115.91838701732901
11107,115.91838701732901
11108,115.91822703010956
11109,115.93139406468265
11110,115.94528285489157
11111,115.94512263697673
11112,115.86774867743242
11113,115.88235765320358
11114,115.80642358350063
11115,115.82191641286211
11116,115.83814256692666
11117,115.85510628746192
11118,115.77747171652062
11119,115.70001881668306
11120,115.62315903302728
11121,115.62283708837428
11122,115.54530674433965
11123,115.5625030904422
11124,115.48482573910455
11125,115.40753546676954
11126,115.33042692346406
11127,115.25354560201204
11128,115.17619961185483
11129,115.09903474363477
11130,115.02205173296812
11131,114.94529695667579
11132,114.86807669803846
11133,114.79173350604908
11134,114.71508592393252
11135,114.7316618642559
11136,114.65416999810304
11137,114.65400791039444
11138,114.576536365678
11139,114.49945517404689
11140,114.4220692483256
11141,114.3455627910061
11142,114.26923911607396
11143,114.19212181052673
11144,114.2079361200634
11145,114.2079361200634
11146,114.20777331988118
11147,114.20793635894853
11148,114.13136883313318
11149,114.14808558176532
11150,114.07067034945332
11151,113.99364726362042
11152,113.99348398496583
11153,113.91648129669368
11154,113.83966303777528
11155,113.76274724287195
11156,113.68559953529198
11157,113.60878586769512
11158,113.53181555650018
11159,113.45588242998006
11160,113.37979241273727
11161,113.30354574076961
11162,113.22582738640948
11163,113.15016186286277
11164,113.07433940028722
11165,112.99674158175452
11166,112.92079592772922
11167,112.84377965539448
11168,112.76792295633567
11169,112.69028735823929
11170,112.61320079250906
11171,112.53644946814025
11172,112.46004191336122
11173,112.38316574274752
11174,112.3961851610553
11175,112.31967458202631
11176,112.24300471654915
11177,112.16667171098963
11178,112.08947072580351
11179,112.10333565510166
11180,112.02661724966002
11181,111.95029904139416
11182,111.87374549099779
11183,111.7972260206525
11184,111.72047102369974
11185,111.64461579966031
11186,111.56795024299413
11187,111.56795024299413
11188,111.49180356643772
11189,111.49147102277631
11190,111.41534550109584
11191,111.41517891766902
11192,111.3387895318635
11193,111.26258683226456
11194,111.26242012389996
11195,111.2757182009555
11196,111.19919703089288
11197,111.1223626178505
11198,111.04643277220795
11199,110.97018900204894
11200,110.89413334742773
11201,110.81759624383994
11202,110.7412965837854
11203,110.66518438681834
11204,110.6650169246855
11205,110.67785136789821
11206,110.60141926726045
11207,110.52467244099067
11208,110.44891155835835
11209,110.37298922678563
11210,110.29679411932723
11211,110.22024114286175
11212,110.14475350804162
11213,110.15657264074515
11214,110.08031545075293
11215,110.00420475530053
11216,109.92793244476819
11217,109.85272849851664
11218,109.77736267365158
11219,109.70183521867703
11220,109.62479668049478
11221,109.54882855581029
11222,109.47235856380199
11223,109.39665468805917
11224,109.32078879939876
11225,109.24599629705754
11226,109.24497523345444
11227,109.16865225635985
11228,109.09340752213132
11229,109.01800039012751
11230,108.94366995813367
11231,108.86917686242515
11232,108.79452135522571
11233,108.71741208953728
11234,108.64087014088581
11235,108.56506808323637
11236,108.48836605521704
11237,108.41200981163995
11238,108.33673686678559
11239,108.26047410967355
11240,108.18529431710174
11241,108.11014988672396
11242,108.03484171114265
11243,107.95905439930965
11244,107.88435297569016
11245,107.80948749494968
11246,107.73365926210022
11247,107.65800707641309
11248,107.58344277244358
11249,107.50871405683392
11250,107.43319263633465
11251,107.3575047568977
11252,107.28239361892525
11253,107.20763027590338
11254,107.13258665654945
11255,107.05737792175796
11256,106.98274788331393
11257,106.90815024127164
11258,106.8333871659779
11259,106.75971903792224
11260,106.68588519944586
11261,106.611885909071
11262,106.53898472232949
11263,106.46591780671794
11264,106.39268542225726
11265,106.31632971970016
11266,106.24371536300144
11267,106.16820803547107
11268,106.09229818980386
11269,106.01906853727793
11270,105.94567300420418
11271,105.86989606626467
11272,105.79711977424274
11273,105.72417728059635
11274,105.6483605057876
11275,105.57347657312717
11276,105.50084267970279
11277,105.42804221883989
11278,105.351781099662
11279,105.27610495291937
11280,105.20361454680737
11281,105.13095720596796
11282,105.055415709697
11283,104.98355685764362
11284,104.91153074500653
11285,104.83933763783541
11286,104.76825968040437
11287,104.69701444618732
11288,104.62560220279919
11289,104.54911310843481
11290,104.4737380414757
11291,104.39871579794489
11292,104.32695267322806
11293,104.25502212453459
11294,104.18013725702765
11295,104.10437845618492
11296,104.03276148315119
11297,103.96097671334284
11298,103.88623208429344
11299,103.81184198830299
11300,103.7401962064388
11301,103.66838225304296
11302,103.594131422567
11303,103.51812362914166
11304,103.44644947377832
11305,103.37188736375695
11306,103.29845275987903
11307,103.22537556735189
11308,103.15334722470284
11309,103.08114963740711
11310,103.00821450572509
11311,102.93245292154016
11312,102.8603956131292
11313,102.7871490173531
11314,102.71273036227184
11315,102.63820899043849
11316,102.56273528603997
11317,102.48917527677393
11318,102.41465975721196
11319,102.33972250722884
11320,102.2661692411097
11321,102.19219205462258
11322,102.11960428587626
11323,102.04815970308705
11324,101.97575402191454
11325,101.9052815108015
11326,101.83376332956335
11327,101.759320740424
11328,101.68531750141415
11329,101.67826003437034
11330,101.67843823986671
11331,101.60801967438313
11332,101.53647110327165
11333,101.53030017833045
11334,101.45937930737534
11335,101.38515780733512
11336,101.31059951916842
11337,101.23701945487743
11338,101.1631018129301
11339,101.1565663156241
11340,101.08327019409371
11341,101.07763143059721
11342,101.07745236351076
11343,101.07763171964827
11344,101.0038160602477
11345,100.9304462333842
11346,100.85735776944934
11347,100.78488170802626
11348,100.78445555384887
11349,100.71199938146991
11350,100.64015815623067
11351,100.56814128834988
11352,100.49648916054728
11353,100.42466165844316
11354,100.35345172466309
11355,100.28029712330552
11356,100.20776046098372
11357,100.13590226025705
11358,100.06441041716948
11359,99.99122298183153
11360,99.91984255673958
11361,99.84651187478015
11362,99.77434438705382
11363,99.70145434061165
11364,99.70051248710479
11365,99.62797186128842
11366,99.55591693828275
11367,99.48385164053538
11368,99.41197111439239
11369,99.34024457329333
11370,99.26834029534244
11371,99.19660826100915
11372,99.12550280728436
11373,99.05341264190271
11374,98.98160699282393
11375,98.91106923238567
11376,98.83857250906175
11377,98.76708193974422
11378,98.69605282347817
11379,98.6240524892882
11380,98.62386989088593
11381,98.62405278986178
11382,98.55188907503792
11383,98.48018571579081
11384,98.40876825399378
11385,98.33798097874974
11386,98.26701389837378
11387,98.19641720541131
11388,98.12564098231913
11389,98.05549768388111
11390,97.98371051395038
11391,97.91342185858325
11392,97.84295358405284
11393,97.77131782963868
11394,97.69949974678114
11395,97.62918313359552
11396,97.55721787173898
11397,97.48644155280715
11398,97.41492878454217
11399,97.34424602109561
11400,97.27314040231785
11401,97.20322800616994
11402,97.13202211675524
11403,97.06097204896584
11404,96.99073056764793
11405,96.92168661824991
11406,96.8507045391034
11407,96.78019611107446
11408,96.70906507874925
11409,96.63813848348012
11410,96.56731325987708
11411,96.56712745527153
11412,96.49714804598926
11413,96.49714804598928
11414,96.42635855218765
11415,96.42654482398724
11416,96.42654482398724
11417,96.35577410184987
11418,96.28547706125583
11419,96.21538513418973
11420,96.14493891471619
11421,96.07496845382398
11422,96.00603678456635
11423,95.93591609803917
11424,95.91774666430494
11425,95.84745892688784
11426,95.77690134820575
11427,95.70699165085644
11428,95.63745946153212
11429,95.56774280834367
11430,95.49867693276984
11431,95.47987669482585
11432,95.41064298708329
11433,95.39216622584975
11434,95.32276505890475
11435,95.25317922499595
11436,95.1842459739845
11437,95.11328483421215
11438,95.04213649437396
11439,94.9725230272514
11440,94.9020629167298
11441,94.88334768957709
11442,94.81387426538727
11443,94.74286751135902
11444,94.67205160419877
11445,94.6029268219743
11446,94.53361567183784
11447,94.46295724130782
11448,94.39267992843678
11449,94.32352896147528
11450,94.25337454079704
11451,94.18350282865248
11452,94.11401287977593
11453,94.04575332230144
11454,93.97579517697612
11455,93.9052670644311
11456,93.83593958903732
11457,93.76727512147198
11458,93.69747900706612
11459,93.62692120820746
11460,93.55756663481718
11461,93.48944876763532
11462,93.42114269463941
11463,93.3507805523421
11464,93.2808018327301
11465,93.21265967922373
11466,93.1443288440333
11467,93.07638303506224
11468,93.00824884254651
11469,92.94135946984282
11470,92.91735606509353
11471,92.84972103379499
11472,92.78247303787056
11473,92.71503652300294
11474,92.64827260494825
11475,92.62406045123281
11476,92.55377730519098
11477,92.48630026531326
11478,92.41921206528217
11479,92.35193515727337
11480,92.28533279496054
11481,92.21912023101235
11482,92.1527189161343
11483,92.08699526693113
11484,92.01531619345637
11485,91.9440224955283
11486,91.87759950529532
11487,91.85087992557781
11488,91.78515544328805
11489,91.71924128827317
11490,91.6537193512407
11491,91.5880080556921
11492,91.5229791834905
11493,91.45090407910868
11494,91.37950667818393
11495,91.31377490176334
11496,91.24843721275454
11497,91.17691367813099
11498,91.11171117328335
11499,91.04631872769916
11500,90.98219835347686
11501,90.91788766885406
11502,90.85397265835054
11503,90.78986766025655
11504,90.78516088870568
11505,90.72195943668868
11506,90.64988046707337
11507,90.57701320311462
11508,90.5125168910772
11509,90.44930096052836
11510,90.38589408478781
11511,90.3228853560347
11512,90.25968601008229
11513,90.25442723897989
11514,90.19213791126924
11515,90.11985302488183
11516,90.04697183528958
11517,89.98357781938095
11518,89.97828498203425
11519,89.91580340836065
11520,89.85313015432625
11521,89.7908574527595
11522,89.72839340380425
11523,89.72275217555067
11524,89.66120451145501
11525,89.58888648499868
11526,89.5157703535459
11527,89.45291414982582
11528,89.39135517306444
11529,89.38569569334346
11530,89.31421803787258
11531,89.24163671787154
11532,89.17898122713639
11533,89.11672930810606
11534,89.04521941166801
11535,89.03989812339064
11536,88.9780067015874
11537,88.9159218270014
11538,88.8536438476782
11539,88.7823192231529
11540,88.7098832279339
11541,88.64778486329617
11542,88.58609222761118
11543,88.51473539384932
11544,88.45318813714289
11545,88.3920472422522
11546,88.33071227951218
11547,88.27009048548108
11548,88.20987610627418
11549,88.14946762984435
11550,88.14284637424805
11551,88.08337367516266
11552,88.01145308861776
11553,87.95121785228146
11554,87.89139200674425
11555,87.83137186210229
11556,87.77207090294421
11557,87.71318040546508
11558,87.65409558560482
11559,87.64654278268215
11560,87.58840108347249
11561,87.51591338452602
11562,87.5085280749971
11563,87.44984128133395
11564,87.376230802797
11565,87.3167776434653
11566,87.2448364846514
11567,87.17175904036365
11568,87.1126959955265
11569,87.0534373769388
11570,86.9816650783057
11571,86.91061140305192
11572,86.90354759629719
11573,86.83380100924727
11574,86.7616591746792
11575,86.70165950143318
11576,86.64146311628502
11577,86.56949758397319
11578,86.51006503612898
11579,86.45043531520702
11580,86.37990500422421
11581,86.37298806003709
11582,86.30377346695572
11583,86.23214601271955
11584,86.17234878195721
11585,86.11235329294207
11586,86.04090421555561
11587,85.98167761234447
11588,85.9222522821363
11589,85.85098276581874
11590,85.77888095675242
11591,85.71964681524996
11592,85.64892444533598
11593,85.59046473903702
11594,85.53180491756194
11595,85.47450607006027
11596,85.46734765740227
11597,85.41007391914088
11598,85.35259954023753
11599,85.29492489583866
11600,85.2386169260465
11601,85.1821082833426
11602,85.12539934551201
11603,85.05292950784963
11604,84.99700589470352
11605,84.94088150712345
11606,84.8851795851787
11607,84.82927726296575
11608,84.82059601091306
11609,84.76567390409302
11610,84.75719105042982
11611,84.7486794611735
11612,84.6933871326475
11613,84.6378936599336
11614,84.58219942828019
11615,84.52788742133622
11616,84.45580282983495
11617,84.40069865139169
11618,84.34539362076988
11619,84.29147515532686
11620,84.28199532109161
11621,84.20947304292058
11622,84.13735841439569
11623,84.06439093656284
11624,84.00968486237075
11625,83.93812598460681
11626,83.86571247568985
11627,83.81024493451672
11628,83.7561724005222
11629,83.74720174480645
11630,83.67557599723196
11631,83.60469754747217
11632,83.59627094977476
11633,83.52480236179328
11634,83.45374580881061
11635,83.38407261340258
11636,83.31290414984062
11637,83.25647661521474
11638,83.20145185377518
11639,83.14466082731495
11640,83.07506447566308
11641,83.01949824397495
11642,82.95106665205977
11643,82.88339716494228
11644,82.82882985666541
11645,82.76233407569089
11646,82.69167784640068
11647,82.68525504938845
11648,82.6323054883331
11649,82.56180961487505
11650,82.50946313006605
11651,82.440130880047
11652,82.37057606262046
11653,82.31924812325553
11654,82.25382756332628
11655,82.18521726622228
11656,82.13491193361274
11657,82.07045308513129
11658,82.00279204548984
11659,81.95351466157648
11660,81.89002239312084
11661,81.82331538854716
11662,81.77507134236852
11663,81.71255056442443
11664,81.64680241348357
11665,81.59959714176419
11666,81.53805280724016
11667,81.47326836995957
11668,81.42710735770738
11669,81.36654446245798
11670,81.30272864083788
11671,81.25761742195111
11672,81.1902613479856
11673,81.12703386858192
11674,81.12535100657429
11675,81.0583739655007
11676,80.99594665670313
11677,80.99445623635866
11678,80.92786051413286
11679,80.85829782386382
11680,80.79667063814522
11681,80.79556895398422
11682,80.72896398264285
11683,80.66017244081586
11684,80.5923577899588
11685,80.52497912466276
11686,80.45901984484398
11687,80.39349906955626
11688,80.32667734929636
11689,80.2600927961339
11690,80.19809955474626
11691,80.13634032401869
11692,80.07517665889978
11693,80.0751766588998
11694,80.01505058960204
11695,80.01527039402393
11696,79.95618697581129
11697,79.88982350558216
11698,79.88960370116025
11699,79.88982394126997
11700,79.82326112571825
11701,79.75749217823656
11702,79.69840744366805
11703,79.69862812119625
11704,79.64059462480107
11705,79.57421886508125
11706,79.573998187553
11707,79.57421930424066
11708,79.50864044213374
11709,79.50841932544606
11710,79.44286119156183
11711,79.37788224536246
11712,79.37766068776394
11713,79.31472098957629
11714,79.25650015300086
11715,79.19091250666379
11716,79.19069050639254
11717,79.19091295110894
11718,79.12612913143032
11719,79.07691024086746
11720,79.07668779615102
11721,79.02857508803936
11722,78.96317053923794
11723,78.89857291066468
11724,78.85048259266556
11725,78.85070593163248
11726,78.78569503417202
11727,78.72149458271859
11728,78.72127124375163
11729,78.67409832180522
11730,78.60948302817913
11731,78.60925923938525
11732,78.54568218594086
11733,78.49875875938785
11734,78.45251189434983
11735,78.4076198904701
11736,78.36341428944995
11737,78.29754298539861
11738,78.23225852136362
11739,78.16823982707139
11740,78.12430994085105
11741,78.05862753368548
11742,77.99353467050076
11743,77.92971168062932
11744,77.88605907265979
11745,77.82056644961246
11746,77.75634360385963
11747,77.69146299179992
11748,77.62695285767352
11749,77.62695285767356
11750,77.56314029601036
11751,77.56268793495313
11752,77.49821590285238
11753,77.43434292665003
11754,77.37081880300569
11755,77.30706614167362
11756,77.24226181204659
11757,77.17935844747815
11758,77.17904948715459
11759,77.11575388539435
11760,77.05212524629715
11761,76.98841866815705
11762,76.9239177096393
11763,76.86047640401513
11764,76.79705454154062
11765,76.79705454154066
11766,76.73401180330019
11767,76.68762671965798
11768,76.68762671965801
11769,76.68739786046686
11770,76.62438619636508
11771,76.57847643061085
11772,76.51422488888333
11773,76.45034773600995
11774,76.38718116442533
11775,76.32393237424577
11776,76.26047265965165
11777,76.19680301446743
11778,76.13407513662331
11779,76.0710364571048
11780,76.00801588415821
11781,75.9445548031009
11782,75.88226739381747
11783,75.8194399017156
11784,75.75686025590167
11785,75.75502180236272
11786,75.69315804039978
11787,75.6915462983555
11788,75.62970523937945
11789,75.56709002028718
11790,75.50287768655788
11791,75.43891245352005
11792,75.37626053548847
11793,75.32643300097206
11794,75.26464924612087
11795,75.21575514801606
11796,75.15163669439698
11797,75.08813585938479
11798,75.02702882895242
11799,74.96333243755605
11800,74.90025708636087
11801,74.90049026818309
11802,74.83850617496094
11803,74.7894472432277
11804,74.72833869030151
11805,74.72833869030156
11806,74.6665466997266
11807,74.61844172874633
11808,74.55752839774115
11809,74.49210589583679
11810,74.49187173116125
11811,74.49210639037696
11812,74.42753405896988
11813,74.3792302287789
11814,74.31768192752703
11815,74.27032879195995
11816,74.27009363611072
11817,74.2239206052594
11818,74.16255927481636
11819,74.16232362022699
11820,74.09667714751264
11821,74.03164679658498
11822,73.97049077232268
11823,73.90526593625135
11824,73.84076812050175
11825,73.7799479911727
11826,73.71525461709898
11827,73.65139974866543
11828,73.59080991524904
11829,73.5267585452679
11830,73.46354988263518
11831,73.40319208437337
11832,73.33978596880976
11833,73.28033639899408
11834,73.22175986707722
11835,73.17283800997495
11836,73.11549699745038
11837,73.11525830542114
11838,73.05129485536862
11839,73.00273721019504
11840,72.94561255796323
11841,72.89801825688718
11842,72.83184452667676
11843,72.76653487594383
11844,72.70964704737077
11845,72.66232980833432
11846,72.60636515164511
11847,72.55929874079632
11848,72.4931160895779
11849,72.42755939681167
11850,72.37159566567577
11851,72.30583880948251
11852,72.24071146921219
11853,72.17403496265473
11854,72.10882099185211
11855,72.04402097871402
11856,71.97788468374912
11857,71.91332624706867
11858,71.84852556200578
11859,71.79114253729252
11860,71.72723932722093
11861,71.66309316810496
11862,71.60596287303207
11863,71.54029232633236
11864,71.47636251176087
11865,71.41218894706172
11866,71.35579475041261
11867,71.2911993425358
11868,71.23546393562627
11869,71.16999789327711
11870,71.10539332174314
11871,71.10503811070481
11872,71.0506070918802
11873,70.98655366796287
11874,70.93471877108526
11875,70.88433538251316
11876,70.82071601251349
11877,70.77057734995425
11878,70.71592865075196
11879,70.66677199501426
11880,70.59976772630874
11881,70.5341416078737
11882,70.46915950885383
11883,70.42003980565592
11884,70.35373604072018
11885,70.28919336083608
11886,70.22305978795087
11887,70.15831512087911
11888,70.10229098607736
11889,70.036596376358
11890,69.97240834754622
11891,69.90797079820675
11892,69.84328423645273
11893,69.78022319436386
11894,69.71691250342643
11895,69.65335267589532
11896,69.59142528190962
11897,69.52924811490539
11898,69.46682169133439
11899,69.40603467354072
11900,69.3449977628171
11901,69.29052090648828
11902,69.22927458778472
11903,69.16892300254914
11904,69.10832129792551
11905,69.04822216261115
11906,68.98902315209581
11907,68.9295739102625
11908,68.86684683763778
11909,68.80152410016463
11910,68.74544717514225
11911,68.68386191165155
11912,68.61735487584417
11913,68.55675878906403
11914,68.49587555251922
11915,68.43004700648127
11916,68.36968753771501
11917,68.30480379127556
11918,68.24436381010078
11919,68.17971862408349
11920,68.11888208077251
11921,68.0585510913239
11922,67.99413957794242
11923,67.93400596316185
11924,67.87437886522663
11925,67.8102029095051
11926,67.75077607970785
11927,67.69185673232798
11928,67.62791824169278
11929,67.5692020890324
11930,67.5109943869521
11931,67.45252939192822
11932,67.39576212530046
11933,67.33873688667937
11934,67.27524461108999
11935,67.21080399067468
11936,67.14900169367634
11937,67.08531161924722
11938,67.02734136816109
11939,66.96548012053277
11940,66.90729315842148
11941,66.84884692302172
11942,66.79211123220188
11943,66.73511557775052
11944,66.67786051309832
11945,66.61413887031442
11946,66.55812840589725
11947,66.50185772443334
11948,66.44532738424934
11949,66.38137935541289
11950,66.3260989398705
11951,66.27055805641172
11952,66.2065999984052
11953,66.14193363174248
11954,66.07942754068957
11955,66.01542709096158
11956,65.954380660591
11957,65.89183226915301
11958,65.83316940002508
11959,65.76891308059469
11960,65.71150288998133
11961,65.65383005270142
11962,65.58982225959342
11963,65.53262365647939
11964,65.47083871724845
11965,65.4075478482934
11966,65.34938604109686
11967,65.28560228222064
11968,65.22870261729372
11969,65.16565285144777
11970,65.10774438539073
11971,65.04419961720289
11972,64.98755808300004
11973,64.98412946906831
11974,64.92672166723953
11975,64.86366372395042
11976,64.80752820951184
11977,64.75112616678172
11978,64.68806085423704
11979,64.62427135412794
11980,64.56268860272813
11981,64.49958237017727
11982,64.43949019388285
11983,64.37662281134799
11984,64.3170373487099
11985,64.25367250962034
11986,64.19431327329988
11987,64.13216675850168
11988,64.07234851230994
11989,64.00970306470157
11990,63.95116412752446
11991,63.889266357718235
11992,63.82970115214429
11993,63.76730227972402
11994,63.70902131240741
11995,63.64737379039292
11996,63.58806313129142
11997,63.5259123175523
11998,63.464017618491546
11999,63.40523631318464
12000,63.34382905100622
12001,63.28553925980103
12002,63.22777888422083
12003,63.16974498131207
12004,63.111438147556015
12005,63.04930551026451
12006,62.992298664997215
12007,62.93501799035059
12008,62.87288166627778
12009,62.8153688541023
12010,62.75299031019702
12011,62.694437508558366
12012,62.631548239925486
12013,62.56891606847668
12014,62.51090008035511
12015,62.44876130772557
12016,62.39124504220508
12017,62.33426405971375
12018,62.27700761094197
12019,62.219476309631574
12020,62.15660316289904
12021,62.100388015051976
12022,62.04389710146001
12023,61.98102044405931
12024,61.91738587497426
12025,61.91431473418388
12026,61.8516502152242
12027,61.790809855497706
12028,61.728389611771966
12029,61.66885888357883
12030,61.6059222828959
12031,61.54453741833376
12032,61.48416517935636
12033,61.42439596957178
12034,61.36645742968787
12035,61.303761211411654
12036,61.24207511597277
12037,61.18222947919377
12038,61.18086158535772
12039,61.12059694150101
12040,61.062170513406436
12041,60.99996375594505
12042,60.93877210081419
12043,60.87943003395594
12044,60.82111785696577
12045,60.76009321769533
12046,60.700913757411236
12047,60.6414502448653
12048,60.579995635601364
12049,60.521723038373494
12050,60.464492102509546
12051,60.403205075204646
12052,60.343771009409465
12053,60.28153012754095
12054,60.224303888721515
12055,60.168967964520164
12056,60.114694743226515
12057,60.052632173879886
12058,59.99242963600326
12059,59.9304198858369
12060,59.86913496381794
12061,59.81491947198106
12062,59.75368638843699
12063,59.6913567734461
12064,59.630895101429964
12065,59.57014465548789
12066,59.56897400005898
12067,59.5080360776021
12068,59.44813652085019
12069,59.447727351619704
12070,59.448009717949965
12071,59.38956574002356
12072,59.33192035105256
12073,59.33220343678801
12074,59.270557647282
12075,59.270274561546465
12076,59.27055837036222
12077,59.20864822439736
12078,59.14515641857955
12079,59.144872609763716
12080,59.145157145363136
12081,59.08808168475193
12082,59.02537662666243
12083,58.963732121571944
12084,58.90182210066823
12085,58.8406948487262
12086,58.84098011484118
12087,58.78392500774536
12088,58.72360202947346
12089,58.66224187384686
12090,58.66224187384696
12091,58.6027316838782
12092,58.54488292465481
12093,58.487843871431274
12094,58.42379704264683
12095,58.42351030418944
12096,58.42379778453204
12097,58.36214922551168
12098,58.298897113416814
12099,58.298609633074115
12100,58.24077808211681
12101,58.179668498010294
12102,58.11694655350353
12103,58.11665832742657
12104,58.11694730311668
12105,58.05665240566561
12106,57.99473542627834
12107,57.933611197786966
12108,57.875525057338486
12109,57.815506540065996
12110,57.754926420155805
12111,57.6974001029484
12112,57.6974001029485
12113,57.697109616273146
12114,57.69740086438194
12115,57.637932227817004
12116,57.57927532717366
12117,57.579567340718285
12118,57.52231263509026
12119,57.52202062154554
12120,57.46617769845509
12121,57.402894345789896
12122,57.340694069079326
12123,57.2792918481803
12124,57.21833634237479
12125,57.1579187985034
12126,57.15762524195329
12127,57.097360973501424
12128,57.04069742866236
12129,56.984870539447506
12130,56.98516565539608
12131,56.92515687817976
12132,56.86212862847784
12133,56.806884320276
12134,56.80718022215316
12135,56.74634320849618
12136,56.68385611912984
12137,56.62246913679997
12138,56.560806875376954
12139,56.499956079622685
12140,56.439124445402136
12141,56.37831282978889
12142,56.378312829788996
12143,56.31802180315008
12144,56.31831928950976
12145,56.259447088402915
12146,56.1985982322142
12147,56.14087506914754
12148,56.08399160709008
12149,56.08369332210856
12150,56.08399241001117
12151,56.02682618969115
12152,56.02652710178844
12153,55.97080644475346
12154,55.914501615632226
12155,55.91420172047407
12156,55.91450242725703
12157,55.85935103570694
12158,55.79545453318013
12159,55.73266459015292
12160,55.73236388336986
12161,55.67666578843147
12162,55.67666578843157
12163,55.67636426561858
12164,55.67666660890237
12165,55.62182675760176
12166,55.621524414317854
12167,55.56815621353855
12168,55.568156213538664
12169,55.5678530453065
12170,55.56815704300089
12171,55.50563247051954
12172,55.44113619202929
12173,55.378359668392214
12174,55.32501267868056
12175,55.262460329806395
12176,55.20593085935008
12177,55.14311966673915
12178,55.078328257903415
12179,55.02532530797533
12180,55.02532530797546
12181,55.025018794435844
12182,54.96879648579347
12183,54.91638597251969
12184,54.85185184438266
12185,54.789054579246795
12186,54.72580797491539
12187,54.7253595868445
12188,54.663410743256684
12189,54.60229012666986
12190,54.53774830594954
12191,54.474952048489435
12192,54.41730003918574
12193,54.356159827274546
12194,54.35647062772038
12195,54.35647062772051
12196,54.302347022398514
12197,54.25004590528531
12198,54.192691323730166
12199,54.13620365015162
12200,54.08152781372732
12201,54.081527813727455
12202,54.02892640247848
12203,53.978167174556525
12204,53.92378122118628
12205,53.923467790550866
12206,53.92378210783654
12207,53.858923365957274
12208,53.80817141441031
12209,53.75928260929712
12210,53.70521134335565
12211,53.704896134388804
12212,53.65235220897114
12213,53.58745900437301
12214,53.538285067251564
12215,53.49099485239759
12216,53.490994852397726
12217,53.49067784480462
12218,53.438457805361764
12219,53.36958387329803
12220,53.369583873298176
12221,53.36926595867251
12222,53.369584785535956
12223,53.304663727645725
12224,53.239137601707846
12225,53.19191822960533
12226,53.19191822960547
12227,53.19159848525366
12228,53.13942393555831
12229,53.0747696150977
12230,53.02757277749263
12231,53.027894372753984
12232,53.02789437275413
12233,53.02757277749263
12234,53.02789530626796
12235,52.982294728764664
12236,52.93765748526412
12237,52.873578782526984
12238,52.820803196691166
12239,52.76894364537777
12240,52.76926805753458
12241,52.69831021324067
12242,52.633861061262714
12243,52.56689313204634
12244,52.51571605885323
12245,52.51539069673297
12246,52.515717014396195
12247,52.445010666937094
12248,52.394468064658305
12249,52.34903348792586
12250,52.29977081349215
12251,52.251456177558396
12252,52.25178442324512
12253,52.206693920939905
12254,52.14101851881867
12255,52.09402800299089
12256,52.04800259273889
12257,52.00295287449311
12258,52.003283071121935
12259,51.958244807224
12260,51.8853511311778
12261,51.815664539757186
12262,51.77133558972321
12263,51.7018255571213
12264,51.70215772802191
12265,51.630841287045875
12266,51.58689470682889
12267,51.586229867516614
12268,51.543948874901496
12269,51.47182272157701
12270,51.40293909671836
12271,51.331994724022614
12272,51.26330905468208
12273,51.21652968950849
12274,51.17404137668296
12275,51.103004481148155
12276,51.03394323462368
12277,50.98705769611751
12278,50.916726056925064
12279,50.84853213381516
12280,50.78001268350473
12281,50.711168650916484
12282,50.64447427798063
12283,50.57745428373113
12284,50.53150060300786
12285,50.482883741074744
12286,50.43555937141099
12287,50.39121735885417
12288,50.39109824903688
12289,50.345701737973876
12290,50.30315820732127
12291,50.23410394024126
12292,50.19296011121477
12293,50.15285939808064
12294,50.153201805383276
12295,50.08435438023113
12296,50.03850272199793
12297,49.967915677622734
12298,49.92858750048415
12299,49.890321327272794
12300,49.89066585803382
12301,49.81734954431311
12302,49.78018306371673
12303,49.7347490361737
12304,49.69902016696613
12305,49.66438623544366
12306,49.66473291616495
12307,49.59131005250496
12308,49.519055126474235
12309,49.44719813062776
12310,49.37582249594622
12311,49.303454137919196
12312,49.25679006984998
12313,49.18450191637231
12314,49.11339682452859
12315,49.04164357928727
12316,48.995746377005446
12317,48.92372391956945
12318,48.8528913098159
12319,48.78140786988854
12320,48.73593342784872
12321,48.66417855215025
12322,48.59362038546254
12323,48.522408687450586
12324,48.45159455191373
12325,48.38163394335724
12326,48.311175867749284
12327,48.26500776623024
12328,48.22003785626962
12329,48.179651686866684
12330,48.18000498153595
12331,48.13609548810758
12332,48.09324769140698
12333,48.02106170266867
12334,48.02141612427596
12335,47.95043792888191
12336,47.91015009801641
12337,47.83889394881616
12338,47.83889394881638
12339,47.79614835258143
12340,47.79650504977146
12341,47.755551026195576
12342,47.71568916853866
12343,47.64279088571649
12344,47.64314873169105
12345,47.571462400129604
12346,47.53276045628785
12347,47.495173626509406
12348,47.49553262869202
12349,47.422877819318096
12350,47.3864442939393
12351,47.31315006291107
12352,47.31351022879741
12353,47.24143309852084
12354,47.20619066926179
12355,47.17209845257213
12356,47.172459789731015
12357,47.099404593342996
12358,47.06649955050204
12359,46.993161866660465
12360,46.9931618666607
12361,46.961455986200576
12362,46.96181968890832
12363,46.889003788442004
12364,46.88864008573402
12365,46.815878208568165
12366,46.8158782085684
12367,46.74361702498752
12368,46.7439831244211
12369,46.670233905254044
12370,46.59844725494623
12371,46.56622477305333
12372,46.536294496724736
12373,46.50757099787981
12374,46.507939525836626
12375,46.434083618094725
12376,46.362201399111406
12377,46.33400913477093
12378,46.30815633041518
12379,46.283550881127894
12380,46.283921870042384
12381,46.20995066394146
12382,46.18662901716766
12383,46.11199642681672
12384,46.112368658576685
12385,46.038975115761595
12386,46.01660099902963
12387,45.94291551030931
12388,45.942915510309575
12389,45.89137734949563
12390,45.89175209209694
12391,45.81860783361798
12392,45.768159085279656
12393,45.69317994808892
12394,45.69317994808918
12395,45.670674373563685
12396,45.65059313102204
12397,45.57577687841741
12398,45.55627443331961
12399,45.50623559906355
12400,45.48844040852186
12401,45.47198520250982
12402,45.47236506980288
12403,45.4226419284448
12404,45.34577315368674
12405,45.33031812688727
12406,45.31737475228265
12407,45.241032921226356
12408,45.22873430925187
12409,45.15209548173981
12410,45.152095481740105
12411,45.10129570079784
12412,45.10167950454473
12413,45.05272327946265
12414,45.004857927722526
12415,44.92688834491617
12416,44.92688834491647
12417,44.926503210825246
12418,44.91488422674138
12419,44.837413940978514
12420,44.82684062289304
12421,44.81769468597553
12422,44.81808250861522
12423,44.73956224911862
12424,44.73188048890273
12425,44.65306300904057
12426,44.65306300904087
12427,44.646861905347144
12428,44.64330883787605
12429,44.56461392390059
12430,44.56179561449259
12431,44.48279936789246
12432,44.40426872090532
12433,44.32542413995628
12434,44.32299735803429
12435,44.24384793880123
12436,44.24335941522832
12437,44.16390621168049
12438,44.08549993286204
12439,44.086018917166456
12440,44.00730613434197
12441,43.92870722158212
12442,43.850148711926586
12443,43.85108933963449
12444,43.77204169784962
12445,43.693464672595724
12446,43.692668888610946
12447,43.614574037048946
12448,43.616917643144546
12449,43.538511495717735
12450,43.46058052297755
12451,43.38233166647262
12452,43.3815301419123
12453,43.303351698715424
12454,43.22606911174676
12455,43.16820848298503
12456,43.09228867012351
12457,43.01728552253135
12458,43.01932327967109
12459,42.961417817603625
12460,42.90457876386541
12461,42.850036019651874
12462,42.775318430533495
12463,42.72110714871108
12464,42.723138488994074
12465,42.64078589533142
12466,42.55949291687528
12467,42.50631359091452
12468,42.425792202422095
12469,42.34492328785162
12470,42.29151392462551
12471,42.21036707912119
12472,42.209956316845684
12473,42.13052437043894
12474,42.05199456470885
12475,41.974378884237176
12476,41.97449055394603
12477,41.89449040135863
12478,41.8954084771035
12479,41.84091094397056
12480,41.84091094397096
12481,41.788368389150435
12482,41.79133322836936
12483,41.740344467338566
12484,41.74412371849855
12485,41.6656644773134
12486,41.66566447731381
12487,41.61504236513871
12488,41.61546244528726
12489,41.5338273329314
12490,41.45224066113321
12491,41.36989447530318
12492,41.29012826398728
12493,41.20918332261472
12494,41.13126303323376
12495,41.08003229977607
12496,41.08045558054041
12497,40.99973493404074
12498,40.999310844979306
12499,40.917799903690785
12500,40.83807148775423
12501,40.75798070201753
12502,40.75713008864829
12503,40.677119813692606
12504,40.598462150518735
12505,40.52031238375947
12506,40.51927690060604
12507,40.44123031607758
12508,40.44230320782993
12509,40.36222234649416
12510,40.28326326857893
12511,40.22888602487236
12512,40.14963942945224
12513,40.070944333976165
12514,39.99185259363984
12515,39.91366194284539
12516,39.83525506076974
12517,39.757224997144576
12518,39.68009936192047
12519,39.60329250188071
12520,39.52633243863742
12521,39.468967293437935
12522,39.39146482498453
12523,39.31443889080945
12524,39.237008055478874
12525,39.18088348501137
12526,39.10295915046384
12527,39.10252084195405
12528,39.0991236970876
12529,39.023517995849126
12530,39.02093130141714
12531,38.94322509924776
12532,38.88689316426128
12533,38.80844748749367
12534,38.73141814827178
12535,38.65402580012379
12536,38.57582885540187
12537,38.49994479919749
12538,38.42345084561536
12539,38.36668371371534
12540,38.28988791295641
12541,38.213685092400056
12542,38.137068839698266
12543,38.0623952804114
12544,37.98528777635359
12545,37.92841580031823
12546,37.92249756690513
12547,37.847379369678634
12548,37.84226842939079
12549,37.78530948407442
12550,37.78235882722584
12551,37.72704969702738
12552,37.72628287231402
12553,37.647390362092395
12554,37.647944667455654
12555,37.593007095399706
12556,37.593461537993974
12557,37.51656398384452
12558,37.51800608231482
12559,37.46344020006985
12560,37.46713384440526
12561,37.41425487871625
12562,37.414713069297726
12563,37.33442247163333
12564,37.28285332659634
12565,37.233927275147636
12566,37.23807944294621
12567,37.1895123845731
12568,37.18997438547854
12569,37.10768474182225
12570,37.11276978207911
12571,37.03195213754817
12572,36.95050513404497
12573,36.90181537830706
12574,36.85603730740413
12575,36.77320511096169
12576,36.77834548485182
12577,36.696993263519175
12578,36.615007208868526
12579,36.568189418825895
12580,36.524326086859524
12581,36.44094239845806
12582,36.44047258356778
12583,36.35902263318119
12584,36.27693421077604
12585,36.23251592846637
12586,36.19109805026707
12587,36.10759914897749
12588,36.11049325444507
12589,36.0284940612077
12590,35.94563946691735
12591,35.86426785162688
12592,35.82162144518219
12593,35.78180687640734
12594,35.78180687640804
12595,35.74293654023645
12596,35.74341650233671
12597,35.65855208139743
12598,35.62118192467213
12599,35.53785320668869
12600,35.4538762774394
12601,35.417385523115684
12602,35.334955991157344
12603,35.252090621840985
12604,35.21627505058753
12605,35.13410369638169
12606,35.04939519764559
12607,35.01534966664326
12608,35.01583806765553
12609,34.93366483965168
12610,34.93050613946516
12611,34.897042201188604
12612,34.89622176486927
12613,34.86476610814413
12614,34.865258840882106
12615,34.779457896902144
12616,34.69515818690591
12617,34.66487483954918
12618,34.66536976709259
12619,34.580245008581805
12620,34.49445795161379
12621,34.41161799181622
12622,34.32833409425772
12623,34.243866550894765
12624,34.2137807915763
12625,34.12944695964937
12626,34.0448539640783
12627,33.962378917588836
12628,33.956319235176615
12629,33.87240415911662
12630,33.871399761611364
12631,33.787590760638984
12632,33.70310577650076
12633,33.621629103614566
12634,33.53969826554282
12635,33.457315398330685
12636,33.37796452694392
12637,33.298159742794105
12638,33.214455195426254
12639,33.17924874250212
12640,33.09411672789255
12641,33.01203205379861
12642,32.929764778540424
12643,32.85056678576174
12644,32.77090743756038
12645,32.689776603730586
12646,32.60981794177499
12647,32.53140764911282
12648,32.494201051370176
12649,32.415449030192924
12650,32.338260524053105
12651,32.26216460023061
12652,32.185604666658186
12653,32.11062637607153
12654,32.03674827779836
12655,31.962406495454697
12656,31.88966482933476
12657,31.818031089946086
12658,31.74593404856822
12659,31.67545595117366
12660,31.60609364281771
12661,31.536268473482338
12662,31.468081439959448
12663,31.401018189271696
12664,31.333492580184245
12665,31.267624672685113
12666,31.181657972217167
12667,31.13128383096978
12668,31.064178677260028
12669,30.99874563716941
12670,30.93444937717175
12671,30.86968854129363
12672,30.806620075099588
12673,30.744696734115976
12674,30.682309454886212
12675,30.621635204806708
12676,30.534845246798827
12677,30.47440603684402
12678,30.38889240959588
12679,30.328719708701055
12680,30.2422796724323
12681,30.184556417921957
12682,30.12636221511013
12683,30.065999872841505
12684,30.009248016802818
12685,29.949213775936943
12686,29.89094200375199
12687,29.83383966284207
12688,29.77626604526296
12689,29.720477021321837
12690,29.63413405199628
12691,29.575074736313216
12692,29.48868633861727
12693,29.40401265574255
12694,29.34745004793203
12695,29.265582536608864
12696,29.206405607873176
12697,29.151424104849383
12698,29.091894734520096
12699,29.03417135045019
12700,28.949957371454577
12701,28.895035198421578
12702,28.81197167639435
12703,28.76022111742122
12704,28.680011493590126
12705,28.61980049146439
12706,28.53685267960361
12707,28.45802514975165
12708,28.381011288057124
12709,28.307536847591766
12710,28.246394970222124
12711,28.184749487982682
12712,28.111747821121373
12713,28.052099441141948
12714,27.99767003708259
12715,27.9164298820355
12716,27.844277307122372
12717,27.783509789668283
12718,27.71341817992949
12719,27.65229058990393
12720,27.593037369259147
12721,27.523452786114046
12722,27.4638357765337
12723,27.406114530725528
12724,27.327073730437785
12725,27.251639996013683
12726,27.191884217922595
12727,27.13305049835691
12728,27.075527778834836
12729,27.018768332909374
12730,26.963506046598777
12731,26.90635326458931
12732,26.85115586259678
12733,26.79655316051665
12734,26.740958120656586
12735,26.687341468563506
12736,26.633410776311113
12737,26.57939209743259
12738,26.514863526012565
12739,26.438432409542184
12740,26.365730628057307
12741,26.294229164125706
12742,26.22394053025931
12743,26.150157442584604
12744,26.09267441882201
12745,26.02390972329992
12746,25.951644251754058
12747,25.878763691057006
12748,25.809697658222266
12749,25.740012787762883
12750,25.674182023082114
12751,25.60772863325955
12752,25.545169672757286
12753,25.481984260354295
12754,25.4227343666407
12755,25.362854154845365
12756,25.298185983462417
12757,25.24059698433142
12758,25.18516075509299
12759,25.120971827482574
12760,25.067885098208365
12761,25.01701469222289
12762,24.953307603874624
12763,24.887456704230214
12764,24.838984631633533
12765,24.792795047443366
12766,24.728495020358565
12767,24.668152950790326
12768,24.622700691368404
12769,24.560011550342498
12770,24.501317161466556
12771,24.436488977201474
12772,24.37545335351132
12773,24.312275857031196
12774,24.249097612662947
12775,24.203862007724904
12776,24.140672073179434
12777,24.077968496808946
12778,24.01645012780774
12779,23.956695074474553
12780,23.911541077487325
12781,23.849385007930977
12782,23.78627860527158
12783,23.72532978299445
12784,23.664386789188708
12785,23.604507303323746
12786,23.560435429838844
12787,23.503204682166793
12788,23.43972372440605
12789,23.375039084126247
12790,23.313258908236282
12791,23.251568594947997
12792,23.191513859824052
12793,23.133129178917596
12794,23.078408725650082
12795,23.031516425242966
12796,22.977283541538966
12797,22.93296628513397
12798,22.8723223815332
12799,22.80475184053479
12800,22.740766582365836
12801,22.69656880631841
12802,22.635864079480907
12803,22.594314134749013
12804,22.536036769763243
12805,22.467825891060084
12806,22.403234571085346
12807,22.361833934614904
12808,22.30351701529793
12809,22.245955542218255
12810,22.245955542221065
12811,22.17768688140205
12812,22.113076003374044
12813,22.05609368353093
12814,22.055414103455934
12815,22.00157221542683
12816,22.00157221542978
12817,21.933845647287015
12818,21.869819247004756
12819,21.816599581842016
12820,21.755952380178062
12821,21.70534695606356
12822,21.647216885567076
12823,21.578852732239593
12824,21.514225396648257
12825,21.463671620139333
12826,21.40550973700928
12827,21.357634316934778
12828,21.302049394466323
12829,21.23302424809903
12830,21.167773284821337
12831,21.113517711347665
12832,21.061132875921835
12833,21.00953285525915
12834,20.959838075727422
12835,20.890135336552195
12836,20.824244907935974
12837,20.772680157984222
12838,20.723048650178082
12839,20.65834261365747
12840,20.604878887207395
12841,20.534501487744865
12842,20.47103005940552
12843,20.409325724131115
12844,20.340133495731866
12845,20.287532653931077
12846,20.236869006513842
12847,20.168855072482764
12848,20.11764360203817
12849,20.068402303013787
12850,20.001584526514666
12851,19.938744288481534
12852,19.887565560053503
12853,19.83838690327696
12854,19.79002352791424
12855,19.74369902764989
12856,19.676174039993068
12857,19.61266887078846
12858,19.564369369275443
12859,19.518140432495265
12860,19.47273072536126
12861,19.429432528320387
12862,19.361171960430035
12863,19.29697437474482
12864,19.251662116888003
12865,19.184647612702484
12866,19.121741939989565
12867,19.077994166102012
12868,19.009031805245268
12869,18.944176722326645
12870,18.89839341212653
12871,18.854775799164265
12872,18.811994526990336
12873,18.746042217555097
12874,18.704015154047323
12875,18.660498058595437
12876,18.621562936703324
12877,18.58112305165304
12878,18.54533117417136
12879,18.47621659768859
12880,18.406005393055008
12881,18.339319203219723
12882,18.268257303029166
12883,18.199809406231196
12884,18.13025479286346
12885,18.064264516595248
12886,17.999554316683618
12887,17.93434271559782
12888,17.893012543994704
12889,17.82722073580703
12890,17.789131578255596
12891,17.726170033275576
12892,17.679717977372615
12893,17.607026109141962
12894,17.545469077488484
12895,17.47802815300612
12896,17.431714502435014
12897,17.387706801598146
12898,17.348511166149535
12899,17.285289766226615
12900,17.245430644260136
12901,17.174700546599166
12902,17.102821143854765
12903,17.033796459449036
12904,16.972276024128
12905,16.90473379657578
12906,16.862809221273086
12907,16.800241358315755
12908,16.80024135832243
12909,16.79940278124199
12910,16.75764738708164
12911,16.68820447830503
12912,16.61758471238356
12913,16.550748376846133
12914,16.48628065341506
12915,16.419257869647
12916,16.417551732848523
12917,16.354253908108415
12918,16.35339257459545
12919,16.351673237260165
12920,16.30789426896012
12921,16.24329977003573
12922,16.19886532086612
12923,16.133666208749464
12924,16.067245614258113
12925,16.00477618705957
12926,15.94371723611154
12927,15.882120216745262
12928,15.834550782618502
12929,15.776118595604624
12930,15.719908688504347
12931,15.676762170780682
12932,15.623822377748303
12933,15.55400577420595
12934,15.488937181145227
12935,15.445949835139125
12936,15.393028237897534
12937,15.329437912556685
12938,15.279924422646749
12939,15.20927634357009
12940,15.16747050776557
12941,15.102693386352575
12942,15.038199385964937
12943,14.975890726153558
12944,14.90804687392066
12945,14.849056926455825
12946,14.784443475855353
12947,14.723902401047939
12948,14.6675070351136
12949,14.61346553714664
12950,14.549643472247466
12951,14.49088709623883
12952,14.438601918488912
12953,14.376380710573592
12954,14.318350794702708
12955,14.260466581376889
12956,14.204953746100566
12957,14.151884031324853
12958,14.099888316095873
12959,14.041926655246249
12960,13.978111557938101
12961,13.923671685045518
12962,13.871707088669877
12963,13.809530738305247
12964,13.752631253033899
12965,13.69817924485932
12966,13.646250676635745
12967,13.599843926926788
12968,13.538648815100672
12969,13.48084541264786
12970,13.422209253457654
12971,13.366054698528899
12972,13.311020634864263
12973,13.249875440283757
12974,13.19217069894936
12975,13.136996441611835
12976,13.082947765688319
12977,13.022697275735881
12978,12.9653675882842
12979,12.912777890024067
12980,12.854726390301005
12981,12.800081018768276
12982,12.748563937689418
12983,12.693182944132651
12984,12.63677739696132
12985,12.577279591859593
12986,12.5246487114935
12987,12.470981257382789
12988,12.4124751167491
12989,12.357471098725505
12990,12.296830236035047
12991,12.244536386680053
12992,12.191180663109941
12993,12.13677069207674
12994,12.082093658628326
12995,12.026946697506476
12996,11.969388633246774
12997,11.916025435858705
12998,11.857696938489369
12999,11.802979985122215
13000,11.743512407389197
13001,11.688717675216772
13002,11.63282807768887
13003,11.57725945728153
13004,11.52492993463468
13005,11.465810080396913
13006,11.413148927567166
13007,11.359374994200051
13008,11.304496495045669
13009,11.251184251918938
13010,11.195522780893837
13011,11.139207113301884
13012,11.085424177692538
13013,11.033824315122466
13014,10.981110303718205
13015,10.924070873016987
13016,10.873293032110894
13017,10.81541314298918
13018,10.759734018976564
13019,10.704540219849804
13020,10.643154309155795
13021,10.590868696322806
13022,10.537425150291854
13023,10.485668866777743
13024,10.4313946997078
13025,10.370252512612149
13026,10.320277221169272
13027,10.269123957377934
13028,10.216802075391048
13029,10.162352902254439
13030,10.158993248138453
13031,10.103091696005196
13032,10.054796193569391
13033,10.054310275652991
13034,10.009543100108615
13035,9.971691818239831
13036,9.915240783392541
13037,9.861870621891077
13038,9.809856663166185
13039,9.750348917792738
13040,9.710546854133577
13041,9.677933865887288
13042,9.62052642378365
13043,9.566240638188374
13044,9.513346362698835
13045,9.481154602505262
13046,9.423660026230797
13047,9.396630008630833
13048,9.343671985051456
13049,9.288402983028696
13050,9.234562412771465
13051,9.208073547950102
13052,9.155102915040692
13053,9.134024727385118
13054,9.080069113417549
13055,9.060734706223174
13056,9.005812935065217
13057,8.9921818303172
13058,8.938098376001259
13059,8.930345495648886
13060,8.875237133897924
13061,8.869629659862587
13062,8.813515499745062
13063,8.76075691678836
13064,8.705551741079276
13065,8.705017300922298
13066,8.654676094048783
13067,8.656530195903903
13068,8.59922467957762
13069,8.545321878205817
13070,8.494968766564584
13071,8.440110009348082
13072,8.394975429105957
13073,8.396897721133772
13074,8.344443398156892
13075,8.353104132003528
13076,8.307927762735007
13077,8.270855105038354
13078,8.237887796824877
13079,8.209212194807204
13080,8.155512201732433
13081,8.1642536245849
13082,8.099114458029135
13083,8.1150416880672
13084,8.088271949024639
13085,8.066097691300529
13086,8.011011211257705
13087,8.028556202717354
13088,7.961773553390171
13089,7.902888206395744
13090,7.882968524572235
13091,7.867985305980713
13092,7.811571871833752
13093,7.829476950188302
13094,7.767411855076728
13095,7.7577896465055245
13096,7.753504440159214
13097,7.693882669948607
13098,7.636025741269343
13099,7.636025741343821
13100,7.580483481168488
13101,7.580596795054839
13102,7.586500707643747
13103,7.451734377961711
13104,7.394022958140591
13105,7.404857552660487
13106,7.412480124490767
13107,7.431181646566112
13108,7.456525796319451
13109,7.4686526236440045
13110,7.4702747028187915
13111,7.492198389631483
13112,7.5210564346524995
13113,7.551416950802403
13114,7.589046971375068
13115,7.444963838776292
13116,7.378024166935714
13117,7.410937740838883
13118,7.451438107177027
13119,7.504997889568926
13120,7.567018568932986
13121,7.4197088546437895
13122,7.350716373775319
13123,7.384241916076995
13124,7.450148399931351
13125,7.305790317955277
13126,7.236212522654327
13127,7.272529726675377
13128,7.208817838982245
13129,7.255137343131835
13130,7.323141389781555
13131,7.175707368577982
13132,7.111500166082063
13133,7.161175798602341
13134,7.103170056271587
13135,7.00672383645905
13136,7.077295237976298
13137,6.926977288234887
13138,6.8689952033344595
13139,6.92053845004072
13140,6.823233907651184
13141,6.672663198997455
13142,6.529593810433067
13143,6.470421585769035
13144,6.52463744429253
13145,6.427089640990793
13146,6.495173484922894
13147,6.559085354211302
13148,6.559085354211302
13149,6.503245730576659
13150,6.45239130138438
13151,6.524733449469469
13152,6.524733449469469
13153,6.481108364222401
13154,6.323304824975143
13155,6.405016942175606
13156,6.405016942175606
13157,6.36553897704711
13158,6.429431868403856
13159,6.274815239901732
13160,6.121911853759687
