Video Name,Action Category,Duration (seconds),Standard Deviation
v_ApplyEyeMakeup_g01_c01.avi,ApplyEyeMakeup,6.56,1.9923631206679433
v_ApplyEyeMakeup_g01_c02.avi,ApplyEyeMakeup,4.92,1.9923631206679433
v_ApplyEyeMakeup_g01_c03.avi,ApplyEyeMakeup,10.36,1.9923631206679433
v_ApplyEyeMakeup_g01_c04.avi,ApplyEyeMakeup,9.4,1.9923631206679433
v_ApplyEyeMakeup_g01_c05.avi,ApplyEyeMakeup,11.84,1.9923631206679433
v_ApplyEyeMakeup_g01_c06.avi,ApplyEyeMakeup,4.88,1.9923631206679433
v_ApplyEyeMakeup_g02_c01.avi,ApplyEyeMakeup,6.8,1.9923631206679433
v_ApplyEyeMakeup_g02_c02.avi,ApplyEyeMakeup,5.84,1.9923631206679433
v_ApplyEyeMakeup_g02_c03.avi,ApplyEyeMakeup,8.64,1.9923631206679433
v_ApplyEyeMakeup_g02_c04.avi,ApplyEyeMakeup,6.8,1.9923631206679433
v_ApplyEyeMakeup_g03_c01.avi,ApplyEyeMakeup,8.36,1.9923631206679433
v_ApplyEyeMakeup_g03_c02.avi,ApplyEyeMakeup,5.36,1.9923631206679433
v_ApplyEyeMakeup_g03_c03.avi,ApplyEyeMakeup,4.6,1.9923631206679433
v_ApplyEyeMakeup_g03_c04.avi,ApplyEyeMakeup,4.32,1.9923631206679433
v_ApplyEyeMakeup_g03_c05.avi,ApplyEyeMakeup,5.84,1.9923631206679433
v_ApplyEyeMakeup_g03_c06.avi,ApplyEyeMakeup,6.08,1.9923631206679433
v_ApplyEyeMakeup_g04_c01.avi,ApplyEyeMakeup,5.04,1.9923631206679433
v_ApplyEyeMakeup_g04_c02.avi,ApplyEyeMakeup,5.28,1.9923631206679433
v_ApplyEyeMakeup_g04_c03.avi,ApplyEyeMakeup,4.56,1.9923631206679433
v_ApplyEyeMakeup_g04_c04.avi,ApplyEyeMakeup,7.24,1.9923631206679433
v_ApplyEyeMakeup_g04_c05.avi,ApplyEyeMakeup,4.24,1.9923631206679433
v_ApplyEyeMakeup_g04_c06.avi,ApplyEyeMakeup,9.92,1.9923631206679433
v_ApplyEyeMakeup_g04_c07.avi,ApplyEyeMakeup,6.32,1.9923631206679433
v_ApplyEyeMakeup_g05_c01.avi,ApplyEyeMakeup,10.72,1.9923631206679433
v_ApplyEyeMakeup_g05_c02.avi,ApplyEyeMakeup,10.56,1.9923631206679433
v_ApplyEyeMakeup_g05_c03.avi,ApplyEyeMakeup,6.32,1.9923631206679433
v_ApplyEyeMakeup_g05_c04.avi,ApplyEyeMakeup,7.44,1.9923631206679433
v_ApplyEyeMakeup_g05_c05.avi,ApplyEyeMakeup,9.08,1.9923631206679433
v_ApplyEyeMakeup_g05_c06.avi,ApplyEyeMakeup,4.6,1.9923631206679433
v_ApplyEyeMakeup_g05_c07.avi,ApplyEyeMakeup,9.4,1.9923631206679433
v_ApplyEyeMakeup_g06_c01.avi,ApplyEyeMakeup,5.56,1.9923631206679433
v_ApplyEyeMakeup_g06_c02.avi,ApplyEyeMakeup,5.56,1.9923631206679433
v_ApplyEyeMakeup_g06_c03.avi,ApplyEyeMakeup,9.8,1.9923631206679433
v_ApplyEyeMakeup_g06_c04.avi,ApplyEyeMakeup,4.0,1.9923631206679433
v_ApplyEyeMakeup_g06_c05.avi,ApplyEyeMakeup,11.24,1.9923631206679433
v_ApplyEyeMakeup_g06_c06.avi,ApplyEyeMakeup,5.84,1.9923631206679433
v_ApplyEyeMakeup_g06_c07.avi,ApplyEyeMakeup,6.68,1.9923631206679433
v_ApplyEyeMakeup_g07_c01.avi,ApplyEyeMakeup,6.32,1.9923631206679433
v_ApplyEyeMakeup_g07_c02.avi,ApplyEyeMakeup,6.72,1.9923631206679433
v_ApplyEyeMakeup_g07_c03.avi,ApplyEyeMakeup,5.32,1.9923631206679433
v_ApplyEyeMakeup_g07_c04.avi,ApplyEyeMakeup,5.68,1.9923631206679433
v_ApplyEyeMakeup_g07_c05.avi,ApplyEyeMakeup,3.92,1.9923631206679433
v_ApplyEyeMakeup_g07_c06.avi,ApplyEyeMakeup,6.48,1.9923631206679433
v_ApplyEyeMakeup_g07_c07.avi,ApplyEyeMakeup,4.56,1.9923631206679433
v_ApplyEyeMakeup_g08_c01.avi,ApplyEyeMakeup,4.8,1.9923631206679433
v_ApplyEyeMakeup_g08_c02.avi,ApplyEyeMakeup,4.68,1.9923631206679433
v_ApplyEyeMakeup_g08_c03.avi,ApplyEyeMakeup,5.84,1.9923631206679433
v_ApplyEyeMakeup_g08_c04.avi,ApplyEyeMakeup,8.96,1.9923631206679433
v_ApplyEyeMakeup_g08_c05.avi,ApplyEyeMakeup,11.04,1.9923631206679433
v_ApplyEyeMakeup_g09_c01.avi,ApplyEyeMakeup,7.04,1.9923631206679433
v_ApplyEyeMakeup_g09_c02.avi,ApplyEyeMakeup,10.32,1.9923631206679433
v_ApplyEyeMakeup_g09_c03.avi,ApplyEyeMakeup,8.4,1.9923631206679433
v_ApplyEyeMakeup_g09_c04.avi,ApplyEyeMakeup,7.64,1.9923631206679433
v_ApplyEyeMakeup_g09_c05.avi,ApplyEyeMakeup,7.76,1.9923631206679433
v_ApplyEyeMakeup_g09_c06.avi,ApplyEyeMakeup,7.52,1.9923631206679433
v_ApplyEyeMakeup_g09_c07.avi,ApplyEyeMakeup,10.44,1.9923631206679433
v_ApplyEyeMakeup_g10_c01.avi,ApplyEyeMakeup,6.12,1.9923631206679433
v_ApplyEyeMakeup_g10_c02.avi,ApplyEyeMakeup,3.92,1.9923631206679433
v_ApplyEyeMakeup_g10_c03.avi,ApplyEyeMakeup,4.24,1.9923631206679433
v_ApplyEyeMakeup_g10_c04.avi,ApplyEyeMakeup,4.96,1.9923631206679433
v_ApplyEyeMakeup_g10_c05.avi,ApplyEyeMakeup,4.8,1.9923631206679433
v_ApplyEyeMakeup_g11_c01.avi,ApplyEyeMakeup,5.6,1.9923631206679433
v_ApplyEyeMakeup_g11_c02.avi,ApplyEyeMakeup,7.12,1.9923631206679433
v_ApplyEyeMakeup_g11_c03.avi,ApplyEyeMakeup,5.0,1.9923631206679433
v_ApplyEyeMakeup_g11_c04.avi,ApplyEyeMakeup,5.52,1.9923631206679433
v_ApplyEyeMakeup_g11_c05.avi,ApplyEyeMakeup,7.2,1.9923631206679433
v_ApplyEyeMakeup_g12_c01.avi,ApplyEyeMakeup,9.04,1.9923631206679433
v_ApplyEyeMakeup_g12_c02.avi,ApplyEyeMakeup,4.8,1.9923631206679433
v_ApplyEyeMakeup_g12_c03.avi,ApplyEyeMakeup,5.64,1.9923631206679433
v_ApplyEyeMakeup_g12_c04.avi,ApplyEyeMakeup,8.32,1.9923631206679433
v_ApplyEyeMakeup_g12_c05.avi,ApplyEyeMakeup,5.08,1.9923631206679433
v_ApplyEyeMakeup_g12_c06.avi,ApplyEyeMakeup,8.48,1.9923631206679433
v_ApplyEyeMakeup_g13_c01.avi,ApplyEyeMakeup,7.0,1.9923631206679433
v_ApplyEyeMakeup_g13_c02.avi,ApplyEyeMakeup,3.96,1.9923631206679433
v_ApplyEyeMakeup_g13_c03.avi,ApplyEyeMakeup,6.72,1.9923631206679433
v_ApplyEyeMakeup_g13_c04.avi,ApplyEyeMakeup,4.8,1.9923631206679433
v_ApplyEyeMakeup_g13_c05.avi,ApplyEyeMakeup,4.76,1.9923631206679433
v_ApplyEyeMakeup_g13_c06.avi,ApplyEyeMakeup,5.48,1.9923631206679433
v_ApplyEyeMakeup_g14_c01.avi,ApplyEyeMakeup,7.4,1.9923631206679433
v_ApplyEyeMakeup_g14_c02.avi,ApplyEyeMakeup,7.44,1.9923631206679433
v_ApplyEyeMakeup_g14_c03.avi,ApplyEyeMakeup,9.48,1.9923631206679433
v_ApplyEyeMakeup_g14_c04.avi,ApplyEyeMakeup,5.28,1.9923631206679433
v_ApplyEyeMakeup_g14_c05.avi,ApplyEyeMakeup,6.4,1.9923631206679433
v_ApplyEyeMakeup_g15_c01.avi,ApplyEyeMakeup,6.76,1.9923631206679433
v_ApplyEyeMakeup_g15_c02.avi,ApplyEyeMakeup,7.72,1.9923631206679433
v_ApplyEyeMakeup_g15_c03.avi,ApplyEyeMakeup,9.28,1.9923631206679433
v_ApplyEyeMakeup_g15_c04.avi,ApplyEyeMakeup,7.48,1.9923631206679433
v_ApplyEyeMakeup_g15_c05.avi,ApplyEyeMakeup,10.36,1.9923631206679433
v_ApplyEyeMakeup_g15_c06.avi,ApplyEyeMakeup,7.88,1.9923631206679433
v_ApplyEyeMakeup_g15_c07.avi,ApplyEyeMakeup,7.28,1.9923631206679433
v_ApplyEyeMakeup_g16_c01.avi,ApplyEyeMakeup,5.0,1.9923631206679433
v_ApplyEyeMakeup_g16_c02.avi,ApplyEyeMakeup,9.32,1.9923631206679433
v_ApplyEyeMakeup_g16_c03.avi,ApplyEyeMakeup,4.56,1.9923631206679433
v_ApplyEyeMakeup_g16_c04.avi,ApplyEyeMakeup,3.92,1.9923631206679433
v_ApplyEyeMakeup_g16_c05.avi,ApplyEyeMakeup,8.04,1.9923631206679433
v_ApplyEyeMakeup_g17_c01.avi,ApplyEyeMakeup,4.64,1.9923631206679433
v_ApplyEyeMakeup_g17_c02.avi,ApplyEyeMakeup,6.92,1.9923631206679433
v_ApplyEyeMakeup_g17_c03.avi,ApplyEyeMakeup,3.76,1.9923631206679433
v_ApplyEyeMakeup_g17_c04.avi,ApplyEyeMakeup,4.2,1.9923631206679433
v_ApplyEyeMakeup_g17_c05.avi,ApplyEyeMakeup,7.28,1.9923631206679433
v_ApplyEyeMakeup_g18_c01.avi,ApplyEyeMakeup,6.36,1.9923631206679433
v_ApplyEyeMakeup_g18_c02.avi,ApplyEyeMakeup,6.8,1.9923631206679433
v_ApplyEyeMakeup_g18_c03.avi,ApplyEyeMakeup,6.28,1.9923631206679433
v_ApplyEyeMakeup_g18_c04.avi,ApplyEyeMakeup,8.96,1.9923631206679433
v_ApplyEyeMakeup_g18_c05.avi,ApplyEyeMakeup,7.48,1.9923631206679433
v_ApplyEyeMakeup_g19_c01.avi,ApplyEyeMakeup,7.2,1.9923631206679433
v_ApplyEyeMakeup_g19_c02.avi,ApplyEyeMakeup,9.72,1.9923631206679433
v_ApplyEyeMakeup_g19_c03.avi,ApplyEyeMakeup,5.04,1.9923631206679433
v_ApplyEyeMakeup_g19_c04.avi,ApplyEyeMakeup,5.24,1.9923631206679433
v_ApplyEyeMakeup_g20_c01.avi,ApplyEyeMakeup,7.28,1.9923631206679433
v_ApplyEyeMakeup_g20_c02.avi,ApplyEyeMakeup,6.32,1.9923631206679433
v_ApplyEyeMakeup_g20_c03.avi,ApplyEyeMakeup,5.2,1.9923631206679433
v_ApplyEyeMakeup_g20_c04.avi,ApplyEyeMakeup,8.8,1.9923631206679433
v_ApplyEyeMakeup_g20_c05.avi,ApplyEyeMakeup,4.52,1.9923631206679433
v_ApplyEyeMakeup_g20_c06.avi,ApplyEyeMakeup,7.24,1.9923631206679433
v_ApplyEyeMakeup_g21_c01.avi,ApplyEyeMakeup,7.24,1.9923631206679433
v_ApplyEyeMakeup_g21_c02.avi,ApplyEyeMakeup,3.8,1.9923631206679433
v_ApplyEyeMakeup_g21_c03.avi,ApplyEyeMakeup,5.08,1.9923631206679433
v_ApplyEyeMakeup_g21_c04.avi,ApplyEyeMakeup,9.08,1.9923631206679433
v_ApplyEyeMakeup_g21_c05.avi,ApplyEyeMakeup,3.6,1.9923631206679433
v_ApplyEyeMakeup_g22_c01.avi,ApplyEyeMakeup,6.8,1.9923631206679433
v_ApplyEyeMakeup_g22_c02.avi,ApplyEyeMakeup,10.28,1.9923631206679433
v_ApplyEyeMakeup_g22_c03.avi,ApplyEyeMakeup,5.88,1.9923631206679433
v_ApplyEyeMakeup_g22_c04.avi,ApplyEyeMakeup,8.32,1.9923631206679433
v_ApplyEyeMakeup_g22_c05.avi,ApplyEyeMakeup,9.72,1.9923631206679433
v_ApplyEyeMakeup_g23_c01.avi,ApplyEyeMakeup,5.4,1.9923631206679433
v_ApplyEyeMakeup_g23_c02.avi,ApplyEyeMakeup,5.24,1.9923631206679433
v_ApplyEyeMakeup_g23_c03.avi,ApplyEyeMakeup,5.0,1.9923631206679433
v_ApplyEyeMakeup_g23_c04.avi,ApplyEyeMakeup,8.0,1.9923631206679433
v_ApplyEyeMakeup_g23_c05.avi,ApplyEyeMakeup,8.16,1.9923631206679433
v_ApplyEyeMakeup_g23_c06.avi,ApplyEyeMakeup,5.6,1.9923631206679433
v_ApplyEyeMakeup_g24_c01.avi,ApplyEyeMakeup,10.32,1.9923631206679433
v_ApplyEyeMakeup_g24_c02.avi,ApplyEyeMakeup,4.2,1.9923631206679433
v_ApplyEyeMakeup_g24_c03.avi,ApplyEyeMakeup,4.08,1.9923631206679433
v_ApplyEyeMakeup_g24_c04.avi,ApplyEyeMakeup,8.32,1.9923631206679433
v_ApplyEyeMakeup_g24_c05.avi,ApplyEyeMakeup,7.96,1.9923631206679433
v_ApplyEyeMakeup_g24_c06.avi,ApplyEyeMakeup,8.88,1.9923631206679433
v_ApplyEyeMakeup_g24_c07.avi,ApplyEyeMakeup,7.76,1.9923631206679433
v_ApplyEyeMakeup_g25_c01.avi,ApplyEyeMakeup,9.64,1.9923631206679433
v_ApplyEyeMakeup_g25_c02.avi,ApplyEyeMakeup,5.16,1.9923631206679433
v_ApplyEyeMakeup_g25_c03.avi,ApplyEyeMakeup,5.0,1.9923631206679433
v_ApplyEyeMakeup_g25_c04.avi,ApplyEyeMakeup,7.08,1.9923631206679433
v_ApplyEyeMakeup_g25_c05.avi,ApplyEyeMakeup,3.72,1.9923631206679433
v_ApplyEyeMakeup_g25_c06.avi,ApplyEyeMakeup,4.36,1.9923631206679433
v_ApplyEyeMakeup_g25_c07.avi,ApplyEyeMakeup,5.8,1.9923631206679433
v_ApplyLipstick_g01_c01.avi,ApplyLipstick,5.96,2.7705803561734093
v_ApplyLipstick_g01_c02.avi,ApplyLipstick,6.4,2.7705803561734093
v_ApplyLipstick_g01_c03.avi,ApplyLipstick,12.36,2.7705803561734093
v_ApplyLipstick_g01_c04.avi,ApplyLipstick,14.76,2.7705803561734093
v_ApplyLipstick_g01_c05.avi,ApplyLipstick,8.52,2.7705803561734093
v_ApplyLipstick_g02_c01.avi,ApplyLipstick,5.08,2.7705803561734093
v_ApplyLipstick_g02_c02.avi,ApplyLipstick,4.72,2.7705803561734093
v_ApplyLipstick_g02_c03.avi,ApplyLipstick,3.92,2.7705803561734093
v_ApplyLipstick_g02_c04.avi,ApplyLipstick,7.4,2.7705803561734093
v_ApplyLipstick_g03_c01.avi,ApplyLipstick,7.2,2.7705803561734093
v_ApplyLipstick_g03_c02.avi,ApplyLipstick,4.32,2.7705803561734093
v_ApplyLipstick_g03_c03.avi,ApplyLipstick,6.16,2.7705803561734093
v_ApplyLipstick_g03_c04.avi,ApplyLipstick,5.68,2.7705803561734093
v_ApplyLipstick_g04_c01.avi,ApplyLipstick,3.92,2.7705803561734093
v_ApplyLipstick_g04_c02.avi,ApplyLipstick,5.76,2.7705803561734093
v_ApplyLipstick_g04_c03.avi,ApplyLipstick,6.0,2.7705803561734093
v_ApplyLipstick_g04_c04.avi,ApplyLipstick,10.32,2.7705803561734093
v_ApplyLipstick_g04_c05.avi,ApplyLipstick,6.76,2.7705803561734093
v_ApplyLipstick_g05_c01.avi,ApplyLipstick,7.08,2.7705803561734093
v_ApplyLipstick_g05_c02.avi,ApplyLipstick,6.16,2.7705803561734093
v_ApplyLipstick_g05_c03.avi,ApplyLipstick,4.52,2.7705803561734093
v_ApplyLipstick_g05_c04.avi,ApplyLipstick,4.8,2.7705803561734093
v_ApplyLipstick_g05_c05.avi,ApplyLipstick,6.24,2.7705803561734093
v_ApplyLipstick_g06_c01.avi,ApplyLipstick,18.4,2.7705803561734093
v_ApplyLipstick_g06_c02.avi,ApplyLipstick,9.96,2.7705803561734093
v_ApplyLipstick_g06_c03.avi,ApplyLipstick,6.12,2.7705803561734093
v_ApplyLipstick_g06_c04.avi,ApplyLipstick,20.92,2.7705803561734093
v_ApplyLipstick_g06_c05.avi,ApplyLipstick,12.84,2.7705803561734093
v_ApplyLipstick_g07_c01.avi,ApplyLipstick,10.8,2.7705803561734093
v_ApplyLipstick_g07_c02.avi,ApplyLipstick,5.0,2.7705803561734093
v_ApplyLipstick_g07_c03.avi,ApplyLipstick,9.04,2.7705803561734093
v_ApplyLipstick_g07_c04.avi,ApplyLipstick,6.52,2.7705803561734093
v_ApplyLipstick_g08_c01.avi,ApplyLipstick,7.24,2.7705803561734093
v_ApplyLipstick_g08_c02.avi,ApplyLipstick,8.76,2.7705803561734093
v_ApplyLipstick_g08_c03.avi,ApplyLipstick,10.8,2.7705803561734093
v_ApplyLipstick_g08_c04.avi,ApplyLipstick,12.4,2.7705803561734093
v_ApplyLipstick_g09_c01.avi,ApplyLipstick,3.96,2.7705803561734093
v_ApplyLipstick_g09_c02.avi,ApplyLipstick,9.76,2.7705803561734093
v_ApplyLipstick_g09_c03.avi,ApplyLipstick,9.88,2.7705803561734093
v_ApplyLipstick_g09_c04.avi,ApplyLipstick,8.4,2.7705803561734093
v_ApplyLipstick_g10_c01.avi,ApplyLipstick,4.2,2.7705803561734093
v_ApplyLipstick_g10_c02.avi,ApplyLipstick,5.56,2.7705803561734093
v_ApplyLipstick_g10_c03.avi,ApplyLipstick,4.68,2.7705803561734093
v_ApplyLipstick_g10_c04.avi,ApplyLipstick,9.88,2.7705803561734093
v_ApplyLipstick_g11_c01.avi,ApplyLipstick,5.72,2.7705803561734093
v_ApplyLipstick_g11_c02.avi,ApplyLipstick,7.96,2.7705803561734093
v_ApplyLipstick_g11_c03.avi,ApplyLipstick,4.32,2.7705803561734093
v_ApplyLipstick_g11_c04.avi,ApplyLipstick,6.28,2.7705803561734093
v_ApplyLipstick_g12_c01.avi,ApplyLipstick,7.92,2.7705803561734093
v_ApplyLipstick_g12_c02.avi,ApplyLipstick,4.24,2.7705803561734093
v_ApplyLipstick_g12_c03.avi,ApplyLipstick,5.64,2.7705803561734093
v_ApplyLipstick_g12_c04.avi,ApplyLipstick,11.08,2.7705803561734093
v_ApplyLipstick_g12_c05.avi,ApplyLipstick,7.12,2.7705803561734093
v_ApplyLipstick_g13_c01.avi,ApplyLipstick,8.52,2.7705803561734093
v_ApplyLipstick_g13_c02.avi,ApplyLipstick,6.2,2.7705803561734093
v_ApplyLipstick_g13_c03.avi,ApplyLipstick,6.56,2.7705803561734093
v_ApplyLipstick_g13_c04.avi,ApplyLipstick,8.4,2.7705803561734093
v_ApplyLipstick_g14_c01.avi,ApplyLipstick,7.04,2.7705803561734093
v_ApplyLipstick_g14_c02.avi,ApplyLipstick,7.6,2.7705803561734093
v_ApplyLipstick_g14_c03.avi,ApplyLipstick,6.96,2.7705803561734093
v_ApplyLipstick_g14_c04.avi,ApplyLipstick,4.2,2.7705803561734093
v_ApplyLipstick_g15_c01.avi,ApplyLipstick,6.4,2.7705803561734093
v_ApplyLipstick_g15_c02.avi,ApplyLipstick,5.44,2.7705803561734093
v_ApplyLipstick_g15_c03.avi,ApplyLipstick,5.32,2.7705803561734093
v_ApplyLipstick_g15_c04.avi,ApplyLipstick,6.04,2.7705803561734093
v_ApplyLipstick_g15_c05.avi,ApplyLipstick,5.64,2.7705803561734093
v_ApplyLipstick_g16_c01.avi,ApplyLipstick,5.12,2.7705803561734093
v_ApplyLipstick_g16_c02.avi,ApplyLipstick,6.6,2.7705803561734093
v_ApplyLipstick_g16_c03.avi,ApplyLipstick,5.8,2.7705803561734093
v_ApplyLipstick_g16_c04.avi,ApplyLipstick,6.92,2.7705803561734093
v_ApplyLipstick_g16_c05.avi,ApplyLipstick,6.24,2.7705803561734093
v_ApplyLipstick_g17_c01.avi,ApplyLipstick,6.44,2.7705803561734093
v_ApplyLipstick_g17_c02.avi,ApplyLipstick,6.04,2.7705803561734093
v_ApplyLipstick_g17_c03.avi,ApplyLipstick,5.68,2.7705803561734093
v_ApplyLipstick_g17_c04.avi,ApplyLipstick,5.0,2.7705803561734093
v_ApplyLipstick_g17_c05.avi,ApplyLipstick,5.64,2.7705803561734093
v_ApplyLipstick_g18_c01.avi,ApplyLipstick,4.12,2.7705803561734093
v_ApplyLipstick_g18_c02.avi,ApplyLipstick,5.56,2.7705803561734093
v_ApplyLipstick_g18_c03.avi,ApplyLipstick,5.6,2.7705803561734093
v_ApplyLipstick_g18_c04.avi,ApplyLipstick,4.76,2.7705803561734093
v_ApplyLipstick_g19_c01.avi,ApplyLipstick,7.0,2.7705803561734093
v_ApplyLipstick_g19_c02.avi,ApplyLipstick,4.44,2.7705803561734093
v_ApplyLipstick_g19_c03.avi,ApplyLipstick,6.16,2.7705803561734093
v_ApplyLipstick_g19_c04.avi,ApplyLipstick,6.2,2.7705803561734093
v_ApplyLipstick_g20_c01.avi,ApplyLipstick,3.88,2.7705803561734093
v_ApplyLipstick_g20_c02.avi,ApplyLipstick,4.32,2.7705803561734093
v_ApplyLipstick_g20_c03.avi,ApplyLipstick,7.76,2.7705803561734093
v_ApplyLipstick_g20_c04.avi,ApplyLipstick,5.6,2.7705803561734093
v_ApplyLipstick_g20_c05.avi,ApplyLipstick,3.6,2.7705803561734093
v_ApplyLipstick_g21_c01.avi,ApplyLipstick,3.4,2.7705803561734093
v_ApplyLipstick_g21_c02.avi,ApplyLipstick,6.28,2.7705803561734093
v_ApplyLipstick_g21_c03.avi,ApplyLipstick,5.72,2.7705803561734093
v_ApplyLipstick_g21_c04.avi,ApplyLipstick,7.72,2.7705803561734093
v_ApplyLipstick_g21_c05.avi,ApplyLipstick,5.28,2.7705803561734093
v_ApplyLipstick_g22_c01.avi,ApplyLipstick,7.12,2.7705803561734093
v_ApplyLipstick_g22_c02.avi,ApplyLipstick,7.04,2.7705803561734093
v_ApplyLipstick_g22_c03.avi,ApplyLipstick,6.76,2.7705803561734093
v_ApplyLipstick_g22_c04.avi,ApplyLipstick,7.08,2.7705803561734093
v_ApplyLipstick_g22_c05.avi,ApplyLipstick,10.52,2.7705803561734093
v_ApplyLipstick_g22_c06.avi,ApplyLipstick,6.88,2.7705803561734093
v_ApplyLipstick_g22_c07.avi,ApplyLipstick,3.56,2.7705803561734093
v_ApplyLipstick_g23_c01.avi,ApplyLipstick,8.48,2.7705803561734093
v_ApplyLipstick_g23_c02.avi,ApplyLipstick,6.08,2.7705803561734093
v_ApplyLipstick_g23_c03.avi,ApplyLipstick,5.4,2.7705803561734093
v_ApplyLipstick_g23_c04.avi,ApplyLipstick,8.72,2.7705803561734093
v_ApplyLipstick_g24_c01.avi,ApplyLipstick,4.56,2.7705803561734093
v_ApplyLipstick_g24_c02.avi,ApplyLipstick,8.76,2.7705803561734093
v_ApplyLipstick_g24_c03.avi,ApplyLipstick,4.68,2.7705803561734093
v_ApplyLipstick_g24_c04.avi,ApplyLipstick,4.68,2.7705803561734093
v_ApplyLipstick_g24_c05.avi,ApplyLipstick,11.52,2.7705803561734093
v_ApplyLipstick_g25_c01.avi,ApplyLipstick,6.44,2.7705803561734093
v_ApplyLipstick_g25_c02.avi,ApplyLipstick,6.04,2.7705803561734093
v_ApplyLipstick_g25_c03.avi,ApplyLipstick,7.44,2.7705803561734093
v_ApplyLipstick_g25_c04.avi,ApplyLipstick,8.04,2.7705803561734093
v_Archery_g01_c01.avi,Archery,5.24,3.509963814202575
v_Archery_g01_c02.avi,Archery,5.68,3.509963814202575
v_Archery_g01_c03.avi,Archery,6.32,3.509963814202575
v_Archery_g01_c04.avi,Archery,5.0,3.509963814202575
v_Archery_g01_c05.avi,Archery,5.4,3.509963814202575
v_Archery_g01_c06.avi,Archery,4.32,3.509963814202575
v_Archery_g01_c07.avi,Archery,5.72,3.509963814202575
v_Archery_g02_c01.avi,Archery,6.32,3.509963814202575
v_Archery_g02_c02.avi,Archery,6.4,3.509963814202575
v_Archery_g02_c03.avi,Archery,5.52,3.509963814202575
v_Archery_g02_c04.avi,Archery,4.36,3.509963814202575
v_Archery_g02_c05.avi,Archery,5.08,3.509963814202575
v_Archery_g02_c06.avi,Archery,4.52,3.509963814202575
v_Archery_g02_c07.avi,Archery,6.64,3.509963814202575
v_Archery_g03_c01.avi,Archery,6.0,3.509963814202575
v_Archery_g03_c02.avi,Archery,7.04,3.509963814202575
v_Archery_g03_c03.avi,Archery,5.0,3.509963814202575
v_Archery_g03_c04.avi,Archery,5.52,3.509963814202575
v_Archery_g03_c05.avi,Archery,4.96,3.509963814202575
v_Archery_g04_c01.avi,Archery,6.6,3.509963814202575
v_Archery_g04_c02.avi,Archery,6.92,3.509963814202575
v_Archery_g04_c03.avi,Archery,5.6,3.509963814202575
v_Archery_g04_c04.avi,Archery,5.4,3.509963814202575
v_Archery_g04_c05.avi,Archery,5.96,3.509963814202575
v_Archery_g05_c01.avi,Archery,18.2,3.509963814202575
v_Archery_g05_c02.avi,Archery,22.28,3.509963814202575
v_Archery_g05_c03.avi,Archery,19.52,3.509963814202575
v_Archery_g05_c04.avi,Archery,2.04,3.509963814202575
v_Archery_g05_c05.avi,Archery,7.84,3.509963814202575
v_Archery_g06_c01.avi,Archery,3.24,3.509963814202575
v_Archery_g06_c02.avi,Archery,4.64,3.509963814202575
v_Archery_g06_c03.avi,Archery,3.48,3.509963814202575
v_Archery_g06_c04.avi,Archery,4.16,3.509963814202575
v_Archery_g06_c05.avi,Archery,5.2,3.509963814202575
v_Archery_g06_c06.avi,Archery,5.28,3.509963814202575
v_Archery_g07_c01.avi,Archery,3.64,3.509963814202575
v_Archery_g07_c02.avi,Archery,2.88,3.509963814202575
v_Archery_g07_c03.avi,Archery,2.04,3.509963814202575
v_Archery_g07_c04.avi,Archery,2.04,3.509963814202575
v_Archery_g07_c05.avi,Archery,2.56,3.509963814202575
v_Archery_g07_c06.avi,Archery,2.68,3.509963814202575
v_Archery_g08_c01.avi,Archery,14.52,3.509963814202575
v_Archery_g08_c02.avi,Archery,4.64,3.509963814202575
v_Archery_g08_c03.avi,Archery,13.04,3.509963814202575
v_Archery_g08_c04.avi,Archery,13.72,3.509963814202575
v_Archery_g08_c05.avi,Archery,14.68,3.509963814202575
v_Archery_g09_c01.avi,Archery,3.96,3.509963814202575
v_Archery_g09_c02.avi,Archery,3.32,3.509963814202575
v_Archery_g09_c03.avi,Archery,3.28,3.509963814202575
v_Archery_g09_c04.avi,Archery,3.8,3.509963814202575
v_Archery_g09_c05.avi,Archery,3.84,3.509963814202575
v_Archery_g09_c06.avi,Archery,3.4,3.509963814202575
v_Archery_g09_c07.avi,Archery,4.28,3.509963814202575
v_Archery_g10_c01.avi,Archery,4.44,3.509963814202575
v_Archery_g10_c02.avi,Archery,5.6,3.509963814202575
v_Archery_g10_c03.avi,Archery,8.12,3.509963814202575
v_Archery_g10_c04.avi,Archery,8.32,3.509963814202575
v_Archery_g10_c05.avi,Archery,7.52,3.509963814202575
v_Archery_g10_c06.avi,Archery,7.04,3.509963814202575
v_Archery_g10_c07.avi,Archery,5.04,3.509963814202575
v_Archery_g11_c01.avi,Archery,7.72,3.509963814202575
v_Archery_g11_c02.avi,Archery,12.08,3.509963814202575
v_Archery_g11_c03.avi,Archery,11.8,3.509963814202575
v_Archery_g11_c04.avi,Archery,10.32,3.509963814202575
v_Archery_g11_c05.avi,Archery,8.4,3.509963814202575
v_Archery_g11_c06.avi,Archery,9.72,3.509963814202575
v_Archery_g11_c07.avi,Archery,10.56,3.509963814202575
v_Archery_g12_c01.avi,Archery,14.2,3.509963814202575
v_Archery_g12_c02.avi,Archery,15.92,3.509963814202575
v_Archery_g12_c03.avi,Archery,17.44,3.509963814202575
v_Archery_g12_c04.avi,Archery,7.8,3.509963814202575
v_Archery_g13_c01.avi,Archery,5.96,3.509963814202575
v_Archery_g13_c02.avi,Archery,5.88,3.509963814202575
v_Archery_g13_c03.avi,Archery,6.4,3.509963814202575
v_Archery_g13_c04.avi,Archery,6.64,3.509963814202575
v_Archery_g13_c05.avi,Archery,7.4,3.509963814202575
v_Archery_g13_c06.avi,Archery,6.56,3.509963814202575
v_Archery_g13_c07.avi,Archery,7.6,3.509963814202575
v_Archery_g14_c01.avi,Archery,8.28,3.509963814202575
v_Archery_g14_c02.avi,Archery,8.8,3.509963814202575
v_Archery_g14_c03.avi,Archery,6.76,3.509963814202575
v_Archery_g14_c04.avi,Archery,9.76,3.509963814202575
v_Archery_g15_c01.avi,Archery,4.4,3.509963814202575
v_Archery_g15_c02.avi,Archery,7.36,3.509963814202575
v_Archery_g15_c03.avi,Archery,7.4,3.509963814202575
v_Archery_g15_c04.avi,Archery,8.12,3.509963814202575
v_Archery_g15_c05.avi,Archery,7.0,3.509963814202575
v_Archery_g15_c06.avi,Archery,6.96,3.509963814202575
v_Archery_g15_c07.avi,Archery,7.0,3.509963814202575
v_Archery_g16_c01.avi,Archery,6.04,3.509963814202575
v_Archery_g16_c02.avi,Archery,9.0,3.509963814202575
v_Archery_g16_c03.avi,Archery,8.24,3.509963814202575
v_Archery_g16_c04.avi,Archery,4.72,3.509963814202575
v_Archery_g16_c05.avi,Archery,10.48,3.509963814202575
v_Archery_g17_c01.avi,Archery,5.84,3.509963814202575
v_Archery_g17_c02.avi,Archery,3.76,3.509963814202575
v_Archery_g17_c03.avi,Archery,3.84,3.509963814202575
v_Archery_g17_c04.avi,Archery,2.64,3.509963814202575
v_Archery_g18_c01.avi,Archery,6.68,3.509963814202575
v_Archery_g18_c02.avi,Archery,11.64,3.509963814202575
v_Archery_g18_c03.avi,Archery,7.96,3.509963814202575
v_Archery_g18_c04.avi,Archery,6.72,3.509963814202575
v_Archery_g18_c05.avi,Archery,6.08,3.509963814202575
v_Archery_g18_c06.avi,Archery,6.4,3.509963814202575
v_Archery_g18_c07.avi,Archery,5.6,3.509963814202575
v_Archery_g19_c01.avi,Archery,5.2,3.509963814202575
v_Archery_g19_c02.avi,Archery,3.6,3.509963814202575
v_Archery_g19_c03.avi,Archery,6.36,3.509963814202575
v_Archery_g19_c04.avi,Archery,3.68,3.509963814202575
v_Archery_g20_c01.avi,Archery,3.64,3.509963814202575
v_Archery_g20_c02.avi,Archery,3.4,3.509963814202575
v_Archery_g20_c03.avi,Archery,3.76,3.509963814202575
v_Archery_g20_c04.avi,Archery,3.96,3.509963814202575
v_Archery_g20_c05.avi,Archery,4.8,3.509963814202575
v_Archery_g20_c06.avi,Archery,4.64,3.509963814202575
v_Archery_g20_c07.avi,Archery,3.92,3.509963814202575
v_Archery_g21_c01.avi,Archery,4.04,3.509963814202575
v_Archery_g21_c02.avi,Archery,7.0,3.509963814202575
v_Archery_g21_c03.avi,Archery,8.72,3.509963814202575
v_Archery_g21_c04.avi,Archery,8.2,3.509963814202575
v_Archery_g22_c01.avi,Archery,2.6,3.509963814202575
v_Archery_g22_c02.avi,Archery,2.8,3.509963814202575
v_Archery_g22_c03.avi,Archery,3.64,3.509963814202575
v_Archery_g22_c04.avi,Archery,2.92,3.509963814202575
v_Archery_g22_c05.avi,Archery,2.72,3.509963814202575
v_Archery_g23_c01.avi,Archery,4.92,3.509963814202575
v_Archery_g23_c02.avi,Archery,4.6,3.509963814202575
v_Archery_g23_c03.avi,Archery,4.44,3.509963814202575
v_Archery_g23_c04.avi,Archery,4.2,3.509963814202575
v_Archery_g23_c05.avi,Archery,3.64,3.509963814202575
v_Archery_g23_c06.avi,Archery,3.44,3.509963814202575
v_Archery_g23_c07.avi,Archery,3.36,3.509963814202575
v_Archery_g24_c01.avi,Archery,3.64,3.509963814202575
v_Archery_g24_c02.avi,Archery,9.64,3.509963814202575
v_Archery_g24_c03.avi,Archery,4.4,3.509963814202575
v_Archery_g24_c04.avi,Archery,4.84,3.509963814202575
v_Archery_g24_c05.avi,Archery,5.08,3.509963814202575
v_Archery_g24_c06.avi,Archery,4.88,3.509963814202575
v_Archery_g25_c01.avi,Archery,8.32,3.509963814202575
v_Archery_g25_c02.avi,Archery,7.56,3.509963814202575
v_Archery_g25_c03.avi,Archery,8.12,3.509963814202575
v_Archery_g25_c04.avi,Archery,10.36,3.509963814202575
v_Archery_g25_c05.avi,Archery,8.16,3.509963814202575
v_Archery_g25_c06.avi,Archery,9.4,3.509963814202575
v_Archery_g25_c07.avi,Archery,5.32,3.509963814202575
v_BabyCrawling_g01_c01.avi,BabyCrawling,6.6,1.982851301259222
v_BabyCrawling_g01_c02.avi,BabyCrawling,6.6,1.982851301259222
v_BabyCrawling_g01_c03.avi,BabyCrawling,6.24,1.982851301259222
v_BabyCrawling_g01_c04.avi,BabyCrawling,8.76,1.982851301259222
v_BabyCrawling_g02_c01.avi,BabyCrawling,4.36,1.982851301259222
v_BabyCrawling_g02_c02.avi,BabyCrawling,4.48,1.982851301259222
v_BabyCrawling_g02_c03.avi,BabyCrawling,4.68,1.982851301259222
v_BabyCrawling_g02_c04.avi,BabyCrawling,4.2,1.982851301259222
v_BabyCrawling_g02_c05.avi,BabyCrawling,3.36,1.982851301259222
v_BabyCrawling_g02_c06.avi,BabyCrawling,7.6,1.982851301259222
v_BabyCrawling_g03_c01.avi,BabyCrawling,8.6,1.982851301259222
v_BabyCrawling_g03_c02.avi,BabyCrawling,7.24,1.982851301259222
v_BabyCrawling_g03_c03.avi,BabyCrawling,7.92,1.982851301259222
v_BabyCrawling_g03_c04.avi,BabyCrawling,8.28,1.982851301259222
v_BabyCrawling_g04_c01.avi,BabyCrawling,5.08,1.982851301259222
v_BabyCrawling_g04_c02.avi,BabyCrawling,7.12,1.982851301259222
v_BabyCrawling_g04_c03.avi,BabyCrawling,6.36,1.982851301259222
v_BabyCrawling_g04_c04.avi,BabyCrawling,8.16,1.982851301259222
v_BabyCrawling_g05_c01.avi,BabyCrawling,8.84,1.982851301259222
v_BabyCrawling_g05_c02.avi,BabyCrawling,7.88,1.982851301259222
v_BabyCrawling_g05_c03.avi,BabyCrawling,10.84,1.982851301259222
v_BabyCrawling_g05_c04.avi,BabyCrawling,9.2,1.982851301259222
v_BabyCrawling_g05_c05.avi,BabyCrawling,6.36,1.982851301259222
v_BabyCrawling_g06_c01.avi,BabyCrawling,7.92,1.982851301259222
v_BabyCrawling_g06_c02.avi,BabyCrawling,6.68,1.982851301259222
v_BabyCrawling_g06_c03.avi,BabyCrawling,8.04,1.982851301259222
v_BabyCrawling_g06_c04.avi,BabyCrawling,4.52,1.982851301259222
v_BabyCrawling_g06_c05.avi,BabyCrawling,10.32,1.982851301259222
v_BabyCrawling_g06_c06.avi,BabyCrawling,13.16,1.982851301259222
v_BabyCrawling_g07_c01.avi,BabyCrawling,8.12,1.982851301259222
v_BabyCrawling_g07_c02.avi,BabyCrawling,5.8,1.982851301259222
v_BabyCrawling_g07_c03.avi,BabyCrawling,6.84,1.982851301259222
v_BabyCrawling_g07_c04.avi,BabyCrawling,8.6,1.982851301259222
v_BabyCrawling_g07_c05.avi,BabyCrawling,5.64,1.982851301259222
v_BabyCrawling_g07_c06.avi,BabyCrawling,8.4,1.982851301259222
v_BabyCrawling_g08_c01.avi,BabyCrawling,8.2,1.982851301259222
v_BabyCrawling_g08_c02.avi,BabyCrawling,4.44,1.982851301259222
v_BabyCrawling_g08_c03.avi,BabyCrawling,4.52,1.982851301259222
v_BabyCrawling_g08_c04.avi,BabyCrawling,3.8,1.982851301259222
v_BabyCrawling_g09_c01.avi,BabyCrawling,5.76,1.982851301259222
v_BabyCrawling_g09_c02.avi,BabyCrawling,8.88,1.982851301259222
v_BabyCrawling_g09_c03.avi,BabyCrawling,5.44,1.982851301259222
v_BabyCrawling_g09_c04.avi,BabyCrawling,8.24,1.982851301259222
v_BabyCrawling_g09_c05.avi,BabyCrawling,4.16,1.982851301259222
v_BabyCrawling_g09_c06.avi,BabyCrawling,4.76,1.982851301259222
v_BabyCrawling_g10_c01.avi,BabyCrawling,5.68,1.982851301259222
v_BabyCrawling_g10_c02.avi,BabyCrawling,4.64,1.982851301259222
v_BabyCrawling_g10_c03.avi,BabyCrawling,4.0,1.982851301259222
v_BabyCrawling_g10_c04.avi,BabyCrawling,7.36,1.982851301259222
v_BabyCrawling_g10_c05.avi,BabyCrawling,4.8,1.982851301259222
v_BabyCrawling_g11_c01.avi,BabyCrawling,4.24,1.982851301259222
v_BabyCrawling_g11_c02.avi,BabyCrawling,4.12,1.982851301259222
v_BabyCrawling_g11_c03.avi,BabyCrawling,3.96,1.982851301259222
v_BabyCrawling_g11_c04.avi,BabyCrawling,4.36,1.982851301259222
v_BabyCrawling_g12_c01.avi,BabyCrawling,4.12,1.982851301259222
v_BabyCrawling_g12_c02.avi,BabyCrawling,5.56,1.982851301259222
v_BabyCrawling_g12_c03.avi,BabyCrawling,3.84,1.982851301259222
v_BabyCrawling_g12_c04.avi,BabyCrawling,4.16,1.982851301259222
v_BabyCrawling_g12_c05.avi,BabyCrawling,7.4,1.982851301259222
v_BabyCrawling_g12_c06.avi,BabyCrawling,4.96,1.982851301259222
v_BabyCrawling_g13_c01.avi,BabyCrawling,5.64,1.982851301259222
v_BabyCrawling_g13_c02.avi,BabyCrawling,5.04,1.982851301259222
v_BabyCrawling_g13_c03.avi,BabyCrawling,4.4,1.982851301259222
v_BabyCrawling_g13_c04.avi,BabyCrawling,5.92,1.982851301259222
v_BabyCrawling_g13_c05.avi,BabyCrawling,3.4,1.982851301259222
v_BabyCrawling_g13_c06.avi,BabyCrawling,6.68,1.982851301259222
v_BabyCrawling_g14_c01.avi,BabyCrawling,4.88,1.982851301259222
v_BabyCrawling_g14_c02.avi,BabyCrawling,4.32,1.982851301259222
v_BabyCrawling_g14_c03.avi,BabyCrawling,7.04,1.982851301259222
v_BabyCrawling_g14_c04.avi,BabyCrawling,8.88,1.982851301259222
v_BabyCrawling_g15_c01.avi,BabyCrawling,7.92,1.982851301259222
v_BabyCrawling_g15_c02.avi,BabyCrawling,8.84,1.982851301259222
v_BabyCrawling_g15_c03.avi,BabyCrawling,4.04,1.982851301259222
v_BabyCrawling_g15_c04.avi,BabyCrawling,7.16,1.982851301259222
v_BabyCrawling_g15_c05.avi,BabyCrawling,8.68,1.982851301259222
v_BabyCrawling_g15_c06.avi,BabyCrawling,6.56,1.982851301259222
v_BabyCrawling_g16_c01.avi,BabyCrawling,6.32,1.982851301259222
v_BabyCrawling_g16_c02.avi,BabyCrawling,7.8,1.982851301259222
v_BabyCrawling_g16_c03.avi,BabyCrawling,6.84,1.982851301259222
v_BabyCrawling_g16_c04.avi,BabyCrawling,8.28,1.982851301259222
v_BabyCrawling_g16_c05.avi,BabyCrawling,8.92,1.982851301259222
v_BabyCrawling_g16_c06.avi,BabyCrawling,7.64,1.982851301259222
v_BabyCrawling_g17_c01.avi,BabyCrawling,5.64,1.982851301259222
v_BabyCrawling_g17_c02.avi,BabyCrawling,4.68,1.982851301259222
v_BabyCrawling_g17_c03.avi,BabyCrawling,4.32,1.982851301259222
v_BabyCrawling_g17_c04.avi,BabyCrawling,6.96,1.982851301259222
v_BabyCrawling_g17_c05.avi,BabyCrawling,4.36,1.982851301259222
v_BabyCrawling_g18_c01.avi,BabyCrawling,7.92,1.982851301259222
v_BabyCrawling_g18_c02.avi,BabyCrawling,9.08,1.982851301259222
v_BabyCrawling_g18_c03.avi,BabyCrawling,6.56,1.982851301259222
v_BabyCrawling_g18_c04.avi,BabyCrawling,8.16,1.982851301259222
v_BabyCrawling_g18_c05.avi,BabyCrawling,6.88,1.982851301259222
v_BabyCrawling_g18_c06.avi,BabyCrawling,7.2,1.982851301259222
v_BabyCrawling_g19_c01.avi,BabyCrawling,3.76,1.982851301259222
v_BabyCrawling_g19_c02.avi,BabyCrawling,6.8,1.982851301259222
v_BabyCrawling_g19_c03.avi,BabyCrawling,6.4,1.982851301259222
v_BabyCrawling_g19_c04.avi,BabyCrawling,5.76,1.982851301259222
v_BabyCrawling_g19_c05.avi,BabyCrawling,9.4,1.982851301259222
v_BabyCrawling_g20_c01.avi,BabyCrawling,10.44,1.982851301259222
v_BabyCrawling_g20_c02.avi,BabyCrawling,9.64,1.982851301259222
v_BabyCrawling_g20_c03.avi,BabyCrawling,10.52,1.982851301259222
v_BabyCrawling_g20_c04.avi,BabyCrawling,5.12,1.982851301259222
v_BabyCrawling_g20_c05.avi,BabyCrawling,7.12,1.982851301259222
v_BabyCrawling_g20_c06.avi,BabyCrawling,8.52,1.982851301259222
v_BabyCrawling_g20_c07.avi,BabyCrawling,10.0,1.982851301259222
v_BabyCrawling_g21_c01.avi,BabyCrawling,6.04,1.982851301259222
v_BabyCrawling_g21_c02.avi,BabyCrawling,4.72,1.982851301259222
v_BabyCrawling_g21_c03.avi,BabyCrawling,5.8,1.982851301259222
v_BabyCrawling_g21_c04.avi,BabyCrawling,7.56,1.982851301259222
v_BabyCrawling_g22_c01.avi,BabyCrawling,9.68,1.982851301259222
v_BabyCrawling_g22_c02.avi,BabyCrawling,7.88,1.982851301259222
v_BabyCrawling_g22_c03.avi,BabyCrawling,6.36,1.982851301259222
v_BabyCrawling_g22_c04.avi,BabyCrawling,7.72,1.982851301259222
v_BabyCrawling_g22_c05.avi,BabyCrawling,7.28,1.982851301259222
v_BabyCrawling_g22_c06.avi,BabyCrawling,3.68,1.982851301259222
v_BabyCrawling_g22_c07.avi,BabyCrawling,4.64,1.982851301259222
v_BabyCrawling_g23_c01.avi,BabyCrawling,4.64,1.982851301259222
v_BabyCrawling_g23_c02.avi,BabyCrawling,4.44,1.982851301259222
v_BabyCrawling_g23_c03.avi,BabyCrawling,4.44,1.982851301259222
v_BabyCrawling_g23_c04.avi,BabyCrawling,7.16,1.982851301259222
v_BabyCrawling_g24_c01.avi,BabyCrawling,7.76,1.982851301259222
v_BabyCrawling_g24_c02.avi,BabyCrawling,7.16,1.982851301259222
v_BabyCrawling_g24_c03.avi,BabyCrawling,4.96,1.982851301259222
v_BabyCrawling_g24_c04.avi,BabyCrawling,4.68,1.982851301259222
v_BabyCrawling_g24_c05.avi,BabyCrawling,4.48,1.982851301259222
v_BabyCrawling_g24_c06.avi,BabyCrawling,7.2,1.982851301259222
v_BabyCrawling_g25_c01.avi,BabyCrawling,11.72,1.982851301259222
v_BabyCrawling_g25_c02.avi,BabyCrawling,6.08,1.982851301259222
v_BabyCrawling_g25_c03.avi,BabyCrawling,5.68,1.982851301259222
v_BabyCrawling_g25_c04.avi,BabyCrawling,6.32,1.982851301259222
v_BabyCrawling_g25_c05.avi,BabyCrawling,6.96,1.982851301259222
v_BabyCrawling_g25_c06.avi,BabyCrawling,9.92,1.982851301259222
v_BalanceBeam_g01_c01.avi,BalanceBeam,5.0,1.622466872972783
v_BalanceBeam_g01_c02.avi,BalanceBeam,3.6,1.622466872972783
v_BalanceBeam_g01_c03.avi,BalanceBeam,4.48,1.622466872972783
v_BalanceBeam_g01_c04.avi,BalanceBeam,4.44,1.622466872972783
v_BalanceBeam_g02_c01.avi,BalanceBeam,3.28,1.622466872972783
v_BalanceBeam_g02_c02.avi,BalanceBeam,4.0,1.622466872972783
v_BalanceBeam_g02_c03.avi,BalanceBeam,2.4,1.622466872972783
v_BalanceBeam_g02_c04.avi,BalanceBeam,5.32,1.622466872972783
v_BalanceBeam_g03_c01.avi,BalanceBeam,7.88,1.622466872972783
v_BalanceBeam_g03_c02.avi,BalanceBeam,4.2,1.622466872972783
v_BalanceBeam_g03_c03.avi,BalanceBeam,4.04,1.622466872972783
v_BalanceBeam_g03_c04.avi,BalanceBeam,3.0,1.622466872972783
v_BalanceBeam_g04_c01.avi,BalanceBeam,4.8,1.622466872972783
v_BalanceBeam_g04_c02.avi,BalanceBeam,9.24,1.622466872972783
v_BalanceBeam_g04_c03.avi,BalanceBeam,6.4,1.622466872972783
v_BalanceBeam_g04_c04.avi,BalanceBeam,5.24,1.622466872972783
v_BalanceBeam_g05_c01.avi,BalanceBeam,3.8,1.622466872972783
v_BalanceBeam_g05_c02.avi,BalanceBeam,4.56,1.622466872972783
v_BalanceBeam_g05_c03.avi,BalanceBeam,4.44,1.622466872972783
v_BalanceBeam_g05_c04.avi,BalanceBeam,7.2,1.622466872972783
v_BalanceBeam_g06_c01.avi,BalanceBeam,4.24,1.622466872972783
v_BalanceBeam_g06_c02.avi,BalanceBeam,4.72,1.622466872972783
v_BalanceBeam_g06_c03.avi,BalanceBeam,4.2,1.622466872972783
v_BalanceBeam_g06_c04.avi,BalanceBeam,4.8,1.622466872972783
v_BalanceBeam_g06_c05.avi,BalanceBeam,4.08,1.622466872972783
v_BalanceBeam_g06_c06.avi,BalanceBeam,4.44,1.622466872972783
v_BalanceBeam_g06_c07.avi,BalanceBeam,4.64,1.622466872972783
v_BalanceBeam_g07_c01.avi,BalanceBeam,3.12,1.622466872972783
v_BalanceBeam_g07_c02.avi,BalanceBeam,4.4,1.622466872972783
v_BalanceBeam_g07_c03.avi,BalanceBeam,8.08,1.622466872972783
v_BalanceBeam_g07_c04.avi,BalanceBeam,4.28,1.622466872972783
v_BalanceBeam_g08_c01.avi,BalanceBeam,5.6,1.622466872972783
v_BalanceBeam_g08_c02.avi,BalanceBeam,5.0,1.622466872972783
v_BalanceBeam_g08_c03.avi,BalanceBeam,5.0,1.622466872972783
v_BalanceBeam_g08_c04.avi,BalanceBeam,4.64,1.622466872972783
v_BalanceBeam_g09_c01.avi,BalanceBeam,4.0,1.622466872972783
v_BalanceBeam_g09_c02.avi,BalanceBeam,3.16,1.622466872972783
v_BalanceBeam_g09_c03.avi,BalanceBeam,7.0,1.622466872972783
v_BalanceBeam_g09_c04.avi,BalanceBeam,8.24,1.622466872972783
v_BalanceBeam_g10_c01.avi,BalanceBeam,3.16,1.622466872972783
v_BalanceBeam_g10_c02.avi,BalanceBeam,2.76,1.622466872972783
v_BalanceBeam_g10_c03.avi,BalanceBeam,4.2,1.622466872972783
v_BalanceBeam_g10_c04.avi,BalanceBeam,4.88,1.622466872972783
v_BalanceBeam_g11_c01.avi,BalanceBeam,4.4,1.622466872972783
v_BalanceBeam_g11_c02.avi,BalanceBeam,2.72,1.622466872972783
v_BalanceBeam_g11_c03.avi,BalanceBeam,5.08,1.622466872972783
v_BalanceBeam_g11_c04.avi,BalanceBeam,4.64,1.622466872972783
v_BalanceBeam_g12_c01.avi,BalanceBeam,3.0,1.622466872972783
v_BalanceBeam_g12_c02.avi,BalanceBeam,2.76,1.622466872972783
v_BalanceBeam_g12_c03.avi,BalanceBeam,6.8,1.622466872972783
v_BalanceBeam_g12_c04.avi,BalanceBeam,3.84,1.622466872972783
v_BalanceBeam_g13_c01.avi,BalanceBeam,5.44,1.622466872972783
v_BalanceBeam_g13_c02.avi,BalanceBeam,5.0,1.622466872972783
v_BalanceBeam_g13_c03.avi,BalanceBeam,5.48,1.622466872972783
v_BalanceBeam_g13_c04.avi,BalanceBeam,2.6,1.622466872972783
v_BalanceBeam_g13_c05.avi,BalanceBeam,4.36,1.622466872972783
v_BalanceBeam_g14_c01.avi,BalanceBeam,5.8,1.622466872972783
v_BalanceBeam_g14_c02.avi,BalanceBeam,3.8,1.622466872972783
v_BalanceBeam_g14_c03.avi,BalanceBeam,8.04,1.622466872972783
v_BalanceBeam_g14_c04.avi,BalanceBeam,6.12,1.622466872972783
v_BalanceBeam_g15_c01.avi,BalanceBeam,3.56,1.622466872972783
v_BalanceBeam_g15_c02.avi,BalanceBeam,3.0,1.622466872972783
v_BalanceBeam_g15_c03.avi,BalanceBeam,5.0,1.622466872972783
v_BalanceBeam_g15_c04.avi,BalanceBeam,3.92,1.622466872972783
v_BalanceBeam_g16_c01.avi,BalanceBeam,4.96,1.622466872972783
v_BalanceBeam_g16_c02.avi,BalanceBeam,4.4,1.622466872972783
v_BalanceBeam_g16_c03.avi,BalanceBeam,4.48,1.622466872972783
v_BalanceBeam_g16_c04.avi,BalanceBeam,4.0,1.622466872972783
v_BalanceBeam_g17_c01.avi,BalanceBeam,7.64,1.622466872972783
v_BalanceBeam_g17_c02.avi,BalanceBeam,4.4,1.622466872972783
v_BalanceBeam_g17_c03.avi,BalanceBeam,12.84,1.622466872972783
v_BalanceBeam_g17_c04.avi,BalanceBeam,9.2,1.622466872972783
v_BalanceBeam_g17_c05.avi,BalanceBeam,8.28,1.622466872972783
v_BalanceBeam_g17_c06.avi,BalanceBeam,4.4,1.622466872972783
v_BalanceBeam_g18_c01.avi,BalanceBeam,5.0,1.622466872972783
v_BalanceBeam_g18_c02.avi,BalanceBeam,5.8,1.622466872972783
v_BalanceBeam_g18_c03.avi,BalanceBeam,7.24,1.622466872972783
v_BalanceBeam_g18_c04.avi,BalanceBeam,4.44,1.622466872972783
v_BalanceBeam_g19_c01.avi,BalanceBeam,6.12,1.622466872972783
v_BalanceBeam_g19_c02.avi,BalanceBeam,3.64,1.622466872972783
v_BalanceBeam_g19_c03.avi,BalanceBeam,4.72,1.622466872972783
v_BalanceBeam_g19_c04.avi,BalanceBeam,5.0,1.622466872972783
v_BalanceBeam_g20_c01.avi,BalanceBeam,3.36,1.622466872972783
v_BalanceBeam_g20_c02.avi,BalanceBeam,4.0,1.622466872972783
v_BalanceBeam_g20_c03.avi,BalanceBeam,4.0,1.622466872972783
v_BalanceBeam_g20_c04.avi,BalanceBeam,3.64,1.622466872972783
v_BalanceBeam_g21_c01.avi,BalanceBeam,5.28,1.622466872972783
v_BalanceBeam_g21_c02.avi,BalanceBeam,4.2,1.622466872972783
v_BalanceBeam_g21_c03.avi,BalanceBeam,5.0,1.622466872972783
v_BalanceBeam_g21_c04.avi,BalanceBeam,5.0,1.622466872972783
v_BalanceBeam_g21_c05.avi,BalanceBeam,4.6,1.622466872972783
v_BalanceBeam_g22_c01.avi,BalanceBeam,3.8,1.622466872972783
v_BalanceBeam_g22_c02.avi,BalanceBeam,3.84,1.622466872972783
v_BalanceBeam_g22_c03.avi,BalanceBeam,4.4,1.622466872972783
v_BalanceBeam_g22_c04.avi,BalanceBeam,4.6,1.622466872972783
v_BalanceBeam_g23_c01.avi,BalanceBeam,5.0,1.622466872972783
v_BalanceBeam_g23_c02.avi,BalanceBeam,3.56,1.622466872972783
v_BalanceBeam_g23_c03.avi,BalanceBeam,2.28,1.622466872972783
v_BalanceBeam_g23_c04.avi,BalanceBeam,4.28,1.622466872972783
v_BalanceBeam_g23_c05.avi,BalanceBeam,4.44,1.622466872972783
v_BalanceBeam_g24_c01.avi,BalanceBeam,3.44,1.622466872972783
v_BalanceBeam_g24_c02.avi,BalanceBeam,3.6,1.622466872972783
v_BalanceBeam_g24_c03.avi,BalanceBeam,4.0,1.622466872972783
v_BalanceBeam_g24_c04.avi,BalanceBeam,3.32,1.622466872972783
v_BalanceBeam_g25_c01.avi,BalanceBeam,3.2,1.622466872972783
v_BalanceBeam_g25_c02.avi,BalanceBeam,4.4,1.622466872972783
v_BalanceBeam_g25_c03.avi,BalanceBeam,3.68,1.622466872972783
v_BalanceBeam_g25_c04.avi,BalanceBeam,4.08,1.622466872972783
v_BandMarching_g01_c01.avi,BandMarching,6.4,4.030545957087083
v_BandMarching_g01_c02.avi,BandMarching,6.48,4.030545957087083
v_BandMarching_g01_c03.avi,BandMarching,6.04,4.030545957087083
v_BandMarching_g01_c04.avi,BandMarching,6.4,4.030545957087083
v_BandMarching_g01_c05.avi,BandMarching,6.72,4.030545957087083
v_BandMarching_g01_c06.avi,BandMarching,6.04,4.030545957087083
v_BandMarching_g01_c07.avi,BandMarching,4.4,4.030545957087083
v_BandMarching_g02_c01.avi,BandMarching,6.24,4.030545957087083
v_BandMarching_g02_c02.avi,BandMarching,6.24,4.030545957087083
v_BandMarching_g02_c03.avi,BandMarching,4.92,4.030545957087083
v_BandMarching_g02_c04.avi,BandMarching,4.88,4.030545957087083
v_BandMarching_g02_c05.avi,BandMarching,4.92,4.030545957087083
v_BandMarching_g02_c06.avi,BandMarching,5.0,4.030545957087083
v_BandMarching_g02_c07.avi,BandMarching,5.8,4.030545957087083
v_BandMarching_g03_c01.avi,BandMarching,16.2,4.030545957087083
v_BandMarching_g03_c02.avi,BandMarching,13.4,4.030545957087083
v_BandMarching_g03_c03.avi,BandMarching,11.36,4.030545957087083
v_BandMarching_g03_c04.avi,BandMarching,18.84,4.030545957087083
v_BandMarching_g03_c05.avi,BandMarching,10.8,4.030545957087083
v_BandMarching_g03_c06.avi,BandMarching,16.56,4.030545957087083
v_BandMarching_g03_c07.avi,BandMarching,9.96,4.030545957087083
v_BandMarching_g04_c01.avi,BandMarching,17.92,4.030545957087083
v_BandMarching_g04_c02.avi,BandMarching,8.4,4.030545957087083
v_BandMarching_g04_c03.avi,BandMarching,7.8,4.030545957087083
v_BandMarching_g04_c04.avi,BandMarching,6.68,4.030545957087083
v_BandMarching_g05_c01.avi,BandMarching,1.88,4.030545957087083
v_BandMarching_g05_c02.avi,BandMarching,3.36,4.030545957087083
v_BandMarching_g05_c03.avi,BandMarching,5.96,4.030545957087083
v_BandMarching_g05_c04.avi,BandMarching,3.56,4.030545957087083
v_BandMarching_g05_c05.avi,BandMarching,2.6,4.030545957087083
v_BandMarching_g05_c06.avi,BandMarching,3.16,4.030545957087083
v_BandMarching_g05_c07.avi,BandMarching,2.48,4.030545957087083
v_BandMarching_g06_c01.avi,BandMarching,2.72,4.030545957087083
v_BandMarching_g06_c02.avi,BandMarching,6.08,4.030545957087083
v_BandMarching_g06_c03.avi,BandMarching,4.2,4.030545957087083
v_BandMarching_g06_c04.avi,BandMarching,4.72,4.030545957087083
v_BandMarching_g07_c01.avi,BandMarching,2.8,4.030545957087083
v_BandMarching_g07_c02.avi,BandMarching,4.08,4.030545957087083
v_BandMarching_g07_c03.avi,BandMarching,4.2,4.030545957087083
v_BandMarching_g07_c04.avi,BandMarching,5.28,4.030545957087083
v_BandMarching_g07_c05.avi,BandMarching,4.68,4.030545957087083
v_BandMarching_g07_c06.avi,BandMarching,5.84,4.030545957087083
v_BandMarching_g07_c07.avi,BandMarching,5.84,4.030545957087083
v_BandMarching_g08_c01.avi,BandMarching,4.76,4.030545957087083
v_BandMarching_g08_c02.avi,BandMarching,5.8,4.030545957087083
v_BandMarching_g08_c03.avi,BandMarching,3.8,4.030545957087083
v_BandMarching_g08_c04.avi,BandMarching,4.08,4.030545957087083
v_BandMarching_g08_c05.avi,BandMarching,8.2,4.030545957087083
v_BandMarching_g08_c06.avi,BandMarching,8.76,4.030545957087083
v_BandMarching_g08_c07.avi,BandMarching,5.6,4.030545957087083
v_BandMarching_g09_c01.avi,BandMarching,3.8,4.030545957087083
v_BandMarching_g09_c02.avi,BandMarching,4.24,4.030545957087083
v_BandMarching_g09_c03.avi,BandMarching,4.08,4.030545957087083
v_BandMarching_g09_c04.avi,BandMarching,3.48,4.030545957087083
v_BandMarching_g09_c05.avi,BandMarching,10.0,4.030545957087083
v_BandMarching_g09_c06.avi,BandMarching,4.72,4.030545957087083
v_BandMarching_g09_c07.avi,BandMarching,5.28,4.030545957087083
v_BandMarching_g10_c01.avi,BandMarching,5.68,4.030545957087083
v_BandMarching_g10_c02.avi,BandMarching,5.56,4.030545957087083
v_BandMarching_g10_c03.avi,BandMarching,4.48,4.030545957087083
v_BandMarching_g10_c04.avi,BandMarching,6.44,4.030545957087083
v_BandMarching_g10_c05.avi,BandMarching,7.52,4.030545957087083
v_BandMarching_g10_c06.avi,BandMarching,5.52,4.030545957087083
v_BandMarching_g10_c07.avi,BandMarching,5.92,4.030545957087083
v_BandMarching_g11_c01.avi,BandMarching,11.84,4.030545957087083
v_BandMarching_g11_c02.avi,BandMarching,12.04,4.030545957087083
v_BandMarching_g11_c03.avi,BandMarching,15.56,4.030545957087083
v_BandMarching_g11_c04.avi,BandMarching,10.84,4.030545957087083
v_BandMarching_g11_c05.avi,BandMarching,17.28,4.030545957087083
v_BandMarching_g11_c06.avi,BandMarching,15.68,4.030545957087083
v_BandMarching_g11_c07.avi,BandMarching,9.88,4.030545957087083
v_BandMarching_g12_c01.avi,BandMarching,19.52,4.030545957087083
v_BandMarching_g12_c02.avi,BandMarching,17.16,4.030545957087083
v_BandMarching_g12_c03.avi,BandMarching,10.4,4.030545957087083
v_BandMarching_g12_c04.avi,BandMarching,11.76,4.030545957087083
v_BandMarching_g12_c05.avi,BandMarching,11.8,4.030545957087083
v_BandMarching_g12_c06.avi,BandMarching,10.76,4.030545957087083
v_BandMarching_g13_c01.avi,BandMarching,16.44,4.030545957087083
v_BandMarching_g13_c02.avi,BandMarching,9.72,4.030545957087083
v_BandMarching_g13_c03.avi,BandMarching,10.56,4.030545957087083
v_BandMarching_g13_c04.avi,BandMarching,12.12,4.030545957087083
v_BandMarching_g13_c05.avi,BandMarching,7.12,4.030545957087083
v_BandMarching_g14_c01.avi,BandMarching,5.76,4.030545957087083
v_BandMarching_g14_c02.avi,BandMarching,9.24,4.030545957087083
v_BandMarching_g14_c03.avi,BandMarching,8.8,4.030545957087083
v_BandMarching_g14_c04.avi,BandMarching,8.44,4.030545957087083
v_BandMarching_g14_c05.avi,BandMarching,8.64,4.030545957087083
v_BandMarching_g14_c06.avi,BandMarching,8.28,4.030545957087083
v_BandMarching_g15_c01.avi,BandMarching,12.4,4.030545957087083
v_BandMarching_g15_c02.avi,BandMarching,9.56,4.030545957087083
v_BandMarching_g15_c03.avi,BandMarching,14.12,4.030545957087083
v_BandMarching_g15_c04.avi,BandMarching,10.28,4.030545957087083
v_BandMarching_g15_c05.avi,BandMarching,18.84,4.030545957087083
v_BandMarching_g15_c06.avi,BandMarching,7.4,4.030545957087083
v_BandMarching_g15_c07.avi,BandMarching,6.68,4.030545957087083
v_BandMarching_g16_c01.avi,BandMarching,9.64,4.030545957087083
v_BandMarching_g16_c02.avi,BandMarching,9.32,4.030545957087083
v_BandMarching_g16_c03.avi,BandMarching,4.36,4.030545957087083
v_BandMarching_g16_c04.avi,BandMarching,4.36,4.030545957087083
v_BandMarching_g16_c05.avi,BandMarching,6.36,4.030545957087083
v_BandMarching_g16_c06.avi,BandMarching,5.6,4.030545957087083
v_BandMarching_g16_c07.avi,BandMarching,4.72,4.030545957087083
v_BandMarching_g17_c01.avi,BandMarching,5.0,4.030545957087083
v_BandMarching_g17_c02.avi,BandMarching,6.96,4.030545957087083
v_BandMarching_g17_c03.avi,BandMarching,6.4,4.030545957087083
v_BandMarching_g17_c04.avi,BandMarching,5.84,4.030545957087083
v_BandMarching_g18_c01.avi,BandMarching,19.12,4.030545957087083
v_BandMarching_g18_c02.avi,BandMarching,8.56,4.030545957087083
v_BandMarching_g18_c03.avi,BandMarching,12.4,4.030545957087083
v_BandMarching_g18_c04.avi,BandMarching,7.36,4.030545957087083
v_BandMarching_g18_c05.avi,BandMarching,6.88,4.030545957087083
v_BandMarching_g18_c06.avi,BandMarching,7.36,4.030545957087083
v_BandMarching_g19_c01.avi,BandMarching,11.12,4.030545957087083
v_BandMarching_g19_c02.avi,BandMarching,11.16,4.030545957087083
v_BandMarching_g19_c03.avi,BandMarching,12.28,4.030545957087083
v_BandMarching_g19_c04.avi,BandMarching,10.4,4.030545957087083
v_BandMarching_g19_c05.avi,BandMarching,13.24,4.030545957087083
v_BandMarching_g19_c06.avi,BandMarching,15.12,4.030545957087083
v_BandMarching_g19_c07.avi,BandMarching,15.6,4.030545957087083
v_BandMarching_g20_c01.avi,BandMarching,7.04,4.030545957087083
v_BandMarching_g20_c02.avi,BandMarching,7.56,4.030545957087083
v_BandMarching_g20_c03.avi,BandMarching,6.6,4.030545957087083
v_BandMarching_g20_c04.avi,BandMarching,6.6,4.030545957087083
v_BandMarching_g20_c05.avi,BandMarching,8.8,4.030545957087083
v_BandMarching_g20_c06.avi,BandMarching,6.12,4.030545957087083
v_BandMarching_g21_c01.avi,BandMarching,12.92,4.030545957087083
v_BandMarching_g21_c02.avi,BandMarching,12.92,4.030545957087083
v_BandMarching_g21_c03.avi,BandMarching,6.76,4.030545957087083
v_BandMarching_g21_c04.avi,BandMarching,17.72,4.030545957087083
v_BandMarching_g21_c05.avi,BandMarching,12.92,4.030545957087083
v_BandMarching_g21_c06.avi,BandMarching,13.44,4.030545957087083
v_BandMarching_g22_c01.avi,BandMarching,10.16,4.030545957087083
v_BandMarching_g22_c02.avi,BandMarching,5.24,4.030545957087083
v_BandMarching_g22_c03.avi,BandMarching,10.52,4.030545957087083
v_BandMarching_g22_c04.avi,BandMarching,9.92,4.030545957087083
v_BandMarching_g22_c05.avi,BandMarching,5.12,4.030545957087083
v_BandMarching_g23_c01.avi,BandMarching,8.36,4.030545957087083
v_BandMarching_g23_c02.avi,BandMarching,11.36,4.030545957087083
v_BandMarching_g23_c03.avi,BandMarching,10.48,4.030545957087083
v_BandMarching_g23_c04.avi,BandMarching,8.48,4.030545957087083
v_BandMarching_g23_c05.avi,BandMarching,4.6,4.030545957087083
v_BandMarching_g23_c06.avi,BandMarching,6.6,4.030545957087083
v_BandMarching_g24_c01.avi,BandMarching,13.6,4.030545957087083
v_BandMarching_g24_c02.avi,BandMarching,6.96,4.030545957087083
v_BandMarching_g24_c03.avi,BandMarching,7.68,4.030545957087083
v_BandMarching_g24_c04.avi,BandMarching,8.72,4.030545957087083
v_BandMarching_g24_c05.avi,BandMarching,7.68,4.030545957087083
v_BandMarching_g24_c06.avi,BandMarching,10.24,4.030545957087083
v_BandMarching_g25_c01.avi,BandMarching,8.0,4.030545957087083
v_BandMarching_g25_c02.avi,BandMarching,5.04,4.030545957087083
v_BandMarching_g25_c03.avi,BandMarching,6.2,4.030545957087083
v_BandMarching_g25_c04.avi,BandMarching,3.56,4.030545957087083
v_BandMarching_g25_c05.avi,BandMarching,4.2,4.030545957087083
v_BandMarching_g25_c06.avi,BandMarching,6.28,4.030545957087083
v_BandMarching_g25_c07.avi,BandMarching,8.56,4.030545957087083
v_BaseballPitch_g01_c01.avi,BaseballPitch,3.5702333333333334,0.9106630202088142
v_BaseballPitch_g01_c02.avi,BaseballPitch,3.1364666666666667,0.9106630202088142
v_BaseballPitch_g01_c03.avi,BaseballPitch,3.4701333333333335,0.9106630202088142
v_BaseballPitch_g01_c04.avi,BaseballPitch,3.5035000000000003,0.9106630202088142
v_BaseballPitch_g01_c05.avi,BaseballPitch,3.069733333333333,0.9106630202088142
v_BaseballPitch_g01_c06.avi,BaseballPitch,3.4034,0.9106630202088142
v_BaseballPitch_g02_c01.avi,BaseballPitch,2.6359666666666666,0.9106630202088142
v_BaseballPitch_g02_c02.avi,BaseballPitch,2.4024,0.9106630202088142
v_BaseballPitch_g02_c03.avi,BaseballPitch,2.5358666666666667,0.9106630202088142
v_BaseballPitch_g02_c04.avi,BaseballPitch,2.8361666666666667,0.9106630202088142
v_BaseballPitch_g03_c01.avi,BaseballPitch,2.9029000000000003,0.9106630202088142
v_BaseballPitch_g03_c02.avi,BaseballPitch,4.0040000000000004,0.9106630202088142
v_BaseballPitch_g03_c03.avi,BaseballPitch,2.9362666666666666,0.9106630202088142
v_BaseballPitch_g03_c04.avi,BaseballPitch,2.6693333333333333,0.9106630202088142
v_BaseballPitch_g03_c05.avi,BaseballPitch,2.3356666666666666,0.9106630202088142
v_BaseballPitch_g03_c06.avi,BaseballPitch,2.5358666666666667,0.9106630202088142
v_BaseballPitch_g03_c07.avi,BaseballPitch,3.2365666666666666,0.9106630202088142
v_BaseballPitch_g04_c01.avi,BaseballPitch,7.1071,0.9106630202088142
v_BaseballPitch_g04_c02.avi,BaseballPitch,3.8038,0.9106630202088142
v_BaseballPitch_g04_c03.avi,BaseballPitch,3.3033,0.9106630202088142
v_BaseballPitch_g04_c04.avi,BaseballPitch,3.937266666666667,0.9106630202088142
v_BaseballPitch_g04_c05.avi,BaseballPitch,3.8705333333333334,0.9106630202088142
v_BaseballPitch_g05_c01.avi,BaseballPitch,3.937266666666667,0.9106630202088142
v_BaseballPitch_g05_c02.avi,BaseballPitch,3.1364666666666667,0.9106630202088142
v_BaseballPitch_g05_c03.avi,BaseballPitch,3.036366666666667,0.9106630202088142
v_BaseballPitch_g05_c04.avi,BaseballPitch,3.8705333333333334,0.9106630202088142
v_BaseballPitch_g05_c05.avi,BaseballPitch,2.4024,0.9106630202088142
v_BaseballPitch_g05_c06.avi,BaseballPitch,3.8705333333333334,0.9106630202088142
v_BaseballPitch_g05_c07.avi,BaseballPitch,2.3356666666666666,0.9106630202088142
v_BaseballPitch_g06_c01.avi,BaseballPitch,3.3033,0.9106630202088142
v_BaseballPitch_g06_c02.avi,BaseballPitch,2.9029000000000003,0.9106630202088142
v_BaseballPitch_g06_c03.avi,BaseballPitch,3.5035000000000003,0.9106630202088142
v_BaseballPitch_g06_c04.avi,BaseballPitch,1.5682333333333334,0.9106630202088142
v_BaseballPitch_g06_c05.avi,BaseballPitch,2.1021,0.9106630202088142
v_BaseballPitch_g06_c06.avi,BaseballPitch,2.0353666666666665,0.9106630202088142
v_BaseballPitch_g06_c07.avi,BaseballPitch,2.7027,0.9106630202088142
v_BaseballPitch_g07_c01.avi,BaseballPitch,2.168833333333333,0.9106630202088142
v_BaseballPitch_g07_c02.avi,BaseballPitch,4.6046000000000005,0.9106630202088142
v_BaseballPitch_g07_c03.avi,BaseballPitch,2.6026000000000002,0.9106630202088142
v_BaseballPitch_g07_c04.avi,BaseballPitch,2.9362666666666666,0.9106630202088142
v_BaseballPitch_g07_c05.avi,BaseballPitch,2.3356666666666666,0.9106630202088142
v_BaseballPitch_g07_c06.avi,BaseballPitch,2.6026000000000002,0.9106630202088142
v_BaseballPitch_g07_c07.avi,BaseballPitch,2.6693333333333333,0.9106630202088142
v_BaseballPitch_g08_c01.avi,BaseballPitch,3.7704333333333335,0.9106630202088142
v_BaseballPitch_g08_c02.avi,BaseballPitch,3.5035000000000003,0.9106630202088142
v_BaseballPitch_g08_c03.avi,BaseballPitch,3.336666666666667,0.9106630202088142
v_BaseballPitch_g08_c04.avi,BaseballPitch,3.1698333333333335,0.9106630202088142
v_BaseballPitch_g08_c05.avi,BaseballPitch,3.6703333333333332,0.9106630202088142
v_BaseballPitch_g08_c06.avi,BaseballPitch,3.6036,0.9106630202088142
v_BaseballPitch_g08_c07.avi,BaseballPitch,3.5035000000000003,0.9106630202088142
v_BaseballPitch_g09_c01.avi,BaseballPitch,2.2689333333333335,0.9106630202088142
v_BaseballPitch_g09_c02.avi,BaseballPitch,2.5025,0.9106630202088142
v_BaseballPitch_g09_c03.avi,BaseballPitch,2.435766666666667,0.9106630202088142
v_BaseballPitch_g09_c04.avi,BaseballPitch,2.1021,0.9106630202088142
v_BaseballPitch_g09_c05.avi,BaseballPitch,2.1021,0.9106630202088142
v_BaseballPitch_g09_c06.avi,BaseballPitch,2.2689333333333335,0.9106630202088142
v_BaseballPitch_g09_c07.avi,BaseballPitch,3.336666666666667,0.9106630202088142
v_BaseballPitch_g10_c01.avi,BaseballPitch,3.4701333333333335,0.9106630202088142
v_BaseballPitch_g10_c02.avi,BaseballPitch,5.8058000000000005,0.9106630202088142
v_BaseballPitch_g10_c03.avi,BaseballPitch,3.937266666666667,0.9106630202088142
v_BaseballPitch_g10_c04.avi,BaseballPitch,3.937266666666667,0.9106630202088142
v_BaseballPitch_g10_c05.avi,BaseballPitch,3.4701333333333335,0.9106630202088142
v_BaseballPitch_g11_c01.avi,BaseballPitch,3.4701333333333335,0.9106630202088142
v_BaseballPitch_g11_c02.avi,BaseballPitch,2.469133333333333,0.9106630202088142
v_BaseballPitch_g11_c03.avi,BaseballPitch,2.2689333333333335,0.9106630202088142
v_BaseballPitch_g11_c04.avi,BaseballPitch,1.9352666666666667,0.9106630202088142
v_BaseballPitch_g11_c05.avi,BaseballPitch,2.5692333333333335,0.9106630202088142
v_BaseballPitch_g12_c01.avi,BaseballPitch,4.2042,0.9106630202088142
v_BaseballPitch_g12_c02.avi,BaseballPitch,4.237566666666667,0.9106630202088142
v_BaseballPitch_g12_c03.avi,BaseballPitch,3.2699333333333334,0.9106630202088142
v_BaseballPitch_g12_c04.avi,BaseballPitch,2.0020000000000002,0.9106630202088142
v_BaseballPitch_g13_c01.avi,BaseballPitch,4.2042,0.9106630202088142
v_BaseballPitch_g13_c02.avi,BaseballPitch,4.1041,0.9106630202088142
v_BaseballPitch_g13_c03.avi,BaseballPitch,4.671333333333333,0.9106630202088142
v_BaseballPitch_g13_c04.avi,BaseballPitch,4.371033333333333,0.9106630202088142
v_BaseballPitch_g13_c05.avi,BaseballPitch,2.5025,0.9106630202088142
v_BaseballPitch_g13_c06.avi,BaseballPitch,2.5025,0.9106630202088142
v_BaseballPitch_g13_c07.avi,BaseballPitch,3.6036,0.9106630202088142
v_BaseballPitch_g14_c01.avi,BaseballPitch,3.4701333333333335,0.9106630202088142
v_BaseballPitch_g14_c02.avi,BaseballPitch,4.6046000000000005,0.9106630202088142
v_BaseballPitch_g14_c03.avi,BaseballPitch,3.2365666666666666,0.9106630202088142
v_BaseballPitch_g14_c04.avi,BaseballPitch,3.636966666666667,0.9106630202088142
v_BaseballPitch_g15_c01.avi,BaseballPitch,2.3356666666666666,0.9106630202088142
v_BaseballPitch_g15_c02.avi,BaseballPitch,2.435766666666667,0.9106630202088142
v_BaseballPitch_g15_c03.avi,BaseballPitch,2.5025,0.9106630202088142
v_BaseballPitch_g15_c04.avi,BaseballPitch,2.8695333333333335,0.9106630202088142
v_BaseballPitch_g15_c05.avi,BaseballPitch,2.435766666666667,0.9106630202088142
v_BaseballPitch_g15_c06.avi,BaseballPitch,2.6359666666666666,0.9106630202088142
v_BaseballPitch_g15_c07.avi,BaseballPitch,2.736066666666667,0.9106630202088142
v_BaseballPitch_g16_c01.avi,BaseballPitch,2.9029000000000003,0.9106630202088142
v_BaseballPitch_g16_c02.avi,BaseballPitch,3.5368666666666666,0.9106630202088142
v_BaseballPitch_g16_c03.avi,BaseballPitch,4.2042,0.9106630202088142
v_BaseballPitch_g16_c04.avi,BaseballPitch,3.2365666666666666,0.9106630202088142
v_BaseballPitch_g16_c05.avi,BaseballPitch,2.8028,0.9106630202088142
v_BaseballPitch_g16_c06.avi,BaseballPitch,2.6026000000000002,0.9106630202088142
v_BaseballPitch_g17_c01.avi,BaseballPitch,4.471133333333333,0.9106630202088142
v_BaseballPitch_g17_c02.avi,BaseballPitch,3.4034,0.9106630202088142
v_BaseballPitch_g17_c03.avi,BaseballPitch,2.9029000000000003,0.9106630202088142
v_BaseballPitch_g17_c04.avi,BaseballPitch,2.6693333333333333,0.9106630202088142
v_BaseballPitch_g17_c05.avi,BaseballPitch,2.435766666666667,0.9106630202088142
v_BaseballPitch_g17_c06.avi,BaseballPitch,2.2689333333333335,0.9106630202088142
v_BaseballPitch_g17_c07.avi,BaseballPitch,2.2022,0.9106630202088142
v_BaseballPitch_g18_c01.avi,BaseballPitch,2.3356666666666666,0.9106630202088142
v_BaseballPitch_g18_c02.avi,BaseballPitch,4.537866666666667,0.9106630202088142
v_BaseballPitch_g18_c03.avi,BaseballPitch,4.537866666666667,0.9106630202088142
v_BaseballPitch_g18_c04.avi,BaseballPitch,2.6359666666666666,0.9106630202088142
v_BaseballPitch_g18_c05.avi,BaseballPitch,5.8058000000000005,0.9106630202088142
v_BaseballPitch_g18_c06.avi,BaseballPitch,2.2355666666666667,0.9106630202088142
v_BaseballPitch_g18_c07.avi,BaseballPitch,2.5025,0.9106630202088142
v_BaseballPitch_g19_c01.avi,BaseballPitch,3.636966666666667,0.9106630202088142
v_BaseballPitch_g19_c02.avi,BaseballPitch,5.171833333333334,0.9106630202088142
v_BaseballPitch_g19_c03.avi,BaseballPitch,5.171833333333334,0.9106630202088142
v_BaseballPitch_g19_c04.avi,BaseballPitch,4.437766666666667,0.9106630202088142
v_BaseballPitch_g19_c05.avi,BaseballPitch,3.1364666666666667,0.9106630202088142
v_BaseballPitch_g20_c01.avi,BaseballPitch,3.7037,0.9106630202088142
v_BaseballPitch_g20_c02.avi,BaseballPitch,3.6703333333333332,0.9106630202088142
v_BaseballPitch_g20_c03.avi,BaseballPitch,3.1364666666666667,0.9106630202088142
v_BaseballPitch_g20_c04.avi,BaseballPitch,3.4034,0.9106630202088142
v_BaseballPitch_g21_c01.avi,BaseballPitch,5.372033333333333,0.9106630202088142
v_BaseballPitch_g21_c02.avi,BaseballPitch,2.9362666666666666,0.9106630202088142
v_BaseballPitch_g21_c03.avi,BaseballPitch,5.071733333333333,0.9106630202088142
v_BaseballPitch_g21_c04.avi,BaseballPitch,5.071733333333333,0.9106630202088142
v_BaseballPitch_g22_c01.avi,BaseballPitch,3.4701333333333335,0.9106630202088142
v_BaseballPitch_g22_c02.avi,BaseballPitch,3.4701333333333335,0.9106630202088142
v_BaseballPitch_g22_c03.avi,BaseballPitch,3.036366666666667,0.9106630202088142
v_BaseballPitch_g22_c04.avi,BaseballPitch,3.1364666666666667,0.9106630202088142
v_BaseballPitch_g22_c05.avi,BaseballPitch,2.3356666666666666,0.9106630202088142
v_BaseballPitch_g22_c06.avi,BaseballPitch,2.3690333333333333,0.9106630202088142
v_BaseballPitch_g22_c07.avi,BaseballPitch,2.3023000000000002,0.9106630202088142
v_BaseballPitch_g23_c01.avi,BaseballPitch,3.7704333333333335,0.9106630202088142
v_BaseballPitch_g23_c02.avi,BaseballPitch,2.8028,0.9106630202088142
v_BaseballPitch_g23_c03.avi,BaseballPitch,2.6026000000000002,0.9106630202088142
v_BaseballPitch_g23_c04.avi,BaseballPitch,3.6036,0.9106630202088142
v_BaseballPitch_g23_c05.avi,BaseballPitch,3.8705333333333334,0.9106630202088142
v_BaseballPitch_g23_c06.avi,BaseballPitch,3.6036,0.9106630202088142
v_BaseballPitch_g23_c07.avi,BaseballPitch,3.4701333333333335,0.9106630202088142
v_BaseballPitch_g24_c01.avi,BaseballPitch,4.871533333333334,0.9106630202088142
v_BaseballPitch_g24_c02.avi,BaseballPitch,3.9706333333333332,0.9106630202088142
v_BaseballPitch_g24_c03.avi,BaseballPitch,4.7047,0.9106630202088142
v_BaseballPitch_g24_c04.avi,BaseballPitch,3.8705333333333334,0.9106630202088142
v_BaseballPitch_g24_c05.avi,BaseballPitch,4.3043000000000005,0.9106630202088142
v_BaseballPitch_g24_c06.avi,BaseballPitch,4.0040000000000004,0.9106630202088142
v_BaseballPitch_g24_c07.avi,BaseballPitch,4.2042,0.9106630202088142
v_BaseballPitch_g25_c01.avi,BaseballPitch,4.437766666666667,0.9106630202088142
v_BaseballPitch_g25_c02.avi,BaseballPitch,3.370033333333333,0.9106630202088142
v_BaseballPitch_g25_c03.avi,BaseballPitch,2.435766666666667,0.9106630202088142
v_BaseballPitch_g25_c04.avi,BaseballPitch,3.8038,0.9106630202088142
v_BaseballPitch_g25_c05.avi,BaseballPitch,3.7037,0.9106630202088142
v_BaseballPitch_g25_c06.avi,BaseballPitch,4.1041,0.9106630202088142
v_BaseballPitch_g25_c07.avi,BaseballPitch,4.4044,0.9106630202088142
v_Basketball_g01_c01.avi,Basketball,4.7047,2.5725708982273208
v_Basketball_g01_c02.avi,Basketball,6.006,2.5725708982273208
v_Basketball_g01_c03.avi,Basketball,6.8735333333333335,2.5725708982273208
v_Basketball_g01_c04.avi,Basketball,3.6036,2.5725708982273208
v_Basketball_g01_c05.avi,Basketball,4.7047,2.5725708982273208
v_Basketball_g01_c06.avi,Basketball,4.938266666666666,2.5725708982273208
v_Basketball_g01_c07.avi,Basketball,3.336666666666667,2.5725708982273208
v_Basketball_g02_c01.avi,Basketball,1.7684333333333333,2.5725708982273208
v_Basketball_g02_c02.avi,Basketball,1.8685333333333334,2.5725708982273208
v_Basketball_g02_c03.avi,Basketball,3.7370666666666668,2.5725708982273208
v_Basketball_g02_c04.avi,Basketball,2.6693333333333333,2.5725708982273208
v_Basketball_g02_c05.avi,Basketball,4.8048,2.5725708982273208
v_Basketball_g02_c06.avi,Basketball,4.137466666666667,2.5725708982273208
v_Basketball_g03_c01.avi,Basketball,4.6046000000000005,2.5725708982273208
v_Basketball_g03_c02.avi,Basketball,4.2042,2.5725708982273208
v_Basketball_g03_c03.avi,Basketball,4.0040000000000004,2.5725708982273208
v_Basketball_g03_c04.avi,Basketball,2.6693333333333333,2.5725708982273208
v_Basketball_g03_c05.avi,Basketball,4.1041,2.5725708982273208
v_Basketball_g03_c06.avi,Basketball,2.8695333333333335,2.5725708982273208
v_Basketball_g04_c01.avi,Basketball,3.636966666666667,2.5725708982273208
v_Basketball_g04_c02.avi,Basketball,3.4701333333333335,2.5725708982273208
v_Basketball_g04_c03.avi,Basketball,3.5368666666666666,2.5725708982273208
v_Basketball_g04_c04.avi,Basketball,2.4024,2.5725708982273208
v_Basketball_g05_c01.avi,Basketball,4.471133333333333,2.5725708982273208
v_Basketball_g05_c02.avi,Basketball,3.7037,2.5725708982273208
v_Basketball_g05_c03.avi,Basketball,3.336666666666667,2.5725708982273208
v_Basketball_g05_c04.avi,Basketball,2.9029000000000003,2.5725708982273208
v_Basketball_g06_c01.avi,Basketball,2.3690333333333333,2.5725708982273208
v_Basketball_g06_c02.avi,Basketball,3.370033333333333,2.5725708982273208
v_Basketball_g06_c03.avi,Basketball,3.036366666666667,2.5725708982273208
v_Basketball_g06_c04.avi,Basketball,2.5692333333333335,2.5725708982273208
v_Basketball_g07_c01.avi,Basketball,4.738066666666667,2.5725708982273208
v_Basketball_g07_c02.avi,Basketball,3.370033333333333,2.5725708982273208
v_Basketball_g07_c03.avi,Basketball,5.005,2.5725708982273208
v_Basketball_g07_c04.avi,Basketball,3.370033333333333,2.5725708982273208
v_Basketball_g08_c01.avi,Basketball,5.7057,2.5725708982273208
v_Basketball_g08_c02.avi,Basketball,2.8028,2.5725708982273208
v_Basketball_g08_c03.avi,Basketball,3.2032000000000003,2.5725708982273208
v_Basketball_g08_c04.avi,Basketball,3.370033333333333,2.5725708982273208
v_Basketball_g09_c01.avi,Basketball,3.7037,2.5725708982273208
v_Basketball_g09_c02.avi,Basketball,3.4701333333333335,2.5725708982273208
v_Basketball_g09_c03.avi,Basketball,2.8361666666666667,2.5725708982273208
v_Basketball_g09_c04.avi,Basketball,3.370033333333333,2.5725708982273208
v_Basketball_g09_c05.avi,Basketball,4.070733333333333,2.5725708982273208
v_Basketball_g10_c01.avi,Basketball,4.270933333333334,2.5725708982273208
v_Basketball_g10_c02.avi,Basketball,4.137466666666667,2.5725708982273208
v_Basketball_g10_c03.avi,Basketball,3.8705333333333334,2.5725708982273208
v_Basketball_g10_c04.avi,Basketball,3.4367666666666667,2.5725708982273208
v_Basketball_g10_c05.avi,Basketball,3.9039,2.5725708982273208
v_Basketball_g11_c01.avi,Basketball,3.5035000000000003,2.5725708982273208
v_Basketball_g11_c02.avi,Basketball,4.771433333333333,2.5725708982273208
v_Basketball_g11_c03.avi,Basketball,2.5025,2.5725708982273208
v_Basketball_g11_c04.avi,Basketball,2.5692333333333335,2.5725708982273208
v_Basketball_g11_c05.avi,Basketball,2.9029000000000003,2.5725708982273208
v_Basketball_g12_c01.avi,Basketball,9.275933333333333,2.5725708982273208
v_Basketball_g12_c02.avi,Basketball,6.139466666666666,2.5725708982273208
v_Basketball_g12_c03.avi,Basketball,4.571233333333334,2.5725708982273208
v_Basketball_g12_c04.avi,Basketball,7.6076,2.5725708982273208
v_Basketball_g12_c05.avi,Basketball,7.741066666666667,2.5725708982273208
v_Basketball_g13_c01.avi,Basketball,10.01,2.5725708982273208
v_Basketball_g13_c02.avi,Basketball,11.011000000000001,2.5725708982273208
v_Basketball_g13_c03.avi,Basketball,10.5105,2.5725708982273208
v_Basketball_g13_c04.avi,Basketball,10.01,2.5725708982273208
v_Basketball_g14_c01.avi,Basketball,2.7027,2.5725708982273208
v_Basketball_g14_c02.avi,Basketball,4.371033333333333,2.5725708982273208
v_Basketball_g14_c03.avi,Basketball,2.9696333333333333,2.5725708982273208
v_Basketball_g14_c04.avi,Basketball,2.9362666666666666,2.5725708982273208
v_Basketball_g14_c05.avi,Basketball,3.036366666666667,2.5725708982273208
v_Basketball_g15_c01.avi,Basketball,4.0040000000000004,2.5725708982273208
v_Basketball_g15_c02.avi,Basketball,5.071733333333333,2.5725708982273208
v_Basketball_g15_c03.avi,Basketball,6.5065,2.5725708982273208
v_Basketball_g15_c04.avi,Basketball,3.7370666666666668,2.5725708982273208
v_Basketball_g15_c05.avi,Basketball,5.8058000000000005,2.5725708982273208
v_Basketball_g15_c06.avi,Basketball,6.172833333333333,2.5725708982273208
v_Basketball_g15_c07.avi,Basketball,5.472133333333334,2.5725708982273208
v_Basketball_g16_c01.avi,Basketball,17.6176,2.5725708982273208
v_Basketball_g16_c02.avi,Basketball,17.283933333333334,2.5725708982273208
v_Basketball_g16_c03.avi,Basketball,4.371033333333333,2.5725708982273208
v_Basketball_g16_c04.avi,Basketball,3.2032000000000003,2.5725708982273208
v_Basketball_g16_c05.avi,Basketball,15.7157,2.5725708982273208
v_Basketball_g16_c06.avi,Basketball,11.544866666666667,2.5725708982273208
v_Basketball_g17_c01.avi,Basketball,5.1051,2.5725708982273208
v_Basketball_g17_c02.avi,Basketball,3.8371666666666666,2.5725708982273208
v_Basketball_g17_c03.avi,Basketball,7.140466666666667,2.5725708982273208
v_Basketball_g17_c04.avi,Basketball,2.8028,2.5725708982273208
v_Basketball_g18_c01.avi,Basketball,7.874533333333334,2.5725708982273208
v_Basketball_g18_c02.avi,Basketball,3.4034,2.5725708982273208
v_Basketball_g18_c03.avi,Basketball,6.006,2.5725708982273208
v_Basketball_g18_c04.avi,Basketball,6.2729333333333335,2.5725708982273208
v_Basketball_g18_c05.avi,Basketball,4.871533333333334,2.5725708982273208
v_Basketball_g19_c01.avi,Basketball,2.6026000000000002,2.5725708982273208
v_Basketball_g19_c02.avi,Basketball,4.771433333333333,2.5725708982273208
v_Basketball_g19_c03.avi,Basketball,4.0040000000000004,2.5725708982273208
v_Basketball_g19_c04.avi,Basketball,3.937266666666667,2.5725708982273208
v_Basketball_g19_c05.avi,Basketball,5.038366666666667,2.5725708982273208
v_Basketball_g19_c06.avi,Basketball,3.370033333333333,2.5725708982273208
v_Basketball_g19_c07.avi,Basketball,4.571233333333334,2.5725708982273208
v_Basketball_g20_c01.avi,Basketball,4.0040000000000004,2.5725708982273208
v_Basketball_g20_c02.avi,Basketball,5.839166666666666,2.5725708982273208
v_Basketball_g20_c03.avi,Basketball,3.5035000000000003,2.5725708982273208
v_Basketball_g20_c04.avi,Basketball,4.0040000000000004,2.5725708982273208
v_Basketball_g20_c05.avi,Basketball,4.0040000000000004,2.5725708982273208
v_Basketball_g20_c06.avi,Basketball,2.9362666666666666,2.5725708982273208
v_Basketball_g20_c07.avi,Basketball,2.469133333333333,2.5725708982273208
v_Basketball_g21_c01.avi,Basketball,2.3356666666666666,2.5725708982273208
v_Basketball_g21_c02.avi,Basketball,3.336666666666667,2.5725708982273208
v_Basketball_g21_c03.avi,Basketball,6.072733333333334,2.5725708982273208
v_Basketball_g21_c04.avi,Basketball,4.337666666666666,2.5725708982273208
v_Basketball_g21_c05.avi,Basketball,6.006,2.5725708982273208
v_Basketball_g21_c06.avi,Basketball,2.8028,2.5725708982273208
v_Basketball_g22_c01.avi,Basketball,4.0040000000000004,2.5725708982273208
v_Basketball_g22_c02.avi,Basketball,3.4034,2.5725708982273208
v_Basketball_g22_c03.avi,Basketball,4.4044,2.5725708982273208
v_Basketball_g22_c04.avi,Basketball,3.370033333333333,2.5725708982273208
v_Basketball_g22_c05.avi,Basketball,2.9362666666666666,2.5725708982273208
v_Basketball_g22_c06.avi,Basketball,3.370033333333333,2.5725708982273208
v_Basketball_g22_c07.avi,Basketball,3.3033,2.5725708982273208
v_Basketball_g23_c01.avi,Basketball,4.6046000000000005,2.5725708982273208
v_Basketball_g23_c02.avi,Basketball,4.0040000000000004,2.5725708982273208
v_Basketball_g23_c03.avi,Basketball,4.0040000000000004,2.5725708982273208
v_Basketball_g23_c04.avi,Basketball,4.0040000000000004,2.5725708982273208
v_Basketball_g23_c05.avi,Basketball,3.4701333333333335,2.5725708982273208
v_Basketball_g23_c06.avi,Basketball,3.2365666666666666,2.5725708982273208
v_Basketball_g24_c01.avi,Basketball,4.437766666666667,2.5725708982273208
v_Basketball_g24_c02.avi,Basketball,4.0040000000000004,2.5725708982273208
v_Basketball_g24_c03.avi,Basketball,3.9039,2.5725708982273208
v_Basketball_g24_c04.avi,Basketball,4.0040000000000004,2.5725708982273208
v_Basketball_g25_c01.avi,Basketball,4.170833333333333,2.5725708982273208
v_Basketball_g25_c02.avi,Basketball,5.9726333333333335,2.5725708982273208
v_Basketball_g25_c03.avi,Basketball,4.871533333333334,2.5725708982273208
v_Basketball_g25_c04.avi,Basketball,3.6036,2.5725708982273208
v_Basketball_g25_c05.avi,Basketball,6.006,2.5725708982273208
v_Basketball_g25_c06.avi,Basketball,3.7037,2.5725708982273208
v_Basketball_g25_c07.avi,Basketball,4.371033333333333,2.5725708982273208
v_BasketballDunk_g01_c01.avi,BasketballDunk,2.44,0.9090584780421408
v_BasketballDunk_g01_c02.avi,BasketballDunk,2.6,0.9090584780421408
v_BasketballDunk_g01_c03.avi,BasketballDunk,2.84,0.9090584780421408
v_BasketballDunk_g01_c04.avi,BasketballDunk,2.44,0.9090584780421408
v_BasketballDunk_g01_c05.avi,BasketballDunk,2.64,0.9090584780421408
v_BasketballDunk_g01_c06.avi,BasketballDunk,3.2,0.9090584780421408
v_BasketballDunk_g01_c07.avi,BasketballDunk,2.28,0.9090584780421408
v_BasketballDunk_g02_c01.avi,BasketballDunk,2.24,0.9090584780421408
v_BasketballDunk_g02_c02.avi,BasketballDunk,4.36,0.9090584780421408
v_BasketballDunk_g02_c03.avi,BasketballDunk,2.84,0.9090584780421408
v_BasketballDunk_g02_c04.avi,BasketballDunk,2.32,0.9090584780421408
v_BasketballDunk_g03_c01.avi,BasketballDunk,2.32,0.9090584780421408
v_BasketballDunk_g03_c02.avi,BasketballDunk,3.04,0.9090584780421408
v_BasketballDunk_g03_c03.avi,BasketballDunk,2.96,0.9090584780421408
v_BasketballDunk_g03_c04.avi,BasketballDunk,3.24,0.9090584780421408
v_BasketballDunk_g03_c05.avi,BasketballDunk,2.84,0.9090584780421408
v_BasketballDunk_g03_c06.avi,BasketballDunk,2.64,0.9090584780421408
v_BasketballDunk_g04_c01.avi,BasketballDunk,2.04,0.9090584780421408
v_BasketballDunk_g04_c02.avi,BasketballDunk,2.2,0.9090584780421408
v_BasketballDunk_g04_c03.avi,BasketballDunk,2.48,0.9090584780421408
v_BasketballDunk_g04_c04.avi,BasketballDunk,1.92,0.9090584780421408
v_BasketballDunk_g05_c01.avi,BasketballDunk,2.08,0.9090584780421408
v_BasketballDunk_g05_c02.avi,BasketballDunk,3.2,0.9090584780421408
v_BasketballDunk_g05_c03.avi,BasketballDunk,2.24,0.9090584780421408
v_BasketballDunk_g05_c04.avi,BasketballDunk,2.08,0.9090584780421408
v_BasketballDunk_g05_c05.avi,BasketballDunk,2.12,0.9090584780421408
v_BasketballDunk_g05_c06.avi,BasketballDunk,3.36,0.9090584780421408
v_BasketballDunk_g06_c01.avi,BasketballDunk,2.08,0.9090584780421408
v_BasketballDunk_g06_c02.avi,BasketballDunk,2.44,0.9090584780421408
v_BasketballDunk_g06_c03.avi,BasketballDunk,2.12,0.9090584780421408
v_BasketballDunk_g06_c04.avi,BasketballDunk,2.52,0.9090584780421408
v_BasketballDunk_g07_c01.avi,BasketballDunk,1.68,0.9090584780421408
v_BasketballDunk_g07_c02.avi,BasketballDunk,1.4,0.9090584780421408
v_BasketballDunk_g07_c03.avi,BasketballDunk,2.12,0.9090584780421408
v_BasketballDunk_g07_c04.avi,BasketballDunk,1.84,0.9090584780421408
v_BasketballDunk_g07_c05.avi,BasketballDunk,1.48,0.9090584780421408
v_BasketballDunk_g07_c06.avi,BasketballDunk,2.04,0.9090584780421408
v_BasketballDunk_g08_c01.avi,BasketballDunk,2.04,0.9090584780421408
v_BasketballDunk_g08_c02.avi,BasketballDunk,2.64,0.9090584780421408
v_BasketballDunk_g08_c03.avi,BasketballDunk,2.36,0.9090584780421408
v_BasketballDunk_g08_c04.avi,BasketballDunk,2.36,0.9090584780421408
v_BasketballDunk_g08_c05.avi,BasketballDunk,3.48,0.9090584780421408
v_BasketballDunk_g09_c01.avi,BasketballDunk,3.4,0.9090584780421408
v_BasketballDunk_g09_c02.avi,BasketballDunk,2.88,0.9090584780421408
v_BasketballDunk_g09_c03.avi,BasketballDunk,3.28,0.9090584780421408
v_BasketballDunk_g09_c04.avi,BasketballDunk,3.24,0.9090584780421408
v_BasketballDunk_g09_c05.avi,BasketballDunk,2.44,0.9090584780421408
v_BasketballDunk_g10_c01.avi,BasketballDunk,3.64,0.9090584780421408
v_BasketballDunk_g10_c02.avi,BasketballDunk,2.4,0.9090584780421408
v_BasketballDunk_g10_c03.avi,BasketballDunk,2.8,0.9090584780421408
v_BasketballDunk_g10_c04.avi,BasketballDunk,2.76,0.9090584780421408
v_BasketballDunk_g10_c05.avi,BasketballDunk,3.92,0.9090584780421408
v_BasketballDunk_g11_c01.avi,BasketballDunk,4.6,0.9090584780421408
v_BasketballDunk_g11_c02.avi,BasketballDunk,3.36,0.9090584780421408
v_BasketballDunk_g11_c03.avi,BasketballDunk,3.8,0.9090584780421408
v_BasketballDunk_g11_c04.avi,BasketballDunk,3.44,0.9090584780421408
v_BasketballDunk_g11_c05.avi,BasketballDunk,3.64,0.9090584780421408
v_BasketballDunk_g12_c01.avi,BasketballDunk,2.0,0.9090584780421408
v_BasketballDunk_g12_c02.avi,BasketballDunk,2.24,0.9090584780421408
v_BasketballDunk_g12_c03.avi,BasketballDunk,2.8,0.9090584780421408
v_BasketballDunk_g12_c04.avi,BasketballDunk,2.32,0.9090584780421408
v_BasketballDunk_g12_c05.avi,BasketballDunk,2.72,0.9090584780421408
v_BasketballDunk_g13_c01.avi,BasketballDunk,1.88,0.9090584780421408
v_BasketballDunk_g13_c02.avi,BasketballDunk,2.68,0.9090584780421408
v_BasketballDunk_g13_c03.avi,BasketballDunk,4.24,0.9090584780421408
v_BasketballDunk_g13_c04.avi,BasketballDunk,2.88,0.9090584780421408
v_BasketballDunk_g14_c01.avi,BasketballDunk,3.52,0.9090584780421408
v_BasketballDunk_g14_c02.avi,BasketballDunk,3.28,0.9090584780421408
v_BasketballDunk_g14_c03.avi,BasketballDunk,3.48,0.9090584780421408
v_BasketballDunk_g14_c04.avi,BasketballDunk,3.52,0.9090584780421408
v_BasketballDunk_g14_c05.avi,BasketballDunk,3.28,0.9090584780421408
v_BasketballDunk_g14_c06.avi,BasketballDunk,5.0,0.9090584780421408
v_BasketballDunk_g14_c07.avi,BasketballDunk,3.92,0.9090584780421408
v_BasketballDunk_g15_c01.avi,BasketballDunk,3.08,0.9090584780421408
v_BasketballDunk_g15_c02.avi,BasketballDunk,3.28,0.9090584780421408
v_BasketballDunk_g15_c03.avi,BasketballDunk,4.96,0.9090584780421408
v_BasketballDunk_g15_c04.avi,BasketballDunk,4.08,0.9090584780421408
v_BasketballDunk_g15_c05.avi,BasketballDunk,3.16,0.9090584780421408
v_BasketballDunk_g15_c06.avi,BasketballDunk,4.08,0.9090584780421408
v_BasketballDunk_g15_c07.avi,BasketballDunk,3.2,0.9090584780421408
v_BasketballDunk_g16_c01.avi,BasketballDunk,3.04,0.9090584780421408
v_BasketballDunk_g16_c02.avi,BasketballDunk,3.0,0.9090584780421408
v_BasketballDunk_g16_c03.avi,BasketballDunk,2.56,0.9090584780421408
v_BasketballDunk_g16_c04.avi,BasketballDunk,2.36,0.9090584780421408
v_BasketballDunk_g16_c05.avi,BasketballDunk,2.96,0.9090584780421408
v_BasketballDunk_g16_c06.avi,BasketballDunk,3.04,0.9090584780421408
v_BasketballDunk_g17_c01.avi,BasketballDunk,2.84,0.9090584780421408
v_BasketballDunk_g17_c02.avi,BasketballDunk,2.64,0.9090584780421408
v_BasketballDunk_g17_c03.avi,BasketballDunk,2.96,0.9090584780421408
v_BasketballDunk_g17_c04.avi,BasketballDunk,3.32,0.9090584780421408
v_BasketballDunk_g17_c05.avi,BasketballDunk,2.44,0.9090584780421408
v_BasketballDunk_g17_c06.avi,BasketballDunk,2.44,0.9090584780421408
v_BasketballDunk_g17_c07.avi,BasketballDunk,3.0,0.9090584780421408
v_BasketballDunk_g18_c01.avi,BasketballDunk,3.04,0.9090584780421408
v_BasketballDunk_g18_c02.avi,BasketballDunk,2.68,0.9090584780421408
v_BasketballDunk_g18_c03.avi,BasketballDunk,2.96,0.9090584780421408
v_BasketballDunk_g18_c04.avi,BasketballDunk,2.04,0.9090584780421408
v_BasketballDunk_g18_c05.avi,BasketballDunk,2.96,0.9090584780421408
v_BasketballDunk_g18_c06.avi,BasketballDunk,2.68,0.9090584780421408
v_BasketballDunk_g19_c01.avi,BasketballDunk,2.96,0.9090584780421408
v_BasketballDunk_g19_c02.avi,BasketballDunk,2.04,0.9090584780421408
v_BasketballDunk_g19_c03.avi,BasketballDunk,2.32,0.9090584780421408
v_BasketballDunk_g19_c04.avi,BasketballDunk,2.12,0.9090584780421408
v_BasketballDunk_g20_c01.avi,BasketballDunk,2.64,0.9090584780421408
v_BasketballDunk_g20_c02.avi,BasketballDunk,2.12,0.9090584780421408
v_BasketballDunk_g20_c03.avi,BasketballDunk,2.68,0.9090584780421408
v_BasketballDunk_g20_c04.avi,BasketballDunk,3.12,0.9090584780421408
v_BasketballDunk_g20_c05.avi,BasketballDunk,2.88,0.9090584780421408
v_BasketballDunk_g20_c06.avi,BasketballDunk,2.88,0.9090584780421408
v_BasketballDunk_g21_c01.avi,BasketballDunk,3.36,0.9090584780421408
v_BasketballDunk_g21_c02.avi,BasketballDunk,3.8,0.9090584780421408
v_BasketballDunk_g21_c03.avi,BasketballDunk,4.64,0.9090584780421408
v_BasketballDunk_g21_c04.avi,BasketballDunk,5.92,0.9090584780421408
v_BasketballDunk_g22_c01.avi,BasketballDunk,2.88,0.9090584780421408
v_BasketballDunk_g22_c02.avi,BasketballDunk,2.72,0.9090584780421408
v_BasketballDunk_g22_c03.avi,BasketballDunk,4.44,0.9090584780421408
v_BasketballDunk_g22_c04.avi,BasketballDunk,3.84,0.9090584780421408
v_BasketballDunk_g23_c01.avi,BasketballDunk,3.64,0.9090584780421408
v_BasketballDunk_g23_c02.avi,BasketballDunk,3.4,0.9090584780421408
v_BasketballDunk_g23_c03.avi,BasketballDunk,4.44,0.9090584780421408
v_BasketballDunk_g23_c04.avi,BasketballDunk,5.48,0.9090584780421408
v_BasketballDunk_g23_c05.avi,BasketballDunk,3.72,0.9090584780421408
v_BasketballDunk_g24_c01.avi,BasketballDunk,3.4,0.9090584780421408
v_BasketballDunk_g24_c02.avi,BasketballDunk,4.2,0.9090584780421408
v_BasketballDunk_g24_c03.avi,BasketballDunk,3.12,0.9090584780421408
v_BasketballDunk_g24_c04.avi,BasketballDunk,6.2,0.9090584780421408
v_BasketballDunk_g24_c05.avi,BasketballDunk,6.72,0.9090584780421408
v_BasketballDunk_g25_c01.avi,BasketballDunk,3.28,0.9090584780421408
v_BasketballDunk_g25_c02.avi,BasketballDunk,4.68,0.9090584780421408
v_BasketballDunk_g25_c03.avi,BasketballDunk,3.24,0.9090584780421408
v_BasketballDunk_g25_c04.avi,BasketballDunk,3.56,0.9090584780421408
v_BenchPress_g01_c01.avi,BenchPress,6.04,2.398028068299494
v_BenchPress_g01_c02.avi,BenchPress,7.2,2.398028068299494
v_BenchPress_g01_c03.avi,BenchPress,4.16,2.398028068299494
v_BenchPress_g01_c04.avi,BenchPress,4.2,2.398028068299494
v_BenchPress_g01_c05.avi,BenchPress,3.52,2.398028068299494
v_BenchPress_g01_c06.avi,BenchPress,4.44,2.398028068299494
v_BenchPress_g02_c01.avi,BenchPress,3.24,2.398028068299494
v_BenchPress_g02_c02.avi,BenchPress,3.92,2.398028068299494
v_BenchPress_g02_c03.avi,BenchPress,8.84,2.398028068299494
v_BenchPress_g02_c04.avi,BenchPress,3.8,2.398028068299494
v_BenchPress_g02_c05.avi,BenchPress,2.92,2.398028068299494
v_BenchPress_g02_c06.avi,BenchPress,2.88,2.398028068299494
v_BenchPress_g02_c07.avi,BenchPress,3.12,2.398028068299494
v_BenchPress_g03_c01.avi,BenchPress,3.72,2.398028068299494
v_BenchPress_g03_c02.avi,BenchPress,4.0,2.398028068299494
v_BenchPress_g03_c03.avi,BenchPress,6.24,2.398028068299494
v_BenchPress_g03_c04.avi,BenchPress,4.2,2.398028068299494
v_BenchPress_g03_c05.avi,BenchPress,3.36,2.398028068299494
v_BenchPress_g03_c06.avi,BenchPress,3.32,2.398028068299494
v_BenchPress_g03_c07.avi,BenchPress,3.4,2.398028068299494
v_BenchPress_g04_c01.avi,BenchPress,2.8,2.398028068299494
v_BenchPress_g04_c02.avi,BenchPress,2.8,2.398028068299494
v_BenchPress_g04_c03.avi,BenchPress,8.32,2.398028068299494
v_BenchPress_g04_c04.avi,BenchPress,8.16,2.398028068299494
v_BenchPress_g04_c05.avi,BenchPress,5.92,2.398028068299494
v_BenchPress_g04_c06.avi,BenchPress,7.04,2.398028068299494
v_BenchPress_g04_c07.avi,BenchPress,3.0,2.398028068299494
v_BenchPress_g05_c01.avi,BenchPress,2.96,2.398028068299494
v_BenchPress_g05_c02.avi,BenchPress,2.68,2.398028068299494
v_BenchPress_g05_c03.avi,BenchPress,2.6,2.398028068299494
v_BenchPress_g05_c04.avi,BenchPress,11.92,2.398028068299494
v_BenchPress_g05_c05.avi,BenchPress,6.6,2.398028068299494
v_BenchPress_g05_c06.avi,BenchPress,7.8,2.398028068299494
v_BenchPress_g05_c07.avi,BenchPress,2.56,2.398028068299494
v_BenchPress_g06_c01.avi,BenchPress,2.72,2.398028068299494
v_BenchPress_g06_c02.avi,BenchPress,2.64,2.398028068299494
v_BenchPress_g06_c03.avi,BenchPress,2.6,2.398028068299494
v_BenchPress_g06_c04.avi,BenchPress,10.08,2.398028068299494
v_BenchPress_g06_c05.avi,BenchPress,5.12,2.398028068299494
v_BenchPress_g06_c06.avi,BenchPress,3.84,2.398028068299494
v_BenchPress_g06_c07.avi,BenchPress,3.36,2.398028068299494
v_BenchPress_g07_c01.avi,BenchPress,2.92,2.398028068299494
v_BenchPress_g07_c02.avi,BenchPress,2.84,2.398028068299494
v_BenchPress_g07_c03.avi,BenchPress,2.88,2.398028068299494
v_BenchPress_g07_c04.avi,BenchPress,10.88,2.398028068299494
v_BenchPress_g07_c05.avi,BenchPress,5.28,2.398028068299494
v_BenchPress_g07_c06.avi,BenchPress,3.48,2.398028068299494
v_BenchPress_g07_c07.avi,BenchPress,3.16,2.398028068299494
v_BenchPress_g08_c01.avi,BenchPress,2.56,2.398028068299494
v_BenchPress_g08_c02.avi,BenchPress,2.44,2.398028068299494
v_BenchPress_g08_c03.avi,BenchPress,2.28,2.398028068299494
v_BenchPress_g08_c04.avi,BenchPress,2.4,2.398028068299494
v_BenchPress_g08_c05.avi,BenchPress,7.48,2.398028068299494
v_BenchPress_g08_c06.avi,BenchPress,3.44,2.398028068299494
v_BenchPress_g08_c07.avi,BenchPress,2.88,2.398028068299494
v_BenchPress_g09_c01.avi,BenchPress,3.4,2.398028068299494
v_BenchPress_g09_c02.avi,BenchPress,2.8,2.398028068299494
v_BenchPress_g09_c03.avi,BenchPress,2.76,2.398028068299494
v_BenchPress_g09_c04.avi,BenchPress,2.72,2.398028068299494
v_BenchPress_g09_c05.avi,BenchPress,2.52,2.398028068299494
v_BenchPress_g09_c06.avi,BenchPress,8.44,2.398028068299494
v_BenchPress_g09_c07.avi,BenchPress,4.36,2.398028068299494
v_BenchPress_g10_c01.avi,BenchPress,4.48,2.398028068299494
v_BenchPress_g10_c02.avi,BenchPress,4.32,2.398028068299494
v_BenchPress_g10_c03.avi,BenchPress,9.72,2.398028068299494
v_BenchPress_g10_c04.avi,BenchPress,5.36,2.398028068299494
v_BenchPress_g11_c01.avi,BenchPress,3.92,2.398028068299494
v_BenchPress_g11_c02.avi,BenchPress,3.8,2.398028068299494
v_BenchPress_g11_c03.avi,BenchPress,3.72,2.398028068299494
v_BenchPress_g11_c04.avi,BenchPress,10.04,2.398028068299494
v_BenchPress_g11_c05.avi,BenchPress,4.56,2.398028068299494
v_BenchPress_g12_c01.avi,BenchPress,2.6,2.398028068299494
v_BenchPress_g12_c02.avi,BenchPress,2.52,2.398028068299494
v_BenchPress_g12_c03.avi,BenchPress,7.76,2.398028068299494
v_BenchPress_g12_c04.avi,BenchPress,4.12,2.398028068299494
v_BenchPress_g12_c05.avi,BenchPress,3.36,2.398028068299494
v_BenchPress_g12_c06.avi,BenchPress,2.92,2.398028068299494
v_BenchPress_g12_c07.avi,BenchPress,2.72,2.398028068299494
v_BenchPress_g13_c01.avi,BenchPress,5.6,2.398028068299494
v_BenchPress_g13_c02.avi,BenchPress,3.72,2.398028068299494
v_BenchPress_g13_c03.avi,BenchPress,8.0,2.398028068299494
v_BenchPress_g13_c04.avi,BenchPress,5.84,2.398028068299494
v_BenchPress_g13_c05.avi,BenchPress,5.64,2.398028068299494
v_BenchPress_g13_c06.avi,BenchPress,4.08,2.398028068299494
v_BenchPress_g13_c07.avi,BenchPress,4.12,2.398028068299494
v_BenchPress_g14_c01.avi,BenchPress,3.84,2.398028068299494
v_BenchPress_g14_c02.avi,BenchPress,3.96,2.398028068299494
v_BenchPress_g14_c03.avi,BenchPress,4.2,2.398028068299494
v_BenchPress_g14_c04.avi,BenchPress,12.2,2.398028068299494
v_BenchPress_g14_c05.avi,BenchPress,8.48,2.398028068299494
v_BenchPress_g14_c06.avi,BenchPress,7.12,2.398028068299494
v_BenchPress_g14_c07.avi,BenchPress,4.2,2.398028068299494
v_BenchPress_g15_c01.avi,BenchPress,2.68,2.398028068299494
v_BenchPress_g15_c02.avi,BenchPress,2.56,2.398028068299494
v_BenchPress_g15_c03.avi,BenchPress,2.88,2.398028068299494
v_BenchPress_g15_c04.avi,BenchPress,6.8,2.398028068299494
v_BenchPress_g15_c05.avi,BenchPress,2.6,2.398028068299494
v_BenchPress_g15_c06.avi,BenchPress,1.8,2.398028068299494
v_BenchPress_g16_c01.avi,BenchPress,4.28,2.398028068299494
v_BenchPress_g16_c02.avi,BenchPress,3.96,2.398028068299494
v_BenchPress_g16_c03.avi,BenchPress,4.0,2.398028068299494
v_BenchPress_g16_c04.avi,BenchPress,8.72,2.398028068299494
v_BenchPress_g16_c05.avi,BenchPress,4.96,2.398028068299494
v_BenchPress_g17_c01.avi,BenchPress,2.84,2.398028068299494
v_BenchPress_g17_c02.avi,BenchPress,2.72,2.398028068299494
v_BenchPress_g17_c03.avi,BenchPress,2.6,2.398028068299494
v_BenchPress_g17_c04.avi,BenchPress,12.48,2.398028068299494
v_BenchPress_g17_c05.avi,BenchPress,6.88,2.398028068299494
v_BenchPress_g17_c06.avi,BenchPress,4.68,2.398028068299494
v_BenchPress_g17_c07.avi,BenchPress,2.88,2.398028068299494
v_BenchPress_g18_c01.avi,BenchPress,3.72,2.398028068299494
v_BenchPress_g18_c02.avi,BenchPress,4.04,2.398028068299494
v_BenchPress_g18_c03.avi,BenchPress,10.96,2.398028068299494
v_BenchPress_g18_c04.avi,BenchPress,5.08,2.398028068299494
v_BenchPress_g18_c05.avi,BenchPress,4.48,2.398028068299494
v_BenchPress_g18_c06.avi,BenchPress,4.4,2.398028068299494
v_BenchPress_g18_c07.avi,BenchPress,3.12,2.398028068299494
v_BenchPress_g19_c01.avi,BenchPress,3.68,2.398028068299494
v_BenchPress_g19_c02.avi,BenchPress,3.44,2.398028068299494
v_BenchPress_g19_c03.avi,BenchPress,3.28,2.398028068299494
v_BenchPress_g19_c04.avi,BenchPress,9.96,2.398028068299494
v_BenchPress_g19_c05.avi,BenchPress,4.84,2.398028068299494
v_BenchPress_g19_c06.avi,BenchPress,4.12,2.398028068299494
v_BenchPress_g20_c01.avi,BenchPress,3.48,2.398028068299494
v_BenchPress_g20_c02.avi,BenchPress,3.24,2.398028068299494
v_BenchPress_g20_c03.avi,BenchPress,3.64,2.398028068299494
v_BenchPress_g20_c04.avi,BenchPress,8.4,2.398028068299494
v_BenchPress_g20_c05.avi,BenchPress,3.6,2.398028068299494
v_BenchPress_g20_c06.avi,BenchPress,3.52,2.398028068299494
v_BenchPress_g20_c07.avi,BenchPress,3.24,2.398028068299494
v_BenchPress_g21_c01.avi,BenchPress,7.52,2.398028068299494
v_BenchPress_g21_c02.avi,BenchPress,4.4,2.398028068299494
v_BenchPress_g21_c03.avi,BenchPress,3.72,2.398028068299494
v_BenchPress_g21_c04.avi,BenchPress,11.64,2.398028068299494
v_BenchPress_g22_c01.avi,BenchPress,3.52,2.398028068299494
v_BenchPress_g22_c02.avi,BenchPress,3.12,2.398028068299494
v_BenchPress_g22_c03.avi,BenchPress,2.96,2.398028068299494
v_BenchPress_g22_c04.avi,BenchPress,2.84,2.398028068299494
v_BenchPress_g22_c05.avi,BenchPress,2.84,2.398028068299494
v_BenchPress_g22_c06.avi,BenchPress,10.96,2.398028068299494
v_BenchPress_g22_c07.avi,BenchPress,5.28,2.398028068299494
v_BenchPress_g23_c01.avi,BenchPress,5.24,2.398028068299494
v_BenchPress_g23_c02.avi,BenchPress,5.04,2.398028068299494
v_BenchPress_g23_c03.avi,BenchPress,7.04,2.398028068299494
v_BenchPress_g23_c04.avi,BenchPress,6.56,2.398028068299494
v_BenchPress_g23_c05.avi,BenchPress,5.08,2.398028068299494
v_BenchPress_g24_c01.avi,BenchPress,2.76,2.398028068299494
v_BenchPress_g24_c02.avi,BenchPress,2.76,2.398028068299494
v_BenchPress_g24_c03.avi,BenchPress,2.56,2.398028068299494
v_BenchPress_g24_c04.avi,BenchPress,6.64,2.398028068299494
v_BenchPress_g24_c05.avi,BenchPress,4.44,2.398028068299494
v_BenchPress_g24_c06.avi,BenchPress,3.2,2.398028068299494
v_BenchPress_g24_c07.avi,BenchPress,2.96,2.398028068299494
v_BenchPress_g25_c01.avi,BenchPress,4.28,2.398028068299494
v_BenchPress_g25_c02.avi,BenchPress,4.32,2.398028068299494
v_BenchPress_g25_c03.avi,BenchPress,3.88,2.398028068299494
v_BenchPress_g25_c04.avi,BenchPress,8.64,2.398028068299494
v_BenchPress_g25_c05.avi,BenchPress,8.88,2.398028068299494
v_BenchPress_g25_c06.avi,BenchPress,4.92,2.398028068299494
v_BenchPress_g25_c07.avi,BenchPress,5.2,2.398028068299494
v_Biking_g01_c01.avi,Biking,5.038366666666667,2.7367510365268655
v_Biking_g01_c02.avi,Biking,5.038366666666667,2.7367510365268655
v_Biking_g01_c03.avi,Biking,5.038366666666667,2.7367510365268655
v_Biking_g01_c04.avi,Biking,6.039366666666667,2.7367510365268655
v_Biking_g02_c01.avi,Biking,8.008000000000001,2.7367510365268655
v_Biking_g02_c02.avi,Biking,8.008000000000001,2.7367510365268655
v_Biking_g02_c03.avi,Biking,8.008000000000001,2.7367510365268655
v_Biking_g02_c04.avi,Biking,8.008000000000001,2.7367510365268655
v_Biking_g02_c05.avi,Biking,6.006,2.7367510365268655
v_Biking_g02_c06.avi,Biking,8.008000000000001,2.7367510365268655
v_Biking_g02_c07.avi,Biking,8.008000000000001,2.7367510365268655
v_Biking_g03_c01.avi,Biking,12.679333333333334,2.7367510365268655
v_Biking_g03_c02.avi,Biking,12.679333333333334,2.7367510365268655
v_Biking_g03_c03.avi,Biking,11.878533333333333,2.7367510365268655
v_Biking_g03_c04.avi,Biking,12.679333333333334,2.7367510365268655
v_Biking_g04_c01.avi,Biking,8.008000000000001,2.7367510365268655
v_Biking_g04_c02.avi,Biking,6.006,2.7367510365268655
v_Biking_g04_c03.avi,Biking,8.008000000000001,2.7367510365268655
v_Biking_g04_c04.avi,Biking,7.2072,2.7367510365268655
v_Biking_g04_c05.avi,Biking,7.1071,2.7367510365268655
v_Biking_g05_c01.avi,Biking,10.01,2.7367510365268655
v_Biking_g05_c02.avi,Biking,6.7067000000000005,2.7367510365268655
v_Biking_g05_c03.avi,Biking,6.7067000000000005,2.7367510365268655
v_Biking_g05_c04.avi,Biking,6.7067000000000005,2.7367510365268655
v_Biking_g05_c05.avi,Biking,5.438766666666667,2.7367510365268655
v_Biking_g05_c06.avi,Biking,6.006,2.7367510365268655
v_Biking_g05_c07.avi,Biking,6.006,2.7367510365268655
v_Biking_g06_c01.avi,Biking,3.370033333333333,2.7367510365268655
v_Biking_g06_c02.avi,Biking,5.238566666666666,2.7367510365268655
v_Biking_g06_c03.avi,Biking,6.7067000000000005,2.7367510365268655
v_Biking_g06_c04.avi,Biking,7.841166666666667,2.7367510365268655
v_Biking_g06_c05.avi,Biking,6.7067000000000005,2.7367510365268655
v_Biking_g07_c01.avi,Biking,10.01,2.7367510365268655
v_Biking_g07_c02.avi,Biking,12.012,2.7367510365268655
v_Biking_g07_c03.avi,Biking,13.346666666666668,2.7367510365268655
v_Biking_g07_c04.avi,Biking,10.01,2.7367510365268655
v_Biking_g07_c05.avi,Biking,6.4064000000000005,2.7367510365268655
v_Biking_g07_c06.avi,Biking,8.008000000000001,2.7367510365268655
v_Biking_g08_c01.avi,Biking,6.7067000000000005,2.7367510365268655
v_Biking_g08_c02.avi,Biking,4.1041,2.7367510365268655
v_Biking_g08_c03.avi,Biking,6.7067000000000005,2.7367510365268655
v_Biking_g08_c04.avi,Biking,6.7067000000000005,2.7367510365268655
v_Biking_g08_c05.avi,Biking,8.008000000000001,2.7367510365268655
v_Biking_g08_c06.avi,Biking,8.008000000000001,2.7367510365268655
v_Biking_g09_c01.avi,Biking,6.006,2.7367510365268655
v_Biking_g09_c02.avi,Biking,6.006,2.7367510365268655
v_Biking_g09_c03.avi,Biking,6.7067000000000005,2.7367510365268655
v_Biking_g09_c04.avi,Biking,6.539866666666667,2.7367510365268655
v_Biking_g10_c01.avi,Biking,8.008000000000001,2.7367510365268655
v_Biking_g10_c02.avi,Biking,8.008000000000001,2.7367510365268655
v_Biking_g10_c03.avi,Biking,8.008000000000001,2.7367510365268655
v_Biking_g10_c04.avi,Biking,8.008000000000001,2.7367510365268655
v_Biking_g10_c05.avi,Biking,8.008000000000001,2.7367510365268655
v_Biking_g10_c06.avi,Biking,8.008000000000001,2.7367510365268655
v_Biking_g11_c01.avi,Biking,5.038366666666667,2.7367510365268655
v_Biking_g11_c02.avi,Biking,5.038366666666667,2.7367510365268655
v_Biking_g11_c03.avi,Biking,4.371033333333333,2.7367510365268655
v_Biking_g11_c04.avi,Biking,7.007000000000001,2.7367510365268655
v_Biking_g11_c05.avi,Biking,5.171833333333334,2.7367510365268655
v_Biking_g11_c06.avi,Biking,5.071733333333333,2.7367510365268655
v_Biking_g12_c01.avi,Biking,8.008000000000001,2.7367510365268655
v_Biking_g12_c02.avi,Biking,6.773433333333333,2.7367510365268655
v_Biking_g12_c03.avi,Biking,6.7067000000000005,2.7367510365268655
v_Biking_g12_c04.avi,Biking,6.7067000000000005,2.7367510365268655
v_Biking_g13_c01.avi,Biking,5.038366666666667,2.7367510365268655
v_Biking_g13_c02.avi,Biking,5.038366666666667,2.7367510365268655
v_Biking_g13_c03.avi,Biking,3.636966666666667,2.7367510365268655
v_Biking_g13_c04.avi,Biking,8.008000000000001,2.7367510365268655
v_Biking_g13_c05.avi,Biking,7.974633333333333,2.7367510365268655
v_Biking_g13_c06.avi,Biking,5.438766666666667,2.7367510365268655
v_Biking_g14_c01.avi,Biking,4.2042,2.7367510365268655
v_Biking_g14_c02.avi,Biking,5.638966666666667,2.7367510365268655
v_Biking_g14_c03.avi,Biking,4.7047,2.7367510365268655
v_Biking_g14_c04.avi,Biking,5.238566666666666,2.7367510365268655
v_Biking_g15_c01.avi,Biking,8.008000000000001,2.7367510365268655
v_Biking_g15_c02.avi,Biking,8.008000000000001,2.7367510365268655
v_Biking_g15_c03.avi,Biking,8.008000000000001,2.7367510365268655
v_Biking_g15_c04.avi,Biking,8.008000000000001,2.7367510365268655
v_Biking_g15_c05.avi,Biking,8.008000000000001,2.7367510365268655
v_Biking_g16_c01.avi,Biking,8.008000000000001,2.7367510365268655
v_Biking_g16_c02.avi,Biking,6.639966666666667,2.7367510365268655
v_Biking_g16_c03.avi,Biking,5.572233333333333,2.7367510365268655
v_Biking_g16_c04.avi,Biking,6.006,2.7367510365268655
v_Biking_g16_c05.avi,Biking,8.008000000000001,2.7367510365268655
v_Biking_g17_c01.avi,Biking,5.071733333333333,2.7367510365268655
v_Biking_g17_c02.avi,Biking,8.008000000000001,2.7367510365268655
v_Biking_g17_c03.avi,Biking,6.006,2.7367510365268655
v_Biking_g17_c04.avi,Biking,6.8068,2.7367510365268655
v_Biking_g17_c05.avi,Biking,6.8068,2.7367510365268655
v_Biking_g17_c06.avi,Biking,8.008000000000001,2.7367510365268655
v_Biking_g18_c01.avi,Biking,5.038366666666667,2.7367510365268655
v_Biking_g18_c02.avi,Biking,6.039366666666667,2.7367510365268655
v_Biking_g18_c03.avi,Biking,6.5065,2.7367510365268655
v_Biking_g18_c04.avi,Biking,6.039366666666667,2.7367510365268655
v_Biking_g18_c05.avi,Biking,6.973633333333334,2.7367510365268655
v_Biking_g18_c06.avi,Biking,8.008000000000001,2.7367510365268655
v_Biking_g19_c01.avi,Biking,5.038366666666667,2.7367510365268655
v_Biking_g19_c02.avi,Biking,5.038366666666667,2.7367510365268655
v_Biking_g19_c03.avi,Biking,5.038366666666667,2.7367510365268655
v_Biking_g19_c04.avi,Biking,5.038366666666667,2.7367510365268655
v_Biking_g20_c01.avi,Biking,11.077733333333333,2.7367510365268655
v_Biking_g20_c02.avi,Biking,11.344666666666667,2.7367510365268655
v_Biking_g20_c03.avi,Biking,11.2112,2.7367510365268655
v_Biking_g20_c04.avi,Biking,10.8108,2.7367510365268655
v_Biking_g20_c05.avi,Biking,11.8118,2.7367510365268655
v_Biking_g20_c06.avi,Biking,11.945266666666667,2.7367510365268655
v_Biking_g20_c07.avi,Biking,12.012,2.7367510365268655
v_Biking_g21_c01.avi,Biking,8.008000000000001,2.7367510365268655
v_Biking_g21_c02.avi,Biking,8.008000000000001,2.7367510365268655
v_Biking_g21_c03.avi,Biking,4.070733333333333,2.7367510365268655
v_Biking_g21_c04.avi,Biking,8.008000000000001,2.7367510365268655
v_Biking_g21_c05.avi,Biking,6.9069,2.7367510365268655
v_Biking_g21_c06.avi,Biking,8.008000000000001,2.7367510365268655
v_Biking_g21_c07.avi,Biking,6.006,2.7367510365268655
v_Biking_g22_c01.avi,Biking,7.307300000000001,2.7367510365268655
v_Biking_g22_c02.avi,Biking,4.7047,2.7367510365268655
v_Biking_g22_c03.avi,Biking,11.5115,2.7367510365268655
v_Biking_g22_c04.avi,Biking,13.680333333333333,2.7367510365268655
v_Biking_g22_c05.avi,Biking,6.9069,2.7367510365268655
v_Biking_g23_c01.avi,Biking,17.884533333333334,2.7367510365268655
v_Biking_g23_c02.avi,Biking,19.986633333333334,2.7367510365268655
v_Biking_g23_c03.avi,Biking,15.015,2.7367510365268655
v_Biking_g23_c04.avi,Biking,15.015,2.7367510365268655
v_Biking_g24_c01.avi,Biking,6.006,2.7367510365268655
v_Biking_g24_c02.avi,Biking,7.1071,2.7367510365268655
v_Biking_g24_c03.avi,Biking,5.572233333333333,2.7367510365268655
v_Biking_g24_c04.avi,Biking,6.973633333333334,2.7367510365268655
v_Biking_g24_c05.avi,Biking,8.008000000000001,2.7367510365268655
v_Biking_g24_c06.avi,Biking,8.274933333333333,2.7367510365268655
v_Biking_g24_c07.avi,Biking,6.006,2.7367510365268655
v_Biking_g25_c01.avi,Biking,5.038366666666667,2.7367510365268655
v_Biking_g25_c02.avi,Biking,5.038366666666667,2.7367510365268655
v_Biking_g25_c03.avi,Biking,5.839166666666666,2.7367510365268655
v_Biking_g25_c04.avi,Biking,6.7067000000000005,2.7367510365268655
v_Billiards_g01_c01.avi,Billiards,10.96,2.8109734602417435
v_Billiards_g01_c02.avi,Billiards,15.32,2.8109734602417435
v_Billiards_g01_c03.avi,Billiards,15.8,2.8109734602417435
v_Billiards_g01_c04.avi,Billiards,7.56,2.8109734602417435
v_Billiards_g01_c05.avi,Billiards,14.08,2.8109734602417435
v_Billiards_g01_c06.avi,Billiards,11.92,2.8109734602417435
v_Billiards_g02_c01.avi,Billiards,13.44,2.8109734602417435
v_Billiards_g02_c02.avi,Billiards,12.52,2.8109734602417435
v_Billiards_g02_c03.avi,Billiards,15.68,2.8109734602417435
v_Billiards_g02_c04.avi,Billiards,14.24,2.8109734602417435
v_Billiards_g02_c05.avi,Billiards,15.96,2.8109734602417435
v_Billiards_g02_c06.avi,Billiards,13.44,2.8109734602417435
v_Billiards_g02_c07.avi,Billiards,15.68,2.8109734602417435
v_Billiards_g03_c01.avi,Billiards,8.52,2.8109734602417435
v_Billiards_g03_c02.avi,Billiards,15.32,2.8109734602417435
v_Billiards_g03_c03.avi,Billiards,11.0,2.8109734602417435
v_Billiards_g03_c04.avi,Billiards,10.8,2.8109734602417435
v_Billiards_g03_c05.avi,Billiards,11.48,2.8109734602417435
v_Billiards_g04_c01.avi,Billiards,6.96,2.8109734602417435
v_Billiards_g04_c02.avi,Billiards,11.96,2.8109734602417435
v_Billiards_g04_c03.avi,Billiards,10.72,2.8109734602417435
v_Billiards_g04_c04.avi,Billiards,11.16,2.8109734602417435
v_Billiards_g04_c05.avi,Billiards,9.36,2.8109734602417435
v_Billiards_g04_c06.avi,Billiards,11.88,2.8109734602417435
v_Billiards_g04_c07.avi,Billiards,7.64,2.8109734602417435
v_Billiards_g05_c01.avi,Billiards,14.6,2.8109734602417435
v_Billiards_g05_c02.avi,Billiards,19.24,2.8109734602417435
v_Billiards_g05_c03.avi,Billiards,23.68,2.8109734602417435
v_Billiards_g05_c04.avi,Billiards,14.96,2.8109734602417435
v_Billiards_g05_c05.avi,Billiards,12.12,2.8109734602417435
v_Billiards_g05_c06.avi,Billiards,14.36,2.8109734602417435
v_Billiards_g06_c01.avi,Billiards,10.04,2.8109734602417435
v_Billiards_g06_c02.avi,Billiards,13.84,2.8109734602417435
v_Billiards_g06_c03.avi,Billiards,14.8,2.8109734602417435
v_Billiards_g06_c04.avi,Billiards,11.96,2.8109734602417435
v_Billiards_g06_c05.avi,Billiards,10.44,2.8109734602417435
v_Billiards_g07_c01.avi,Billiards,12.64,2.8109734602417435
v_Billiards_g07_c02.avi,Billiards,10.32,2.8109734602417435
v_Billiards_g07_c03.avi,Billiards,10.92,2.8109734602417435
v_Billiards_g07_c04.avi,Billiards,11.24,2.8109734602417435
v_Billiards_g08_c01.avi,Billiards,12.76,2.8109734602417435
v_Billiards_g08_c02.avi,Billiards,14.12,2.8109734602417435
v_Billiards_g08_c03.avi,Billiards,12.76,2.8109734602417435
v_Billiards_g08_c04.avi,Billiards,7.84,2.8109734602417435
v_Billiards_g08_c05.avi,Billiards,12.92,2.8109734602417435
v_Billiards_g08_c06.avi,Billiards,13.2,2.8109734602417435
v_Billiards_g09_c01.avi,Billiards,8.8,2.8109734602417435
v_Billiards_g09_c02.avi,Billiards,14.76,2.8109734602417435
v_Billiards_g09_c03.avi,Billiards,8.36,2.8109734602417435
v_Billiards_g09_c04.avi,Billiards,11.48,2.8109734602417435
v_Billiards_g09_c05.avi,Billiards,9.68,2.8109734602417435
v_Billiards_g09_c06.avi,Billiards,8.88,2.8109734602417435
v_Billiards_g09_c07.avi,Billiards,8.68,2.8109734602417435
v_Billiards_g10_c01.avi,Billiards,13.36,2.8109734602417435
v_Billiards_g10_c02.avi,Billiards,13.48,2.8109734602417435
v_Billiards_g10_c03.avi,Billiards,14.2,2.8109734602417435
v_Billiards_g10_c04.avi,Billiards,13.76,2.8109734602417435
v_Billiards_g10_c05.avi,Billiards,13.08,2.8109734602417435
v_Billiards_g11_c01.avi,Billiards,10.24,2.8109734602417435
v_Billiards_g11_c02.avi,Billiards,9.64,2.8109734602417435
v_Billiards_g11_c03.avi,Billiards,10.0,2.8109734602417435
v_Billiards_g11_c04.avi,Billiards,11.6,2.8109734602417435
v_Billiards_g11_c05.avi,Billiards,12.72,2.8109734602417435
v_Billiards_g11_c06.avi,Billiards,14.68,2.8109734602417435
v_Billiards_g11_c07.avi,Billiards,11.24,2.8109734602417435
v_Billiards_g12_c01.avi,Billiards,13.24,2.8109734602417435
v_Billiards_g12_c02.avi,Billiards,12.16,2.8109734602417435
v_Billiards_g12_c03.avi,Billiards,17.12,2.8109734602417435
v_Billiards_g12_c04.avi,Billiards,9.4,2.8109734602417435
v_Billiards_g12_c05.avi,Billiards,5.68,2.8109734602417435
v_Billiards_g12_c06.avi,Billiards,8.92,2.8109734602417435
v_Billiards_g12_c07.avi,Billiards,14.88,2.8109734602417435
v_Billiards_g13_c01.avi,Billiards,9.52,2.8109734602417435
v_Billiards_g13_c02.avi,Billiards,11.48,2.8109734602417435
v_Billiards_g13_c03.avi,Billiards,11.92,2.8109734602417435
v_Billiards_g13_c04.avi,Billiards,9.8,2.8109734602417435
v_Billiards_g13_c05.avi,Billiards,9.64,2.8109734602417435
v_Billiards_g13_c06.avi,Billiards,12.0,2.8109734602417435
v_Billiards_g13_c07.avi,Billiards,11.8,2.8109734602417435
v_Billiards_g14_c01.avi,Billiards,10.92,2.8109734602417435
v_Billiards_g14_c02.avi,Billiards,10.36,2.8109734602417435
v_Billiards_g14_c03.avi,Billiards,9.2,2.8109734602417435
v_Billiards_g14_c04.avi,Billiards,9.36,2.8109734602417435
v_Billiards_g14_c05.avi,Billiards,11.8,2.8109734602417435
v_Billiards_g14_c06.avi,Billiards,11.72,2.8109734602417435
v_Billiards_g14_c07.avi,Billiards,8.08,2.8109734602417435
v_Billiards_g15_c01.avi,Billiards,13.2,2.8109734602417435
v_Billiards_g15_c02.avi,Billiards,10.84,2.8109734602417435
v_Billiards_g15_c03.avi,Billiards,9.44,2.8109734602417435
v_Billiards_g15_c04.avi,Billiards,10.8,2.8109734602417435
v_Billiards_g15_c05.avi,Billiards,9.84,2.8109734602417435
v_Billiards_g15_c06.avi,Billiards,11.92,2.8109734602417435
v_Billiards_g15_c07.avi,Billiards,13.36,2.8109734602417435
v_Billiards_g16_c01.avi,Billiards,9.52,2.8109734602417435
v_Billiards_g16_c02.avi,Billiards,9.0,2.8109734602417435
v_Billiards_g16_c03.avi,Billiards,10.32,2.8109734602417435
v_Billiards_g16_c04.avi,Billiards,11.76,2.8109734602417435
v_Billiards_g16_c05.avi,Billiards,16.2,2.8109734602417435
v_Billiards_g17_c01.avi,Billiards,11.04,2.8109734602417435
v_Billiards_g17_c02.avi,Billiards,10.96,2.8109734602417435
v_Billiards_g17_c03.avi,Billiards,16.08,2.8109734602417435
v_Billiards_g17_c04.avi,Billiards,11.84,2.8109734602417435
v_Billiards_g17_c05.avi,Billiards,13.6,2.8109734602417435
v_Billiards_g18_c01.avi,Billiards,5.84,2.8109734602417435
v_Billiards_g18_c02.avi,Billiards,9.88,2.8109734602417435
v_Billiards_g18_c03.avi,Billiards,7.24,2.8109734602417435
v_Billiards_g18_c04.avi,Billiards,8.68,2.8109734602417435
v_Billiards_g18_c05.avi,Billiards,7.12,2.8109734602417435
v_Billiards_g18_c06.avi,Billiards,9.68,2.8109734602417435
v_Billiards_g18_c07.avi,Billiards,10.4,2.8109734602417435
v_Billiards_g19_c01.avi,Billiards,11.52,2.8109734602417435
v_Billiards_g19_c02.avi,Billiards,12.48,2.8109734602417435
v_Billiards_g19_c03.avi,Billiards,8.48,2.8109734602417435
v_Billiards_g19_c04.avi,Billiards,3.68,2.8109734602417435
v_Billiards_g19_c05.avi,Billiards,15.16,2.8109734602417435
v_Billiards_g19_c06.avi,Billiards,9.96,2.8109734602417435
v_Billiards_g19_c07.avi,Billiards,15.28,2.8109734602417435
v_Billiards_g20_c01.avi,Billiards,11.72,2.8109734602417435
v_Billiards_g20_c02.avi,Billiards,11.6,2.8109734602417435
v_Billiards_g20_c03.avi,Billiards,9.16,2.8109734602417435
v_Billiards_g20_c04.avi,Billiards,8.68,2.8109734602417435
v_Billiards_g21_c01.avi,Billiards,10.32,2.8109734602417435
v_Billiards_g21_c02.avi,Billiards,12.24,2.8109734602417435
v_Billiards_g21_c03.avi,Billiards,18.08,2.8109734602417435
v_Billiards_g21_c04.avi,Billiards,9.68,2.8109734602417435
v_Billiards_g21_c05.avi,Billiards,14.48,2.8109734602417435
v_Billiards_g21_c06.avi,Billiards,10.64,2.8109734602417435
v_Billiards_g21_c07.avi,Billiards,9.24,2.8109734602417435
v_Billiards_g22_c01.avi,Billiards,7.48,2.8109734602417435
v_Billiards_g22_c02.avi,Billiards,6.64,2.8109734602417435
v_Billiards_g22_c03.avi,Billiards,11.76,2.8109734602417435
v_Billiards_g22_c04.avi,Billiards,7.04,2.8109734602417435
v_Billiards_g22_c05.avi,Billiards,5.36,2.8109734602417435
v_Billiards_g23_c01.avi,Billiards,12.36,2.8109734602417435
v_Billiards_g23_c02.avi,Billiards,12.76,2.8109734602417435
v_Billiards_g23_c03.avi,Billiards,11.6,2.8109734602417435
v_Billiards_g23_c04.avi,Billiards,13.84,2.8109734602417435
v_Billiards_g24_c01.avi,Billiards,8.04,2.8109734602417435
v_Billiards_g24_c02.avi,Billiards,10.24,2.8109734602417435
v_Billiards_g24_c03.avi,Billiards,12.12,2.8109734602417435
v_Billiards_g24_c04.avi,Billiards,12.72,2.8109734602417435
v_Billiards_g24_c05.avi,Billiards,9.4,2.8109734602417435
v_Billiards_g24_c06.avi,Billiards,11.16,2.8109734602417435
v_Billiards_g25_c01.avi,Billiards,7.68,2.8109734602417435
v_Billiards_g25_c02.avi,Billiards,10.88,2.8109734602417435
v_Billiards_g25_c03.avi,Billiards,9.64,2.8109734602417435
v_Billiards_g25_c04.avi,Billiards,11.8,2.8109734602417435
v_Billiards_g25_c05.avi,Billiards,11.88,2.8109734602417435
v_Billiards_g25_c06.avi,Billiards,12.28,2.8109734602417435
v_Billiards_g25_c07.avi,Billiards,10.04,2.8109734602417435
v_BlowDryHair_g01_c01.avi,BlowDryHair,9.68,5.633222349069628
v_BlowDryHair_g01_c02.avi,BlowDryHair,8.76,5.633222349069628
v_BlowDryHair_g01_c03.avi,BlowDryHair,6.68,5.633222349069628
v_BlowDryHair_g01_c04.avi,BlowDryHair,5.72,5.633222349069628
v_BlowDryHair_g02_c01.avi,BlowDryHair,5.12,5.633222349069628
v_BlowDryHair_g02_c02.avi,BlowDryHair,5.48,5.633222349069628
v_BlowDryHair_g02_c03.avi,BlowDryHair,7.6,5.633222349069628
v_BlowDryHair_g02_c04.avi,BlowDryHair,8.4,5.633222349069628
v_BlowDryHair_g02_c05.avi,BlowDryHair,9.48,5.633222349069628
v_BlowDryHair_g03_c01.avi,BlowDryHair,9.48,5.633222349069628
v_BlowDryHair_g03_c02.avi,BlowDryHair,9.68,5.633222349069628
v_BlowDryHair_g03_c03.avi,BlowDryHair,5.36,5.633222349069628
v_BlowDryHair_g03_c04.avi,BlowDryHair,7.6,5.633222349069628
v_BlowDryHair_g03_c05.avi,BlowDryHair,4.76,5.633222349069628
v_BlowDryHair_g04_c01.avi,BlowDryHair,13.72,5.633222349069628
v_BlowDryHair_g04_c02.avi,BlowDryHair,8.2,5.633222349069628
v_BlowDryHair_g04_c03.avi,BlowDryHair,6.8,5.633222349069628
v_BlowDryHair_g04_c04.avi,BlowDryHair,6.84,5.633222349069628
v_BlowDryHair_g04_c05.avi,BlowDryHair,4.68,5.633222349069628
v_BlowDryHair_g05_c01.avi,BlowDryHair,5.52,5.633222349069628
v_BlowDryHair_g05_c02.avi,BlowDryHair,6.04,5.633222349069628
v_BlowDryHair_g05_c03.avi,BlowDryHair,7.52,5.633222349069628
v_BlowDryHair_g05_c04.avi,BlowDryHair,3.48,5.633222349069628
v_BlowDryHair_g05_c05.avi,BlowDryHair,3.8,5.633222349069628
v_BlowDryHair_g06_c01.avi,BlowDryHair,7.76,5.633222349069628
v_BlowDryHair_g06_c02.avi,BlowDryHair,8.12,5.633222349069628
v_BlowDryHair_g06_c03.avi,BlowDryHair,3.88,5.633222349069628
v_BlowDryHair_g06_c04.avi,BlowDryHair,6.88,5.633222349069628
v_BlowDryHair_g06_c05.avi,BlowDryHair,8.92,5.633222349069628
v_BlowDryHair_g06_c06.avi,BlowDryHair,7.6,5.633222349069628
v_BlowDryHair_g06_c07.avi,BlowDryHair,6.64,5.633222349069628
v_BlowDryHair_g07_c01.avi,BlowDryHair,2.72,5.633222349069628
v_BlowDryHair_g07_c02.avi,BlowDryHair,2.92,5.633222349069628
v_BlowDryHair_g07_c03.avi,BlowDryHair,3.12,5.633222349069628
v_BlowDryHair_g07_c04.avi,BlowDryHair,3.12,5.633222349069628
v_BlowDryHair_g07_c05.avi,BlowDryHair,3.2,5.633222349069628
v_BlowDryHair_g07_c06.avi,BlowDryHair,3.44,5.633222349069628
v_BlowDryHair_g07_c07.avi,BlowDryHair,3.4,5.633222349069628
v_BlowDryHair_g08_c01.avi,BlowDryHair,14.72,5.633222349069628
v_BlowDryHair_g08_c02.avi,BlowDryHair,13.32,5.633222349069628
v_BlowDryHair_g08_c03.avi,BlowDryHair,19.64,5.633222349069628
v_BlowDryHair_g08_c04.avi,BlowDryHair,16.28,5.633222349069628
v_BlowDryHair_g08_c05.avi,BlowDryHair,17.68,5.633222349069628
v_BlowDryHair_g08_c06.avi,BlowDryHair,17.12,5.633222349069628
v_BlowDryHair_g08_c07.avi,BlowDryHair,17.2,5.633222349069628
v_BlowDryHair_g09_c01.avi,BlowDryHair,24.96,5.633222349069628
v_BlowDryHair_g09_c02.avi,BlowDryHair,22.76,5.633222349069628
v_BlowDryHair_g09_c03.avi,BlowDryHair,22.08,5.633222349069628
v_BlowDryHair_g09_c04.avi,BlowDryHair,22.68,5.633222349069628
v_BlowDryHair_g10_c01.avi,BlowDryHair,8.4,5.633222349069628
v_BlowDryHair_g10_c02.avi,BlowDryHair,13.12,5.633222349069628
v_BlowDryHair_g10_c03.avi,BlowDryHair,13.08,5.633222349069628
v_BlowDryHair_g10_c04.avi,BlowDryHair,11.76,5.633222349069628
v_BlowDryHair_g10_c05.avi,BlowDryHair,7.48,5.633222349069628
v_BlowDryHair_g10_c06.avi,BlowDryHair,7.08,5.633222349069628
v_BlowDryHair_g10_c07.avi,BlowDryHair,7.08,5.633222349069628
v_BlowDryHair_g11_c01.avi,BlowDryHair,22.04,5.633222349069628
v_BlowDryHair_g11_c02.avi,BlowDryHair,17.72,5.633222349069628
v_BlowDryHair_g11_c03.avi,BlowDryHair,16.56,5.633222349069628
v_BlowDryHair_g11_c04.avi,BlowDryHair,20.72,5.633222349069628
v_BlowDryHair_g11_c05.avi,BlowDryHair,15.64,5.633222349069628
v_BlowDryHair_g11_c06.avi,BlowDryHair,17.6,5.633222349069628
v_BlowDryHair_g11_c07.avi,BlowDryHair,17.6,5.633222349069628
v_BlowDryHair_g12_c01.avi,BlowDryHair,24.32,5.633222349069628
v_BlowDryHair_g12_c02.avi,BlowDryHair,23.36,5.633222349069628
v_BlowDryHair_g12_c03.avi,BlowDryHair,20.6,5.633222349069628
v_BlowDryHair_g12_c04.avi,BlowDryHair,25.24,5.633222349069628
v_BlowDryHair_g12_c05.avi,BlowDryHair,12.88,5.633222349069628
v_BlowDryHair_g12_c06.avi,BlowDryHair,10.8,5.633222349069628
v_BlowDryHair_g13_c01.avi,BlowDryHair,6.4,5.633222349069628
v_BlowDryHair_g13_c02.avi,BlowDryHair,7.52,5.633222349069628
v_BlowDryHair_g13_c03.avi,BlowDryHair,9.24,5.633222349069628
v_BlowDryHair_g13_c04.avi,BlowDryHair,6.76,5.633222349069628
v_BlowDryHair_g14_c01.avi,BlowDryHair,8.76,5.633222349069628
v_BlowDryHair_g14_c02.avi,BlowDryHair,9.68,5.633222349069628
v_BlowDryHair_g14_c03.avi,BlowDryHair,7.96,5.633222349069628
v_BlowDryHair_g14_c04.avi,BlowDryHair,8.0,5.633222349069628
v_BlowDryHair_g14_c05.avi,BlowDryHair,8.48,5.633222349069628
v_BlowDryHair_g15_c01.avi,BlowDryHair,3.88,5.633222349069628
v_BlowDryHair_g15_c02.avi,BlowDryHair,4.48,5.633222349069628
v_BlowDryHair_g15_c03.avi,BlowDryHair,3.04,5.633222349069628
v_BlowDryHair_g15_c04.avi,BlowDryHair,2.92,5.633222349069628
v_BlowDryHair_g15_c05.avi,BlowDryHair,4.4,5.633222349069628
v_BlowDryHair_g16_c01.avi,BlowDryHair,4.76,5.633222349069628
v_BlowDryHair_g16_c02.avi,BlowDryHair,4.92,5.633222349069628
v_BlowDryHair_g16_c03.avi,BlowDryHair,4.84,5.633222349069628
v_BlowDryHair_g16_c04.avi,BlowDryHair,4.8,5.633222349069628
v_BlowDryHair_g17_c01.avi,BlowDryHair,10.28,5.633222349069628
v_BlowDryHair_g17_c02.avi,BlowDryHair,10.08,5.633222349069628
v_BlowDryHair_g17_c03.avi,BlowDryHair,14.0,5.633222349069628
v_BlowDryHair_g17_c04.avi,BlowDryHair,8.64,5.633222349069628
v_BlowDryHair_g17_c05.avi,BlowDryHair,8.92,5.633222349069628
v_BlowDryHair_g18_c01.avi,BlowDryHair,11.76,5.633222349069628
v_BlowDryHair_g18_c02.avi,BlowDryHair,11.6,5.633222349069628
v_BlowDryHair_g18_c03.avi,BlowDryHair,9.16,5.633222349069628
v_BlowDryHair_g18_c04.avi,BlowDryHair,11.32,5.633222349069628
v_BlowDryHair_g18_c05.avi,BlowDryHair,9.64,5.633222349069628
v_BlowDryHair_g19_c01.avi,BlowDryHair,8.2,5.633222349069628
v_BlowDryHair_g19_c02.avi,BlowDryHair,8.32,5.633222349069628
v_BlowDryHair_g19_c03.avi,BlowDryHair,5.2,5.633222349069628
v_BlowDryHair_g19_c04.avi,BlowDryHair,3.48,5.633222349069628
v_BlowDryHair_g20_c01.avi,BlowDryHair,6.28,5.633222349069628
v_BlowDryHair_g20_c02.avi,BlowDryHair,8.96,5.633222349069628
v_BlowDryHair_g20_c03.avi,BlowDryHair,6.0,5.633222349069628
v_BlowDryHair_g20_c04.avi,BlowDryHair,4.12,5.633222349069628
v_BlowDryHair_g20_c05.avi,BlowDryHair,7.68,5.633222349069628
v_BlowDryHair_g21_c01.avi,BlowDryHair,7.88,5.633222349069628
v_BlowDryHair_g21_c02.avi,BlowDryHair,4.36,5.633222349069628
v_BlowDryHair_g21_c03.avi,BlowDryHair,6.32,5.633222349069628
v_BlowDryHair_g21_c04.avi,BlowDryHair,5.2,5.633222349069628
v_BlowDryHair_g21_c05.avi,BlowDryHair,5.84,5.633222349069628
v_BlowDryHair_g21_c06.avi,BlowDryHair,5.76,5.633222349069628
v_BlowDryHair_g22_c01.avi,BlowDryHair,9.36,5.633222349069628
v_BlowDryHair_g22_c02.avi,BlowDryHair,4.92,5.633222349069628
v_BlowDryHair_g22_c03.avi,BlowDryHair,6.56,5.633222349069628
v_BlowDryHair_g22_c04.avi,BlowDryHair,7.16,5.633222349069628
v_BlowDryHair_g23_c01.avi,BlowDryHair,15.64,5.633222349069628
v_BlowDryHair_g23_c02.avi,BlowDryHair,5.72,5.633222349069628
v_BlowDryHair_g23_c03.avi,BlowDryHair,6.2,5.633222349069628
v_BlowDryHair_g23_c04.avi,BlowDryHair,7.4,5.633222349069628
v_BlowDryHair_g23_c05.avi,BlowDryHair,15.16,5.633222349069628
v_BlowDryHair_g23_c06.avi,BlowDryHair,11.28,5.633222349069628
v_BlowDryHair_g23_c07.avi,BlowDryHair,18.28,5.633222349069628
v_BlowDryHair_g24_c01.avi,BlowDryHair,4.04,5.633222349069628
v_BlowDryHair_g24_c02.avi,BlowDryHair,3.32,5.633222349069628
v_BlowDryHair_g24_c03.avi,BlowDryHair,4.0,5.633222349069628
v_BlowDryHair_g24_c04.avi,BlowDryHair,3.84,5.633222349069628
v_BlowDryHair_g25_c01.avi,BlowDryHair,2.76,5.633222349069628
v_BlowDryHair_g25_c02.avi,BlowDryHair,5.0,5.633222349069628
v_BlowDryHair_g25_c03.avi,BlowDryHair,4.68,5.633222349069628
v_BlowDryHair_g25_c04.avi,BlowDryHair,2.76,5.633222349069628
v_BlowingCandles_g01_c01.avi,BlowingCandles,2.4,1.9217926137210817
v_BlowingCandles_g01_c02.avi,BlowingCandles,3.0,1.9217926137210817
v_BlowingCandles_g01_c03.avi,BlowingCandles,5.0,1.9217926137210817
v_BlowingCandles_g01_c04.avi,BlowingCandles,2.72,1.9217926137210817
v_BlowingCandles_g02_c01.avi,BlowingCandles,3.0,1.9217926137210817
v_BlowingCandles_g02_c02.avi,BlowingCandles,4.6,1.9217926137210817
v_BlowingCandles_g02_c03.avi,BlowingCandles,4.8,1.9217926137210817
v_BlowingCandles_g02_c04.avi,BlowingCandles,3.04,1.9217926137210817
v_BlowingCandles_g03_c01.avi,BlowingCandles,3.0,1.9217926137210817
v_BlowingCandles_g03_c02.avi,BlowingCandles,2.08,1.9217926137210817
v_BlowingCandles_g03_c03.avi,BlowingCandles,7.44,1.9217926137210817
v_BlowingCandles_g03_c04.avi,BlowingCandles,2.08,1.9217926137210817
v_BlowingCandles_g04_c01.avi,BlowingCandles,5.8,1.9217926137210817
v_BlowingCandles_g04_c02.avi,BlowingCandles,3.72,1.9217926137210817
v_BlowingCandles_g04_c03.avi,BlowingCandles,2.24,1.9217926137210817
v_BlowingCandles_g04_c04.avi,BlowingCandles,4.04,1.9217926137210817
v_BlowingCandles_g04_c05.avi,BlowingCandles,5.0,1.9217926137210817
v_BlowingCandles_g05_c01.avi,BlowingCandles,3.72,1.9217926137210817
v_BlowingCandles_g05_c02.avi,BlowingCandles,3.0,1.9217926137210817
v_BlowingCandles_g05_c03.avi,BlowingCandles,1.2,1.9217926137210817
v_BlowingCandles_g05_c04.avi,BlowingCandles,3.28,1.9217926137210817
v_BlowingCandles_g05_c05.avi,BlowingCandles,3.84,1.9217926137210817
v_BlowingCandles_g06_c01.avi,BlowingCandles,3.4,1.9217926137210817
v_BlowingCandles_g06_c02.avi,BlowingCandles,5.64,1.9217926137210817
v_BlowingCandles_g06_c03.avi,BlowingCandles,6.0,1.9217926137210817
v_BlowingCandles_g06_c04.avi,BlowingCandles,4.6,1.9217926137210817
v_BlowingCandles_g06_c05.avi,BlowingCandles,6.0,1.9217926137210817
v_BlowingCandles_g06_c06.avi,BlowingCandles,5.44,1.9217926137210817
v_BlowingCandles_g06_c07.avi,BlowingCandles,5.36,1.9217926137210817
v_BlowingCandles_g07_c01.avi,BlowingCandles,2.0,1.9217926137210817
v_BlowingCandles_g07_c02.avi,BlowingCandles,2.2,1.9217926137210817
v_BlowingCandles_g07_c03.avi,BlowingCandles,5.0,1.9217926137210817
v_BlowingCandles_g07_c04.avi,BlowingCandles,3.0,1.9217926137210817
v_BlowingCandles_g08_c01.avi,BlowingCandles,3.04,1.9217926137210817
v_BlowingCandles_g08_c02.avi,BlowingCandles,3.4,1.9217926137210817
v_BlowingCandles_g08_c03.avi,BlowingCandles,4.04,1.9217926137210817
v_BlowingCandles_g08_c04.avi,BlowingCandles,2.0,1.9217926137210817
v_BlowingCandles_g09_c01.avi,BlowingCandles,3.48,1.9217926137210817
v_BlowingCandles_g09_c02.avi,BlowingCandles,3.32,1.9217926137210817
v_BlowingCandles_g09_c03.avi,BlowingCandles,3.68,1.9217926137210817
v_BlowingCandles_g09_c04.avi,BlowingCandles,7.04,1.9217926137210817
v_BlowingCandles_g10_c01.avi,BlowingCandles,3.24,1.9217926137210817
v_BlowingCandles_g10_c02.avi,BlowingCandles,6.36,1.9217926137210817
v_BlowingCandles_g10_c03.avi,BlowingCandles,3.32,1.9217926137210817
v_BlowingCandles_g10_c04.avi,BlowingCandles,6.48,1.9217926137210817
v_BlowingCandles_g11_c01.avi,BlowingCandles,2.84,1.9217926137210817
v_BlowingCandles_g11_c02.avi,BlowingCandles,2.0,1.9217926137210817
v_BlowingCandles_g11_c03.avi,BlowingCandles,3.0,1.9217926137210817
v_BlowingCandles_g11_c04.avi,BlowingCandles,5.4,1.9217926137210817
v_BlowingCandles_g12_c01.avi,BlowingCandles,2.0,1.9217926137210817
v_BlowingCandles_g12_c02.avi,BlowingCandles,6.0,1.9217926137210817
v_BlowingCandles_g12_c03.avi,BlowingCandles,4.04,1.9217926137210817
v_BlowingCandles_g12_c04.avi,BlowingCandles,3.44,1.9217926137210817
v_BlowingCandles_g12_c05.avi,BlowingCandles,3.84,1.9217926137210817
v_BlowingCandles_g12_c06.avi,BlowingCandles,5.8,1.9217926137210817
v_BlowingCandles_g13_c01.avi,BlowingCandles,3.0,1.9217926137210817
v_BlowingCandles_g13_c02.avi,BlowingCandles,3.76,1.9217926137210817
v_BlowingCandles_g13_c03.avi,BlowingCandles,3.32,1.9217926137210817
v_BlowingCandles_g13_c04.avi,BlowingCandles,8.24,1.9217926137210817
v_BlowingCandles_g14_c01.avi,BlowingCandles,9.24,1.9217926137210817
v_BlowingCandles_g14_c02.avi,BlowingCandles,5.12,1.9217926137210817
v_BlowingCandles_g14_c03.avi,BlowingCandles,6.0,1.9217926137210817
v_BlowingCandles_g14_c04.avi,BlowingCandles,6.12,1.9217926137210817
v_BlowingCandles_g15_c01.avi,BlowingCandles,5.48,1.9217926137210817
v_BlowingCandles_g15_c02.avi,BlowingCandles,2.24,1.9217926137210817
v_BlowingCandles_g15_c03.avi,BlowingCandles,2.6,1.9217926137210817
v_BlowingCandles_g15_c04.avi,BlowingCandles,3.0,1.9217926137210817
v_BlowingCandles_g16_c01.avi,BlowingCandles,9.4,1.9217926137210817
v_BlowingCandles_g16_c02.avi,BlowingCandles,2.76,1.9217926137210817
v_BlowingCandles_g16_c03.avi,BlowingCandles,2.04,1.9217926137210817
v_BlowingCandles_g16_c04.avi,BlowingCandles,6.44,1.9217926137210817
v_BlowingCandles_g17_c01.avi,BlowingCandles,2.72,1.9217926137210817
v_BlowingCandles_g17_c02.avi,BlowingCandles,6.68,1.9217926137210817
v_BlowingCandles_g17_c03.avi,BlowingCandles,6.68,1.9217926137210817
v_BlowingCandles_g17_c04.avi,BlowingCandles,11.16,1.9217926137210817
v_BlowingCandles_g18_c01.avi,BlowingCandles,4.04,1.9217926137210817
v_BlowingCandles_g18_c02.avi,BlowingCandles,3.6,1.9217926137210817
v_BlowingCandles_g18_c03.avi,BlowingCandles,5.0,1.9217926137210817
v_BlowingCandles_g18_c04.avi,BlowingCandles,3.8,1.9217926137210817
v_BlowingCandles_g19_c01.avi,BlowingCandles,4.16,1.9217926137210817
v_BlowingCandles_g19_c02.avi,BlowingCandles,2.08,1.9217926137210817
v_BlowingCandles_g19_c03.avi,BlowingCandles,4.6,1.9217926137210817
v_BlowingCandles_g19_c04.avi,BlowingCandles,2.0,1.9217926137210817
v_BlowingCandles_g20_c01.avi,BlowingCandles,9.2,1.9217926137210817
v_BlowingCandles_g20_c02.avi,BlowingCandles,2.4,1.9217926137210817
v_BlowingCandles_g20_c03.avi,BlowingCandles,4.52,1.9217926137210817
v_BlowingCandles_g20_c04.avi,BlowingCandles,5.0,1.9217926137210817
v_BlowingCandles_g21_c01.avi,BlowingCandles,2.72,1.9217926137210817
v_BlowingCandles_g21_c02.avi,BlowingCandles,3.76,1.9217926137210817
v_BlowingCandles_g21_c03.avi,BlowingCandles,2.24,1.9217926137210817
v_BlowingCandles_g21_c04.avi,BlowingCandles,2.52,1.9217926137210817
v_BlowingCandles_g22_c01.avi,BlowingCandles,5.4,1.9217926137210817
v_BlowingCandles_g22_c02.avi,BlowingCandles,2.64,1.9217926137210817
v_BlowingCandles_g22_c03.avi,BlowingCandles,2.0,1.9217926137210817
v_BlowingCandles_g22_c04.avi,BlowingCandles,6.56,1.9217926137210817
v_BlowingCandles_g23_c01.avi,BlowingCandles,2.24,1.9217926137210817
v_BlowingCandles_g23_c02.avi,BlowingCandles,2.16,1.9217926137210817
v_BlowingCandles_g23_c03.avi,BlowingCandles,2.0,1.9217926137210817
v_BlowingCandles_g23_c04.avi,BlowingCandles,5.12,1.9217926137210817
v_BlowingCandles_g24_c01.avi,BlowingCandles,2.6,1.9217926137210817
v_BlowingCandles_g24_c02.avi,BlowingCandles,4.4,1.9217926137210817
v_BlowingCandles_g24_c03.avi,BlowingCandles,5.2,1.9217926137210817
v_BlowingCandles_g24_c04.avi,BlowingCandles,1.6,1.9217926137210817
v_BlowingCandles_g25_c01.avi,BlowingCandles,6.0,1.9217926137210817
v_BlowingCandles_g25_c02.avi,BlowingCandles,7.0,1.9217926137210817
v_BlowingCandles_g25_c03.avi,BlowingCandles,1.6,1.9217926137210817
v_BlowingCandles_g25_c04.avi,BlowingCandles,2.12,1.9217926137210817
v_BlowingCandles_g25_c05.avi,BlowingCandles,2.24,1.9217926137210817
v_BlowingCandles_g25_c06.avi,BlowingCandles,3.24,1.9217926137210817
v_BodyWeightSquats_g01_c01.avi,BodyWeightSquats,10.68,2.298742087885283
v_BodyWeightSquats_g01_c02.avi,BodyWeightSquats,10.08,2.298742087885283
v_BodyWeightSquats_g01_c03.avi,BodyWeightSquats,10.0,2.298742087885283
v_BodyWeightSquats_g01_c04.avi,BodyWeightSquats,6.96,2.298742087885283
v_BodyWeightSquats_g02_c01.avi,BodyWeightSquats,4.08,2.298742087885283
v_BodyWeightSquats_g02_c02.avi,BodyWeightSquats,2.28,2.298742087885283
v_BodyWeightSquats_g02_c03.avi,BodyWeightSquats,4.68,2.298742087885283
v_BodyWeightSquats_g02_c04.avi,BodyWeightSquats,4.84,2.298742087885283
v_BodyWeightSquats_g03_c01.avi,BodyWeightSquats,5.28,2.298742087885283
v_BodyWeightSquats_g03_c02.avi,BodyWeightSquats,2.08,2.298742087885283
v_BodyWeightSquats_g03_c03.avi,BodyWeightSquats,1.92,2.298742087885283
v_BodyWeightSquats_g03_c04.avi,BodyWeightSquats,4.04,2.298742087885283
v_BodyWeightSquats_g03_c05.avi,BodyWeightSquats,3.0,2.298742087885283
v_BodyWeightSquats_g04_c01.avi,BodyWeightSquats,5.2,2.298742087885283
v_BodyWeightSquats_g04_c02.avi,BodyWeightSquats,2.36,2.298742087885283
v_BodyWeightSquats_g04_c03.avi,BodyWeightSquats,3.52,2.298742087885283
v_BodyWeightSquats_g04_c04.avi,BodyWeightSquats,2.52,2.298742087885283
v_BodyWeightSquats_g05_c01.avi,BodyWeightSquats,2.84,2.298742087885283
v_BodyWeightSquats_g05_c02.avi,BodyWeightSquats,5.4,2.298742087885283
v_BodyWeightSquats_g05_c03.avi,BodyWeightSquats,2.16,2.298742087885283
v_BodyWeightSquats_g05_c04.avi,BodyWeightSquats,10.4,2.298742087885283
v_BodyWeightSquats_g06_c01.avi,BodyWeightSquats,7.16,2.298742087885283
v_BodyWeightSquats_g06_c02.avi,BodyWeightSquats,4.88,2.298742087885283
v_BodyWeightSquats_g06_c03.avi,BodyWeightSquats,6.08,2.298742087885283
v_BodyWeightSquats_g06_c04.avi,BodyWeightSquats,3.8,2.298742087885283
v_BodyWeightSquats_g06_c05.avi,BodyWeightSquats,7.08,2.298742087885283
v_BodyWeightSquats_g07_c01.avi,BodyWeightSquats,4.92,2.298742087885283
v_BodyWeightSquats_g07_c02.avi,BodyWeightSquats,4.12,2.298742087885283
v_BodyWeightSquats_g07_c03.avi,BodyWeightSquats,3.32,2.298742087885283
v_BodyWeightSquats_g07_c04.avi,BodyWeightSquats,2.16,2.298742087885283
v_BodyWeightSquats_g08_c01.avi,BodyWeightSquats,3.04,2.298742087885283
v_BodyWeightSquats_g08_c02.avi,BodyWeightSquats,4.24,2.298742087885283
v_BodyWeightSquats_g08_c03.avi,BodyWeightSquats,1.96,2.298742087885283
v_BodyWeightSquats_g08_c04.avi,BodyWeightSquats,4.16,2.298742087885283
v_BodyWeightSquats_g09_c01.avi,BodyWeightSquats,8.0,2.298742087885283
v_BodyWeightSquats_g09_c02.avi,BodyWeightSquats,8.04,2.298742087885283
v_BodyWeightSquats_g09_c03.avi,BodyWeightSquats,4.6,2.298742087885283
v_BodyWeightSquats_g09_c04.avi,BodyWeightSquats,4.92,2.298742087885283
v_BodyWeightSquats_g09_c05.avi,BodyWeightSquats,9.16,2.298742087885283
v_BodyWeightSquats_g09_c06.avi,BodyWeightSquats,10.4,2.298742087885283
v_BodyWeightSquats_g09_c07.avi,BodyWeightSquats,9.32,2.298742087885283
v_BodyWeightSquats_g10_c01.avi,BodyWeightSquats,6.72,2.298742087885283
v_BodyWeightSquats_g10_c02.avi,BodyWeightSquats,6.4,2.298742087885283
v_BodyWeightSquats_g10_c03.avi,BodyWeightSquats,6.08,2.298742087885283
v_BodyWeightSquats_g10_c04.avi,BodyWeightSquats,5.92,2.298742087885283
v_BodyWeightSquats_g10_c05.avi,BodyWeightSquats,6.32,2.298742087885283
v_BodyWeightSquats_g11_c01.avi,BodyWeightSquats,3.24,2.298742087885283
v_BodyWeightSquats_g11_c02.avi,BodyWeightSquats,3.8,2.298742087885283
v_BodyWeightSquats_g11_c03.avi,BodyWeightSquats,3.44,2.298742087885283
v_BodyWeightSquats_g11_c04.avi,BodyWeightSquats,3.08,2.298742087885283
v_BodyWeightSquats_g12_c01.avi,BodyWeightSquats,9.48,2.298742087885283
v_BodyWeightSquats_g12_c02.avi,BodyWeightSquats,5.72,2.298742087885283
v_BodyWeightSquats_g12_c03.avi,BodyWeightSquats,4.8,2.298742087885283
v_BodyWeightSquats_g12_c04.avi,BodyWeightSquats,7.72,2.298742087885283
v_BodyWeightSquats_g13_c01.avi,BodyWeightSquats,4.48,2.298742087885283
v_BodyWeightSquats_g13_c02.avi,BodyWeightSquats,2.48,2.298742087885283
v_BodyWeightSquats_g13_c03.avi,BodyWeightSquats,4.6,2.298742087885283
v_BodyWeightSquats_g13_c04.avi,BodyWeightSquats,3.0,2.298742087885283
v_BodyWeightSquats_g14_c01.avi,BodyWeightSquats,4.4,2.298742087885283
v_BodyWeightSquats_g14_c02.avi,BodyWeightSquats,4.56,2.298742087885283
v_BodyWeightSquats_g14_c03.avi,BodyWeightSquats,4.56,2.298742087885283
v_BodyWeightSquats_g14_c04.avi,BodyWeightSquats,4.44,2.298742087885283
v_BodyWeightSquats_g15_c01.avi,BodyWeightSquats,5.68,2.298742087885283
v_BodyWeightSquats_g15_c02.avi,BodyWeightSquats,4.88,2.298742087885283
v_BodyWeightSquats_g15_c03.avi,BodyWeightSquats,5.48,2.298742087885283
v_BodyWeightSquats_g15_c04.avi,BodyWeightSquats,5.04,2.298742087885283
v_BodyWeightSquats_g16_c01.avi,BodyWeightSquats,2.96,2.298742087885283
v_BodyWeightSquats_g16_c02.avi,BodyWeightSquats,3.0,2.298742087885283
v_BodyWeightSquats_g16_c03.avi,BodyWeightSquats,3.24,2.298742087885283
v_BodyWeightSquats_g16_c04.avi,BodyWeightSquats,3.08,2.298742087885283
v_BodyWeightSquats_g17_c01.avi,BodyWeightSquats,7.2,2.298742087885283
v_BodyWeightSquats_g17_c02.avi,BodyWeightSquats,6.96,2.298742087885283
v_BodyWeightSquats_g17_c03.avi,BodyWeightSquats,6.8,2.298742087885283
v_BodyWeightSquats_g17_c04.avi,BodyWeightSquats,5.76,2.298742087885283
v_BodyWeightSquats_g18_c01.avi,BodyWeightSquats,8.12,2.298742087885283
v_BodyWeightSquats_g18_c02.avi,BodyWeightSquats,8.56,2.298742087885283
v_BodyWeightSquats_g18_c03.avi,BodyWeightSquats,8.44,2.298742087885283
v_BodyWeightSquats_g18_c04.avi,BodyWeightSquats,8.92,2.298742087885283
v_BodyWeightSquats_g19_c01.avi,BodyWeightSquats,5.4,2.298742087885283
v_BodyWeightSquats_g19_c02.avi,BodyWeightSquats,4.48,2.298742087885283
v_BodyWeightSquats_g19_c03.avi,BodyWeightSquats,5.76,2.298742087885283
v_BodyWeightSquats_g19_c04.avi,BodyWeightSquats,4.32,2.298742087885283
v_BodyWeightSquats_g20_c01.avi,BodyWeightSquats,4.0,2.298742087885283
v_BodyWeightSquats_g20_c02.avi,BodyWeightSquats,6.96,2.298742087885283
v_BodyWeightSquats_g20_c03.avi,BodyWeightSquats,3.76,2.298742087885283
v_BodyWeightSquats_g20_c04.avi,BodyWeightSquats,6.56,2.298742087885283
v_BodyWeightSquats_g20_c05.avi,BodyWeightSquats,5.44,2.298742087885283
v_BodyWeightSquats_g20_c06.avi,BodyWeightSquats,6.68,2.298742087885283
v_BodyWeightSquats_g21_c01.avi,BodyWeightSquats,2.04,2.298742087885283
v_BodyWeightSquats_g21_c02.avi,BodyWeightSquats,2.56,2.298742087885283
v_BodyWeightSquats_g21_c03.avi,BodyWeightSquats,2.16,2.298742087885283
v_BodyWeightSquats_g21_c04.avi,BodyWeightSquats,3.48,2.298742087885283
v_BodyWeightSquats_g22_c01.avi,BodyWeightSquats,3.6,2.298742087885283
v_BodyWeightSquats_g22_c02.avi,BodyWeightSquats,2.48,2.298742087885283
v_BodyWeightSquats_g22_c03.avi,BodyWeightSquats,5.52,2.298742087885283
v_BodyWeightSquats_g22_c04.avi,BodyWeightSquats,2.48,2.298742087885283
v_BodyWeightSquats_g23_c01.avi,BodyWeightSquats,2.08,2.298742087885283
v_BodyWeightSquats_g23_c02.avi,BodyWeightSquats,3.04,2.298742087885283
v_BodyWeightSquats_g23_c03.avi,BodyWeightSquats,2.92,2.298742087885283
v_BodyWeightSquats_g23_c04.avi,BodyWeightSquats,2.64,2.298742087885283
v_BodyWeightSquats_g24_c01.avi,BodyWeightSquats,9.2,2.298742087885283
v_BodyWeightSquats_g24_c02.avi,BodyWeightSquats,8.84,2.298742087885283
v_BodyWeightSquats_g24_c03.avi,BodyWeightSquats,9.44,2.298742087885283
v_BodyWeightSquats_g24_c04.avi,BodyWeightSquats,9.48,2.298742087885283
v_BodyWeightSquats_g24_c05.avi,BodyWeightSquats,3.12,2.298742087885283
v_BodyWeightSquats_g25_c01.avi,BodyWeightSquats,4.12,2.298742087885283
v_BodyWeightSquats_g25_c02.avi,BodyWeightSquats,4.4,2.298742087885283
v_BodyWeightSquats_g25_c03.avi,BodyWeightSquats,4.64,2.298742087885283
v_BodyWeightSquats_g25_c04.avi,BodyWeightSquats,4.32,2.298742087885283
v_BodyWeightSquats_g25_c05.avi,BodyWeightSquats,4.24,2.298742087885283
v_BodyWeightSquats_g25_c06.avi,BodyWeightSquats,4.04,2.298742087885283
v_BodyWeightSquats_g25_c07.avi,BodyWeightSquats,5.0,2.298742087885283
v_Bowling_g01_c01.avi,Bowling,6.36,1.0652197839423656
v_Bowling_g01_c02.avi,Bowling,5.0,1.0652197839423656
v_Bowling_g01_c03.avi,Bowling,5.2,1.0652197839423656
v_Bowling_g01_c04.avi,Bowling,6.2,1.0652197839423656
v_Bowling_g01_c05.avi,Bowling,7.4,1.0652197839423656
v_Bowling_g01_c06.avi,Bowling,5.92,1.0652197839423656
v_Bowling_g01_c07.avi,Bowling,5.24,1.0652197839423656
v_Bowling_g02_c01.avi,Bowling,3.28,1.0652197839423656
v_Bowling_g02_c02.avi,Bowling,5.92,1.0652197839423656
v_Bowling_g02_c03.avi,Bowling,4.76,1.0652197839423656
v_Bowling_g02_c04.avi,Bowling,4.68,1.0652197839423656
v_Bowling_g03_c01.avi,Bowling,6.36,1.0652197839423656
v_Bowling_g03_c02.avi,Bowling,5.56,1.0652197839423656
v_Bowling_g03_c03.avi,Bowling,5.52,1.0652197839423656
v_Bowling_g03_c04.avi,Bowling,5.56,1.0652197839423656
v_Bowling_g03_c05.avi,Bowling,5.8,1.0652197839423656
v_Bowling_g03_c06.avi,Bowling,5.64,1.0652197839423656
v_Bowling_g03_c07.avi,Bowling,4.36,1.0652197839423656
v_Bowling_g04_c01.avi,Bowling,4.88,1.0652197839423656
v_Bowling_g04_c02.avi,Bowling,5.56,1.0652197839423656
v_Bowling_g04_c03.avi,Bowling,5.48,1.0652197839423656
v_Bowling_g04_c04.avi,Bowling,2.0,1.0652197839423656
v_Bowling_g05_c01.avi,Bowling,4.6,1.0652197839423656
v_Bowling_g05_c02.avi,Bowling,5.12,1.0652197839423656
v_Bowling_g05_c03.avi,Bowling,6.0,1.0652197839423656
v_Bowling_g05_c04.avi,Bowling,4.84,1.0652197839423656
v_Bowling_g05_c05.avi,Bowling,4.72,1.0652197839423656
v_Bowling_g05_c06.avi,Bowling,6.0,1.0652197839423656
v_Bowling_g05_c07.avi,Bowling,4.48,1.0652197839423656
v_Bowling_g06_c01.avi,Bowling,5.52,1.0652197839423656
v_Bowling_g06_c02.avi,Bowling,5.28,1.0652197839423656
v_Bowling_g06_c03.avi,Bowling,2.8,1.0652197839423656
v_Bowling_g06_c04.avi,Bowling,2.88,1.0652197839423656
v_Bowling_g06_c05.avi,Bowling,5.2,1.0652197839423656
v_Bowling_g06_c06.avi,Bowling,2.6,1.0652197839423656
v_Bowling_g06_c07.avi,Bowling,5.56,1.0652197839423656
v_Bowling_g07_c01.avi,Bowling,5.76,1.0652197839423656
v_Bowling_g07_c02.avi,Bowling,4.0,1.0652197839423656
v_Bowling_g07_c03.avi,Bowling,6.0,1.0652197839423656
v_Bowling_g07_c04.avi,Bowling,5.0,1.0652197839423656
v_Bowling_g07_c05.avi,Bowling,5.64,1.0652197839423656
v_Bowling_g07_c06.avi,Bowling,4.84,1.0652197839423656
v_Bowling_g07_c07.avi,Bowling,5.2,1.0652197839423656
v_Bowling_g08_c01.avi,Bowling,4.8,1.0652197839423656
v_Bowling_g08_c02.avi,Bowling,4.76,1.0652197839423656
v_Bowling_g08_c03.avi,Bowling,4.0,1.0652197839423656
v_Bowling_g08_c04.avi,Bowling,5.2,1.0652197839423656
v_Bowling_g08_c05.avi,Bowling,5.4,1.0652197839423656
v_Bowling_g08_c06.avi,Bowling,6.24,1.0652197839423656
v_Bowling_g08_c07.avi,Bowling,6.12,1.0652197839423656
v_Bowling_g09_c01.avi,Bowling,4.84,1.0652197839423656
v_Bowling_g09_c02.avi,Bowling,5.4,1.0652197839423656
v_Bowling_g09_c03.avi,Bowling,4.72,1.0652197839423656
v_Bowling_g09_c04.avi,Bowling,5.16,1.0652197839423656
v_Bowling_g09_c05.avi,Bowling,5.4,1.0652197839423656
v_Bowling_g09_c06.avi,Bowling,5.04,1.0652197839423656
v_Bowling_g09_c07.avi,Bowling,4.88,1.0652197839423656
v_Bowling_g10_c01.avi,Bowling,4.8,1.0652197839423656
v_Bowling_g10_c02.avi,Bowling,5.2,1.0652197839423656
v_Bowling_g10_c03.avi,Bowling,5.2,1.0652197839423656
v_Bowling_g10_c04.avi,Bowling,5.56,1.0652197839423656
v_Bowling_g10_c05.avi,Bowling,5.4,1.0652197839423656
v_Bowling_g10_c06.avi,Bowling,5.0,1.0652197839423656
v_Bowling_g10_c07.avi,Bowling,4.2,1.0652197839423656
v_Bowling_g11_c01.avi,Bowling,5.28,1.0652197839423656
v_Bowling_g11_c02.avi,Bowling,5.24,1.0652197839423656
v_Bowling_g11_c03.avi,Bowling,2.48,1.0652197839423656
v_Bowling_g11_c04.avi,Bowling,6.0,1.0652197839423656
v_Bowling_g11_c05.avi,Bowling,6.96,1.0652197839423656
v_Bowling_g11_c06.avi,Bowling,3.48,1.0652197839423656
v_Bowling_g11_c07.avi,Bowling,5.76,1.0652197839423656
v_Bowling_g12_c01.avi,Bowling,3.16,1.0652197839423656
v_Bowling_g12_c02.avi,Bowling,4.2,1.0652197839423656
v_Bowling_g12_c03.avi,Bowling,4.04,1.0652197839423656
v_Bowling_g12_c04.avi,Bowling,3.6,1.0652197839423656
v_Bowling_g13_c01.avi,Bowling,4.72,1.0652197839423656
v_Bowling_g13_c02.avi,Bowling,5.12,1.0652197839423656
v_Bowling_g13_c03.avi,Bowling,4.76,1.0652197839423656
v_Bowling_g13_c04.avi,Bowling,5.64,1.0652197839423656
v_Bowling_g13_c05.avi,Bowling,4.28,1.0652197839423656
v_Bowling_g13_c06.avi,Bowling,5.64,1.0652197839423656
v_Bowling_g14_c01.avi,Bowling,5.08,1.0652197839423656
v_Bowling_g14_c02.avi,Bowling,4.68,1.0652197839423656
v_Bowling_g14_c03.avi,Bowling,5.16,1.0652197839423656
v_Bowling_g14_c04.avi,Bowling,5.08,1.0652197839423656
v_Bowling_g14_c05.avi,Bowling,5.28,1.0652197839423656
v_Bowling_g15_c01.avi,Bowling,3.4,1.0652197839423656
v_Bowling_g15_c02.avi,Bowling,3.32,1.0652197839423656
v_Bowling_g15_c03.avi,Bowling,4.08,1.0652197839423656
v_Bowling_g15_c04.avi,Bowling,3.48,1.0652197839423656
v_Bowling_g15_c05.avi,Bowling,3.68,1.0652197839423656
v_Bowling_g15_c06.avi,Bowling,3.6,1.0652197839423656
v_Bowling_g15_c07.avi,Bowling,3.88,1.0652197839423656
v_Bowling_g16_c01.avi,Bowling,4.52,1.0652197839423656
v_Bowling_g16_c02.avi,Bowling,3.72,1.0652197839423656
v_Bowling_g16_c03.avi,Bowling,5.44,1.0652197839423656
v_Bowling_g16_c04.avi,Bowling,4.6,1.0652197839423656
v_Bowling_g17_c01.avi,Bowling,6.76,1.0652197839423656
v_Bowling_g17_c02.avi,Bowling,5.32,1.0652197839423656
v_Bowling_g17_c03.avi,Bowling,5.6,1.0652197839423656
v_Bowling_g17_c04.avi,Bowling,4.48,1.0652197839423656
v_Bowling_g17_c05.avi,Bowling,5.08,1.0652197839423656
v_Bowling_g17_c06.avi,Bowling,5.08,1.0652197839423656
v_Bowling_g17_c07.avi,Bowling,5.96,1.0652197839423656
v_Bowling_g18_c01.avi,Bowling,6.4,1.0652197839423656
v_Bowling_g18_c02.avi,Bowling,5.76,1.0652197839423656
v_Bowling_g18_c03.avi,Bowling,4.16,1.0652197839423656
v_Bowling_g18_c04.avi,Bowling,6.84,1.0652197839423656
v_Bowling_g18_c05.avi,Bowling,4.16,1.0652197839423656
v_Bowling_g19_c01.avi,Bowling,4.72,1.0652197839423656
v_Bowling_g19_c02.avi,Bowling,4.52,1.0652197839423656
v_Bowling_g19_c03.avi,Bowling,3.6,1.0652197839423656
v_Bowling_g19_c04.avi,Bowling,8.0,1.0652197839423656
v_Bowling_g19_c05.avi,Bowling,5.72,1.0652197839423656
v_Bowling_g19_c06.avi,Bowling,4.92,1.0652197839423656
v_Bowling_g19_c07.avi,Bowling,4.2,1.0652197839423656
v_Bowling_g20_c01.avi,Bowling,5.24,1.0652197839423656
v_Bowling_g20_c02.avi,Bowling,5.36,1.0652197839423656
v_Bowling_g20_c03.avi,Bowling,5.28,1.0652197839423656
v_Bowling_g20_c04.avi,Bowling,5.04,1.0652197839423656
v_Bowling_g20_c05.avi,Bowling,5.84,1.0652197839423656
v_Bowling_g20_c06.avi,Bowling,6.0,1.0652197839423656
v_Bowling_g20_c07.avi,Bowling,5.0,1.0652197839423656
v_Bowling_g21_c01.avi,Bowling,5.2,1.0652197839423656
v_Bowling_g21_c02.avi,Bowling,4.76,1.0652197839423656
v_Bowling_g21_c03.avi,Bowling,7.2,1.0652197839423656
v_Bowling_g21_c04.avi,Bowling,5.96,1.0652197839423656
v_Bowling_g21_c05.avi,Bowling,5.28,1.0652197839423656
v_Bowling_g21_c06.avi,Bowling,5.48,1.0652197839423656
v_Bowling_g22_c01.avi,Bowling,5.0,1.0652197839423656
v_Bowling_g22_c02.avi,Bowling,4.52,1.0652197839423656
v_Bowling_g22_c03.avi,Bowling,5.76,1.0652197839423656
v_Bowling_g22_c04.avi,Bowling,5.04,1.0652197839423656
v_Bowling_g22_c05.avi,Bowling,5.36,1.0652197839423656
v_Bowling_g22_c06.avi,Bowling,5.4,1.0652197839423656
v_Bowling_g22_c07.avi,Bowling,5.44,1.0652197839423656
v_Bowling_g23_c01.avi,Bowling,4.76,1.0652197839423656
v_Bowling_g23_c02.avi,Bowling,5.32,1.0652197839423656
v_Bowling_g23_c03.avi,Bowling,5.36,1.0652197839423656
v_Bowling_g23_c04.avi,Bowling,5.12,1.0652197839423656
v_Bowling_g23_c05.avi,Bowling,5.4,1.0652197839423656
v_Bowling_g23_c06.avi,Bowling,5.16,1.0652197839423656
v_Bowling_g23_c07.avi,Bowling,5.52,1.0652197839423656
v_Bowling_g24_c01.avi,Bowling,4.4,1.0652197839423656
v_Bowling_g24_c02.avi,Bowling,4.04,1.0652197839423656
v_Bowling_g24_c03.avi,Bowling,4.6,1.0652197839423656
v_Bowling_g24_c04.avi,Bowling,2.0,1.0652197839423656
v_Bowling_g24_c05.avi,Bowling,3.4,1.0652197839423656
v_Bowling_g24_c06.avi,Bowling,3.0,1.0652197839423656
v_Bowling_g24_c07.avi,Bowling,3.4,1.0652197839423656
v_Bowling_g25_c01.avi,Bowling,5.0,1.0652197839423656
v_Bowling_g25_c02.avi,Bowling,7.64,1.0652197839423656
v_Bowling_g25_c03.avi,Bowling,6.0,1.0652197839423656
v_Bowling_g25_c04.avi,Bowling,6.8,1.0652197839423656
v_Bowling_g25_c05.avi,Bowling,9.0,1.0652197839423656
v_BoxingPunchingBag_g01_c01.avi,BoxingPunchingBag,5.16,2.8412621940096767
v_BoxingPunchingBag_g01_c02.avi,BoxingPunchingBag,6.36,2.8412621940096767
v_BoxingPunchingBag_g01_c03.avi,BoxingPunchingBag,5.92,2.8412621940096767
v_BoxingPunchingBag_g01_c04.avi,BoxingPunchingBag,6.76,2.8412621940096767
v_BoxingPunchingBag_g01_c05.avi,BoxingPunchingBag,6.76,2.8412621940096767
v_BoxingPunchingBag_g01_c06.avi,BoxingPunchingBag,6.56,2.8412621940096767
v_BoxingPunchingBag_g01_c07.avi,BoxingPunchingBag,6.12,2.8412621940096767
v_BoxingPunchingBag_g02_c01.avi,BoxingPunchingBag,5.24,2.8412621940096767
v_BoxingPunchingBag_g02_c02.avi,BoxingPunchingBag,11.24,2.8412621940096767
v_BoxingPunchingBag_g02_c03.avi,BoxingPunchingBag,9.16,2.8412621940096767
v_BoxingPunchingBag_g02_c04.avi,BoxingPunchingBag,8.92,2.8412621940096767
v_BoxingPunchingBag_g02_c05.avi,BoxingPunchingBag,6.76,2.8412621940096767
v_BoxingPunchingBag_g02_c06.avi,BoxingPunchingBag,7.16,2.8412621940096767
v_BoxingPunchingBag_g02_c07.avi,BoxingPunchingBag,11.4,2.8412621940096767
v_BoxingPunchingBag_g03_c01.avi,BoxingPunchingBag,7.04,2.8412621940096767
v_BoxingPunchingBag_g03_c02.avi,BoxingPunchingBag,6.08,2.8412621940096767
v_BoxingPunchingBag_g03_c03.avi,BoxingPunchingBag,7.4,2.8412621940096767
v_BoxingPunchingBag_g03_c04.avi,BoxingPunchingBag,10.92,2.8412621940096767
v_BoxingPunchingBag_g03_c05.avi,BoxingPunchingBag,6.8,2.8412621940096767
v_BoxingPunchingBag_g03_c06.avi,BoxingPunchingBag,5.6,2.8412621940096767
v_BoxingPunchingBag_g03_c07.avi,BoxingPunchingBag,9.08,2.8412621940096767
v_BoxingPunchingBag_g04_c01.avi,BoxingPunchingBag,9.8,2.8412621940096767
v_BoxingPunchingBag_g04_c02.avi,BoxingPunchingBag,10.84,2.8412621940096767
v_BoxingPunchingBag_g04_c03.avi,BoxingPunchingBag,8.48,2.8412621940096767
v_BoxingPunchingBag_g04_c04.avi,BoxingPunchingBag,8.24,2.8412621940096767
v_BoxingPunchingBag_g04_c05.avi,BoxingPunchingBag,10.32,2.8412621940096767
v_BoxingPunchingBag_g04_c06.avi,BoxingPunchingBag,8.2,2.8412621940096767
v_BoxingPunchingBag_g04_c07.avi,BoxingPunchingBag,9.04,2.8412621940096767
v_BoxingPunchingBag_g05_c01.avi,BoxingPunchingBag,11.84,2.8412621940096767
v_BoxingPunchingBag_g05_c02.avi,BoxingPunchingBag,8.76,2.8412621940096767
v_BoxingPunchingBag_g05_c03.avi,BoxingPunchingBag,9.28,2.8412621940096767
v_BoxingPunchingBag_g05_c04.avi,BoxingPunchingBag,9.52,2.8412621940096767
v_BoxingPunchingBag_g05_c05.avi,BoxingPunchingBag,9.84,2.8412621940096767
v_BoxingPunchingBag_g05_c06.avi,BoxingPunchingBag,9.84,2.8412621940096767
v_BoxingPunchingBag_g05_c07.avi,BoxingPunchingBag,8.0,2.8412621940096767
v_BoxingPunchingBag_g06_c01.avi,BoxingPunchingBag,5.28,2.8412621940096767
v_BoxingPunchingBag_g06_c02.avi,BoxingPunchingBag,5.12,2.8412621940096767
v_BoxingPunchingBag_g06_c03.avi,BoxingPunchingBag,5.24,2.8412621940096767
v_BoxingPunchingBag_g06_c04.avi,BoxingPunchingBag,5.08,2.8412621940096767
v_BoxingPunchingBag_g06_c05.avi,BoxingPunchingBag,2.6,2.8412621940096767
v_BoxingPunchingBag_g06_c06.avi,BoxingPunchingBag,5.4,2.8412621940096767
v_BoxingPunchingBag_g06_c07.avi,BoxingPunchingBag,6.44,2.8412621940096767
v_BoxingPunchingBag_g07_c01.avi,BoxingPunchingBag,10.08,2.8412621940096767
v_BoxingPunchingBag_g07_c02.avi,BoxingPunchingBag,11.0,2.8412621940096767
v_BoxingPunchingBag_g07_c03.avi,BoxingPunchingBag,11.48,2.8412621940096767
v_BoxingPunchingBag_g07_c04.avi,BoxingPunchingBag,11.4,2.8412621940096767
v_BoxingPunchingBag_g07_c05.avi,BoxingPunchingBag,12.44,2.8412621940096767
v_BoxingPunchingBag_g07_c06.avi,BoxingPunchingBag,11.16,2.8412621940096767
v_BoxingPunchingBag_g07_c07.avi,BoxingPunchingBag,10.12,2.8412621940096767
v_BoxingPunchingBag_g08_c01.avi,BoxingPunchingBag,12.24,2.8412621940096767
v_BoxingPunchingBag_g08_c02.avi,BoxingPunchingBag,14.56,2.8412621940096767
v_BoxingPunchingBag_g08_c03.avi,BoxingPunchingBag,10.64,2.8412621940096767
v_BoxingPunchingBag_g08_c04.avi,BoxingPunchingBag,16.16,2.8412621940096767
v_BoxingPunchingBag_g08_c05.avi,BoxingPunchingBag,17.2,2.8412621940096767
v_BoxingPunchingBag_g08_c06.avi,BoxingPunchingBag,19.68,2.8412621940096767
v_BoxingPunchingBag_g08_c07.avi,BoxingPunchingBag,18.88,2.8412621940096767
v_BoxingPunchingBag_g09_c01.avi,BoxingPunchingBag,5.8,2.8412621940096767
v_BoxingPunchingBag_g09_c02.avi,BoxingPunchingBag,6.96,2.8412621940096767
v_BoxingPunchingBag_g09_c03.avi,BoxingPunchingBag,5.88,2.8412621940096767
v_BoxingPunchingBag_g09_c04.avi,BoxingPunchingBag,5.84,2.8412621940096767
v_BoxingPunchingBag_g09_c05.avi,BoxingPunchingBag,8.68,2.8412621940096767
v_BoxingPunchingBag_g09_c06.avi,BoxingPunchingBag,6.48,2.8412621940096767
v_BoxingPunchingBag_g09_c07.avi,BoxingPunchingBag,6.36,2.8412621940096767
v_BoxingPunchingBag_g10_c01.avi,BoxingPunchingBag,4.04,2.8412621940096767
v_BoxingPunchingBag_g10_c02.avi,BoxingPunchingBag,4.04,2.8412621940096767
v_BoxingPunchingBag_g10_c03.avi,BoxingPunchingBag,4.76,2.8412621940096767
v_BoxingPunchingBag_g10_c04.avi,BoxingPunchingBag,4.36,2.8412621940096767
v_BoxingPunchingBag_g11_c01.avi,BoxingPunchingBag,6.68,2.8412621940096767
v_BoxingPunchingBag_g11_c02.avi,BoxingPunchingBag,6.96,2.8412621940096767
v_BoxingPunchingBag_g11_c03.avi,BoxingPunchingBag,7.16,2.8412621940096767
v_BoxingPunchingBag_g11_c04.avi,BoxingPunchingBag,8.68,2.8412621940096767
v_BoxingPunchingBag_g11_c05.avi,BoxingPunchingBag,12.12,2.8412621940096767
v_BoxingPunchingBag_g12_c01.avi,BoxingPunchingBag,6.48,2.8412621940096767
v_BoxingPunchingBag_g12_c02.avi,BoxingPunchingBag,5.48,2.8412621940096767
v_BoxingPunchingBag_g12_c03.avi,BoxingPunchingBag,6.4,2.8412621940096767
v_BoxingPunchingBag_g12_c04.avi,BoxingPunchingBag,4.76,2.8412621940096767
v_BoxingPunchingBag_g12_c05.avi,BoxingPunchingBag,9.28,2.8412621940096767
v_BoxingPunchingBag_g12_c06.avi,BoxingPunchingBag,9.68,2.8412621940096767
v_BoxingPunchingBag_g12_c07.avi,BoxingPunchingBag,6.44,2.8412621940096767
v_BoxingPunchingBag_g13_c01.avi,BoxingPunchingBag,4.52,2.8412621940096767
v_BoxingPunchingBag_g13_c02.avi,BoxingPunchingBag,4.68,2.8412621940096767
v_BoxingPunchingBag_g13_c03.avi,BoxingPunchingBag,4.28,2.8412621940096767
v_BoxingPunchingBag_g13_c04.avi,BoxingPunchingBag,6.56,2.8412621940096767
v_BoxingPunchingBag_g14_c01.avi,BoxingPunchingBag,10.24,2.8412621940096767
v_BoxingPunchingBag_g14_c02.avi,BoxingPunchingBag,4.2,2.8412621940096767
v_BoxingPunchingBag_g14_c03.avi,BoxingPunchingBag,6.72,2.8412621940096767
v_BoxingPunchingBag_g14_c04.avi,BoxingPunchingBag,6.56,2.8412621940096767
v_BoxingPunchingBag_g14_c05.avi,BoxingPunchingBag,5.0,2.8412621940096767
v_BoxingPunchingBag_g14_c06.avi,BoxingPunchingBag,9.4,2.8412621940096767
v_BoxingPunchingBag_g14_c07.avi,BoxingPunchingBag,8.88,2.8412621940096767
v_BoxingPunchingBag_g15_c01.avi,BoxingPunchingBag,5.28,2.8412621940096767
v_BoxingPunchingBag_g15_c02.avi,BoxingPunchingBag,7.32,2.8412621940096767
v_BoxingPunchingBag_g15_c03.avi,BoxingPunchingBag,6.76,2.8412621940096767
v_BoxingPunchingBag_g15_c04.avi,BoxingPunchingBag,6.16,2.8412621940096767
v_BoxingPunchingBag_g15_c05.avi,BoxingPunchingBag,8.0,2.8412621940096767
v_BoxingPunchingBag_g15_c06.avi,BoxingPunchingBag,9.16,2.8412621940096767
v_BoxingPunchingBag_g15_c07.avi,BoxingPunchingBag,6.68,2.8412621940096767
v_BoxingPunchingBag_g16_c01.avi,BoxingPunchingBag,8.0,2.8412621940096767
v_BoxingPunchingBag_g16_c02.avi,BoxingPunchingBag,4.88,2.8412621940096767
v_BoxingPunchingBag_g16_c03.avi,BoxingPunchingBag,6.92,2.8412621940096767
v_BoxingPunchingBag_g16_c04.avi,BoxingPunchingBag,4.0,2.8412621940096767
v_BoxingPunchingBag_g16_c05.avi,BoxingPunchingBag,4.04,2.8412621940096767
v_BoxingPunchingBag_g16_c06.avi,BoxingPunchingBag,7.0,2.8412621940096767
v_BoxingPunchingBag_g16_c07.avi,BoxingPunchingBag,6.28,2.8412621940096767
v_BoxingPunchingBag_g17_c01.avi,BoxingPunchingBag,5.8,2.8412621940096767
v_BoxingPunchingBag_g17_c02.avi,BoxingPunchingBag,7.84,2.8412621940096767
v_BoxingPunchingBag_g17_c03.avi,BoxingPunchingBag,4.48,2.8412621940096767
v_BoxingPunchingBag_g17_c04.avi,BoxingPunchingBag,7.52,2.8412621940096767
v_BoxingPunchingBag_g18_c01.avi,BoxingPunchingBag,7.96,2.8412621940096767
v_BoxingPunchingBag_g18_c02.avi,BoxingPunchingBag,7.92,2.8412621940096767
v_BoxingPunchingBag_g18_c03.avi,BoxingPunchingBag,8.24,2.8412621940096767
v_BoxingPunchingBag_g18_c04.avi,BoxingPunchingBag,5.44,2.8412621940096767
v_BoxingPunchingBag_g18_c05.avi,BoxingPunchingBag,8.6,2.8412621940096767
v_BoxingPunchingBag_g18_c06.avi,BoxingPunchingBag,6.92,2.8412621940096767
v_BoxingPunchingBag_g19_c01.avi,BoxingPunchingBag,7.56,2.8412621940096767
v_BoxingPunchingBag_g19_c02.avi,BoxingPunchingBag,4.16,2.8412621940096767
v_BoxingPunchingBag_g19_c03.avi,BoxingPunchingBag,5.24,2.8412621940096767
v_BoxingPunchingBag_g19_c04.avi,BoxingPunchingBag,5.24,2.8412621940096767
v_BoxingPunchingBag_g19_c05.avi,BoxingPunchingBag,4.72,2.8412621940096767
v_BoxingPunchingBag_g19_c06.avi,BoxingPunchingBag,4.2,2.8412621940096767
v_BoxingPunchingBag_g19_c07.avi,BoxingPunchingBag,5.88,2.8412621940096767
v_BoxingPunchingBag_g20_c01.avi,BoxingPunchingBag,9.48,2.8412621940096767
v_BoxingPunchingBag_g20_c02.avi,BoxingPunchingBag,6.92,2.8412621940096767
v_BoxingPunchingBag_g20_c03.avi,BoxingPunchingBag,8.64,2.8412621940096767
v_BoxingPunchingBag_g20_c04.avi,BoxingPunchingBag,7.04,2.8412621940096767
v_BoxingPunchingBag_g20_c05.avi,BoxingPunchingBag,9.92,2.8412621940096767
v_BoxingPunchingBag_g20_c06.avi,BoxingPunchingBag,9.96,2.8412621940096767
v_BoxingPunchingBag_g20_c07.avi,BoxingPunchingBag,6.28,2.8412621940096767
v_BoxingPunchingBag_g21_c01.avi,BoxingPunchingBag,12.16,2.8412621940096767
v_BoxingPunchingBag_g21_c02.avi,BoxingPunchingBag,5.68,2.8412621940096767
v_BoxingPunchingBag_g21_c03.avi,BoxingPunchingBag,8.28,2.8412621940096767
v_BoxingPunchingBag_g21_c04.avi,BoxingPunchingBag,5.64,2.8412621940096767
v_BoxingPunchingBag_g21_c05.avi,BoxingPunchingBag,7.24,2.8412621940096767
v_BoxingPunchingBag_g21_c06.avi,BoxingPunchingBag,6.84,2.8412621940096767
v_BoxingPunchingBag_g21_c07.avi,BoxingPunchingBag,6.52,2.8412621940096767
v_BoxingPunchingBag_g22_c01.avi,BoxingPunchingBag,9.28,2.8412621940096767
v_BoxingPunchingBag_g22_c02.avi,BoxingPunchingBag,7.76,2.8412621940096767
v_BoxingPunchingBag_g22_c03.avi,BoxingPunchingBag,7.92,2.8412621940096767
v_BoxingPunchingBag_g22_c04.avi,BoxingPunchingBag,5.56,2.8412621940096767
v_BoxingPunchingBag_g22_c05.avi,BoxingPunchingBag,6.92,2.8412621940096767
v_BoxingPunchingBag_g22_c06.avi,BoxingPunchingBag,5.8,2.8412621940096767
v_BoxingPunchingBag_g22_c07.avi,BoxingPunchingBag,8.12,2.8412621940096767
v_BoxingPunchingBag_g23_c01.avi,BoxingPunchingBag,9.36,2.8412621940096767
v_BoxingPunchingBag_g23_c02.avi,BoxingPunchingBag,6.44,2.8412621940096767
v_BoxingPunchingBag_g23_c03.avi,BoxingPunchingBag,7.68,2.8412621940096767
v_BoxingPunchingBag_g23_c04.avi,BoxingPunchingBag,10.44,2.8412621940096767
v_BoxingPunchingBag_g23_c05.avi,BoxingPunchingBag,6.52,2.8412621940096767
v_BoxingPunchingBag_g23_c06.avi,BoxingPunchingBag,4.36,2.8412621940096767
v_BoxingPunchingBag_g23_c07.avi,BoxingPunchingBag,4.52,2.8412621940096767
v_BoxingPunchingBag_g24_c01.avi,BoxingPunchingBag,6.72,2.8412621940096767
v_BoxingPunchingBag_g24_c02.avi,BoxingPunchingBag,12.88,2.8412621940096767
v_BoxingPunchingBag_g24_c03.avi,BoxingPunchingBag,9.0,2.8412621940096767
v_BoxingPunchingBag_g24_c04.avi,BoxingPunchingBag,8.8,2.8412621940096767
v_BoxingPunchingBag_g24_c05.avi,BoxingPunchingBag,13.56,2.8412621940096767
v_BoxingPunchingBag_g24_c06.avi,BoxingPunchingBag,6.68,2.8412621940096767
v_BoxingPunchingBag_g24_c07.avi,BoxingPunchingBag,10.52,2.8412621940096767
v_BoxingPunchingBag_g25_c01.avi,BoxingPunchingBag,5.0,2.8412621940096767
v_BoxingPunchingBag_g25_c02.avi,BoxingPunchingBag,4.8,2.8412621940096767
v_BoxingPunchingBag_g25_c03.avi,BoxingPunchingBag,5.04,2.8412621940096767
v_BoxingPunchingBag_g25_c04.avi,BoxingPunchingBag,4.8,2.8412621940096767
v_BoxingPunchingBag_g25_c05.avi,BoxingPunchingBag,4.0,2.8412621940096767
v_BoxingPunchingBag_g25_c06.avi,BoxingPunchingBag,10.04,2.8412621940096767
v_BoxingPunchingBag_g25_c07.avi,BoxingPunchingBag,4.08,2.8412621940096767
v_BoxingSpeedBag_g01_c01.avi,BoxingSpeedBag,5.24,4.500598127308742
v_BoxingSpeedBag_g01_c02.avi,BoxingSpeedBag,4.96,4.500598127308742
v_BoxingSpeedBag_g01_c03.avi,BoxingSpeedBag,3.96,4.500598127308742
v_BoxingSpeedBag_g01_c04.avi,BoxingSpeedBag,2.84,4.500598127308742
v_BoxingSpeedBag_g02_c01.avi,BoxingSpeedBag,6.84,4.500598127308742
v_BoxingSpeedBag_g02_c02.avi,BoxingSpeedBag,7.96,4.500598127308742
v_BoxingSpeedBag_g02_c03.avi,BoxingSpeedBag,7.12,4.500598127308742
v_BoxingSpeedBag_g02_c04.avi,BoxingSpeedBag,5.44,4.500598127308742
v_BoxingSpeedBag_g03_c01.avi,BoxingSpeedBag,4.8,4.500598127308742
v_BoxingSpeedBag_g03_c02.avi,BoxingSpeedBag,5.52,4.500598127308742
v_BoxingSpeedBag_g03_c03.avi,BoxingSpeedBag,5.28,4.500598127308742
v_BoxingSpeedBag_g03_c04.avi,BoxingSpeedBag,5.88,4.500598127308742
v_BoxingSpeedBag_g03_c05.avi,BoxingSpeedBag,6.12,4.500598127308742
v_BoxingSpeedBag_g04_c01.avi,BoxingSpeedBag,4.44,4.500598127308742
v_BoxingSpeedBag_g04_c02.avi,BoxingSpeedBag,5.28,4.500598127308742
v_BoxingSpeedBag_g04_c03.avi,BoxingSpeedBag,8.36,4.500598127308742
v_BoxingSpeedBag_g04_c04.avi,BoxingSpeedBag,8.12,4.500598127308742
v_BoxingSpeedBag_g04_c05.avi,BoxingSpeedBag,8.96,4.500598127308742
v_BoxingSpeedBag_g04_c06.avi,BoxingSpeedBag,10.08,4.500598127308742
v_BoxingSpeedBag_g04_c07.avi,BoxingSpeedBag,11.96,4.500598127308742
v_BoxingSpeedBag_g05_c01.avi,BoxingSpeedBag,5.4,4.500598127308742
v_BoxingSpeedBag_g05_c02.avi,BoxingSpeedBag,6.56,4.500598127308742
v_BoxingSpeedBag_g05_c03.avi,BoxingSpeedBag,7.6,4.500598127308742
v_BoxingSpeedBag_g05_c04.avi,BoxingSpeedBag,5.44,4.500598127308742
v_BoxingSpeedBag_g05_c05.avi,BoxingSpeedBag,7.32,4.500598127308742
v_BoxingSpeedBag_g06_c01.avi,BoxingSpeedBag,8.88,4.500598127308742
v_BoxingSpeedBag_g06_c02.avi,BoxingSpeedBag,9.76,4.500598127308742
v_BoxingSpeedBag_g06_c03.avi,BoxingSpeedBag,10.0,4.500598127308742
v_BoxingSpeedBag_g06_c04.avi,BoxingSpeedBag,8.92,4.500598127308742
v_BoxingSpeedBag_g06_c05.avi,BoxingSpeedBag,5.0,4.500598127308742
v_BoxingSpeedBag_g07_c01.avi,BoxingSpeedBag,19.28,4.500598127308742
v_BoxingSpeedBag_g07_c02.avi,BoxingSpeedBag,20.16,4.500598127308742
v_BoxingSpeedBag_g07_c03.avi,BoxingSpeedBag,18.04,4.500598127308742
v_BoxingSpeedBag_g07_c04.avi,BoxingSpeedBag,18.64,4.500598127308742
v_BoxingSpeedBag_g07_c05.avi,BoxingSpeedBag,18.12,4.500598127308742
v_BoxingSpeedBag_g07_c06.avi,BoxingSpeedBag,17.48,4.500598127308742
v_BoxingSpeedBag_g07_c07.avi,BoxingSpeedBag,18.08,4.500598127308742
v_BoxingSpeedBag_g08_c01.avi,BoxingSpeedBag,9.44,4.500598127308742
v_BoxingSpeedBag_g08_c02.avi,BoxingSpeedBag,9.72,4.500598127308742
v_BoxingSpeedBag_g08_c03.avi,BoxingSpeedBag,9.12,4.500598127308742
v_BoxingSpeedBag_g08_c04.avi,BoxingSpeedBag,9.72,4.500598127308742
v_BoxingSpeedBag_g08_c05.avi,BoxingSpeedBag,9.04,4.500598127308742
v_BoxingSpeedBag_g09_c01.avi,BoxingSpeedBag,16.08,4.500598127308742
v_BoxingSpeedBag_g09_c02.avi,BoxingSpeedBag,16.64,4.500598127308742
v_BoxingSpeedBag_g09_c03.avi,BoxingSpeedBag,17.8,4.500598127308742
v_BoxingSpeedBag_g09_c04.avi,BoxingSpeedBag,18.48,4.500598127308742
v_BoxingSpeedBag_g09_c05.avi,BoxingSpeedBag,19.16,4.500598127308742
v_BoxingSpeedBag_g09_c06.avi,BoxingSpeedBag,12.52,4.500598127308742
v_BoxingSpeedBag_g09_c07.avi,BoxingSpeedBag,15.24,4.500598127308742
v_BoxingSpeedBag_g10_c01.avi,BoxingSpeedBag,5.0,4.500598127308742
v_BoxingSpeedBag_g10_c02.avi,BoxingSpeedBag,5.32,4.500598127308742
v_BoxingSpeedBag_g10_c03.avi,BoxingSpeedBag,5.0,4.500598127308742
v_BoxingSpeedBag_g10_c04.avi,BoxingSpeedBag,4.04,4.500598127308742
v_BoxingSpeedBag_g11_c01.avi,BoxingSpeedBag,9.48,4.500598127308742
v_BoxingSpeedBag_g11_c02.avi,BoxingSpeedBag,11.0,4.500598127308742
v_BoxingSpeedBag_g11_c03.avi,BoxingSpeedBag,11.92,4.500598127308742
v_BoxingSpeedBag_g11_c04.avi,BoxingSpeedBag,11.0,4.500598127308742
v_BoxingSpeedBag_g11_c05.avi,BoxingSpeedBag,9.84,4.500598127308742
v_BoxingSpeedBag_g11_c06.avi,BoxingSpeedBag,6.52,4.500598127308742
v_BoxingSpeedBag_g12_c01.avi,BoxingSpeedBag,9.88,4.500598127308742
v_BoxingSpeedBag_g12_c02.avi,BoxingSpeedBag,12.12,4.500598127308742
v_BoxingSpeedBag_g12_c03.avi,BoxingSpeedBag,12.6,4.500598127308742
v_BoxingSpeedBag_g12_c04.avi,BoxingSpeedBag,10.0,4.500598127308742
v_BoxingSpeedBag_g12_c05.avi,BoxingSpeedBag,8.16,4.500598127308742
v_BoxingSpeedBag_g13_c01.avi,BoxingSpeedBag,15.56,4.500598127308742
v_BoxingSpeedBag_g13_c02.avi,BoxingSpeedBag,15.08,4.500598127308742
v_BoxingSpeedBag_g13_c03.avi,BoxingSpeedBag,9.72,4.500598127308742
v_BoxingSpeedBag_g13_c04.avi,BoxingSpeedBag,11.96,4.500598127308742
v_BoxingSpeedBag_g13_c05.avi,BoxingSpeedBag,9.2,4.500598127308742
v_BoxingSpeedBag_g13_c06.avi,BoxingSpeedBag,9.32,4.500598127308742
v_BoxingSpeedBag_g13_c07.avi,BoxingSpeedBag,15.2,4.500598127308742
v_BoxingSpeedBag_g14_c01.avi,BoxingSpeedBag,4.48,4.500598127308742
v_BoxingSpeedBag_g14_c02.avi,BoxingSpeedBag,4.48,4.500598127308742
v_BoxingSpeedBag_g14_c03.avi,BoxingSpeedBag,9.2,4.500598127308742
v_BoxingSpeedBag_g14_c04.avi,BoxingSpeedBag,9.12,4.500598127308742
v_BoxingSpeedBag_g14_c05.avi,BoxingSpeedBag,9.44,4.500598127308742
v_BoxingSpeedBag_g14_c06.avi,BoxingSpeedBag,9.72,4.500598127308742
v_BoxingSpeedBag_g15_c01.avi,BoxingSpeedBag,7.64,4.500598127308742
v_BoxingSpeedBag_g15_c02.avi,BoxingSpeedBag,7.72,4.500598127308742
v_BoxingSpeedBag_g15_c03.avi,BoxingSpeedBag,10.04,4.500598127308742
v_BoxingSpeedBag_g15_c04.avi,BoxingSpeedBag,11.32,4.500598127308742
v_BoxingSpeedBag_g15_c05.avi,BoxingSpeedBag,13.84,4.500598127308742
v_BoxingSpeedBag_g15_c06.avi,BoxingSpeedBag,11.56,4.500598127308742
v_BoxingSpeedBag_g15_c07.avi,BoxingSpeedBag,13.36,4.500598127308742
v_BoxingSpeedBag_g16_c01.avi,BoxingSpeedBag,4.0,4.500598127308742
v_BoxingSpeedBag_g16_c02.avi,BoxingSpeedBag,5.16,4.500598127308742
v_BoxingSpeedBag_g16_c03.avi,BoxingSpeedBag,3.08,4.500598127308742
v_BoxingSpeedBag_g16_c04.avi,BoxingSpeedBag,5.8,4.500598127308742
v_BoxingSpeedBag_g16_c05.avi,BoxingSpeedBag,8.0,4.500598127308742
v_BoxingSpeedBag_g17_c01.avi,BoxingSpeedBag,17.04,4.500598127308742
v_BoxingSpeedBag_g17_c02.avi,BoxingSpeedBag,17.84,4.500598127308742
v_BoxingSpeedBag_g17_c03.avi,BoxingSpeedBag,17.48,4.500598127308742
v_BoxingSpeedBag_g17_c04.avi,BoxingSpeedBag,19.0,4.500598127308742
v_BoxingSpeedBag_g17_c05.avi,BoxingSpeedBag,18.44,4.500598127308742
v_BoxingSpeedBag_g17_c06.avi,BoxingSpeedBag,19.32,4.500598127308742
v_BoxingSpeedBag_g17_c07.avi,BoxingSpeedBag,18.84,4.500598127308742
v_BoxingSpeedBag_g18_c01.avi,BoxingSpeedBag,10.0,4.500598127308742
v_BoxingSpeedBag_g18_c02.avi,BoxingSpeedBag,10.0,4.500598127308742
v_BoxingSpeedBag_g18_c03.avi,BoxingSpeedBag,9.0,4.500598127308742
v_BoxingSpeedBag_g18_c04.avi,BoxingSpeedBag,8.76,4.500598127308742
v_BoxingSpeedBag_g19_c01.avi,BoxingSpeedBag,4.0,4.500598127308742
v_BoxingSpeedBag_g19_c02.avi,BoxingSpeedBag,4.64,4.500598127308742
v_BoxingSpeedBag_g19_c03.avi,BoxingSpeedBag,4.72,4.500598127308742
v_BoxingSpeedBag_g19_c04.avi,BoxingSpeedBag,5.04,4.500598127308742
v_BoxingSpeedBag_g19_c05.avi,BoxingSpeedBag,4.96,4.500598127308742
v_BoxingSpeedBag_g20_c01.avi,BoxingSpeedBag,11.6,4.500598127308742
v_BoxingSpeedBag_g20_c02.avi,BoxingSpeedBag,9.96,4.500598127308742
v_BoxingSpeedBag_g20_c03.avi,BoxingSpeedBag,10.0,4.500598127308742
v_BoxingSpeedBag_g20_c04.avi,BoxingSpeedBag,11.32,4.500598127308742
v_BoxingSpeedBag_g20_c05.avi,BoxingSpeedBag,12.2,4.500598127308742
v_BoxingSpeedBag_g21_c01.avi,BoxingSpeedBag,5.0,4.500598127308742
v_BoxingSpeedBag_g21_c02.avi,BoxingSpeedBag,6.56,4.500598127308742
v_BoxingSpeedBag_g21_c03.avi,BoxingSpeedBag,6.56,4.500598127308742
v_BoxingSpeedBag_g21_c04.avi,BoxingSpeedBag,3.36,4.500598127308742
v_BoxingSpeedBag_g22_c01.avi,BoxingSpeedBag,6.64,4.500598127308742
v_BoxingSpeedBag_g22_c02.avi,BoxingSpeedBag,7.88,4.500598127308742
v_BoxingSpeedBag_g22_c03.avi,BoxingSpeedBag,6.96,4.500598127308742
v_BoxingSpeedBag_g22_c04.avi,BoxingSpeedBag,8.56,4.500598127308742
v_BoxingSpeedBag_g23_c01.avi,BoxingSpeedBag,10.16,4.500598127308742
v_BoxingSpeedBag_g23_c02.avi,BoxingSpeedBag,12.0,4.500598127308742
v_BoxingSpeedBag_g23_c03.avi,BoxingSpeedBag,9.72,4.500598127308742
v_BoxingSpeedBag_g23_c04.avi,BoxingSpeedBag,8.92,4.500598127308742
v_BoxingSpeedBag_g23_c05.avi,BoxingSpeedBag,7.88,4.500598127308742
v_BoxingSpeedBag_g24_c01.avi,BoxingSpeedBag,4.48,4.500598127308742
v_BoxingSpeedBag_g24_c02.avi,BoxingSpeedBag,5.08,4.500598127308742
v_BoxingSpeedBag_g24_c03.avi,BoxingSpeedBag,3.76,4.500598127308742
v_BoxingSpeedBag_g24_c04.avi,BoxingSpeedBag,4.2,4.500598127308742
v_BoxingSpeedBag_g25_c01.avi,BoxingSpeedBag,5.56,4.500598127308742
v_BoxingSpeedBag_g25_c02.avi,BoxingSpeedBag,6.72,4.500598127308742
v_BoxingSpeedBag_g25_c03.avi,BoxingSpeedBag,9.32,4.500598127308742
v_BoxingSpeedBag_g25_c04.avi,BoxingSpeedBag,9.44,4.500598127308742
v_BoxingSpeedBag_g25_c05.avi,BoxingSpeedBag,6.48,4.500598127308742
v_BoxingSpeedBag_g25_c06.avi,BoxingSpeedBag,6.0,4.500598127308742
v_BoxingSpeedBag_g25_c07.avi,BoxingSpeedBag,5.32,4.500598127308742
v_BreastStroke_g01_c01.avi,BreastStroke,3.84,3.3935527923483737
v_BreastStroke_g01_c02.avi,BreastStroke,3.84,3.3935527923483737
v_BreastStroke_g01_c03.avi,BreastStroke,3.84,3.3935527923483737
v_BreastStroke_g01_c04.avi,BreastStroke,3.84,3.3935527923483737
v_BreastStroke_g02_c01.avi,BreastStroke,9.08,3.3935527923483737
v_BreastStroke_g02_c02.avi,BreastStroke,12.08,3.3935527923483737
v_BreastStroke_g02_c03.avi,BreastStroke,3.88,3.3935527923483737
v_BreastStroke_g02_c04.avi,BreastStroke,10.44,3.3935527923483737
v_BreastStroke_g03_c01.avi,BreastStroke,7.04,3.3935527923483737
v_BreastStroke_g03_c02.avi,BreastStroke,7.16,3.3935527923483737
v_BreastStroke_g03_c03.avi,BreastStroke,7.36,3.3935527923483737
v_BreastStroke_g03_c04.avi,BreastStroke,7.48,3.3935527923483737
v_BreastStroke_g04_c01.avi,BreastStroke,7.68,3.3935527923483737
v_BreastStroke_g04_c02.avi,BreastStroke,7.32,3.3935527923483737
v_BreastStroke_g04_c03.avi,BreastStroke,7.68,3.3935527923483737
v_BreastStroke_g04_c04.avi,BreastStroke,8.68,3.3935527923483737
v_BreastStroke_g05_c01.avi,BreastStroke,6.0,3.3935527923483737
v_BreastStroke_g05_c02.avi,BreastStroke,9.0,3.3935527923483737
v_BreastStroke_g05_c03.avi,BreastStroke,11.56,3.3935527923483737
v_BreastStroke_g05_c04.avi,BreastStroke,13.32,3.3935527923483737
v_BreastStroke_g06_c01.avi,BreastStroke,4.64,3.3935527923483737
v_BreastStroke_g06_c02.avi,BreastStroke,4.0,3.3935527923483737
v_BreastStroke_g06_c03.avi,BreastStroke,4.0,3.3935527923483737
v_BreastStroke_g06_c04.avi,BreastStroke,4.56,3.3935527923483737
v_BreastStroke_g07_c01.avi,BreastStroke,10.4,3.3935527923483737
v_BreastStroke_g07_c02.avi,BreastStroke,12.2,3.3935527923483737
v_BreastStroke_g07_c03.avi,BreastStroke,5.08,3.3935527923483737
v_BreastStroke_g07_c04.avi,BreastStroke,7.92,3.3935527923483737
v_BreastStroke_g08_c01.avi,BreastStroke,8.6,3.3935527923483737
v_BreastStroke_g08_c02.avi,BreastStroke,8.52,3.3935527923483737
v_BreastStroke_g08_c03.avi,BreastStroke,9.2,3.3935527923483737
v_BreastStroke_g08_c04.avi,BreastStroke,7.96,3.3935527923483737
v_BreastStroke_g09_c01.avi,BreastStroke,5.04,3.3935527923483737
v_BreastStroke_g09_c02.avi,BreastStroke,4.24,3.3935527923483737
v_BreastStroke_g09_c03.avi,BreastStroke,3.48,3.3935527923483737
v_BreastStroke_g09_c04.avi,BreastStroke,3.72,3.3935527923483737
v_BreastStroke_g10_c01.avi,BreastStroke,6.04,3.3935527923483737
v_BreastStroke_g10_c02.avi,BreastStroke,7.68,3.3935527923483737
v_BreastStroke_g10_c03.avi,BreastStroke,7.68,3.3935527923483737
v_BreastStroke_g10_c04.avi,BreastStroke,10.64,3.3935527923483737
v_BreastStroke_g11_c01.avi,BreastStroke,15.72,3.3935527923483737
v_BreastStroke_g11_c02.avi,BreastStroke,14.52,3.3935527923483737
v_BreastStroke_g11_c03.avi,BreastStroke,16.72,3.3935527923483737
v_BreastStroke_g11_c04.avi,BreastStroke,14.96,3.3935527923483737
v_BreastStroke_g12_c01.avi,BreastStroke,6.96,3.3935527923483737
v_BreastStroke_g12_c02.avi,BreastStroke,13.28,3.3935527923483737
v_BreastStroke_g12_c03.avi,BreastStroke,7.04,3.3935527923483737
v_BreastStroke_g12_c04.avi,BreastStroke,7.12,3.3935527923483737
v_BreastStroke_g13_c01.avi,BreastStroke,2.68,3.3935527923483737
v_BreastStroke_g13_c02.avi,BreastStroke,2.68,3.3935527923483737
v_BreastStroke_g13_c03.avi,BreastStroke,2.68,3.3935527923483737
v_BreastStroke_g13_c04.avi,BreastStroke,3.44,3.3935527923483737
v_BreastStroke_g14_c01.avi,BreastStroke,3.72,3.3935527923483737
v_BreastStroke_g14_c02.avi,BreastStroke,3.72,3.3935527923483737
v_BreastStroke_g14_c03.avi,BreastStroke,3.72,3.3935527923483737
v_BreastStroke_g14_c04.avi,BreastStroke,3.88,3.3935527923483737
v_BreastStroke_g15_c01.avi,BreastStroke,5.04,3.3935527923483737
v_BreastStroke_g15_c02.avi,BreastStroke,5.04,3.3935527923483737
v_BreastStroke_g15_c03.avi,BreastStroke,5.0,3.3935527923483737
v_BreastStroke_g15_c04.avi,BreastStroke,4.84,3.3935527923483737
v_BreastStroke_g16_c01.avi,BreastStroke,10.04,3.3935527923483737
v_BreastStroke_g16_c02.avi,BreastStroke,9.44,3.3935527923483737
v_BreastStroke_g16_c03.avi,BreastStroke,8.88,3.3935527923483737
v_BreastStroke_g16_c04.avi,BreastStroke,8.56,3.3935527923483737
v_BreastStroke_g17_c01.avi,BreastStroke,7.76,3.3935527923483737
v_BreastStroke_g17_c02.avi,BreastStroke,5.68,3.3935527923483737
v_BreastStroke_g17_c03.avi,BreastStroke,6.12,3.3935527923483737
v_BreastStroke_g17_c04.avi,BreastStroke,4.24,3.3935527923483737
v_BreastStroke_g18_c01.avi,BreastStroke,5.52,3.3935527923483737
v_BreastStroke_g18_c02.avi,BreastStroke,4.64,3.3935527923483737
v_BreastStroke_g18_c03.avi,BreastStroke,6.32,3.3935527923483737
v_BreastStroke_g18_c04.avi,BreastStroke,3.88,3.3935527923483737
v_BreastStroke_g18_c05.avi,BreastStroke,5.48,3.3935527923483737
v_BreastStroke_g19_c01.avi,BreastStroke,8.36,3.3935527923483737
v_BreastStroke_g19_c02.avi,BreastStroke,8.08,3.3935527923483737
v_BreastStroke_g19_c03.avi,BreastStroke,9.24,3.3935527923483737
v_BreastStroke_g19_c04.avi,BreastStroke,9.08,3.3935527923483737
v_BreastStroke_g20_c01.avi,BreastStroke,5.68,3.3935527923483737
v_BreastStroke_g20_c02.avi,BreastStroke,5.68,3.3935527923483737
v_BreastStroke_g20_c03.avi,BreastStroke,5.68,3.3935527923483737
v_BreastStroke_g20_c04.avi,BreastStroke,6.24,3.3935527923483737
v_BreastStroke_g21_c01.avi,BreastStroke,4.04,3.3935527923483737
v_BreastStroke_g21_c02.avi,BreastStroke,4.04,3.3935527923483737
v_BreastStroke_g21_c03.avi,BreastStroke,4.04,3.3935527923483737
v_BreastStroke_g21_c04.avi,BreastStroke,4.0,3.3935527923483737
v_BreastStroke_g22_c01.avi,BreastStroke,5.52,3.3935527923483737
v_BreastStroke_g22_c02.avi,BreastStroke,9.68,3.3935527923483737
v_BreastStroke_g22_c03.avi,BreastStroke,10.88,3.3935527923483737
v_BreastStroke_g22_c04.avi,BreastStroke,13.28,3.3935527923483737
v_BreastStroke_g23_c01.avi,BreastStroke,14.36,3.3935527923483737
v_BreastStroke_g23_c02.avi,BreastStroke,14.32,3.3935527923483737
v_BreastStroke_g23_c03.avi,BreastStroke,13.4,3.3935527923483737
v_BreastStroke_g23_c04.avi,BreastStroke,15.12,3.3935527923483737
v_BreastStroke_g24_c01.avi,BreastStroke,4.68,3.3935527923483737
v_BreastStroke_g24_c02.avi,BreastStroke,4.68,3.3935527923483737
v_BreastStroke_g24_c03.avi,BreastStroke,4.68,3.3935527923483737
v_BreastStroke_g24_c04.avi,BreastStroke,5.32,3.3935527923483737
v_BreastStroke_g25_c01.avi,BreastStroke,8.48,3.3935527923483737
v_BreastStroke_g25_c02.avi,BreastStroke,6.92,3.3935527923483737
v_BreastStroke_g25_c03.avi,BreastStroke,6.04,3.3935527923483737
v_BreastStroke_g25_c04.avi,BreastStroke,6.04,3.3935527923483737
v_BrushingTeeth_g01_c01.avi,BrushingTeeth,4.12,6.085922849890633
v_BrushingTeeth_g01_c02.avi,BrushingTeeth,4.36,6.085922849890633
v_BrushingTeeth_g01_c03.avi,BrushingTeeth,4.88,6.085922849890633
v_BrushingTeeth_g01_c04.avi,BrushingTeeth,4.04,6.085922849890633
v_BrushingTeeth_g02_c01.avi,BrushingTeeth,28.64,6.085922849890633
v_BrushingTeeth_g02_c02.avi,BrushingTeeth,29.28,6.085922849890633
v_BrushingTeeth_g02_c03.avi,BrushingTeeth,29.28,6.085922849890633
v_BrushingTeeth_g02_c04.avi,BrushingTeeth,28.6,6.085922849890633
v_BrushingTeeth_g02_c05.avi,BrushingTeeth,29.92,6.085922849890633
v_BrushingTeeth_g02_c06.avi,BrushingTeeth,28.64,6.085922849890633
v_BrushingTeeth_g02_c07.avi,BrushingTeeth,31.72,6.085922849890633
v_BrushingTeeth_g03_c01.avi,BrushingTeeth,9.64,6.085922849890633
v_BrushingTeeth_g03_c02.avi,BrushingTeeth,9.56,6.085922849890633
v_BrushingTeeth_g03_c03.avi,BrushingTeeth,9.04,6.085922849890633
v_BrushingTeeth_g03_c04.avi,BrushingTeeth,8.2,6.085922849890633
v_BrushingTeeth_g03_c05.avi,BrushingTeeth,9.24,6.085922849890633
v_BrushingTeeth_g04_c01.avi,BrushingTeeth,7.72,6.085922849890633
v_BrushingTeeth_g04_c02.avi,BrushingTeeth,5.12,6.085922849890633
v_BrushingTeeth_g04_c03.avi,BrushingTeeth,4.0,6.085922849890633
v_BrushingTeeth_g04_c04.avi,BrushingTeeth,3.2,6.085922849890633
v_BrushingTeeth_g05_c01.avi,BrushingTeeth,6.8,6.085922849890633
v_BrushingTeeth_g05_c02.avi,BrushingTeeth,7.8,6.085922849890633
v_BrushingTeeth_g05_c03.avi,BrushingTeeth,8.4,6.085922849890633
v_BrushingTeeth_g05_c04.avi,BrushingTeeth,6.44,6.085922849890633
v_BrushingTeeth_g05_c05.avi,BrushingTeeth,9.16,6.085922849890633
v_BrushingTeeth_g06_c01.avi,BrushingTeeth,11.48,6.085922849890633
v_BrushingTeeth_g06_c02.avi,BrushingTeeth,9.96,6.085922849890633
v_BrushingTeeth_g06_c03.avi,BrushingTeeth,12.36,6.085922849890633
v_BrushingTeeth_g06_c04.avi,BrushingTeeth,13.48,6.085922849890633
v_BrushingTeeth_g06_c05.avi,BrushingTeeth,9.08,6.085922849890633
v_BrushingTeeth_g07_c01.avi,BrushingTeeth,6.84,6.085922849890633
v_BrushingTeeth_g07_c02.avi,BrushingTeeth,9.16,6.085922849890633
v_BrushingTeeth_g07_c03.avi,BrushingTeeth,6.32,6.085922849890633
v_BrushingTeeth_g07_c04.avi,BrushingTeeth,7.0,6.085922849890633
v_BrushingTeeth_g07_c05.avi,BrushingTeeth,9.96,6.085922849890633
v_BrushingTeeth_g07_c06.avi,BrushingTeeth,9.0,6.085922849890633
v_BrushingTeeth_g08_c01.avi,BrushingTeeth,7.12,6.085922849890633
v_BrushingTeeth_g08_c02.avi,BrushingTeeth,7.52,6.085922849890633
v_BrushingTeeth_g08_c03.avi,BrushingTeeth,6.84,6.085922849890633
v_BrushingTeeth_g08_c04.avi,BrushingTeeth,7.96,6.085922849890633
v_BrushingTeeth_g08_c05.avi,BrushingTeeth,7.0,6.085922849890633
v_BrushingTeeth_g08_c06.avi,BrushingTeeth,7.16,6.085922849890633
v_BrushingTeeth_g09_c01.avi,BrushingTeeth,4.0,6.085922849890633
v_BrushingTeeth_g09_c02.avi,BrushingTeeth,4.24,6.085922849890633
v_BrushingTeeth_g09_c03.avi,BrushingTeeth,4.0,6.085922849890633
v_BrushingTeeth_g09_c04.avi,BrushingTeeth,3.8,6.085922849890633
v_BrushingTeeth_g10_c01.avi,BrushingTeeth,8.48,6.085922849890633
v_BrushingTeeth_g10_c02.avi,BrushingTeeth,8.08,6.085922849890633
v_BrushingTeeth_g10_c03.avi,BrushingTeeth,8.4,6.085922849890633
v_BrushingTeeth_g10_c04.avi,BrushingTeeth,9.6,6.085922849890633
v_BrushingTeeth_g10_c05.avi,BrushingTeeth,8.32,6.085922849890633
v_BrushingTeeth_g11_c01.avi,BrushingTeeth,9.24,6.085922849890633
v_BrushingTeeth_g11_c02.avi,BrushingTeeth,9.88,6.085922849890633
v_BrushingTeeth_g11_c03.avi,BrushingTeeth,9.6,6.085922849890633
v_BrushingTeeth_g11_c04.avi,BrushingTeeth,9.52,6.085922849890633
v_BrushingTeeth_g12_c01.avi,BrushingTeeth,10.24,6.085922849890633
v_BrushingTeeth_g12_c02.avi,BrushingTeeth,10.64,6.085922849890633
v_BrushingTeeth_g12_c03.avi,BrushingTeeth,10.6,6.085922849890633
v_BrushingTeeth_g12_c04.avi,BrushingTeeth,11.04,6.085922849890633
v_BrushingTeeth_g12_c05.avi,BrushingTeeth,11.4,6.085922849890633
v_BrushingTeeth_g12_c06.avi,BrushingTeeth,9.4,6.085922849890633
v_BrushingTeeth_g13_c01.avi,BrushingTeeth,6.52,6.085922849890633
v_BrushingTeeth_g13_c02.avi,BrushingTeeth,5.08,6.085922849890633
v_BrushingTeeth_g13_c03.avi,BrushingTeeth,6.44,6.085922849890633
v_BrushingTeeth_g13_c04.avi,BrushingTeeth,7.48,6.085922849890633
v_BrushingTeeth_g14_c01.avi,BrushingTeeth,8.72,6.085922849890633
v_BrushingTeeth_g14_c02.avi,BrushingTeeth,7.72,6.085922849890633
v_BrushingTeeth_g14_c03.avi,BrushingTeeth,8.44,6.085922849890633
v_BrushingTeeth_g14_c04.avi,BrushingTeeth,9.2,6.085922849890633
v_BrushingTeeth_g14_c05.avi,BrushingTeeth,9.4,6.085922849890633
v_BrushingTeeth_g15_c01.avi,BrushingTeeth,8.24,6.085922849890633
v_BrushingTeeth_g15_c02.avi,BrushingTeeth,7.84,6.085922849890633
v_BrushingTeeth_g15_c03.avi,BrushingTeeth,8.0,6.085922849890633
v_BrushingTeeth_g15_c04.avi,BrushingTeeth,7.16,6.085922849890633
v_BrushingTeeth_g16_c01.avi,BrushingTeeth,6.92,6.085922849890633
v_BrushingTeeth_g16_c02.avi,BrushingTeeth,5.92,6.085922849890633
v_BrushingTeeth_g16_c03.avi,BrushingTeeth,6.72,6.085922849890633
v_BrushingTeeth_g16_c04.avi,BrushingTeeth,5.76,6.085922849890633
v_BrushingTeeth_g17_c01.avi,BrushingTeeth,4.16,6.085922849890633
v_BrushingTeeth_g17_c02.avi,BrushingTeeth,5.56,6.085922849890633
v_BrushingTeeth_g17_c03.avi,BrushingTeeth,6.32,6.085922849890633
v_BrushingTeeth_g17_c04.avi,BrushingTeeth,7.56,6.085922849890633
v_BrushingTeeth_g17_c05.avi,BrushingTeeth,4.96,6.085922849890633
v_BrushingTeeth_g18_c01.avi,BrushingTeeth,11.64,6.085922849890633
v_BrushingTeeth_g18_c02.avi,BrushingTeeth,12.32,6.085922849890633
v_BrushingTeeth_g18_c03.avi,BrushingTeeth,12.24,6.085922849890633
v_BrushingTeeth_g18_c04.avi,BrushingTeeth,13.16,6.085922849890633
v_BrushingTeeth_g18_c05.avi,BrushingTeeth,11.92,6.085922849890633
v_BrushingTeeth_g18_c06.avi,BrushingTeeth,13.2,6.085922849890633
v_BrushingTeeth_g18_c07.avi,BrushingTeeth,9.92,6.085922849890633
v_BrushingTeeth_g19_c01.avi,BrushingTeeth,22.96,6.085922849890633
v_BrushingTeeth_g19_c02.avi,BrushingTeeth,30.56,6.085922849890633
v_BrushingTeeth_g19_c03.avi,BrushingTeeth,25.32,6.085922849890633
v_BrushingTeeth_g19_c04.avi,BrushingTeeth,24.6,6.085922849890633
v_BrushingTeeth_g19_c05.avi,BrushingTeeth,23.72,6.085922849890633
v_BrushingTeeth_g20_c01.avi,BrushingTeeth,6.8,6.085922849890633
v_BrushingTeeth_g20_c02.avi,BrushingTeeth,7.0,6.085922849890633
v_BrushingTeeth_g20_c03.avi,BrushingTeeth,6.84,6.085922849890633
v_BrushingTeeth_g20_c04.avi,BrushingTeeth,7.08,6.085922849890633
v_BrushingTeeth_g20_c05.avi,BrushingTeeth,7.24,6.085922849890633
v_BrushingTeeth_g21_c01.avi,BrushingTeeth,11.04,6.085922849890633
v_BrushingTeeth_g21_c02.avi,BrushingTeeth,11.2,6.085922849890633
v_BrushingTeeth_g21_c03.avi,BrushingTeeth,11.4,6.085922849890633
v_BrushingTeeth_g21_c04.avi,BrushingTeeth,11.2,6.085922849890633
v_BrushingTeeth_g22_c01.avi,BrushingTeeth,7.32,6.085922849890633
v_BrushingTeeth_g22_c02.avi,BrushingTeeth,7.92,6.085922849890633
v_BrushingTeeth_g22_c03.avi,BrushingTeeth,7.28,6.085922849890633
v_BrushingTeeth_g22_c04.avi,BrushingTeeth,7.44,6.085922849890633
v_BrushingTeeth_g22_c05.avi,BrushingTeeth,7.96,6.085922849890633
v_BrushingTeeth_g22_c06.avi,BrushingTeeth,7.36,6.085922849890633
v_BrushingTeeth_g22_c07.avi,BrushingTeeth,8.28,6.085922849890633
v_BrushingTeeth_g23_c01.avi,BrushingTeeth,8.12,6.085922849890633
v_BrushingTeeth_g23_c02.avi,BrushingTeeth,8.24,6.085922849890633
v_BrushingTeeth_g23_c03.avi,BrushingTeeth,10.2,6.085922849890633
v_BrushingTeeth_g23_c04.avi,BrushingTeeth,10.44,6.085922849890633
v_BrushingTeeth_g23_c05.avi,BrushingTeeth,11.4,6.085922849890633
v_BrushingTeeth_g23_c06.avi,BrushingTeeth,10.68,6.085922849890633
v_BrushingTeeth_g24_c01.avi,BrushingTeeth,7.92,6.085922849890633
v_BrushingTeeth_g24_c02.avi,BrushingTeeth,7.92,6.085922849890633
v_BrushingTeeth_g24_c03.avi,BrushingTeeth,7.92,6.085922849890633
v_BrushingTeeth_g24_c04.avi,BrushingTeeth,8.84,6.085922849890633
v_BrushingTeeth_g24_c05.avi,BrushingTeeth,9.84,6.085922849890633
v_BrushingTeeth_g24_c06.avi,BrushingTeeth,8.32,6.085922849890633
v_BrushingTeeth_g24_c07.avi,BrushingTeeth,9.72,6.085922849890633
v_BrushingTeeth_g25_c01.avi,BrushingTeeth,8.72,6.085922849890633
v_BrushingTeeth_g25_c02.avi,BrushingTeeth,9.16,6.085922849890633
v_BrushingTeeth_g25_c03.avi,BrushingTeeth,8.8,6.085922849890633
v_BrushingTeeth_g25_c04.avi,BrushingTeeth,8.88,6.085922849890633
v_BrushingTeeth_g25_c05.avi,BrushingTeeth,9.0,6.085922849890633
v_BrushingTeeth_g25_c06.avi,BrushingTeeth,10.0,6.085922849890633
v_BrushingTeeth_g25_c07.avi,BrushingTeeth,10.52,6.085922849890633
v_CleanAndJerk_g01_c01.avi,CleanAndJerk,4.0,2.9345519874071697
v_CleanAndJerk_g01_c02.avi,CleanAndJerk,4.52,2.9345519874071697
v_CleanAndJerk_g01_c03.avi,CleanAndJerk,4.96,2.9345519874071697
v_CleanAndJerk_g01_c04.avi,CleanAndJerk,4.76,2.9345519874071697
v_CleanAndJerk_g01_c05.avi,CleanAndJerk,4.84,2.9345519874071697
v_CleanAndJerk_g02_c01.avi,CleanAndJerk,4.12,2.9345519874071697
v_CleanAndJerk_g02_c02.avi,CleanAndJerk,9.8,2.9345519874071697
v_CleanAndJerk_g02_c03.avi,CleanAndJerk,8.44,2.9345519874071697
v_CleanAndJerk_g02_c04.avi,CleanAndJerk,11.72,2.9345519874071697
v_CleanAndJerk_g03_c01.avi,CleanAndJerk,6.88,2.9345519874071697
v_CleanAndJerk_g03_c02.avi,CleanAndJerk,10.16,2.9345519874071697
v_CleanAndJerk_g03_c03.avi,CleanAndJerk,11.04,2.9345519874071697
v_CleanAndJerk_g03_c04.avi,CleanAndJerk,11.72,2.9345519874071697
v_CleanAndJerk_g03_c05.avi,CleanAndJerk,9.52,2.9345519874071697
v_CleanAndJerk_g03_c06.avi,CleanAndJerk,9.84,2.9345519874071697
v_CleanAndJerk_g04_c01.avi,CleanAndJerk,5.72,2.9345519874071697
v_CleanAndJerk_g04_c02.avi,CleanAndJerk,9.48,2.9345519874071697
v_CleanAndJerk_g04_c03.avi,CleanAndJerk,5.84,2.9345519874071697
v_CleanAndJerk_g04_c04.avi,CleanAndJerk,6.08,2.9345519874071697
v_CleanAndJerk_g04_c05.avi,CleanAndJerk,9.48,2.9345519874071697
v_CleanAndJerk_g05_c01.avi,CleanAndJerk,3.64,2.9345519874071697
v_CleanAndJerk_g05_c02.avi,CleanAndJerk,5.84,2.9345519874071697
v_CleanAndJerk_g05_c03.avi,CleanAndJerk,5.84,2.9345519874071697
v_CleanAndJerk_g05_c04.avi,CleanAndJerk,8.24,2.9345519874071697
v_CleanAndJerk_g06_c01.avi,CleanAndJerk,7.6,2.9345519874071697
v_CleanAndJerk_g06_c02.avi,CleanAndJerk,7.76,2.9345519874071697
v_CleanAndJerk_g06_c03.avi,CleanAndJerk,4.04,2.9345519874071697
v_CleanAndJerk_g06_c04.avi,CleanAndJerk,9.84,2.9345519874071697
v_CleanAndJerk_g07_c01.avi,CleanAndJerk,9.12,2.9345519874071697
v_CleanAndJerk_g07_c02.avi,CleanAndJerk,12.16,2.9345519874071697
v_CleanAndJerk_g07_c03.avi,CleanAndJerk,9.12,2.9345519874071697
v_CleanAndJerk_g07_c04.avi,CleanAndJerk,11.4,2.9345519874071697
v_CleanAndJerk_g07_c05.avi,CleanAndJerk,7.6,2.9345519874071697
v_CleanAndJerk_g08_c01.avi,CleanAndJerk,9.44,2.9345519874071697
v_CleanAndJerk_g08_c02.avi,CleanAndJerk,4.28,2.9345519874071697
v_CleanAndJerk_g08_c03.avi,CleanAndJerk,4.4,2.9345519874071697
v_CleanAndJerk_g08_c04.avi,CleanAndJerk,11.12,2.9345519874071697
v_CleanAndJerk_g09_c01.avi,CleanAndJerk,10.12,2.9345519874071697
v_CleanAndJerk_g09_c02.avi,CleanAndJerk,9.28,2.9345519874071697
v_CleanAndJerk_g09_c03.avi,CleanAndJerk,9.28,2.9345519874071697
v_CleanAndJerk_g09_c04.avi,CleanAndJerk,9.28,2.9345519874071697
v_CleanAndJerk_g10_c01.avi,CleanAndJerk,7.76,2.9345519874071697
v_CleanAndJerk_g10_c02.avi,CleanAndJerk,7.36,2.9345519874071697
v_CleanAndJerk_g10_c03.avi,CleanAndJerk,8.16,2.9345519874071697
v_CleanAndJerk_g10_c04.avi,CleanAndJerk,10.44,2.9345519874071697
v_CleanAndJerk_g11_c01.avi,CleanAndJerk,8.28,2.9345519874071697
v_CleanAndJerk_g11_c02.avi,CleanAndJerk,12.08,2.9345519874071697
v_CleanAndJerk_g11_c03.avi,CleanAndJerk,12.8,2.9345519874071697
v_CleanAndJerk_g11_c04.avi,CleanAndJerk,8.28,2.9345519874071697
v_CleanAndJerk_g12_c01.avi,CleanAndJerk,6.64,2.9345519874071697
v_CleanAndJerk_g12_c02.avi,CleanAndJerk,4.0,2.9345519874071697
v_CleanAndJerk_g12_c03.avi,CleanAndJerk,5.0,2.9345519874071697
v_CleanAndJerk_g12_c04.avi,CleanAndJerk,5.44,2.9345519874071697
v_CleanAndJerk_g12_c05.avi,CleanAndJerk,5.44,2.9345519874071697
v_CleanAndJerk_g12_c06.avi,CleanAndJerk,6.04,2.9345519874071697
v_CleanAndJerk_g12_c07.avi,CleanAndJerk,6.04,2.9345519874071697
v_CleanAndJerk_g13_c01.avi,CleanAndJerk,3.24,2.9345519874071697
v_CleanAndJerk_g13_c02.avi,CleanAndJerk,4.12,2.9345519874071697
v_CleanAndJerk_g13_c03.avi,CleanAndJerk,4.56,2.9345519874071697
v_CleanAndJerk_g13_c04.avi,CleanAndJerk,11.48,2.9345519874071697
v_CleanAndJerk_g14_c01.avi,CleanAndJerk,7.6,2.9345519874071697
v_CleanAndJerk_g14_c02.avi,CleanAndJerk,9.04,2.9345519874071697
v_CleanAndJerk_g14_c03.avi,CleanAndJerk,8.08,2.9345519874071697
v_CleanAndJerk_g14_c04.avi,CleanAndJerk,13.8,2.9345519874071697
v_CleanAndJerk_g14_c05.avi,CleanAndJerk,7.0,2.9345519874071697
v_CleanAndJerk_g14_c06.avi,CleanAndJerk,9.04,2.9345519874071697
v_CleanAndJerk_g15_c01.avi,CleanAndJerk,3.6,2.9345519874071697
v_CleanAndJerk_g15_c02.avi,CleanAndJerk,3.32,2.9345519874071697
v_CleanAndJerk_g15_c03.avi,CleanAndJerk,6.6,2.9345519874071697
v_CleanAndJerk_g15_c04.avi,CleanAndJerk,4.44,2.9345519874071697
v_CleanAndJerk_g16_c01.avi,CleanAndJerk,4.16,2.9345519874071697
v_CleanAndJerk_g16_c02.avi,CleanAndJerk,4.08,2.9345519874071697
v_CleanAndJerk_g16_c03.avi,CleanAndJerk,3.84,2.9345519874071697
v_CleanAndJerk_g16_c04.avi,CleanAndJerk,4.24,2.9345519874071697
v_CleanAndJerk_g17_c01.avi,CleanAndJerk,3.52,2.9345519874071697
v_CleanAndJerk_g17_c02.avi,CleanAndJerk,4.68,2.9345519874071697
v_CleanAndJerk_g17_c03.avi,CleanAndJerk,5.52,2.9345519874071697
v_CleanAndJerk_g17_c04.avi,CleanAndJerk,6.6,2.9345519874071697
v_CleanAndJerk_g18_c01.avi,CleanAndJerk,9.2,2.9345519874071697
v_CleanAndJerk_g18_c02.avi,CleanAndJerk,9.8,2.9345519874071697
v_CleanAndJerk_g18_c03.avi,CleanAndJerk,9.08,2.9345519874071697
v_CleanAndJerk_g18_c04.avi,CleanAndJerk,9.08,2.9345519874071697
v_CleanAndJerk_g19_c01.avi,CleanAndJerk,11.6,2.9345519874071697
v_CleanAndJerk_g19_c02.avi,CleanAndJerk,9.16,2.9345519874071697
v_CleanAndJerk_g19_c03.avi,CleanAndJerk,9.6,2.9345519874071697
v_CleanAndJerk_g19_c04.avi,CleanAndJerk,12.92,2.9345519874071697
v_CleanAndJerk_g20_c01.avi,CleanAndJerk,5.92,2.9345519874071697
v_CleanAndJerk_g20_c02.avi,CleanAndJerk,11.28,2.9345519874071697
v_CleanAndJerk_g20_c03.avi,CleanAndJerk,6.52,2.9345519874071697
v_CleanAndJerk_g20_c04.avi,CleanAndJerk,13.28,2.9345519874071697
v_CleanAndJerk_g20_c05.avi,CleanAndJerk,10.96,2.9345519874071697
v_CleanAndJerk_g20_c06.avi,CleanAndJerk,14.84,2.9345519874071697
v_CleanAndJerk_g21_c01.avi,CleanAndJerk,4.04,2.9345519874071697
v_CleanAndJerk_g21_c02.avi,CleanAndJerk,3.8,2.9345519874071697
v_CleanAndJerk_g21_c03.avi,CleanAndJerk,4.8,2.9345519874071697
v_CleanAndJerk_g21_c04.avi,CleanAndJerk,4.56,2.9345519874071697
v_CleanAndJerk_g22_c01.avi,CleanAndJerk,9.36,2.9345519874071697
v_CleanAndJerk_g22_c02.avi,CleanAndJerk,11.52,2.9345519874071697
v_CleanAndJerk_g22_c03.avi,CleanAndJerk,10.88,2.9345519874071697
v_CleanAndJerk_g22_c04.avi,CleanAndJerk,9.68,2.9345519874071697
v_CleanAndJerk_g23_c01.avi,CleanAndJerk,2.68,2.9345519874071697
v_CleanAndJerk_g23_c02.avi,CleanAndJerk,3.08,2.9345519874071697
v_CleanAndJerk_g23_c03.avi,CleanAndJerk,3.08,2.9345519874071697
v_CleanAndJerk_g23_c04.avi,CleanAndJerk,3.48,2.9345519874071697
v_CleanAndJerk_g24_c01.avi,CleanAndJerk,9.12,2.9345519874071697
v_CleanAndJerk_g24_c02.avi,CleanAndJerk,10.52,2.9345519874071697
v_CleanAndJerk_g24_c03.avi,CleanAndJerk,9.4,2.9345519874071697
v_CleanAndJerk_g24_c04.avi,CleanAndJerk,5.24,2.9345519874071697
v_CleanAndJerk_g25_c01.avi,CleanAndJerk,5.24,2.9345519874071697
v_CleanAndJerk_g25_c02.avi,CleanAndJerk,7.72,2.9345519874071697
v_CleanAndJerk_g25_c03.avi,CleanAndJerk,8.32,2.9345519874071697
v_CleanAndJerk_g25_c04.avi,CleanAndJerk,10.24,2.9345519874071697
v_CliffDiving_g01_c01.avi,CliffDiving,3.6,0.5956039101383871
v_CliffDiving_g01_c02.avi,CliffDiving,4.56,0.5956039101383871
v_CliffDiving_g01_c03.avi,CliffDiving,2.88,0.5956039101383871
v_CliffDiving_g01_c04.avi,CliffDiving,3.24,0.5956039101383871
v_CliffDiving_g01_c05.avi,CliffDiving,3.28,0.5956039101383871
v_CliffDiving_g01_c06.avi,CliffDiving,3.04,0.5956039101383871
v_CliffDiving_g02_c01.avi,CliffDiving,3.12,0.5956039101383871
v_CliffDiving_g02_c02.avi,CliffDiving,3.88,0.5956039101383871
v_CliffDiving_g02_c03.avi,CliffDiving,3.76,0.5956039101383871
v_CliffDiving_g02_c04.avi,CliffDiving,3.28,0.5956039101383871
v_CliffDiving_g03_c01.avi,CliffDiving,3.68,0.5956039101383871
v_CliffDiving_g03_c02.avi,CliffDiving,3.84,0.5956039101383871
v_CliffDiving_g03_c03.avi,CliffDiving,4.0,0.5956039101383871
v_CliffDiving_g03_c04.avi,CliffDiving,4.16,0.5956039101383871
v_CliffDiving_g03_c05.avi,CliffDiving,3.72,0.5956039101383871
v_CliffDiving_g04_c01.avi,CliffDiving,4.04,0.5956039101383871
v_CliffDiving_g04_c02.avi,CliffDiving,4.28,0.5956039101383871
v_CliffDiving_g04_c03.avi,CliffDiving,4.44,0.5956039101383871
v_CliffDiving_g04_c04.avi,CliffDiving,4.08,0.5956039101383871
v_CliffDiving_g05_c01.avi,CliffDiving,3.2,0.5956039101383871
v_CliffDiving_g05_c02.avi,CliffDiving,3.04,0.5956039101383871
v_CliffDiving_g05_c03.avi,CliffDiving,3.92,0.5956039101383871
v_CliffDiving_g05_c04.avi,CliffDiving,2.72,0.5956039101383871
v_CliffDiving_g05_c05.avi,CliffDiving,3.44,0.5956039101383871
v_CliffDiving_g05_c06.avi,CliffDiving,3.88,0.5956039101383871
v_CliffDiving_g05_c07.avi,CliffDiving,3.76,0.5956039101383871
v_CliffDiving_g06_c01.avi,CliffDiving,3.24,0.5956039101383871
v_CliffDiving_g06_c02.avi,CliffDiving,2.84,0.5956039101383871
v_CliffDiving_g06_c03.avi,CliffDiving,3.84,0.5956039101383871
v_CliffDiving_g06_c04.avi,CliffDiving,3.56,0.5956039101383871
v_CliffDiving_g06_c05.avi,CliffDiving,3.4,0.5956039101383871
v_CliffDiving_g06_c06.avi,CliffDiving,2.88,0.5956039101383871
v_CliffDiving_g06_c07.avi,CliffDiving,3.52,0.5956039101383871
v_CliffDiving_g07_c01.avi,CliffDiving,2.32,0.5956039101383871
v_CliffDiving_g07_c02.avi,CliffDiving,2.4,0.5956039101383871
v_CliffDiving_g07_c03.avi,CliffDiving,3.32,0.5956039101383871
v_CliffDiving_g07_c04.avi,CliffDiving,3.36,0.5956039101383871
v_CliffDiving_g07_c05.avi,CliffDiving,2.88,0.5956039101383871
v_CliffDiving_g07_c06.avi,CliffDiving,3.0,0.5956039101383871
v_CliffDiving_g08_c01.avi,CliffDiving,2.76,0.5956039101383871
v_CliffDiving_g08_c02.avi,CliffDiving,3.04,0.5956039101383871
v_CliffDiving_g08_c03.avi,CliffDiving,3.12,0.5956039101383871
v_CliffDiving_g08_c04.avi,CliffDiving,3.72,0.5956039101383871
v_CliffDiving_g09_c01.avi,CliffDiving,3.24,0.5956039101383871
v_CliffDiving_g09_c02.avi,CliffDiving,3.92,0.5956039101383871
v_CliffDiving_g09_c03.avi,CliffDiving,3.92,0.5956039101383871
v_CliffDiving_g09_c04.avi,CliffDiving,3.6,0.5956039101383871
v_CliffDiving_g09_c05.avi,CliffDiving,4.48,0.5956039101383871
v_CliffDiving_g09_c06.avi,CliffDiving,4.48,0.5956039101383871
v_CliffDiving_g10_c01.avi,CliffDiving,3.2,0.5956039101383871
v_CliffDiving_g10_c02.avi,CliffDiving,2.76,0.5956039101383871
v_CliffDiving_g10_c03.avi,CliffDiving,3.56,0.5956039101383871
v_CliffDiving_g10_c04.avi,CliffDiving,3.16,0.5956039101383871
v_CliffDiving_g10_c05.avi,CliffDiving,4.16,0.5956039101383871
v_CliffDiving_g10_c06.avi,CliffDiving,3.96,0.5956039101383871
v_CliffDiving_g10_c07.avi,CliffDiving,3.76,0.5956039101383871
v_CliffDiving_g11_c01.avi,CliffDiving,3.96,0.5956039101383871
v_CliffDiving_g11_c02.avi,CliffDiving,4.44,0.5956039101383871
v_CliffDiving_g11_c03.avi,CliffDiving,2.2,0.5956039101383871
v_CliffDiving_g11_c04.avi,CliffDiving,3.84,0.5956039101383871
v_CliffDiving_g11_c05.avi,CliffDiving,3.96,0.5956039101383871
v_CliffDiving_g11_c06.avi,CliffDiving,4.2,0.5956039101383871
v_CliffDiving_g12_c01.avi,CliffDiving,2.88,0.5956039101383871
v_CliffDiving_g12_c02.avi,CliffDiving,4.6,0.5956039101383871
v_CliffDiving_g12_c03.avi,CliffDiving,3.24,0.5956039101383871
v_CliffDiving_g12_c04.avi,CliffDiving,3.64,0.5956039101383871
v_CliffDiving_g12_c05.avi,CliffDiving,2.68,0.5956039101383871
v_CliffDiving_g12_c06.avi,CliffDiving,4.52,0.5956039101383871
v_CliffDiving_g12_c07.avi,CliffDiving,4.68,0.5956039101383871
v_CliffDiving_g13_c01.avi,CliffDiving,4.12,0.5956039101383871
v_CliffDiving_g13_c02.avi,CliffDiving,4.28,0.5956039101383871
v_CliffDiving_g13_c03.avi,CliffDiving,3.96,0.5956039101383871
v_CliffDiving_g13_c04.avi,CliffDiving,4.04,0.5956039101383871
v_CliffDiving_g14_c01.avi,CliffDiving,3.04,0.5956039101383871
v_CliffDiving_g14_c02.avi,CliffDiving,2.28,0.5956039101383871
v_CliffDiving_g14_c03.avi,CliffDiving,3.28,0.5956039101383871
v_CliffDiving_g14_c04.avi,CliffDiving,2.6,0.5956039101383871
v_CliffDiving_g14_c05.avi,CliffDiving,2.96,0.5956039101383871
v_CliffDiving_g14_c06.avi,CliffDiving,2.84,0.5956039101383871
v_CliffDiving_g14_c07.avi,CliffDiving,2.6,0.5956039101383871
v_CliffDiving_g15_c01.avi,CliffDiving,3.6,0.5956039101383871
v_CliffDiving_g15_c02.avi,CliffDiving,4.24,0.5956039101383871
v_CliffDiving_g15_c03.avi,CliffDiving,4.24,0.5956039101383871
v_CliffDiving_g15_c04.avi,CliffDiving,4.24,0.5956039101383871
v_CliffDiving_g16_c01.avi,CliffDiving,4.12,0.5956039101383871
v_CliffDiving_g16_c02.avi,CliffDiving,3.76,0.5956039101383871
v_CliffDiving_g16_c03.avi,CliffDiving,3.68,0.5956039101383871
v_CliffDiving_g16_c04.avi,CliffDiving,4.0,0.5956039101383871
v_CliffDiving_g17_c01.avi,CliffDiving,2.96,0.5956039101383871
v_CliffDiving_g17_c02.avi,CliffDiving,3.76,0.5956039101383871
v_CliffDiving_g17_c03.avi,CliffDiving,4.16,0.5956039101383871
v_CliffDiving_g17_c04.avi,CliffDiving,3.44,0.5956039101383871
v_CliffDiving_g17_c05.avi,CliffDiving,4.08,0.5956039101383871
v_CliffDiving_g18_c01.avi,CliffDiving,3.48,0.5956039101383871
v_CliffDiving_g18_c02.avi,CliffDiving,3.48,0.5956039101383871
v_CliffDiving_g18_c03.avi,CliffDiving,4.12,0.5956039101383871
v_CliffDiving_g18_c04.avi,CliffDiving,2.56,0.5956039101383871
v_CliffDiving_g18_c05.avi,CliffDiving,4.12,0.5956039101383871
v_CliffDiving_g18_c06.avi,CliffDiving,3.8,0.5956039101383871
v_CliffDiving_g18_c07.avi,CliffDiving,3.16,0.5956039101383871
v_CliffDiving_g19_c01.avi,CliffDiving,2.8,0.5956039101383871
v_CliffDiving_g19_c02.avi,CliffDiving,3.24,0.5956039101383871
v_CliffDiving_g19_c03.avi,CliffDiving,3.16,0.5956039101383871
v_CliffDiving_g19_c04.avi,CliffDiving,3.88,0.5956039101383871
v_CliffDiving_g19_c05.avi,CliffDiving,3.16,0.5956039101383871
v_CliffDiving_g19_c06.avi,CliffDiving,3.68,0.5956039101383871
v_CliffDiving_g19_c07.avi,CliffDiving,3.36,0.5956039101383871
v_CliffDiving_g20_c01.avi,CliffDiving,4.36,0.5956039101383871
v_CliffDiving_g20_c02.avi,CliffDiving,2.76,0.5956039101383871
v_CliffDiving_g20_c03.avi,CliffDiving,3.24,0.5956039101383871
v_CliffDiving_g20_c04.avi,CliffDiving,4.32,0.5956039101383871
v_CliffDiving_g20_c05.avi,CliffDiving,3.32,0.5956039101383871
v_CliffDiving_g20_c06.avi,CliffDiving,2.88,0.5956039101383871
v_CliffDiving_g20_c07.avi,CliffDiving,2.0,0.5956039101383871
v_CliffDiving_g21_c01.avi,CliffDiving,2.8,0.5956039101383871
v_CliffDiving_g21_c02.avi,CliffDiving,3.24,0.5956039101383871
v_CliffDiving_g21_c03.avi,CliffDiving,3.04,0.5956039101383871
v_CliffDiving_g21_c04.avi,CliffDiving,2.88,0.5956039101383871
v_CliffDiving_g22_c01.avi,CliffDiving,3.36,0.5956039101383871
v_CliffDiving_g22_c02.avi,CliffDiving,3.24,0.5956039101383871
v_CliffDiving_g22_c03.avi,CliffDiving,2.76,0.5956039101383871
v_CliffDiving_g22_c04.avi,CliffDiving,3.0,0.5956039101383871
v_CliffDiving_g22_c05.avi,CliffDiving,3.68,0.5956039101383871
v_CliffDiving_g22_c06.avi,CliffDiving,3.68,0.5956039101383871
v_CliffDiving_g23_c01.avi,CliffDiving,3.8,0.5956039101383871
v_CliffDiving_g23_c02.avi,CliffDiving,4.12,0.5956039101383871
v_CliffDiving_g23_c03.avi,CliffDiving,4.68,0.5956039101383871
v_CliffDiving_g23_c04.avi,CliffDiving,4.28,0.5956039101383871
v_CliffDiving_g23_c05.avi,CliffDiving,4.48,0.5956039101383871
v_CliffDiving_g24_c01.avi,CliffDiving,3.68,0.5956039101383871
v_CliffDiving_g24_c02.avi,CliffDiving,2.68,0.5956039101383871
v_CliffDiving_g24_c03.avi,CliffDiving,2.52,0.5956039101383871
v_CliffDiving_g24_c04.avi,CliffDiving,3.92,0.5956039101383871
v_CliffDiving_g24_c05.avi,CliffDiving,3.52,0.5956039101383871
v_CliffDiving_g25_c01.avi,CliffDiving,2.88,0.5956039101383871
v_CliffDiving_g25_c02.avi,CliffDiving,3.36,0.5956039101383871
v_CliffDiving_g25_c03.avi,CliffDiving,3.92,0.5956039101383871
v_CliffDiving_g25_c04.avi,CliffDiving,3.52,0.5956039101383871
v_CricketBowling_g01_c01.avi,CricketBowling,2.76,1.1489880312630847
v_CricketBowling_g01_c02.avi,CricketBowling,2.44,1.1489880312630847
v_CricketBowling_g01_c03.avi,CricketBowling,2.64,1.1489880312630847
v_CricketBowling_g01_c04.avi,CricketBowling,5.32,1.1489880312630847
v_CricketBowling_g01_c05.avi,CricketBowling,2.4,1.1489880312630847
v_CricketBowling_g01_c06.avi,CricketBowling,6.8,1.1489880312630847
v_CricketBowling_g01_c07.avi,CricketBowling,4.8,1.1489880312630847
v_CricketBowling_g02_c01.avi,CricketBowling,4.92,1.1489880312630847
v_CricketBowling_g02_c02.avi,CricketBowling,4.0,1.1489880312630847
v_CricketBowling_g02_c03.avi,CricketBowling,4.6,1.1489880312630847
v_CricketBowling_g02_c04.avi,CricketBowling,6.36,1.1489880312630847
v_CricketBowling_g02_c05.avi,CricketBowling,5.32,1.1489880312630847
v_CricketBowling_g02_c06.avi,CricketBowling,5.2,1.1489880312630847
v_CricketBowling_g02_c07.avi,CricketBowling,4.92,1.1489880312630847
v_CricketBowling_g03_c01.avi,CricketBowling,4.0,1.1489880312630847
v_CricketBowling_g03_c02.avi,CricketBowling,4.68,1.1489880312630847
v_CricketBowling_g03_c03.avi,CricketBowling,2.4,1.1489880312630847
v_CricketBowling_g03_c04.avi,CricketBowling,4.04,1.1489880312630847
v_CricketBowling_g04_c01.avi,CricketBowling,3.8,1.1489880312630847
v_CricketBowling_g04_c02.avi,CricketBowling,4.04,1.1489880312630847
v_CricketBowling_g04_c03.avi,CricketBowling,3.48,1.1489880312630847
v_CricketBowling_g04_c04.avi,CricketBowling,4.12,1.1489880312630847
v_CricketBowling_g04_c05.avi,CricketBowling,4.4,1.1489880312630847
v_CricketBowling_g05_c01.avi,CricketBowling,5.16,1.1489880312630847
v_CricketBowling_g05_c02.avi,CricketBowling,4.44,1.1489880312630847
v_CricketBowling_g05_c03.avi,CricketBowling,3.92,1.1489880312630847
v_CricketBowling_g05_c04.avi,CricketBowling,4.28,1.1489880312630847
v_CricketBowling_g06_c01.avi,CricketBowling,6.4,1.1489880312630847
v_CricketBowling_g06_c02.avi,CricketBowling,7.0,1.1489880312630847
v_CricketBowling_g06_c03.avi,CricketBowling,6.12,1.1489880312630847
v_CricketBowling_g06_c04.avi,CricketBowling,6.0,1.1489880312630847
v_CricketBowling_g06_c05.avi,CricketBowling,6.28,1.1489880312630847
v_CricketBowling_g07_c01.avi,CricketBowling,2.6,1.1489880312630847
v_CricketBowling_g07_c02.avi,CricketBowling,3.0,1.1489880312630847
v_CricketBowling_g07_c03.avi,CricketBowling,2.96,1.1489880312630847
v_CricketBowling_g07_c04.avi,CricketBowling,3.36,1.1489880312630847
v_CricketBowling_g08_c01.avi,CricketBowling,6.84,1.1489880312630847
v_CricketBowling_g08_c02.avi,CricketBowling,7.36,1.1489880312630847
v_CricketBowling_g08_c03.avi,CricketBowling,7.24,1.1489880312630847
v_CricketBowling_g08_c04.avi,CricketBowling,5.0,1.1489880312630847
v_CricketBowling_g08_c05.avi,CricketBowling,5.4,1.1489880312630847
v_CricketBowling_g09_c01.avi,CricketBowling,3.76,1.1489880312630847
v_CricketBowling_g09_c02.avi,CricketBowling,3.88,1.1489880312630847
v_CricketBowling_g09_c03.avi,CricketBowling,3.44,1.1489880312630847
v_CricketBowling_g09_c04.avi,CricketBowling,5.2,1.1489880312630847
v_CricketBowling_g09_c05.avi,CricketBowling,2.92,1.1489880312630847
v_CricketBowling_g09_c06.avi,CricketBowling,2.64,1.1489880312630847
v_CricketBowling_g09_c07.avi,CricketBowling,4.52,1.1489880312630847
v_CricketBowling_g10_c01.avi,CricketBowling,3.44,1.1489880312630847
v_CricketBowling_g10_c02.avi,CricketBowling,4.36,1.1489880312630847
v_CricketBowling_g10_c03.avi,CricketBowling,3.2,1.1489880312630847
v_CricketBowling_g10_c04.avi,CricketBowling,2.12,1.1489880312630847
v_CricketBowling_g11_c01.avi,CricketBowling,4.6,1.1489880312630847
v_CricketBowling_g11_c02.avi,CricketBowling,3.64,1.1489880312630847
v_CricketBowling_g11_c03.avi,CricketBowling,5.52,1.1489880312630847
v_CricketBowling_g11_c04.avi,CricketBowling,4.68,1.1489880312630847
v_CricketBowling_g11_c05.avi,CricketBowling,4.2,1.1489880312630847
v_CricketBowling_g11_c06.avi,CricketBowling,5.04,1.1489880312630847
v_CricketBowling_g11_c07.avi,CricketBowling,4.6,1.1489880312630847
v_CricketBowling_g12_c01.avi,CricketBowling,3.0,1.1489880312630847
v_CricketBowling_g12_c02.avi,CricketBowling,4.72,1.1489880312630847
v_CricketBowling_g12_c03.avi,CricketBowling,3.88,1.1489880312630847
v_CricketBowling_g12_c04.avi,CricketBowling,4.96,1.1489880312630847
v_CricketBowling_g12_c05.avi,CricketBowling,3.44,1.1489880312630847
v_CricketBowling_g12_c06.avi,CricketBowling,2.76,1.1489880312630847
v_CricketBowling_g13_c01.avi,CricketBowling,3.64,1.1489880312630847
v_CricketBowling_g13_c02.avi,CricketBowling,2.88,1.1489880312630847
v_CricketBowling_g13_c03.avi,CricketBowling,2.96,1.1489880312630847
v_CricketBowling_g13_c04.avi,CricketBowling,2.24,1.1489880312630847
v_CricketBowling_g13_c05.avi,CricketBowling,2.92,1.1489880312630847
v_CricketBowling_g14_c01.avi,CricketBowling,3.24,1.1489880312630847
v_CricketBowling_g14_c02.avi,CricketBowling,3.0,1.1489880312630847
v_CricketBowling_g14_c03.avi,CricketBowling,2.56,1.1489880312630847
v_CricketBowling_g14_c04.avi,CricketBowling,2.92,1.1489880312630847
v_CricketBowling_g14_c05.avi,CricketBowling,2.44,1.1489880312630847
v_CricketBowling_g15_c01.avi,CricketBowling,3.72,1.1489880312630847
v_CricketBowling_g15_c02.avi,CricketBowling,4.88,1.1489880312630847
v_CricketBowling_g15_c03.avi,CricketBowling,3.72,1.1489880312630847
v_CricketBowling_g15_c04.avi,CricketBowling,3.84,1.1489880312630847
v_CricketBowling_g15_c05.avi,CricketBowling,4.12,1.1489880312630847
v_CricketBowling_g15_c06.avi,CricketBowling,3.0,1.1489880312630847
v_CricketBowling_g16_c01.avi,CricketBowling,3.36,1.1489880312630847
v_CricketBowling_g16_c02.avi,CricketBowling,3.72,1.1489880312630847
v_CricketBowling_g16_c03.avi,CricketBowling,4.72,1.1489880312630847
v_CricketBowling_g16_c04.avi,CricketBowling,3.32,1.1489880312630847
v_CricketBowling_g16_c05.avi,CricketBowling,4.56,1.1489880312630847
v_CricketBowling_g16_c06.avi,CricketBowling,2.52,1.1489880312630847
v_CricketBowling_g16_c07.avi,CricketBowling,3.12,1.1489880312630847
v_CricketBowling_g17_c01.avi,CricketBowling,3.8,1.1489880312630847
v_CricketBowling_g17_c02.avi,CricketBowling,3.96,1.1489880312630847
v_CricketBowling_g17_c03.avi,CricketBowling,4.12,1.1489880312630847
v_CricketBowling_g17_c04.avi,CricketBowling,3.2,1.1489880312630847
v_CricketBowling_g17_c05.avi,CricketBowling,3.48,1.1489880312630847
v_CricketBowling_g18_c01.avi,CricketBowling,2.84,1.1489880312630847
v_CricketBowling_g18_c02.avi,CricketBowling,3.28,1.1489880312630847
v_CricketBowling_g18_c03.avi,CricketBowling,3.36,1.1489880312630847
v_CricketBowling_g18_c04.avi,CricketBowling,3.28,1.1489880312630847
v_CricketBowling_g18_c05.avi,CricketBowling,2.92,1.1489880312630847
v_CricketBowling_g18_c06.avi,CricketBowling,2.84,1.1489880312630847
v_CricketBowling_g19_c01.avi,CricketBowling,4.04,1.1489880312630847
v_CricketBowling_g19_c02.avi,CricketBowling,3.76,1.1489880312630847
v_CricketBowling_g19_c03.avi,CricketBowling,3.08,1.1489880312630847
v_CricketBowling_g19_c04.avi,CricketBowling,3.36,1.1489880312630847
v_CricketBowling_g19_c05.avi,CricketBowling,4.4,1.1489880312630847
v_CricketBowling_g19_c06.avi,CricketBowling,3.52,1.1489880312630847
v_CricketBowling_g19_c07.avi,CricketBowling,3.84,1.1489880312630847
v_CricketBowling_g20_c01.avi,CricketBowling,5.12,1.1489880312630847
v_CricketBowling_g20_c02.avi,CricketBowling,4.4,1.1489880312630847
v_CricketBowling_g20_c03.avi,CricketBowling,4.6,1.1489880312630847
v_CricketBowling_g20_c04.avi,CricketBowling,3.16,1.1489880312630847
v_CricketBowling_g20_c05.avi,CricketBowling,2.76,1.1489880312630847
v_CricketBowling_g21_c01.avi,CricketBowling,5.08,1.1489880312630847
v_CricketBowling_g21_c02.avi,CricketBowling,3.08,1.1489880312630847
v_CricketBowling_g21_c03.avi,CricketBowling,3.16,1.1489880312630847
v_CricketBowling_g21_c04.avi,CricketBowling,3.76,1.1489880312630847
v_CricketBowling_g21_c05.avi,CricketBowling,5.04,1.1489880312630847
v_CricketBowling_g21_c06.avi,CricketBowling,3.32,1.1489880312630847
v_CricketBowling_g22_c01.avi,CricketBowling,2.72,1.1489880312630847
v_CricketBowling_g22_c02.avi,CricketBowling,5.6,1.1489880312630847
v_CricketBowling_g22_c03.avi,CricketBowling,3.2,1.1489880312630847
v_CricketBowling_g22_c04.avi,CricketBowling,3.68,1.1489880312630847
v_CricketBowling_g22_c05.avi,CricketBowling,2.96,1.1489880312630847
v_CricketBowling_g22_c06.avi,CricketBowling,2.52,1.1489880312630847
v_CricketBowling_g22_c07.avi,CricketBowling,3.16,1.1489880312630847
v_CricketBowling_g23_c01.avi,CricketBowling,3.92,1.1489880312630847
v_CricketBowling_g23_c02.avi,CricketBowling,3.24,1.1489880312630847
v_CricketBowling_g23_c03.avi,CricketBowling,4.32,1.1489880312630847
v_CricketBowling_g23_c04.avi,CricketBowling,3.32,1.1489880312630847
v_CricketBowling_g24_c01.avi,CricketBowling,3.0,1.1489880312630847
v_CricketBowling_g24_c02.avi,CricketBowling,2.32,1.1489880312630847
v_CricketBowling_g24_c03.avi,CricketBowling,3.76,1.1489880312630847
v_CricketBowling_g24_c04.avi,CricketBowling,2.12,1.1489880312630847
v_CricketBowling_g25_c01.avi,CricketBowling,2.88,1.1489880312630847
v_CricketBowling_g25_c02.avi,CricketBowling,2.52,1.1489880312630847
v_CricketBowling_g25_c03.avi,CricketBowling,2.68,1.1489880312630847
v_CricketBowling_g25_c04.avi,CricketBowling,3.2,1.1489880312630847
v_CricketBowling_g25_c05.avi,CricketBowling,2.08,1.1489880312630847
v_CricketBowling_g25_c06.avi,CricketBowling,4.28,1.1489880312630847
v_CricketBowling_g25_c07.avi,CricketBowling,3.04,1.1489880312630847
v_CricketShot_g01_c01.avi,CricketShot,3.36,1.2354614153168617
v_CricketShot_g01_c02.avi,CricketShot,3.64,1.2354614153168617
v_CricketShot_g01_c03.avi,CricketShot,3.8,1.2354614153168617
v_CricketShot_g01_c04.avi,CricketShot,2.88,1.2354614153168617
v_CricketShot_g01_c05.avi,CricketShot,3.8,1.2354614153168617
v_CricketShot_g01_c06.avi,CricketShot,3.04,1.2354614153168617
v_CricketShot_g01_c07.avi,CricketShot,2.84,1.2354614153168617
v_CricketShot_g02_c01.avi,CricketShot,4.2,1.2354614153168617
v_CricketShot_g02_c02.avi,CricketShot,3.72,1.2354614153168617
v_CricketShot_g02_c03.avi,CricketShot,3.88,1.2354614153168617
v_CricketShot_g02_c04.avi,CricketShot,3.76,1.2354614153168617
v_CricketShot_g02_c05.avi,CricketShot,5.08,1.2354614153168617
v_CricketShot_g02_c06.avi,CricketShot,3.84,1.2354614153168617
v_CricketShot_g02_c07.avi,CricketShot,3.76,1.2354614153168617
v_CricketShot_g03_c01.avi,CricketShot,3.68,1.2354614153168617
v_CricketShot_g03_c02.avi,CricketShot,4.16,1.2354614153168617
v_CricketShot_g03_c03.avi,CricketShot,3.72,1.2354614153168617
v_CricketShot_g03_c04.avi,CricketShot,4.04,1.2354614153168617
v_CricketShot_g03_c05.avi,CricketShot,4.2,1.2354614153168617
v_CricketShot_g03_c06.avi,CricketShot,5.68,1.2354614153168617
v_CricketShot_g03_c07.avi,CricketShot,4.12,1.2354614153168617
v_CricketShot_g04_c01.avi,CricketShot,3.2,1.2354614153168617
v_CricketShot_g04_c02.avi,CricketShot,4.64,1.2354614153168617
v_CricketShot_g04_c03.avi,CricketShot,3.96,1.2354614153168617
v_CricketShot_g04_c04.avi,CricketShot,3.0,1.2354614153168617
v_CricketShot_g04_c05.avi,CricketShot,3.36,1.2354614153168617
v_CricketShot_g04_c06.avi,CricketShot,3.08,1.2354614153168617
v_CricketShot_g04_c07.avi,CricketShot,3.52,1.2354614153168617
v_CricketShot_g05_c01.avi,CricketShot,2.24,1.2354614153168617
v_CricketShot_g05_c02.avi,CricketShot,2.56,1.2354614153168617
v_CricketShot_g05_c03.avi,CricketShot,3.08,1.2354614153168617
v_CricketShot_g05_c04.avi,CricketShot,2.28,1.2354614153168617
v_CricketShot_g05_c05.avi,CricketShot,2.24,1.2354614153168617
v_CricketShot_g05_c06.avi,CricketShot,2.6,1.2354614153168617
v_CricketShot_g05_c07.avi,CricketShot,2.64,1.2354614153168617
v_CricketShot_g06_c01.avi,CricketShot,4.88,1.2354614153168617
v_CricketShot_g06_c02.avi,CricketShot,5.08,1.2354614153168617
v_CricketShot_g06_c03.avi,CricketShot,4.72,1.2354614153168617
v_CricketShot_g06_c04.avi,CricketShot,5.4,1.2354614153168617
v_CricketShot_g06_c05.avi,CricketShot,4.88,1.2354614153168617
v_CricketShot_g06_c06.avi,CricketShot,6.76,1.2354614153168617
v_CricketShot_g06_c07.avi,CricketShot,4.0,1.2354614153168617
v_CricketShot_g07_c01.avi,CricketShot,4.0,1.2354614153168617
v_CricketShot_g07_c02.avi,CricketShot,5.04,1.2354614153168617
v_CricketShot_g07_c03.avi,CricketShot,5.36,1.2354614153168617
v_CricketShot_g07_c04.avi,CricketShot,4.72,1.2354614153168617
v_CricketShot_g07_c05.avi,CricketShot,4.76,1.2354614153168617
v_CricketShot_g07_c06.avi,CricketShot,3.96,1.2354614153168617
v_CricketShot_g07_c07.avi,CricketShot,4.08,1.2354614153168617
v_CricketShot_g08_c01.avi,CricketShot,3.0,1.2354614153168617
v_CricketShot_g08_c02.avi,CricketShot,3.0,1.2354614153168617
v_CricketShot_g08_c03.avi,CricketShot,2.12,1.2354614153168617
v_CricketShot_g08_c04.avi,CricketShot,2.72,1.2354614153168617
v_CricketShot_g08_c05.avi,CricketShot,3.92,1.2354614153168617
v_CricketShot_g08_c06.avi,CricketShot,3.28,1.2354614153168617
v_CricketShot_g08_c07.avi,CricketShot,3.76,1.2354614153168617
v_CricketShot_g09_c01.avi,CricketShot,3.12,1.2354614153168617
v_CricketShot_g09_c02.avi,CricketShot,2.96,1.2354614153168617
v_CricketShot_g09_c03.avi,CricketShot,3.44,1.2354614153168617
v_CricketShot_g09_c04.avi,CricketShot,2.96,1.2354614153168617
v_CricketShot_g09_c05.avi,CricketShot,3.28,1.2354614153168617
v_CricketShot_g09_c06.avi,CricketShot,3.92,1.2354614153168617
v_CricketShot_g09_c07.avi,CricketShot,2.4,1.2354614153168617
v_CricketShot_g10_c01.avi,CricketShot,4.52,1.2354614153168617
v_CricketShot_g10_c02.avi,CricketShot,3.36,1.2354614153168617
v_CricketShot_g10_c03.avi,CricketShot,2.92,1.2354614153168617
v_CricketShot_g10_c04.avi,CricketShot,2.08,1.2354614153168617
v_CricketShot_g10_c05.avi,CricketShot,3.2,1.2354614153168617
v_CricketShot_g10_c06.avi,CricketShot,2.8,1.2354614153168617
v_CricketShot_g10_c07.avi,CricketShot,4.32,1.2354614153168617
v_CricketShot_g11_c01.avi,CricketShot,5.28,1.2354614153168617
v_CricketShot_g11_c02.avi,CricketShot,5.36,1.2354614153168617
v_CricketShot_g11_c03.avi,CricketShot,5.56,1.2354614153168617
v_CricketShot_g11_c04.avi,CricketShot,4.24,1.2354614153168617
v_CricketShot_g11_c05.avi,CricketShot,3.84,1.2354614153168617
v_CricketShot_g11_c06.avi,CricketShot,5.64,1.2354614153168617
v_CricketShot_g11_c07.avi,CricketShot,5.36,1.2354614153168617
v_CricketShot_g12_c01.avi,CricketShot,4.56,1.2354614153168617
v_CricketShot_g12_c02.avi,CricketShot,5.36,1.2354614153168617
v_CricketShot_g12_c03.avi,CricketShot,3.56,1.2354614153168617
v_CricketShot_g12_c04.avi,CricketShot,4.48,1.2354614153168617
v_CricketShot_g12_c05.avi,CricketShot,4.0,1.2354614153168617
v_CricketShot_g12_c06.avi,CricketShot,5.0,1.2354614153168617
v_CricketShot_g12_c07.avi,CricketShot,4.24,1.2354614153168617
v_CricketShot_g13_c01.avi,CricketShot,2.0,1.2354614153168617
v_CricketShot_g13_c02.avi,CricketShot,2.08,1.2354614153168617
v_CricketShot_g13_c03.avi,CricketShot,3.04,1.2354614153168617
v_CricketShot_g13_c04.avi,CricketShot,2.08,1.2354614153168617
v_CricketShot_g13_c05.avi,CricketShot,2.48,1.2354614153168617
v_CricketShot_g13_c06.avi,CricketShot,2.16,1.2354614153168617
v_CricketShot_g13_c07.avi,CricketShot,2.88,1.2354614153168617
v_CricketShot_g14_c01.avi,CricketShot,4.2,1.2354614153168617
v_CricketShot_g14_c02.avi,CricketShot,5.4,1.2354614153168617
v_CricketShot_g14_c03.avi,CricketShot,4.28,1.2354614153168617
v_CricketShot_g14_c04.avi,CricketShot,5.44,1.2354614153168617
v_CricketShot_g14_c05.avi,CricketShot,4.36,1.2354614153168617
v_CricketShot_g14_c06.avi,CricketShot,4.72,1.2354614153168617
v_CricketShot_g14_c07.avi,CricketShot,4.88,1.2354614153168617
v_CricketShot_g15_c01.avi,CricketShot,2.52,1.2354614153168617
v_CricketShot_g15_c02.avi,CricketShot,3.68,1.2354614153168617
v_CricketShot_g15_c03.avi,CricketShot,3.44,1.2354614153168617
v_CricketShot_g15_c04.avi,CricketShot,2.6,1.2354614153168617
v_CricketShot_g15_c05.avi,CricketShot,2.64,1.2354614153168617
v_CricketShot_g15_c06.avi,CricketShot,3.0,1.2354614153168617
v_CricketShot_g15_c07.avi,CricketShot,3.84,1.2354614153168617
v_CricketShot_g16_c01.avi,CricketShot,4.16,1.2354614153168617
v_CricketShot_g16_c02.avi,CricketShot,4.0,1.2354614153168617
v_CricketShot_g16_c03.avi,CricketShot,3.92,1.2354614153168617
v_CricketShot_g16_c04.avi,CricketShot,2.92,1.2354614153168617
v_CricketShot_g16_c05.avi,CricketShot,1.88,1.2354614153168617
v_CricketShot_g16_c06.avi,CricketShot,2.28,1.2354614153168617
v_CricketShot_g16_c07.avi,CricketShot,2.0,1.2354614153168617
v_CricketShot_g17_c01.avi,CricketShot,4.2,1.2354614153168617
v_CricketShot_g17_c02.avi,CricketShot,3.84,1.2354614153168617
v_CricketShot_g17_c03.avi,CricketShot,4.24,1.2354614153168617
v_CricketShot_g17_c04.avi,CricketShot,3.6,1.2354614153168617
v_CricketShot_g17_c05.avi,CricketShot,3.8,1.2354614153168617
v_CricketShot_g17_c06.avi,CricketShot,3.52,1.2354614153168617
v_CricketShot_g18_c01.avi,CricketShot,2.48,1.2354614153168617
v_CricketShot_g18_c02.avi,CricketShot,3.4,1.2354614153168617
v_CricketShot_g18_c03.avi,CricketShot,2.84,1.2354614153168617
v_CricketShot_g18_c04.avi,CricketShot,2.68,1.2354614153168617
v_CricketShot_g18_c05.avi,CricketShot,3.08,1.2354614153168617
v_CricketShot_g19_c01.avi,CricketShot,2.44,1.2354614153168617
v_CricketShot_g19_c02.avi,CricketShot,2.2,1.2354614153168617
v_CricketShot_g19_c03.avi,CricketShot,3.24,1.2354614153168617
v_CricketShot_g19_c04.avi,CricketShot,3.36,1.2354614153168617
v_CricketShot_g19_c05.avi,CricketShot,3.48,1.2354614153168617
v_CricketShot_g20_c01.avi,CricketShot,5.32,1.2354614153168617
v_CricketShot_g20_c02.avi,CricketShot,5.0,1.2354614153168617
v_CricketShot_g20_c03.avi,CricketShot,5.44,1.2354614153168617
v_CricketShot_g20_c04.avi,CricketShot,5.44,1.2354614153168617
v_CricketShot_g20_c05.avi,CricketShot,2.48,1.2354614153168617
v_CricketShot_g20_c06.avi,CricketShot,3.56,1.2354614153168617
v_CricketShot_g20_c07.avi,CricketShot,4.04,1.2354614153168617
v_CricketShot_g21_c01.avi,CricketShot,1.84,1.2354614153168617
v_CricketShot_g21_c02.avi,CricketShot,3.16,1.2354614153168617
v_CricketShot_g21_c03.avi,CricketShot,2.12,1.2354614153168617
v_CricketShot_g21_c04.avi,CricketShot,2.8,1.2354614153168617
v_CricketShot_g21_c05.avi,CricketShot,2.24,1.2354614153168617
v_CricketShot_g21_c06.avi,CricketShot,4.04,1.2354614153168617
v_CricketShot_g22_c01.avi,CricketShot,6.8,1.2354614153168617
v_CricketShot_g22_c02.avi,CricketShot,7.36,1.2354614153168617
v_CricketShot_g22_c03.avi,CricketShot,6.32,1.2354614153168617
v_CricketShot_g22_c04.avi,CricketShot,5.28,1.2354614153168617
v_CricketShot_g22_c05.avi,CricketShot,7.32,1.2354614153168617
v_CricketShot_g22_c06.avi,CricketShot,5.44,1.2354614153168617
v_CricketShot_g22_c07.avi,CricketShot,10.48,1.2354614153168617
v_CricketShot_g23_c01.avi,CricketShot,3.52,1.2354614153168617
v_CricketShot_g23_c02.avi,CricketShot,4.2,1.2354614153168617
v_CricketShot_g23_c03.avi,CricketShot,3.12,1.2354614153168617
v_CricketShot_g23_c04.avi,CricketShot,5.48,1.2354614153168617
v_CricketShot_g23_c05.avi,CricketShot,5.64,1.2354614153168617
v_CricketShot_g24_c01.avi,CricketShot,2.84,1.2354614153168617
v_CricketShot_g24_c02.avi,CricketShot,2.52,1.2354614153168617
v_CricketShot_g24_c03.avi,CricketShot,3.2,1.2354614153168617
v_CricketShot_g24_c04.avi,CricketShot,3.48,1.2354614153168617
v_CricketShot_g24_c05.avi,CricketShot,4.0,1.2354614153168617
v_CricketShot_g24_c06.avi,CricketShot,2.76,1.2354614153168617
v_CricketShot_g24_c07.avi,CricketShot,3.56,1.2354614153168617
v_CricketShot_g25_c01.avi,CricketShot,3.48,1.2354614153168617
v_CricketShot_g25_c02.avi,CricketShot,3.64,1.2354614153168617
v_CricketShot_g25_c03.avi,CricketShot,3.04,1.2354614153168617
v_CricketShot_g25_c04.avi,CricketShot,2.88,1.2354614153168617
v_CricketShot_g25_c05.avi,CricketShot,3.16,1.2354614153168617
v_CricketShot_g25_c06.avi,CricketShot,3.08,1.2354614153168617
v_CricketShot_g25_c07.avi,CricketShot,3.6,1.2354614153168617
v_CuttingInKitchen_g01_c01.avi,CuttingInKitchen,12.04,2.9815948959300616
v_CuttingInKitchen_g01_c02.avi,CuttingInKitchen,4.2,2.9815948959300616
v_CuttingInKitchen_g01_c03.avi,CuttingInKitchen,6.48,2.9815948959300616
v_CuttingInKitchen_g01_c04.avi,CuttingInKitchen,6.76,2.9815948959300616
v_CuttingInKitchen_g01_c05.avi,CuttingInKitchen,8.76,2.9815948959300616
v_CuttingInKitchen_g02_c01.avi,CuttingInKitchen,3.2,2.9815948959300616
v_CuttingInKitchen_g02_c02.avi,CuttingInKitchen,3.56,2.9815948959300616
v_CuttingInKitchen_g02_c03.avi,CuttingInKitchen,4.92,2.9815948959300616
v_CuttingInKitchen_g02_c04.avi,CuttingInKitchen,5.88,2.9815948959300616
v_CuttingInKitchen_g03_c01.avi,CuttingInKitchen,10.64,2.9815948959300616
v_CuttingInKitchen_g03_c02.avi,CuttingInKitchen,8.04,2.9815948959300616
v_CuttingInKitchen_g03_c03.avi,CuttingInKitchen,10.64,2.9815948959300616
v_CuttingInKitchen_g03_c04.avi,CuttingInKitchen,10.4,2.9815948959300616
v_CuttingInKitchen_g04_c01.avi,CuttingInKitchen,3.88,2.9815948959300616
v_CuttingInKitchen_g04_c02.avi,CuttingInKitchen,6.08,2.9815948959300616
v_CuttingInKitchen_g04_c03.avi,CuttingInKitchen,5.64,2.9815948959300616
v_CuttingInKitchen_g04_c04.avi,CuttingInKitchen,7.28,2.9815948959300616
v_CuttingInKitchen_g04_c05.avi,CuttingInKitchen,8.32,2.9815948959300616
v_CuttingInKitchen_g05_c01.avi,CuttingInKitchen,9.48,2.9815948959300616
v_CuttingInKitchen_g05_c02.avi,CuttingInKitchen,9.36,2.9815948959300616
v_CuttingInKitchen_g05_c03.avi,CuttingInKitchen,10.04,2.9815948959300616
v_CuttingInKitchen_g05_c04.avi,CuttingInKitchen,9.28,2.9815948959300616
v_CuttingInKitchen_g05_c05.avi,CuttingInKitchen,9.52,2.9815948959300616
v_CuttingInKitchen_g05_c06.avi,CuttingInKitchen,5.64,2.9815948959300616
v_CuttingInKitchen_g06_c01.avi,CuttingInKitchen,9.72,2.9815948959300616
v_CuttingInKitchen_g06_c02.avi,CuttingInKitchen,10.92,2.9815948959300616
v_CuttingInKitchen_g06_c03.avi,CuttingInKitchen,9.04,2.9815948959300616
v_CuttingInKitchen_g06_c04.avi,CuttingInKitchen,6.72,2.9815948959300616
v_CuttingInKitchen_g06_c05.avi,CuttingInKitchen,6.04,2.9815948959300616
v_CuttingInKitchen_g07_c01.avi,CuttingInKitchen,3.24,2.9815948959300616
v_CuttingInKitchen_g07_c02.avi,CuttingInKitchen,2.56,2.9815948959300616
v_CuttingInKitchen_g07_c03.avi,CuttingInKitchen,2.48,2.9815948959300616
v_CuttingInKitchen_g07_c04.avi,CuttingInKitchen,3.92,2.9815948959300616
v_CuttingInKitchen_g08_c01.avi,CuttingInKitchen,7.6,2.9815948959300616
v_CuttingInKitchen_g08_c02.avi,CuttingInKitchen,7.72,2.9815948959300616
v_CuttingInKitchen_g08_c03.avi,CuttingInKitchen,10.12,2.9815948959300616
v_CuttingInKitchen_g08_c04.avi,CuttingInKitchen,9.92,2.9815948959300616
v_CuttingInKitchen_g09_c01.avi,CuttingInKitchen,8.36,2.9815948959300616
v_CuttingInKitchen_g09_c02.avi,CuttingInKitchen,4.88,2.9815948959300616
v_CuttingInKitchen_g09_c03.avi,CuttingInKitchen,6.32,2.9815948959300616
v_CuttingInKitchen_g09_c04.avi,CuttingInKitchen,5.24,2.9815948959300616
v_CuttingInKitchen_g10_c01.avi,CuttingInKitchen,12.76,2.9815948959300616
v_CuttingInKitchen_g10_c02.avi,CuttingInKitchen,12.4,2.9815948959300616
v_CuttingInKitchen_g10_c03.avi,CuttingInKitchen,13.12,2.9815948959300616
v_CuttingInKitchen_g10_c04.avi,CuttingInKitchen,11.4,2.9815948959300616
v_CuttingInKitchen_g10_c05.avi,CuttingInKitchen,14.04,2.9815948959300616
v_CuttingInKitchen_g10_c06.avi,CuttingInKitchen,6.2,2.9815948959300616
v_CuttingInKitchen_g10_c07.avi,CuttingInKitchen,15.76,2.9815948959300616
v_CuttingInKitchen_g11_c01.avi,CuttingInKitchen,4.76,2.9815948959300616
v_CuttingInKitchen_g11_c02.avi,CuttingInKitchen,5.12,2.9815948959300616
v_CuttingInKitchen_g11_c03.avi,CuttingInKitchen,2.8,2.9815948959300616
v_CuttingInKitchen_g11_c04.avi,CuttingInKitchen,2.16,2.9815948959300616
v_CuttingInKitchen_g12_c01.avi,CuttingInKitchen,6.96,2.9815948959300616
v_CuttingInKitchen_g12_c02.avi,CuttingInKitchen,4.4,2.9815948959300616
v_CuttingInKitchen_g12_c03.avi,CuttingInKitchen,5.96,2.9815948959300616
v_CuttingInKitchen_g12_c04.avi,CuttingInKitchen,4.64,2.9815948959300616
v_CuttingInKitchen_g13_c01.avi,CuttingInKitchen,5.92,2.9815948959300616
v_CuttingInKitchen_g13_c02.avi,CuttingInKitchen,5.52,2.9815948959300616
v_CuttingInKitchen_g13_c03.avi,CuttingInKitchen,5.84,2.9815948959300616
v_CuttingInKitchen_g13_c04.avi,CuttingInKitchen,5.52,2.9815948959300616
v_CuttingInKitchen_g14_c01.avi,CuttingInKitchen,4.0,2.9815948959300616
v_CuttingInKitchen_g14_c02.avi,CuttingInKitchen,3.28,2.9815948959300616
v_CuttingInKitchen_g14_c03.avi,CuttingInKitchen,4.16,2.9815948959300616
v_CuttingInKitchen_g14_c04.avi,CuttingInKitchen,3.92,2.9815948959300616
v_CuttingInKitchen_g15_c01.avi,CuttingInKitchen,4.72,2.9815948959300616
v_CuttingInKitchen_g15_c02.avi,CuttingInKitchen,6.2,2.9815948959300616
v_CuttingInKitchen_g15_c03.avi,CuttingInKitchen,4.0,2.9815948959300616
v_CuttingInKitchen_g15_c04.avi,CuttingInKitchen,3.96,2.9815948959300616
v_CuttingInKitchen_g16_c01.avi,CuttingInKitchen,7.04,2.9815948959300616
v_CuttingInKitchen_g16_c02.avi,CuttingInKitchen,7.92,2.9815948959300616
v_CuttingInKitchen_g16_c03.avi,CuttingInKitchen,8.24,2.9815948959300616
v_CuttingInKitchen_g16_c04.avi,CuttingInKitchen,7.84,2.9815948959300616
v_CuttingInKitchen_g17_c01.avi,CuttingInKitchen,7.4,2.9815948959300616
v_CuttingInKitchen_g17_c02.avi,CuttingInKitchen,7.2,2.9815948959300616
v_CuttingInKitchen_g17_c03.avi,CuttingInKitchen,9.72,2.9815948959300616
v_CuttingInKitchen_g17_c04.avi,CuttingInKitchen,5.6,2.9815948959300616
v_CuttingInKitchen_g18_c01.avi,CuttingInKitchen,3.88,2.9815948959300616
v_CuttingInKitchen_g18_c02.avi,CuttingInKitchen,6.92,2.9815948959300616
v_CuttingInKitchen_g18_c03.avi,CuttingInKitchen,3.28,2.9815948959300616
v_CuttingInKitchen_g18_c04.avi,CuttingInKitchen,6.24,2.9815948959300616
v_CuttingInKitchen_g19_c01.avi,CuttingInKitchen,2.32,2.9815948959300616
v_CuttingInKitchen_g19_c02.avi,CuttingInKitchen,1.96,2.9815948959300616
v_CuttingInKitchen_g19_c03.avi,CuttingInKitchen,2.0,2.9815948959300616
v_CuttingInKitchen_g19_c04.avi,CuttingInKitchen,2.12,2.9815948959300616
v_CuttingInKitchen_g20_c01.avi,CuttingInKitchen,11.56,2.9815948959300616
v_CuttingInKitchen_g20_c02.avi,CuttingInKitchen,11.08,2.9815948959300616
v_CuttingInKitchen_g20_c03.avi,CuttingInKitchen,10.04,2.9815948959300616
v_CuttingInKitchen_g20_c04.avi,CuttingInKitchen,11.04,2.9815948959300616
v_CuttingInKitchen_g21_c01.avi,CuttingInKitchen,8.36,2.9815948959300616
v_CuttingInKitchen_g21_c02.avi,CuttingInKitchen,6.92,2.9815948959300616
v_CuttingInKitchen_g21_c03.avi,CuttingInKitchen,6.8,2.9815948959300616
v_CuttingInKitchen_g21_c04.avi,CuttingInKitchen,7.0,2.9815948959300616
v_CuttingInKitchen_g22_c01.avi,CuttingInKitchen,6.0,2.9815948959300616
v_CuttingInKitchen_g22_c02.avi,CuttingInKitchen,7.08,2.9815948959300616
v_CuttingInKitchen_g22_c03.avi,CuttingInKitchen,5.48,2.9815948959300616
v_CuttingInKitchen_g22_c04.avi,CuttingInKitchen,10.44,2.9815948959300616
v_CuttingInKitchen_g23_c01.avi,CuttingInKitchen,4.92,2.9815948959300616
v_CuttingInKitchen_g23_c02.avi,CuttingInKitchen,4.8,2.9815948959300616
v_CuttingInKitchen_g23_c03.avi,CuttingInKitchen,3.96,2.9815948959300616
v_CuttingInKitchen_g23_c04.avi,CuttingInKitchen,3.64,2.9815948959300616
v_CuttingInKitchen_g24_c01.avi,CuttingInKitchen,7.76,2.9815948959300616
v_CuttingInKitchen_g24_c02.avi,CuttingInKitchen,4.56,2.9815948959300616
v_CuttingInKitchen_g24_c03.avi,CuttingInKitchen,7.08,2.9815948959300616
v_CuttingInKitchen_g24_c04.avi,CuttingInKitchen,4.16,2.9815948959300616
v_CuttingInKitchen_g25_c01.avi,CuttingInKitchen,6.96,2.9815948959300616
v_CuttingInKitchen_g25_c02.avi,CuttingInKitchen,6.28,2.9815948959300616
v_CuttingInKitchen_g25_c03.avi,CuttingInKitchen,4.28,2.9815948959300616
v_CuttingInKitchen_g25_c04.avi,CuttingInKitchen,5.16,2.9815948959300616
v_CuttingInKitchen_g25_c05.avi,CuttingInKitchen,9.96,2.9815948959300616
v_CuttingInKitchen_g25_c06.avi,CuttingInKitchen,13.08,2.9815948959300616
v_Diving_g01_c01.avi,Diving,8.641966666666667,1.8326070283674498
v_Diving_g01_c02.avi,Diving,9.4094,1.8326070283674498
v_Diving_g01_c03.avi,Diving,7.140466666666667,1.8326070283674498
v_Diving_g01_c04.avi,Diving,7.741066666666667,1.8326070283674498
v_Diving_g01_c05.avi,Diving,7.8078,1.8326070283674498
v_Diving_g01_c06.avi,Diving,8.5085,1.8326070283674498
v_Diving_g01_c07.avi,Diving,8.1081,1.8326070283674498
v_Diving_g02_c01.avi,Diving,4.471133333333333,1.8326070283674498
v_Diving_g02_c02.avi,Diving,5.038366666666667,1.8326070283674498
v_Diving_g02_c03.avi,Diving,4.270933333333334,1.8326070283674498
v_Diving_g02_c04.avi,Diving,5.338666666666667,1.8326070283674498
v_Diving_g02_c05.avi,Diving,6.673333333333334,1.8326070283674498
v_Diving_g02_c06.avi,Diving,5.071733333333333,1.8326070283674498
v_Diving_g02_c07.avi,Diving,4.1041,1.8326070283674498
v_Diving_g03_c01.avi,Diving,6.4064000000000005,1.8326070283674498
v_Diving_g03_c02.avi,Diving,6.4064000000000005,1.8326070283674498
v_Diving_g03_c03.avi,Diving,6.2729333333333335,1.8326070283674498
v_Diving_g03_c04.avi,Diving,6.6066,1.8326070283674498
v_Diving_g03_c05.avi,Diving,8.274933333333333,1.8326070283674498
v_Diving_g03_c06.avi,Diving,3.8371666666666666,1.8326070283674498
v_Diving_g03_c07.avi,Diving,3.4367666666666667,1.8326070283674498
v_Diving_g04_c01.avi,Diving,3.5368666666666666,1.8326070283674498
v_Diving_g04_c02.avi,Diving,3.2699333333333334,1.8326070283674498
v_Diving_g04_c03.avi,Diving,4.871533333333334,1.8326070283674498
v_Diving_g04_c04.avi,Diving,9.509500000000001,1.8326070283674498
v_Diving_g04_c05.avi,Diving,5.005,1.8326070283674498
v_Diving_g04_c06.avi,Diving,4.0040000000000004,1.8326070283674498
v_Diving_g04_c07.avi,Diving,5.005,1.8326070283674498
v_Diving_g05_c01.avi,Diving,3.6703333333333332,1.8326070283674498
v_Diving_g05_c02.avi,Diving,5.271933333333333,1.8326070283674498
v_Diving_g05_c03.avi,Diving,3.5368666666666666,1.8326070283674498
v_Diving_g05_c04.avi,Diving,4.337666666666666,1.8326070283674498
v_Diving_g05_c05.avi,Diving,3.370033333333333,1.8326070283674498
v_Diving_g05_c06.avi,Diving,2.0020000000000002,1.8326070283674498
v_Diving_g06_c01.avi,Diving,7.073733333333333,1.8326070283674498
v_Diving_g06_c02.avi,Diving,6.973633333333334,1.8326070283674498
v_Diving_g06_c03.avi,Diving,7.874533333333334,1.8326070283674498
v_Diving_g06_c04.avi,Diving,7.2072,1.8326070283674498
v_Diving_g06_c05.avi,Diving,4.170833333333333,1.8326070283674498
v_Diving_g06_c06.avi,Diving,7.307300000000001,1.8326070283674498
v_Diving_g06_c07.avi,Diving,8.074733333333333,1.8326070283674498
v_Diving_g07_c01.avi,Diving,5.9726333333333335,1.8326070283674498
v_Diving_g07_c02.avi,Diving,5.271933333333333,1.8326070283674498
v_Diving_g07_c03.avi,Diving,7.2072,1.8326070283674498
v_Diving_g07_c04.avi,Diving,5.772433333333334,1.8326070283674498
v_Diving_g08_c01.avi,Diving,5.6056,1.8326070283674498
v_Diving_g08_c02.avi,Diving,4.938266666666666,1.8326070283674498
v_Diving_g08_c03.avi,Diving,5.271933333333333,1.8326070283674498
v_Diving_g08_c04.avi,Diving,4.838166666666667,1.8326070283674498
v_Diving_g08_c05.avi,Diving,5.171833333333334,1.8326070283674498
v_Diving_g08_c06.avi,Diving,7.307300000000001,1.8326070283674498
v_Diving_g09_c01.avi,Diving,6.4064000000000005,1.8326070283674498
v_Diving_g09_c02.avi,Diving,5.939266666666667,1.8326070283674498
v_Diving_g09_c03.avi,Diving,7.073733333333333,1.8326070283674498
v_Diving_g09_c04.avi,Diving,5.872533333333333,1.8326070283674498
v_Diving_g09_c05.avi,Diving,3.7704333333333335,1.8326070283674498
v_Diving_g09_c06.avi,Diving,3.7704333333333335,1.8326070283674498
v_Diving_g09_c07.avi,Diving,3.8371666666666666,1.8326070283674498
v_Diving_g10_c01.avi,Diving,4.537866666666667,1.8326070283674498
v_Diving_g10_c02.avi,Diving,4.270933333333334,1.8326070283674498
v_Diving_g10_c03.avi,Diving,3.4701333333333335,1.8326070283674498
v_Diving_g10_c04.avi,Diving,3.370033333333333,1.8326070283674498
v_Diving_g10_c05.avi,Diving,5.438766666666667,1.8326070283674498
v_Diving_g10_c06.avi,Diving,5.572233333333333,1.8326070283674498
v_Diving_g10_c07.avi,Diving,5.071733333333333,1.8326070283674498
v_Diving_g11_c01.avi,Diving,4.070733333333333,1.8326070283674498
v_Diving_g11_c02.avi,Diving,4.170833333333333,1.8326070283674498
v_Diving_g11_c03.avi,Diving,4.471133333333333,1.8326070283674498
v_Diving_g11_c04.avi,Diving,5.271933333333333,1.8326070283674498
v_Diving_g11_c05.avi,Diving,5.6723333333333334,1.8326070283674498
v_Diving_g11_c06.avi,Diving,6.039366666666667,1.8326070283674498
v_Diving_g12_c01.avi,Diving,5.372033333333333,1.8326070283674498
v_Diving_g12_c02.avi,Diving,5.271933333333333,1.8326070283674498
v_Diving_g12_c03.avi,Diving,6.373033333333334,1.8326070283674498
v_Diving_g12_c04.avi,Diving,6.740066666666666,1.8326070283674498
v_Diving_g12_c05.avi,Diving,9.275933333333333,1.8326070283674498
v_Diving_g12_c06.avi,Diving,10.276933333333334,1.8326070283674498
v_Diving_g12_c07.avi,Diving,7.1071,1.8326070283674498
v_Diving_g13_c01.avi,Diving,7.540866666666667,1.8326070283674498
v_Diving_g13_c02.avi,Diving,5.1051,1.8326070283674498
v_Diving_g13_c03.avi,Diving,5.7057,1.8326070283674498
v_Diving_g13_c04.avi,Diving,4.371033333333333,1.8326070283674498
v_Diving_g13_c05.avi,Diving,5.4054,1.8326070283674498
v_Diving_g13_c06.avi,Diving,4.270933333333334,1.8326070283674498
v_Diving_g13_c07.avi,Diving,6.072733333333334,1.8326070283674498
v_Diving_g14_c01.avi,Diving,7.273933333333334,1.8326070283674498
v_Diving_g14_c02.avi,Diving,10.143466666666667,1.8326070283674498
v_Diving_g14_c03.avi,Diving,7.4074,1.8326070283674498
v_Diving_g14_c04.avi,Diving,6.773433333333333,1.8326070283674498
v_Diving_g15_c01.avi,Diving,5.872533333333333,1.8326070283674498
v_Diving_g15_c02.avi,Diving,6.7067000000000005,1.8326070283674498
v_Diving_g15_c03.avi,Diving,4.771433333333333,1.8326070283674498
v_Diving_g15_c04.avi,Diving,4.871533333333334,1.8326070283674498
v_Diving_g15_c05.avi,Diving,7.007000000000001,1.8326070283674498
v_Diving_g15_c06.avi,Diving,6.5065,1.8326070283674498
v_Diving_g15_c07.avi,Diving,7.1071,1.8326070283674498
v_Diving_g16_c01.avi,Diving,10.343666666666667,1.8326070283674498
v_Diving_g16_c02.avi,Diving,5.739066666666667,1.8326070283674498
v_Diving_g16_c03.avi,Diving,6.8068,1.8326070283674498
v_Diving_g16_c04.avi,Diving,3.7037,1.8326070283674498
v_Diving_g16_c05.avi,Diving,8.241566666666667,1.8326070283674498
v_Diving_g17_c01.avi,Diving,10.043366666666667,1.8326070283674498
v_Diving_g17_c02.avi,Diving,5.1051,1.8326070283674498
v_Diving_g17_c03.avi,Diving,5.1051,1.8326070283674498
v_Diving_g17_c04.avi,Diving,3.6036,1.8326070283674498
v_Diving_g18_c01.avi,Diving,8.541866666666667,1.8326070283674498
v_Diving_g18_c02.avi,Diving,2.4024,1.8326070283674498
v_Diving_g18_c03.avi,Diving,5.138466666666667,1.8326070283674498
v_Diving_g18_c04.avi,Diving,4.537866666666667,1.8326070283674498
v_Diving_g19_c01.avi,Diving,6.9069,1.8326070283674498
v_Diving_g19_c02.avi,Diving,5.7057,1.8326070283674498
v_Diving_g19_c03.avi,Diving,5.7057,1.8326070283674498
v_Diving_g19_c04.avi,Diving,6.9069,1.8326070283674498
v_Diving_g20_c01.avi,Diving,3.003,1.8326070283674498
v_Diving_g20_c02.avi,Diving,3.7037,1.8326070283674498
v_Diving_g20_c03.avi,Diving,3.5368666666666666,1.8326070283674498
v_Diving_g20_c04.avi,Diving,5.038366666666667,1.8326070283674498
v_Diving_g20_c05.avi,Diving,3.069733333333333,1.8326070283674498
v_Diving_g20_c06.avi,Diving,3.8038,1.8326070283674498
v_Diving_g20_c07.avi,Diving,5.038366666666667,1.8326070283674498
v_Diving_g21_c01.avi,Diving,4.771433333333333,1.8326070283674498
v_Diving_g21_c02.avi,Diving,6.239566666666667,1.8326070283674498
v_Diving_g21_c03.avi,Diving,8.775433333333334,1.8326070283674498
v_Diving_g21_c04.avi,Diving,10.744066666666667,1.8326070283674498
v_Diving_g21_c05.avi,Diving,6.039366666666667,1.8326070283674498
v_Diving_g21_c06.avi,Diving,6.4064000000000005,1.8326070283674498
v_Diving_g21_c07.avi,Diving,6.072733333333334,1.8326070283674498
v_Diving_g22_c01.avi,Diving,4.971633333333333,1.8326070283674498
v_Diving_g22_c02.avi,Diving,5.1051,1.8326070283674498
v_Diving_g22_c03.avi,Diving,4.537866666666667,1.8326070283674498
v_Diving_g22_c04.avi,Diving,7.3406666666666665,1.8326070283674498
v_Diving_g22_c05.avi,Diving,5.4054,1.8326070283674498
v_Diving_g22_c06.avi,Diving,6.1061000000000005,1.8326070283674498
v_Diving_g23_c01.avi,Diving,4.437766666666667,1.8326070283674498
v_Diving_g23_c02.avi,Diving,2.8695333333333335,1.8326070283674498
v_Diving_g23_c03.avi,Diving,5.338666666666667,1.8326070283674498
v_Diving_g23_c04.avi,Diving,6.740066666666666,1.8326070283674498
v_Diving_g23_c05.avi,Diving,6.3063,1.8326070283674498
v_Diving_g23_c06.avi,Diving,12.846166666666667,1.8326070283674498
v_Diving_g24_c01.avi,Diving,3.7370666666666668,1.8326070283674498
v_Diving_g24_c02.avi,Diving,4.637966666666666,1.8326070283674498
v_Diving_g24_c03.avi,Diving,5.005,1.8326070283674498
v_Diving_g24_c04.avi,Diving,5.4054,1.8326070283674498
v_Diving_g24_c05.avi,Diving,4.7047,1.8326070283674498
v_Diving_g24_c06.avi,Diving,5.6723333333333334,1.8326070283674498
v_Diving_g24_c07.avi,Diving,4.771433333333333,1.8326070283674498
v_Diving_g25_c01.avi,Diving,4.170833333333333,1.8326070283674498
v_Diving_g25_c02.avi,Diving,3.5035000000000003,1.8326070283674498
v_Diving_g25_c03.avi,Diving,4.871533333333334,1.8326070283674498
v_Diving_g25_c04.avi,Diving,4.971633333333333,1.8326070283674498
v_Drumming_g01_c01.avi,Drumming,12.0,1.4183032904151658
v_Drumming_g01_c02.avi,Drumming,12.0,1.4183032904151658
v_Drumming_g01_c03.avi,Drumming,12.0,1.4183032904151658
v_Drumming_g01_c04.avi,Drumming,12.0,1.4183032904151658
v_Drumming_g01_c05.avi,Drumming,12.0,1.4183032904151658
v_Drumming_g01_c06.avi,Drumming,12.0,1.4183032904151658
v_Drumming_g01_c07.avi,Drumming,12.0,1.4183032904151658
v_Drumming_g02_c01.avi,Drumming,12.0,1.4183032904151658
v_Drumming_g02_c02.avi,Drumming,12.0,1.4183032904151658
v_Drumming_g02_c03.avi,Drumming,12.0,1.4183032904151658
v_Drumming_g02_c04.avi,Drumming,12.0,1.4183032904151658
v_Drumming_g02_c05.avi,Drumming,12.0,1.4183032904151658
v_Drumming_g02_c06.avi,Drumming,12.0,1.4183032904151658
v_Drumming_g02_c07.avi,Drumming,12.0,1.4183032904151658
v_Drumming_g03_c01.avi,Drumming,7.08,1.4183032904151658
v_Drumming_g03_c02.avi,Drumming,9.24,1.4183032904151658
v_Drumming_g03_c03.avi,Drumming,4.44,1.4183032904151658
v_Drumming_g03_c04.avi,Drumming,6.96,1.4183032904151658
v_Drumming_g03_c05.avi,Drumming,6.12,1.4183032904151658
v_Drumming_g04_c01.avi,Drumming,12.0,1.4183032904151658
v_Drumming_g04_c02.avi,Drumming,12.0,1.4183032904151658
v_Drumming_g04_c03.avi,Drumming,12.0,1.4183032904151658
v_Drumming_g04_c04.avi,Drumming,12.0,1.4183032904151658
v_Drumming_g04_c05.avi,Drumming,12.0,1.4183032904151658
v_Drumming_g04_c06.avi,Drumming,12.0,1.4183032904151658
v_Drumming_g04_c07.avi,Drumming,12.0,1.4183032904151658
v_Drumming_g05_c01.avi,Drumming,6.8,1.4183032904151658
v_Drumming_g05_c02.avi,Drumming,7.08,1.4183032904151658
v_Drumming_g05_c03.avi,Drumming,7.04,1.4183032904151658
v_Drumming_g05_c04.avi,Drumming,8.32,1.4183032904151658
v_Drumming_g05_c05.avi,Drumming,7.8,1.4183032904151658
v_Drumming_g05_c06.avi,Drumming,8.44,1.4183032904151658
v_Drumming_g06_c01.avi,Drumming,12.0,1.4183032904151658
v_Drumming_g06_c02.avi,Drumming,12.0,1.4183032904151658
v_Drumming_g06_c03.avi,Drumming,12.0,1.4183032904151658
v_Drumming_g06_c04.avi,Drumming,12.0,1.4183032904151658
v_Drumming_g06_c05.avi,Drumming,12.0,1.4183032904151658
v_Drumming_g06_c06.avi,Drumming,12.0,1.4183032904151658
v_Drumming_g07_c01.avi,Drumming,12.0,1.4183032904151658
v_Drumming_g07_c02.avi,Drumming,12.0,1.4183032904151658
v_Drumming_g07_c03.avi,Drumming,12.0,1.4183032904151658
v_Drumming_g07_c04.avi,Drumming,12.0,1.4183032904151658
v_Drumming_g07_c05.avi,Drumming,12.0,1.4183032904151658
v_Drumming_g07_c06.avi,Drumming,12.0,1.4183032904151658
v_Drumming_g07_c07.avi,Drumming,12.0,1.4183032904151658
v_Drumming_g08_c01.avi,Drumming,12.0,1.4183032904151658
v_Drumming_g08_c02.avi,Drumming,12.0,1.4183032904151658
v_Drumming_g08_c03.avi,Drumming,12.0,1.4183032904151658
v_Drumming_g08_c04.avi,Drumming,12.0,1.4183032904151658
v_Drumming_g08_c05.avi,Drumming,12.0,1.4183032904151658
v_Drumming_g09_c01.avi,Drumming,12.0,1.4183032904151658
v_Drumming_g09_c02.avi,Drumming,9.6,1.4183032904151658
v_Drumming_g09_c03.avi,Drumming,12.0,1.4183032904151658
v_Drumming_g09_c04.avi,Drumming,12.0,1.4183032904151658
v_Drumming_g10_c01.avi,Drumming,12.0,1.4183032904151658
v_Drumming_g10_c02.avi,Drumming,12.0,1.4183032904151658
v_Drumming_g10_c03.avi,Drumming,12.0,1.4183032904151658
v_Drumming_g10_c04.avi,Drumming,12.0,1.4183032904151658
v_Drumming_g10_c05.avi,Drumming,12.0,1.4183032904151658
v_Drumming_g10_c06.avi,Drumming,12.0,1.4183032904151658
v_Drumming_g10_c07.avi,Drumming,12.0,1.4183032904151658
v_Drumming_g11_c01.avi,Drumming,12.0,1.4183032904151658
v_Drumming_g11_c02.avi,Drumming,12.0,1.4183032904151658
v_Drumming_g11_c03.avi,Drumming,12.0,1.4183032904151658
v_Drumming_g11_c04.avi,Drumming,12.0,1.4183032904151658
v_Drumming_g11_c05.avi,Drumming,12.0,1.4183032904151658
v_Drumming_g11_c06.avi,Drumming,12.0,1.4183032904151658
v_Drumming_g11_c07.avi,Drumming,12.0,1.4183032904151658
v_Drumming_g12_c01.avi,Drumming,12.0,1.4183032904151658
v_Drumming_g12_c02.avi,Drumming,12.0,1.4183032904151658
v_Drumming_g12_c03.avi,Drumming,12.0,1.4183032904151658
v_Drumming_g12_c04.avi,Drumming,12.0,1.4183032904151658
v_Drumming_g12_c05.avi,Drumming,12.0,1.4183032904151658
v_Drumming_g12_c06.avi,Drumming,12.0,1.4183032904151658
v_Drumming_g12_c07.avi,Drumming,12.0,1.4183032904151658
v_Drumming_g13_c01.avi,Drumming,12.0,1.4183032904151658
v_Drumming_g13_c02.avi,Drumming,12.0,1.4183032904151658
v_Drumming_g13_c03.avi,Drumming,12.0,1.4183032904151658
v_Drumming_g13_c04.avi,Drumming,12.0,1.4183032904151658
v_Drumming_g13_c05.avi,Drumming,12.0,1.4183032904151658
v_Drumming_g13_c06.avi,Drumming,12.0,1.4183032904151658
v_Drumming_g13_c07.avi,Drumming,12.0,1.4183032904151658
v_Drumming_g14_c01.avi,Drumming,10.32,1.4183032904151658
v_Drumming_g14_c02.avi,Drumming,12.0,1.4183032904151658
v_Drumming_g14_c03.avi,Drumming,12.0,1.4183032904151658
v_Drumming_g14_c04.avi,Drumming,10.44,1.4183032904151658
v_Drumming_g14_c05.avi,Drumming,12.0,1.4183032904151658
v_Drumming_g14_c06.avi,Drumming,12.0,1.4183032904151658
v_Drumming_g15_c01.avi,Drumming,12.0,1.4183032904151658
v_Drumming_g15_c02.avi,Drumming,12.0,1.4183032904151658
v_Drumming_g15_c03.avi,Drumming,12.0,1.4183032904151658
v_Drumming_g15_c04.avi,Drumming,12.0,1.4183032904151658
v_Drumming_g15_c05.avi,Drumming,12.0,1.4183032904151658
v_Drumming_g15_c06.avi,Drumming,12.0,1.4183032904151658
v_Drumming_g15_c07.avi,Drumming,12.0,1.4183032904151658
v_Drumming_g16_c01.avi,Drumming,12.0,1.4183032904151658
v_Drumming_g16_c02.avi,Drumming,12.0,1.4183032904151658
v_Drumming_g16_c03.avi,Drumming,12.0,1.4183032904151658
v_Drumming_g16_c04.avi,Drumming,12.0,1.4183032904151658
v_Drumming_g16_c05.avi,Drumming,12.0,1.4183032904151658
v_Drumming_g16_c06.avi,Drumming,12.0,1.4183032904151658
v_Drumming_g16_c07.avi,Drumming,12.0,1.4183032904151658
v_Drumming_g17_c01.avi,Drumming,12.0,1.4183032904151658
v_Drumming_g17_c02.avi,Drumming,12.0,1.4183032904151658
v_Drumming_g17_c03.avi,Drumming,12.0,1.4183032904151658
v_Drumming_g17_c04.avi,Drumming,12.0,1.4183032904151658
v_Drumming_g17_c05.avi,Drumming,12.0,1.4183032904151658
v_Drumming_g17_c06.avi,Drumming,12.0,1.4183032904151658
v_Drumming_g17_c07.avi,Drumming,12.0,1.4183032904151658
v_Drumming_g18_c01.avi,Drumming,8.08,1.4183032904151658
v_Drumming_g18_c02.avi,Drumming,11.56,1.4183032904151658
v_Drumming_g18_c03.avi,Drumming,10.36,1.4183032904151658
v_Drumming_g18_c04.avi,Drumming,12.0,1.4183032904151658
v_Drumming_g18_c05.avi,Drumming,12.0,1.4183032904151658
v_Drumming_g18_c06.avi,Drumming,12.0,1.4183032904151658
v_Drumming_g19_c01.avi,Drumming,12.0,1.4183032904151658
v_Drumming_g19_c02.avi,Drumming,12.0,1.4183032904151658
v_Drumming_g19_c03.avi,Drumming,12.0,1.4183032904151658
v_Drumming_g19_c04.avi,Drumming,12.0,1.4183032904151658
v_Drumming_g19_c05.avi,Drumming,12.0,1.4183032904151658
v_Drumming_g19_c06.avi,Drumming,12.0,1.4183032904151658
v_Drumming_g19_c07.avi,Drumming,12.0,1.4183032904151658
v_Drumming_g20_c01.avi,Drumming,12.0,1.4183032904151658
v_Drumming_g20_c02.avi,Drumming,12.0,1.4183032904151658
v_Drumming_g20_c03.avi,Drumming,12.0,1.4183032904151658
v_Drumming_g20_c04.avi,Drumming,12.0,1.4183032904151658
v_Drumming_g20_c05.avi,Drumming,12.0,1.4183032904151658
v_Drumming_g20_c06.avi,Drumming,12.0,1.4183032904151658
v_Drumming_g20_c07.avi,Drumming,4.52,1.4183032904151658
v_Drumming_g21_c01.avi,Drumming,12.0,1.4183032904151658
v_Drumming_g21_c02.avi,Drumming,12.0,1.4183032904151658
v_Drumming_g21_c03.avi,Drumming,12.0,1.4183032904151658
v_Drumming_g21_c04.avi,Drumming,12.0,1.4183032904151658
v_Drumming_g21_c05.avi,Drumming,12.0,1.4183032904151658
v_Drumming_g21_c06.avi,Drumming,12.0,1.4183032904151658
v_Drumming_g21_c07.avi,Drumming,12.0,1.4183032904151658
v_Drumming_g22_c01.avi,Drumming,12.0,1.4183032904151658
v_Drumming_g22_c02.avi,Drumming,12.0,1.4183032904151658
v_Drumming_g22_c03.avi,Drumming,12.0,1.4183032904151658
v_Drumming_g22_c04.avi,Drumming,12.0,1.4183032904151658
v_Drumming_g23_c01.avi,Drumming,12.0,1.4183032904151658
v_Drumming_g23_c02.avi,Drumming,12.0,1.4183032904151658
v_Drumming_g23_c03.avi,Drumming,12.0,1.4183032904151658
v_Drumming_g23_c04.avi,Drumming,12.0,1.4183032904151658
v_Drumming_g23_c05.avi,Drumming,12.0,1.4183032904151658
v_Drumming_g23_c06.avi,Drumming,12.0,1.4183032904151658
v_Drumming_g23_c07.avi,Drumming,12.0,1.4183032904151658
v_Drumming_g24_c01.avi,Drumming,12.0,1.4183032904151658
v_Drumming_g24_c02.avi,Drumming,12.0,1.4183032904151658
v_Drumming_g24_c03.avi,Drumming,12.0,1.4183032904151658
v_Drumming_g24_c04.avi,Drumming,12.0,1.4183032904151658
v_Drumming_g24_c05.avi,Drumming,12.0,1.4183032904151658
v_Drumming_g24_c06.avi,Drumming,12.0,1.4183032904151658
v_Drumming_g24_c07.avi,Drumming,12.0,1.4183032904151658
v_Drumming_g25_c01.avi,Drumming,12.0,1.4183032904151658
v_Drumming_g25_c02.avi,Drumming,12.0,1.4183032904151658
v_Drumming_g25_c03.avi,Drumming,12.0,1.4183032904151658
v_Drumming_g25_c04.avi,Drumming,12.0,1.4183032904151658
v_Drumming_g25_c05.avi,Drumming,12.0,1.4183032904151658
v_Drumming_g25_c06.avi,Drumming,12.0,1.4183032904151658
v_Drumming_g25_c07.avi,Drumming,12.0,1.4183032904151658
v_Fencing_g01_c01.avi,Fencing,5.88,0.5411559805174432
v_Fencing_g01_c02.avi,Fencing,6.44,0.5411559805174432
v_Fencing_g01_c03.avi,Fencing,5.88,0.5411559805174432
v_Fencing_g01_c04.avi,Fencing,5.88,0.5411559805174432
v_Fencing_g01_c05.avi,Fencing,5.44,0.5411559805174432
v_Fencing_g01_c06.avi,Fencing,6.96,0.5411559805174432
v_Fencing_g02_c01.avi,Fencing,5.68,0.5411559805174432
v_Fencing_g02_c02.avi,Fencing,5.28,0.5411559805174432
v_Fencing_g02_c03.avi,Fencing,4.6,0.5411559805174432
v_Fencing_g02_c04.avi,Fencing,4.76,0.5411559805174432
v_Fencing_g02_c05.avi,Fencing,5.44,0.5411559805174432
v_Fencing_g03_c01.avi,Fencing,4.8,0.5411559805174432
v_Fencing_g03_c02.avi,Fencing,4.56,0.5411559805174432
v_Fencing_g03_c03.avi,Fencing,4.44,0.5411559805174432
v_Fencing_g03_c04.avi,Fencing,3.76,0.5411559805174432
v_Fencing_g03_c05.avi,Fencing,5.52,0.5411559805174432
v_Fencing_g04_c01.avi,Fencing,6.8,0.5411559805174432
v_Fencing_g04_c02.avi,Fencing,5.44,0.5411559805174432
v_Fencing_g04_c03.avi,Fencing,6.08,0.5411559805174432
v_Fencing_g04_c04.avi,Fencing,5.08,0.5411559805174432
v_Fencing_g04_c05.avi,Fencing,4.4,0.5411559805174432
v_Fencing_g05_c01.avi,Fencing,5.56,0.5411559805174432
v_Fencing_g05_c02.avi,Fencing,4.8,0.5411559805174432
v_Fencing_g05_c03.avi,Fencing,5.16,0.5411559805174432
v_Fencing_g05_c04.avi,Fencing,5.2,0.5411559805174432
v_Fencing_g05_c05.avi,Fencing,5.2,0.5411559805174432
v_Fencing_g06_c01.avi,Fencing,5.68,0.5411559805174432
v_Fencing_g06_c02.avi,Fencing,6.04,0.5411559805174432
v_Fencing_g06_c03.avi,Fencing,5.04,0.5411559805174432
v_Fencing_g06_c04.avi,Fencing,5.0,0.5411559805174432
v_Fencing_g07_c01.avi,Fencing,5.88,0.5411559805174432
v_Fencing_g07_c02.avi,Fencing,4.4,0.5411559805174432
v_Fencing_g07_c03.avi,Fencing,4.44,0.5411559805174432
v_Fencing_g07_c04.avi,Fencing,4.92,0.5411559805174432
v_Fencing_g08_c01.avi,Fencing,4.96,0.5411559805174432
v_Fencing_g08_c02.avi,Fencing,4.4,0.5411559805174432
v_Fencing_g08_c03.avi,Fencing,5.12,0.5411559805174432
v_Fencing_g08_c04.avi,Fencing,4.92,0.5411559805174432
v_Fencing_g09_c01.avi,Fencing,5.08,0.5411559805174432
v_Fencing_g09_c02.avi,Fencing,4.84,0.5411559805174432
v_Fencing_g09_c03.avi,Fencing,5.28,0.5411559805174432
v_Fencing_g09_c04.avi,Fencing,5.76,0.5411559805174432
v_Fencing_g09_c05.avi,Fencing,5.36,0.5411559805174432
v_Fencing_g09_c06.avi,Fencing,6.24,0.5411559805174432
v_Fencing_g10_c01.avi,Fencing,5.8,0.5411559805174432
v_Fencing_g10_c02.avi,Fencing,5.0,0.5411559805174432
v_Fencing_g10_c03.avi,Fencing,5.08,0.5411559805174432
v_Fencing_g10_c04.avi,Fencing,5.32,0.5411559805174432
v_Fencing_g10_c05.avi,Fencing,5.44,0.5411559805174432
v_Fencing_g11_c01.avi,Fencing,5.36,0.5411559805174432
v_Fencing_g11_c02.avi,Fencing,4.84,0.5411559805174432
v_Fencing_g11_c03.avi,Fencing,5.36,0.5411559805174432
v_Fencing_g11_c04.avi,Fencing,4.96,0.5411559805174432
v_Fencing_g11_c05.avi,Fencing,5.8,0.5411559805174432
v_Fencing_g12_c01.avi,Fencing,6.52,0.5411559805174432
v_Fencing_g12_c02.avi,Fencing,5.2,0.5411559805174432
v_Fencing_g12_c03.avi,Fencing,4.52,0.5411559805174432
v_Fencing_g12_c04.avi,Fencing,6.08,0.5411559805174432
v_Fencing_g12_c05.avi,Fencing,4.88,0.5411559805174432
v_Fencing_g13_c01.avi,Fencing,5.56,0.5411559805174432
v_Fencing_g13_c02.avi,Fencing,4.52,0.5411559805174432
v_Fencing_g13_c03.avi,Fencing,4.36,0.5411559805174432
v_Fencing_g13_c04.avi,Fencing,4.6,0.5411559805174432
v_Fencing_g14_c01.avi,Fencing,5.44,0.5411559805174432
v_Fencing_g14_c02.avi,Fencing,4.96,0.5411559805174432
v_Fencing_g14_c03.avi,Fencing,5.76,0.5411559805174432
v_Fencing_g14_c04.avi,Fencing,5.68,0.5411559805174432
v_Fencing_g15_c01.avi,Fencing,5.48,0.5411559805174432
v_Fencing_g15_c02.avi,Fencing,4.64,0.5411559805174432
v_Fencing_g15_c03.avi,Fencing,5.48,0.5411559805174432
v_Fencing_g15_c04.avi,Fencing,5.8,0.5411559805174432
v_Fencing_g16_c01.avi,Fencing,4.96,0.5411559805174432
v_Fencing_g16_c02.avi,Fencing,5.0,0.5411559805174432
v_Fencing_g16_c03.avi,Fencing,5.0,0.5411559805174432
v_Fencing_g16_c04.avi,Fencing,5.36,0.5411559805174432
v_Fencing_g17_c01.avi,Fencing,5.56,0.5411559805174432
v_Fencing_g17_c02.avi,Fencing,4.76,0.5411559805174432
v_Fencing_g17_c03.avi,Fencing,5.0,0.5411559805174432
v_Fencing_g17_c04.avi,Fencing,4.56,0.5411559805174432
v_Fencing_g18_c01.avi,Fencing,5.12,0.5411559805174432
v_Fencing_g18_c02.avi,Fencing,5.48,0.5411559805174432
v_Fencing_g18_c03.avi,Fencing,5.48,0.5411559805174432
v_Fencing_g18_c04.avi,Fencing,5.52,0.5411559805174432
v_Fencing_g19_c01.avi,Fencing,6.6,0.5411559805174432
v_Fencing_g19_c02.avi,Fencing,5.84,0.5411559805174432
v_Fencing_g19_c03.avi,Fencing,5.68,0.5411559805174432
v_Fencing_g19_c04.avi,Fencing,5.24,0.5411559805174432
v_Fencing_g20_c01.avi,Fencing,4.96,0.5411559805174432
v_Fencing_g20_c02.avi,Fencing,5.16,0.5411559805174432
v_Fencing_g20_c03.avi,Fencing,5.0,0.5411559805174432
v_Fencing_g20_c04.avi,Fencing,5.04,0.5411559805174432
v_Fencing_g21_c01.avi,Fencing,4.92,0.5411559805174432
v_Fencing_g21_c02.avi,Fencing,5.0,0.5411559805174432
v_Fencing_g21_c03.avi,Fencing,5.4,0.5411559805174432
v_Fencing_g21_c04.avi,Fencing,5.12,0.5411559805174432
v_Fencing_g22_c01.avi,Fencing,5.44,0.5411559805174432
v_Fencing_g22_c02.avi,Fencing,4.96,0.5411559805174432
v_Fencing_g22_c03.avi,Fencing,5.24,0.5411559805174432
v_Fencing_g22_c04.avi,Fencing,5.68,0.5411559805174432
v_Fencing_g23_c01.avi,Fencing,5.52,0.5411559805174432
v_Fencing_g23_c02.avi,Fencing,5.08,0.5411559805174432
v_Fencing_g23_c03.avi,Fencing,5.24,0.5411559805174432
v_Fencing_g23_c04.avi,Fencing,5.16,0.5411559805174432
v_Fencing_g24_c01.avi,Fencing,5.44,0.5411559805174432
v_Fencing_g24_c02.avi,Fencing,4.8,0.5411559805174432
v_Fencing_g24_c03.avi,Fencing,4.8,0.5411559805174432
v_Fencing_g24_c04.avi,Fencing,4.88,0.5411559805174432
v_Fencing_g25_c01.avi,Fencing,4.92,0.5411559805174432
v_Fencing_g25_c02.avi,Fencing,4.6,0.5411559805174432
v_Fencing_g25_c03.avi,Fencing,5.24,0.5411559805174432
v_Fencing_g25_c04.avi,Fencing,5.2,0.5411559805174432
v_FieldHockeyPenalty_g01_c01.avi,FieldHockeyPenalty,5.24,1.7639895043419542
v_FieldHockeyPenalty_g01_c02.avi,FieldHockeyPenalty,7.2,1.7639895043419542
v_FieldHockeyPenalty_g01_c03.avi,FieldHockeyPenalty,4.04,1.7639895043419542
v_FieldHockeyPenalty_g01_c04.avi,FieldHockeyPenalty,6.16,1.7639895043419542
v_FieldHockeyPenalty_g01_c05.avi,FieldHockeyPenalty,5.76,1.7639895043419542
v_FieldHockeyPenalty_g02_c01.avi,FieldHockeyPenalty,4.2,1.7639895043419542
v_FieldHockeyPenalty_g02_c02.avi,FieldHockeyPenalty,5.64,1.7639895043419542
v_FieldHockeyPenalty_g02_c03.avi,FieldHockeyPenalty,6.04,1.7639895043419542
v_FieldHockeyPenalty_g02_c04.avi,FieldHockeyPenalty,7.84,1.7639895043419542
v_FieldHockeyPenalty_g02_c05.avi,FieldHockeyPenalty,6.76,1.7639895043419542
v_FieldHockeyPenalty_g02_c06.avi,FieldHockeyPenalty,6.04,1.7639895043419542
v_FieldHockeyPenalty_g03_c01.avi,FieldHockeyPenalty,3.28,1.7639895043419542
v_FieldHockeyPenalty_g03_c02.avi,FieldHockeyPenalty,3.28,1.7639895043419542
v_FieldHockeyPenalty_g03_c03.avi,FieldHockeyPenalty,1.36,1.7639895043419542
v_FieldHockeyPenalty_g03_c04.avi,FieldHockeyPenalty,2.8,1.7639895043419542
v_FieldHockeyPenalty_g04_c01.avi,FieldHockeyPenalty,2.64,1.7639895043419542
v_FieldHockeyPenalty_g04_c02.avi,FieldHockeyPenalty,2.6,1.7639895043419542
v_FieldHockeyPenalty_g04_c03.avi,FieldHockeyPenalty,3.28,1.7639895043419542
v_FieldHockeyPenalty_g04_c04.avi,FieldHockeyPenalty,3.0,1.7639895043419542
v_FieldHockeyPenalty_g04_c05.avi,FieldHockeyPenalty,3.4,1.7639895043419542
v_FieldHockeyPenalty_g04_c06.avi,FieldHockeyPenalty,3.44,1.7639895043419542
v_FieldHockeyPenalty_g04_c07.avi,FieldHockeyPenalty,2.28,1.7639895043419542
v_FieldHockeyPenalty_g05_c01.avi,FieldHockeyPenalty,4.0,1.7639895043419542
v_FieldHockeyPenalty_g05_c02.avi,FieldHockeyPenalty,3.08,1.7639895043419542
v_FieldHockeyPenalty_g05_c03.avi,FieldHockeyPenalty,4.48,1.7639895043419542
v_FieldHockeyPenalty_g05_c04.avi,FieldHockeyPenalty,2.68,1.7639895043419542
v_FieldHockeyPenalty_g05_c05.avi,FieldHockeyPenalty,2.88,1.7639895043419542
v_FieldHockeyPenalty_g05_c06.avi,FieldHockeyPenalty,5.48,1.7639895043419542
v_FieldHockeyPenalty_g05_c07.avi,FieldHockeyPenalty,4.28,1.7639895043419542
v_FieldHockeyPenalty_g06_c01.avi,FieldHockeyPenalty,4.6,1.7639895043419542
v_FieldHockeyPenalty_g06_c02.avi,FieldHockeyPenalty,6.84,1.7639895043419542
v_FieldHockeyPenalty_g06_c03.avi,FieldHockeyPenalty,6.8,1.7639895043419542
v_FieldHockeyPenalty_g06_c04.avi,FieldHockeyPenalty,5.92,1.7639895043419542
v_FieldHockeyPenalty_g06_c05.avi,FieldHockeyPenalty,5.12,1.7639895043419542
v_FieldHockeyPenalty_g06_c06.avi,FieldHockeyPenalty,5.24,1.7639895043419542
v_FieldHockeyPenalty_g06_c07.avi,FieldHockeyPenalty,5.6,1.7639895043419542
v_FieldHockeyPenalty_g07_c01.avi,FieldHockeyPenalty,2.88,1.7639895043419542
v_FieldHockeyPenalty_g07_c02.avi,FieldHockeyPenalty,3.24,1.7639895043419542
v_FieldHockeyPenalty_g07_c03.avi,FieldHockeyPenalty,4.56,1.7639895043419542
v_FieldHockeyPenalty_g07_c04.avi,FieldHockeyPenalty,2.12,1.7639895043419542
v_FieldHockeyPenalty_g08_c01.avi,FieldHockeyPenalty,4.8,1.7639895043419542
v_FieldHockeyPenalty_g08_c02.avi,FieldHockeyPenalty,6.32,1.7639895043419542
v_FieldHockeyPenalty_g08_c03.avi,FieldHockeyPenalty,3.04,1.7639895043419542
v_FieldHockeyPenalty_g08_c04.avi,FieldHockeyPenalty,2.52,1.7639895043419542
v_FieldHockeyPenalty_g09_c01.avi,FieldHockeyPenalty,6.48,1.7639895043419542
v_FieldHockeyPenalty_g09_c02.avi,FieldHockeyPenalty,8.04,1.7639895043419542
v_FieldHockeyPenalty_g09_c03.avi,FieldHockeyPenalty,6.76,1.7639895043419542
v_FieldHockeyPenalty_g09_c04.avi,FieldHockeyPenalty,6.36,1.7639895043419542
v_FieldHockeyPenalty_g09_c05.avi,FieldHockeyPenalty,5.88,1.7639895043419542
v_FieldHockeyPenalty_g10_c01.avi,FieldHockeyPenalty,7.44,1.7639895043419542
v_FieldHockeyPenalty_g10_c02.avi,FieldHockeyPenalty,8.12,1.7639895043419542
v_FieldHockeyPenalty_g10_c03.avi,FieldHockeyPenalty,6.28,1.7639895043419542
v_FieldHockeyPenalty_g10_c04.avi,FieldHockeyPenalty,6.72,1.7639895043419542
v_FieldHockeyPenalty_g10_c05.avi,FieldHockeyPenalty,7.12,1.7639895043419542
v_FieldHockeyPenalty_g10_c06.avi,FieldHockeyPenalty,5.64,1.7639895043419542
v_FieldHockeyPenalty_g10_c07.avi,FieldHockeyPenalty,5.88,1.7639895043419542
v_FieldHockeyPenalty_g11_c01.avi,FieldHockeyPenalty,4.84,1.7639895043419542
v_FieldHockeyPenalty_g11_c02.avi,FieldHockeyPenalty,3.12,1.7639895043419542
v_FieldHockeyPenalty_g11_c03.avi,FieldHockeyPenalty,5.52,1.7639895043419542
v_FieldHockeyPenalty_g11_c04.avi,FieldHockeyPenalty,8.68,1.7639895043419542
v_FieldHockeyPenalty_g12_c01.avi,FieldHockeyPenalty,4.84,1.7639895043419542
v_FieldHockeyPenalty_g12_c02.avi,FieldHockeyPenalty,6.6,1.7639895043419542
v_FieldHockeyPenalty_g12_c03.avi,FieldHockeyPenalty,9.8,1.7639895043419542
v_FieldHockeyPenalty_g12_c04.avi,FieldHockeyPenalty,8.08,1.7639895043419542
v_FieldHockeyPenalty_g12_c05.avi,FieldHockeyPenalty,5.72,1.7639895043419542
v_FieldHockeyPenalty_g12_c06.avi,FieldHockeyPenalty,4.8,1.7639895043419542
v_FieldHockeyPenalty_g13_c01.avi,FieldHockeyPenalty,5.04,1.7639895043419542
v_FieldHockeyPenalty_g13_c02.avi,FieldHockeyPenalty,5.6,1.7639895043419542
v_FieldHockeyPenalty_g13_c03.avi,FieldHockeyPenalty,7.24,1.7639895043419542
v_FieldHockeyPenalty_g13_c04.avi,FieldHockeyPenalty,4.04,1.7639895043419542
v_FieldHockeyPenalty_g14_c01.avi,FieldHockeyPenalty,6.0,1.7639895043419542
v_FieldHockeyPenalty_g14_c02.avi,FieldHockeyPenalty,6.8,1.7639895043419542
v_FieldHockeyPenalty_g14_c03.avi,FieldHockeyPenalty,5.6,1.7639895043419542
v_FieldHockeyPenalty_g14_c04.avi,FieldHockeyPenalty,11.44,1.7639895043419542
v_FieldHockeyPenalty_g14_c05.avi,FieldHockeyPenalty,4.4,1.7639895043419542
v_FieldHockeyPenalty_g14_c06.avi,FieldHockeyPenalty,5.8,1.7639895043419542
v_FieldHockeyPenalty_g14_c07.avi,FieldHockeyPenalty,6.0,1.7639895043419542
v_FieldHockeyPenalty_g15_c01.avi,FieldHockeyPenalty,3.72,1.7639895043419542
v_FieldHockeyPenalty_g15_c02.avi,FieldHockeyPenalty,3.88,1.7639895043419542
v_FieldHockeyPenalty_g15_c03.avi,FieldHockeyPenalty,3.2,1.7639895043419542
v_FieldHockeyPenalty_g15_c04.avi,FieldHockeyPenalty,2.84,1.7639895043419542
v_FieldHockeyPenalty_g15_c05.avi,FieldHockeyPenalty,2.6,1.7639895043419542
v_FieldHockeyPenalty_g15_c06.avi,FieldHockeyPenalty,4.8,1.7639895043419542
v_FieldHockeyPenalty_g16_c01.avi,FieldHockeyPenalty,7.44,1.7639895043419542
v_FieldHockeyPenalty_g16_c02.avi,FieldHockeyPenalty,3.84,1.7639895043419542
v_FieldHockeyPenalty_g16_c03.avi,FieldHockeyPenalty,3.2,1.7639895043419542
v_FieldHockeyPenalty_g16_c04.avi,FieldHockeyPenalty,3.84,1.7639895043419542
v_FieldHockeyPenalty_g17_c01.avi,FieldHockeyPenalty,4.16,1.7639895043419542
v_FieldHockeyPenalty_g17_c02.avi,FieldHockeyPenalty,2.48,1.7639895043419542
v_FieldHockeyPenalty_g17_c03.avi,FieldHockeyPenalty,1.92,1.7639895043419542
v_FieldHockeyPenalty_g17_c04.avi,FieldHockeyPenalty,3.32,1.7639895043419542
v_FieldHockeyPenalty_g18_c01.avi,FieldHockeyPenalty,2.48,1.7639895043419542
v_FieldHockeyPenalty_g18_c02.avi,FieldHockeyPenalty,3.44,1.7639895043419542
v_FieldHockeyPenalty_g18_c03.avi,FieldHockeyPenalty,4.04,1.7639895043419542
v_FieldHockeyPenalty_g18_c04.avi,FieldHockeyPenalty,3.8,1.7639895043419542
v_FieldHockeyPenalty_g19_c01.avi,FieldHockeyPenalty,3.44,1.7639895043419542
v_FieldHockeyPenalty_g19_c02.avi,FieldHockeyPenalty,5.08,1.7639895043419542
v_FieldHockeyPenalty_g19_c03.avi,FieldHockeyPenalty,3.96,1.7639895043419542
v_FieldHockeyPenalty_g19_c04.avi,FieldHockeyPenalty,3.04,1.7639895043419542
v_FieldHockeyPenalty_g20_c01.avi,FieldHockeyPenalty,4.04,1.7639895043419542
v_FieldHockeyPenalty_g20_c02.avi,FieldHockeyPenalty,3.96,1.7639895043419542
v_FieldHockeyPenalty_g20_c03.avi,FieldHockeyPenalty,4.56,1.7639895043419542
v_FieldHockeyPenalty_g20_c04.avi,FieldHockeyPenalty,4.04,1.7639895043419542
v_FieldHockeyPenalty_g21_c01.avi,FieldHockeyPenalty,3.88,1.7639895043419542
v_FieldHockeyPenalty_g21_c02.avi,FieldHockeyPenalty,3.96,1.7639895043419542
v_FieldHockeyPenalty_g21_c03.avi,FieldHockeyPenalty,4.88,1.7639895043419542
v_FieldHockeyPenalty_g21_c04.avi,FieldHockeyPenalty,3.48,1.7639895043419542
v_FieldHockeyPenalty_g22_c01.avi,FieldHockeyPenalty,3.36,1.7639895043419542
v_FieldHockeyPenalty_g22_c02.avi,FieldHockeyPenalty,4.4,1.7639895043419542
v_FieldHockeyPenalty_g22_c03.avi,FieldHockeyPenalty,3.48,1.7639895043419542
v_FieldHockeyPenalty_g22_c04.avi,FieldHockeyPenalty,5.08,1.7639895043419542
v_FieldHockeyPenalty_g23_c01.avi,FieldHockeyPenalty,3.12,1.7639895043419542
v_FieldHockeyPenalty_g23_c02.avi,FieldHockeyPenalty,2.72,1.7639895043419542
v_FieldHockeyPenalty_g23_c03.avi,FieldHockeyPenalty,2.84,1.7639895043419542
v_FieldHockeyPenalty_g23_c04.avi,FieldHockeyPenalty,3.36,1.7639895043419542
v_FieldHockeyPenalty_g24_c01.avi,FieldHockeyPenalty,4.56,1.7639895043419542
v_FieldHockeyPenalty_g24_c02.avi,FieldHockeyPenalty,3.68,1.7639895043419542
v_FieldHockeyPenalty_g24_c03.avi,FieldHockeyPenalty,4.2,1.7639895043419542
v_FieldHockeyPenalty_g24_c04.avi,FieldHockeyPenalty,5.96,1.7639895043419542
v_FieldHockeyPenalty_g24_c05.avi,FieldHockeyPenalty,3.56,1.7639895043419542
v_FieldHockeyPenalty_g25_c01.avi,FieldHockeyPenalty,3.12,1.7639895043419542
v_FieldHockeyPenalty_g25_c02.avi,FieldHockeyPenalty,6.64,1.7639895043419542
v_FieldHockeyPenalty_g25_c03.avi,FieldHockeyPenalty,4.92,1.7639895043419542
v_FieldHockeyPenalty_g25_c04.avi,FieldHockeyPenalty,2.28,1.7639895043419542
v_FieldHockeyPenalty_g25_c05.avi,FieldHockeyPenalty,3.0,1.7639895043419542
v_FieldHockeyPenalty_g25_c06.avi,FieldHockeyPenalty,3.0,1.7639895043419542
v_FloorGymnastics_g01_c01.avi,FloorGymnastics,3.88,1.1913172324729873
v_FloorGymnastics_g01_c02.avi,FloorGymnastics,7.76,1.1913172324729873
v_FloorGymnastics_g01_c03.avi,FloorGymnastics,7.44,1.1913172324729873
v_FloorGymnastics_g01_c04.avi,FloorGymnastics,5.44,1.1913172324729873
v_FloorGymnastics_g01_c05.avi,FloorGymnastics,5.2,1.1913172324729873
v_FloorGymnastics_g02_c01.avi,FloorGymnastics,5.48,1.1913172324729873
v_FloorGymnastics_g02_c02.avi,FloorGymnastics,5.8,1.1913172324729873
v_FloorGymnastics_g02_c03.avi,FloorGymnastics,4.76,1.1913172324729873
v_FloorGymnastics_g02_c04.avi,FloorGymnastics,5.0,1.1913172324729873
v_FloorGymnastics_g03_c01.avi,FloorGymnastics,5.64,1.1913172324729873
v_FloorGymnastics_g03_c02.avi,FloorGymnastics,5.72,1.1913172324729873
v_FloorGymnastics_g03_c03.avi,FloorGymnastics,6.12,1.1913172324729873
v_FloorGymnastics_g03_c04.avi,FloorGymnastics,6.44,1.1913172324729873
v_FloorGymnastics_g04_c01.avi,FloorGymnastics,3.8,1.1913172324729873
v_FloorGymnastics_g04_c02.avi,FloorGymnastics,3.92,1.1913172324729873
v_FloorGymnastics_g04_c03.avi,FloorGymnastics,10.84,1.1913172324729873
v_FloorGymnastics_g04_c04.avi,FloorGymnastics,5.56,1.1913172324729873
v_FloorGymnastics_g04_c05.avi,FloorGymnastics,6.52,1.1913172324729873
v_FloorGymnastics_g05_c01.avi,FloorGymnastics,7.2,1.1913172324729873
v_FloorGymnastics_g05_c02.avi,FloorGymnastics,8.44,1.1913172324729873
v_FloorGymnastics_g05_c03.avi,FloorGymnastics,6.48,1.1913172324729873
v_FloorGymnastics_g05_c04.avi,FloorGymnastics,4.6,1.1913172324729873
v_FloorGymnastics_g06_c01.avi,FloorGymnastics,6.2,1.1913172324729873
v_FloorGymnastics_g06_c02.avi,FloorGymnastics,7.28,1.1913172324729873
v_FloorGymnastics_g06_c03.avi,FloorGymnastics,7.36,1.1913172324729873
v_FloorGymnastics_g06_c04.avi,FloorGymnastics,7.08,1.1913172324729873
v_FloorGymnastics_g06_c05.avi,FloorGymnastics,7.0,1.1913172324729873
v_FloorGymnastics_g06_c06.avi,FloorGymnastics,7.84,1.1913172324729873
v_FloorGymnastics_g06_c07.avi,FloorGymnastics,7.84,1.1913172324729873
v_FloorGymnastics_g07_c01.avi,FloorGymnastics,5.68,1.1913172324729873
v_FloorGymnastics_g07_c02.avi,FloorGymnastics,5.04,1.1913172324729873
v_FloorGymnastics_g07_c03.avi,FloorGymnastics,4.88,1.1913172324729873
v_FloorGymnastics_g07_c04.avi,FloorGymnastics,5.32,1.1913172324729873
v_FloorGymnastics_g07_c05.avi,FloorGymnastics,6.96,1.1913172324729873
v_FloorGymnastics_g07_c06.avi,FloorGymnastics,4.52,1.1913172324729873
v_FloorGymnastics_g07_c07.avi,FloorGymnastics,5.48,1.1913172324729873
v_FloorGymnastics_g08_c01.avi,FloorGymnastics,4.96,1.1913172324729873
v_FloorGymnastics_g08_c02.avi,FloorGymnastics,5.88,1.1913172324729873
v_FloorGymnastics_g08_c03.avi,FloorGymnastics,6.4,1.1913172324729873
v_FloorGymnastics_g08_c04.avi,FloorGymnastics,7.28,1.1913172324729873
v_FloorGymnastics_g09_c01.avi,FloorGymnastics,6.28,1.1913172324729873
v_FloorGymnastics_g09_c02.avi,FloorGymnastics,5.2,1.1913172324729873
v_FloorGymnastics_g09_c03.avi,FloorGymnastics,6.12,1.1913172324729873
v_FloorGymnastics_g09_c04.avi,FloorGymnastics,5.68,1.1913172324729873
v_FloorGymnastics_g09_c05.avi,FloorGymnastics,5.52,1.1913172324729873
v_FloorGymnastics_g09_c06.avi,FloorGymnastics,6.32,1.1913172324729873
v_FloorGymnastics_g09_c07.avi,FloorGymnastics,5.96,1.1913172324729873
v_FloorGymnastics_g10_c01.avi,FloorGymnastics,7.96,1.1913172324729873
v_FloorGymnastics_g10_c02.avi,FloorGymnastics,6.16,1.1913172324729873
v_FloorGymnastics_g10_c03.avi,FloorGymnastics,6.28,1.1913172324729873
v_FloorGymnastics_g10_c04.avi,FloorGymnastics,5.48,1.1913172324729873
v_FloorGymnastics_g10_c05.avi,FloorGymnastics,5.04,1.1913172324729873
v_FloorGymnastics_g11_c01.avi,FloorGymnastics,5.6,1.1913172324729873
v_FloorGymnastics_g11_c02.avi,FloorGymnastics,5.8,1.1913172324729873
v_FloorGymnastics_g11_c03.avi,FloorGymnastics,7.2,1.1913172324729873
v_FloorGymnastics_g11_c04.avi,FloorGymnastics,7.24,1.1913172324729873
v_FloorGymnastics_g12_c01.avi,FloorGymnastics,5.28,1.1913172324729873
v_FloorGymnastics_g12_c02.avi,FloorGymnastics,5.56,1.1913172324729873
v_FloorGymnastics_g12_c03.avi,FloorGymnastics,5.72,1.1913172324729873
v_FloorGymnastics_g12_c04.avi,FloorGymnastics,6.12,1.1913172324729873
v_FloorGymnastics_g12_c05.avi,FloorGymnastics,7.64,1.1913172324729873
v_FloorGymnastics_g12_c06.avi,FloorGymnastics,6.8,1.1913172324729873
v_FloorGymnastics_g13_c01.avi,FloorGymnastics,5.44,1.1913172324729873
v_FloorGymnastics_g13_c02.avi,FloorGymnastics,4.52,1.1913172324729873
v_FloorGymnastics_g13_c03.avi,FloorGymnastics,3.52,1.1913172324729873
v_FloorGymnastics_g13_c04.avi,FloorGymnastics,4.96,1.1913172324729873
v_FloorGymnastics_g14_c01.avi,FloorGymnastics,5.64,1.1913172324729873
v_FloorGymnastics_g14_c02.avi,FloorGymnastics,6.64,1.1913172324729873
v_FloorGymnastics_g14_c03.avi,FloorGymnastics,4.68,1.1913172324729873
v_FloorGymnastics_g14_c04.avi,FloorGymnastics,6.64,1.1913172324729873
v_FloorGymnastics_g14_c05.avi,FloorGymnastics,6.92,1.1913172324729873
v_FloorGymnastics_g15_c01.avi,FloorGymnastics,6.08,1.1913172324729873
v_FloorGymnastics_g15_c02.avi,FloorGymnastics,7.88,1.1913172324729873
v_FloorGymnastics_g15_c03.avi,FloorGymnastics,6.52,1.1913172324729873
v_FloorGymnastics_g15_c04.avi,FloorGymnastics,6.0,1.1913172324729873
v_FloorGymnastics_g15_c05.avi,FloorGymnastics,6.44,1.1913172324729873
v_FloorGymnastics_g15_c06.avi,FloorGymnastics,6.64,1.1913172324729873
v_FloorGymnastics_g16_c01.avi,FloorGymnastics,7.08,1.1913172324729873
v_FloorGymnastics_g16_c02.avi,FloorGymnastics,7.2,1.1913172324729873
v_FloorGymnastics_g16_c03.avi,FloorGymnastics,5.76,1.1913172324729873
v_FloorGymnastics_g16_c04.avi,FloorGymnastics,6.6,1.1913172324729873
v_FloorGymnastics_g17_c01.avi,FloorGymnastics,7.0,1.1913172324729873
v_FloorGymnastics_g17_c02.avi,FloorGymnastics,7.0,1.1913172324729873
v_FloorGymnastics_g17_c03.avi,FloorGymnastics,6.0,1.1913172324729873
v_FloorGymnastics_g17_c04.avi,FloorGymnastics,6.6,1.1913172324729873
v_FloorGymnastics_g17_c05.avi,FloorGymnastics,7.0,1.1913172324729873
v_FloorGymnastics_g17_c06.avi,FloorGymnastics,6.0,1.1913172324729873
v_FloorGymnastics_g18_c01.avi,FloorGymnastics,8.88,1.1913172324729873
v_FloorGymnastics_g18_c02.avi,FloorGymnastics,5.6,1.1913172324729873
v_FloorGymnastics_g18_c03.avi,FloorGymnastics,8.84,1.1913172324729873
v_FloorGymnastics_g18_c04.avi,FloorGymnastics,7.12,1.1913172324729873
v_FloorGymnastics_g18_c05.avi,FloorGymnastics,4.56,1.1913172324729873
v_FloorGymnastics_g18_c06.avi,FloorGymnastics,6.24,1.1913172324729873
v_FloorGymnastics_g18_c07.avi,FloorGymnastics,4.2,1.1913172324729873
v_FloorGymnastics_g19_c01.avi,FloorGymnastics,5.56,1.1913172324729873
v_FloorGymnastics_g19_c02.avi,FloorGymnastics,3.96,1.1913172324729873
v_FloorGymnastics_g19_c03.avi,FloorGymnastics,6.92,1.1913172324729873
v_FloorGymnastics_g19_c04.avi,FloorGymnastics,4.8,1.1913172324729873
v_FloorGymnastics_g20_c01.avi,FloorGymnastics,5.4,1.1913172324729873
v_FloorGymnastics_g20_c02.avi,FloorGymnastics,6.84,1.1913172324729873
v_FloorGymnastics_g20_c03.avi,FloorGymnastics,5.88,1.1913172324729873
v_FloorGymnastics_g20_c04.avi,FloorGymnastics,5.52,1.1913172324729873
v_FloorGymnastics_g20_c05.avi,FloorGymnastics,4.72,1.1913172324729873
v_FloorGymnastics_g21_c01.avi,FloorGymnastics,5.44,1.1913172324729873
v_FloorGymnastics_g21_c02.avi,FloorGymnastics,4.56,1.1913172324729873
v_FloorGymnastics_g21_c03.avi,FloorGymnastics,7.24,1.1913172324729873
v_FloorGymnastics_g21_c04.avi,FloorGymnastics,7.88,1.1913172324729873
v_FloorGymnastics_g21_c05.avi,FloorGymnastics,6.72,1.1913172324729873
v_FloorGymnastics_g22_c01.avi,FloorGymnastics,4.08,1.1913172324729873
v_FloorGymnastics_g22_c02.avi,FloorGymnastics,6.52,1.1913172324729873
v_FloorGymnastics_g22_c03.avi,FloorGymnastics,6.0,1.1913172324729873
v_FloorGymnastics_g22_c04.avi,FloorGymnastics,5.16,1.1913172324729873
v_FloorGymnastics_g23_c01.avi,FloorGymnastics,5.6,1.1913172324729873
v_FloorGymnastics_g23_c02.avi,FloorGymnastics,4.8,1.1913172324729873
v_FloorGymnastics_g23_c03.avi,FloorGymnastics,5.96,1.1913172324729873
v_FloorGymnastics_g23_c04.avi,FloorGymnastics,5.76,1.1913172324729873
v_FloorGymnastics_g24_c01.avi,FloorGymnastics,7.0,1.1913172324729873
v_FloorGymnastics_g24_c02.avi,FloorGymnastics,3.96,1.1913172324729873
v_FloorGymnastics_g24_c03.avi,FloorGymnastics,3.68,1.1913172324729873
v_FloorGymnastics_g24_c04.avi,FloorGymnastics,4.64,1.1913172324729873
v_FloorGymnastics_g25_c01.avi,FloorGymnastics,6.72,1.1913172324729873
v_FloorGymnastics_g25_c02.avi,FloorGymnastics,5.84,1.1913172324729873
v_FloorGymnastics_g25_c03.avi,FloorGymnastics,5.56,1.1913172324729873
v_FloorGymnastics_g25_c04.avi,FloorGymnastics,6.6,1.1913172324729873
v_FloorGymnastics_g25_c05.avi,FloorGymnastics,5.96,1.1913172324729873
v_FrisbeeCatch_g01_c01.avi,FrisbeeCatch,4.12,0.9522137681831013
v_FrisbeeCatch_g01_c02.avi,FrisbeeCatch,2.56,0.9522137681831013
v_FrisbeeCatch_g01_c03.avi,FrisbeeCatch,4.0,0.9522137681831013
v_FrisbeeCatch_g01_c04.avi,FrisbeeCatch,3.64,0.9522137681831013
v_FrisbeeCatch_g01_c05.avi,FrisbeeCatch,3.4,0.9522137681831013
v_FrisbeeCatch_g01_c06.avi,FrisbeeCatch,4.08,0.9522137681831013
v_FrisbeeCatch_g02_c01.avi,FrisbeeCatch,4.32,0.9522137681831013
v_FrisbeeCatch_g02_c02.avi,FrisbeeCatch,3.44,0.9522137681831013
v_FrisbeeCatch_g02_c03.avi,FrisbeeCatch,3.96,0.9522137681831013
v_FrisbeeCatch_g02_c04.avi,FrisbeeCatch,4.24,0.9522137681831013
v_FrisbeeCatch_g02_c05.avi,FrisbeeCatch,3.6,0.9522137681831013
v_FrisbeeCatch_g03_c01.avi,FrisbeeCatch,2.76,0.9522137681831013
v_FrisbeeCatch_g03_c02.avi,FrisbeeCatch,3.96,0.9522137681831013
v_FrisbeeCatch_g03_c03.avi,FrisbeeCatch,2.28,0.9522137681831013
v_FrisbeeCatch_g03_c04.avi,FrisbeeCatch,3.8,0.9522137681831013
v_FrisbeeCatch_g03_c05.avi,FrisbeeCatch,2.28,0.9522137681831013
v_FrisbeeCatch_g04_c01.avi,FrisbeeCatch,3.08,0.9522137681831013
v_FrisbeeCatch_g04_c02.avi,FrisbeeCatch,2.76,0.9522137681831013
v_FrisbeeCatch_g04_c03.avi,FrisbeeCatch,2.72,0.9522137681831013
v_FrisbeeCatch_g04_c04.avi,FrisbeeCatch,2.52,0.9522137681831013
v_FrisbeeCatch_g04_c05.avi,FrisbeeCatch,3.32,0.9522137681831013
v_FrisbeeCatch_g05_c01.avi,FrisbeeCatch,2.8,0.9522137681831013
v_FrisbeeCatch_g05_c02.avi,FrisbeeCatch,3.56,0.9522137681831013
v_FrisbeeCatch_g05_c03.avi,FrisbeeCatch,2.28,0.9522137681831013
v_FrisbeeCatch_g05_c04.avi,FrisbeeCatch,2.84,0.9522137681831013
v_FrisbeeCatch_g05_c05.avi,FrisbeeCatch,2.96,0.9522137681831013
v_FrisbeeCatch_g06_c01.avi,FrisbeeCatch,2.96,0.9522137681831013
v_FrisbeeCatch_g06_c02.avi,FrisbeeCatch,4.04,0.9522137681831013
v_FrisbeeCatch_g06_c03.avi,FrisbeeCatch,3.4,0.9522137681831013
v_FrisbeeCatch_g06_c04.avi,FrisbeeCatch,4.44,0.9522137681831013
v_FrisbeeCatch_g06_c05.avi,FrisbeeCatch,3.6,0.9522137681831013
v_FrisbeeCatch_g07_c01.avi,FrisbeeCatch,4.44,0.9522137681831013
v_FrisbeeCatch_g07_c02.avi,FrisbeeCatch,4.84,0.9522137681831013
v_FrisbeeCatch_g07_c03.avi,FrisbeeCatch,5.6,0.9522137681831013
v_FrisbeeCatch_g07_c04.avi,FrisbeeCatch,2.64,0.9522137681831013
v_FrisbeeCatch_g07_c05.avi,FrisbeeCatch,3.16,0.9522137681831013
v_FrisbeeCatch_g07_c06.avi,FrisbeeCatch,5.04,0.9522137681831013
v_FrisbeeCatch_g08_c01.avi,FrisbeeCatch,2.96,0.9522137681831013
v_FrisbeeCatch_g08_c02.avi,FrisbeeCatch,3.08,0.9522137681831013
v_FrisbeeCatch_g08_c03.avi,FrisbeeCatch,3.16,0.9522137681831013
v_FrisbeeCatch_g08_c04.avi,FrisbeeCatch,5.36,0.9522137681831013
v_FrisbeeCatch_g08_c05.avi,FrisbeeCatch,4.64,0.9522137681831013
v_FrisbeeCatch_g09_c01.avi,FrisbeeCatch,2.88,0.9522137681831013
v_FrisbeeCatch_g09_c02.avi,FrisbeeCatch,2.88,0.9522137681831013
v_FrisbeeCatch_g09_c03.avi,FrisbeeCatch,2.76,0.9522137681831013
v_FrisbeeCatch_g09_c04.avi,FrisbeeCatch,2.64,0.9522137681831013
v_FrisbeeCatch_g09_c05.avi,FrisbeeCatch,3.0,0.9522137681831013
v_FrisbeeCatch_g10_c01.avi,FrisbeeCatch,5.44,0.9522137681831013
v_FrisbeeCatch_g10_c02.avi,FrisbeeCatch,3.72,0.9522137681831013
v_FrisbeeCatch_g10_c03.avi,FrisbeeCatch,5.52,0.9522137681831013
v_FrisbeeCatch_g10_c04.avi,FrisbeeCatch,2.8,0.9522137681831013
v_FrisbeeCatch_g10_c05.avi,FrisbeeCatch,3.0,0.9522137681831013
v_FrisbeeCatch_g10_c06.avi,FrisbeeCatch,3.72,0.9522137681831013
v_FrisbeeCatch_g11_c01.avi,FrisbeeCatch,2.84,0.9522137681831013
v_FrisbeeCatch_g11_c02.avi,FrisbeeCatch,4.2,0.9522137681831013
v_FrisbeeCatch_g11_c03.avi,FrisbeeCatch,3.24,0.9522137681831013
v_FrisbeeCatch_g11_c04.avi,FrisbeeCatch,3.36,0.9522137681831013
v_FrisbeeCatch_g12_c01.avi,FrisbeeCatch,2.72,0.9522137681831013
v_FrisbeeCatch_g12_c02.avi,FrisbeeCatch,2.88,0.9522137681831013
v_FrisbeeCatch_g12_c03.avi,FrisbeeCatch,3.24,0.9522137681831013
v_FrisbeeCatch_g12_c04.avi,FrisbeeCatch,3.08,0.9522137681831013
v_FrisbeeCatch_g12_c05.avi,FrisbeeCatch,2.88,0.9522137681831013
v_FrisbeeCatch_g13_c01.avi,FrisbeeCatch,4.48,0.9522137681831013
v_FrisbeeCatch_g13_c02.avi,FrisbeeCatch,2.92,0.9522137681831013
v_FrisbeeCatch_g13_c03.avi,FrisbeeCatch,4.4,0.9522137681831013
v_FrisbeeCatch_g13_c04.avi,FrisbeeCatch,2.84,0.9522137681831013
v_FrisbeeCatch_g14_c01.avi,FrisbeeCatch,5.08,0.9522137681831013
v_FrisbeeCatch_g14_c02.avi,FrisbeeCatch,2.6,0.9522137681831013
v_FrisbeeCatch_g14_c03.avi,FrisbeeCatch,3.44,0.9522137681831013
v_FrisbeeCatch_g14_c04.avi,FrisbeeCatch,2.64,0.9522137681831013
v_FrisbeeCatch_g14_c05.avi,FrisbeeCatch,2.84,0.9522137681831013
v_FrisbeeCatch_g15_c01.avi,FrisbeeCatch,3.44,0.9522137681831013
v_FrisbeeCatch_g15_c02.avi,FrisbeeCatch,4.92,0.9522137681831013
v_FrisbeeCatch_g15_c03.avi,FrisbeeCatch,3.12,0.9522137681831013
v_FrisbeeCatch_g15_c04.avi,FrisbeeCatch,3.28,0.9522137681831013
v_FrisbeeCatch_g16_c01.avi,FrisbeeCatch,3.64,0.9522137681831013
v_FrisbeeCatch_g16_c02.avi,FrisbeeCatch,3.6,0.9522137681831013
v_FrisbeeCatch_g16_c03.avi,FrisbeeCatch,4.04,0.9522137681831013
v_FrisbeeCatch_g16_c04.avi,FrisbeeCatch,4.8,0.9522137681831013
v_FrisbeeCatch_g16_c05.avi,FrisbeeCatch,2.72,0.9522137681831013
v_FrisbeeCatch_g16_c06.avi,FrisbeeCatch,4.72,0.9522137681831013
v_FrisbeeCatch_g17_c01.avi,FrisbeeCatch,5.4,0.9522137681831013
v_FrisbeeCatch_g17_c02.avi,FrisbeeCatch,4.28,0.9522137681831013
v_FrisbeeCatch_g17_c03.avi,FrisbeeCatch,6.08,0.9522137681831013
v_FrisbeeCatch_g17_c04.avi,FrisbeeCatch,5.84,0.9522137681831013
v_FrisbeeCatch_g17_c05.avi,FrisbeeCatch,5.16,0.9522137681831013
v_FrisbeeCatch_g18_c01.avi,FrisbeeCatch,4.36,0.9522137681831013
v_FrisbeeCatch_g18_c02.avi,FrisbeeCatch,5.44,0.9522137681831013
v_FrisbeeCatch_g18_c03.avi,FrisbeeCatch,3.76,0.9522137681831013
v_FrisbeeCatch_g18_c04.avi,FrisbeeCatch,2.96,0.9522137681831013
v_FrisbeeCatch_g18_c05.avi,FrisbeeCatch,4.0,0.9522137681831013
v_FrisbeeCatch_g19_c01.avi,FrisbeeCatch,2.92,0.9522137681831013
v_FrisbeeCatch_g19_c02.avi,FrisbeeCatch,3.84,0.9522137681831013
v_FrisbeeCatch_g19_c03.avi,FrisbeeCatch,3.92,0.9522137681831013
v_FrisbeeCatch_g19_c04.avi,FrisbeeCatch,3.72,0.9522137681831013
v_FrisbeeCatch_g19_c05.avi,FrisbeeCatch,6.04,0.9522137681831013
v_FrisbeeCatch_g19_c06.avi,FrisbeeCatch,5.24,0.9522137681831013
v_FrisbeeCatch_g20_c01.avi,FrisbeeCatch,3.04,0.9522137681831013
v_FrisbeeCatch_g20_c02.avi,FrisbeeCatch,4.44,0.9522137681831013
v_FrisbeeCatch_g20_c03.avi,FrisbeeCatch,3.0,0.9522137681831013
v_FrisbeeCatch_g20_c04.avi,FrisbeeCatch,5.24,0.9522137681831013
v_FrisbeeCatch_g20_c05.avi,FrisbeeCatch,3.44,0.9522137681831013
v_FrisbeeCatch_g20_c06.avi,FrisbeeCatch,3.88,0.9522137681831013
v_FrisbeeCatch_g21_c01.avi,FrisbeeCatch,5.76,0.9522137681831013
v_FrisbeeCatch_g21_c02.avi,FrisbeeCatch,4.36,0.9522137681831013
v_FrisbeeCatch_g21_c03.avi,FrisbeeCatch,5.52,0.9522137681831013
v_FrisbeeCatch_g21_c04.avi,FrisbeeCatch,3.28,0.9522137681831013
v_FrisbeeCatch_g21_c05.avi,FrisbeeCatch,3.52,0.9522137681831013
v_FrisbeeCatch_g22_c01.avi,FrisbeeCatch,6.12,0.9522137681831013
v_FrisbeeCatch_g22_c02.avi,FrisbeeCatch,4.4,0.9522137681831013
v_FrisbeeCatch_g22_c03.avi,FrisbeeCatch,3.44,0.9522137681831013
v_FrisbeeCatch_g22_c04.avi,FrisbeeCatch,3.44,0.9522137681831013
v_FrisbeeCatch_g22_c05.avi,FrisbeeCatch,3.96,0.9522137681831013
v_FrisbeeCatch_g22_c06.avi,FrisbeeCatch,3.28,0.9522137681831013
v_FrisbeeCatch_g23_c01.avi,FrisbeeCatch,4.32,0.9522137681831013
v_FrisbeeCatch_g23_c02.avi,FrisbeeCatch,3.88,0.9522137681831013
v_FrisbeeCatch_g23_c03.avi,FrisbeeCatch,3.88,0.9522137681831013
v_FrisbeeCatch_g23_c04.avi,FrisbeeCatch,3.8,0.9522137681831013
v_FrisbeeCatch_g24_c01.avi,FrisbeeCatch,4.52,0.9522137681831013
v_FrisbeeCatch_g24_c02.avi,FrisbeeCatch,3.2,0.9522137681831013
v_FrisbeeCatch_g24_c03.avi,FrisbeeCatch,3.16,0.9522137681831013
v_FrisbeeCatch_g24_c04.avi,FrisbeeCatch,4.64,0.9522137681831013
v_FrisbeeCatch_g25_c01.avi,FrisbeeCatch,4.44,0.9522137681831013
v_FrisbeeCatch_g25_c02.avi,FrisbeeCatch,3.64,0.9522137681831013
v_FrisbeeCatch_g25_c03.avi,FrisbeeCatch,5.84,0.9522137681831013
v_FrisbeeCatch_g25_c04.avi,FrisbeeCatch,4.52,0.9522137681831013
v_FrontCrawl_g01_c01.avi,FrontCrawl,5.52,3.152506673341322
v_FrontCrawl_g01_c02.avi,FrontCrawl,5.56,3.152506673341322
v_FrontCrawl_g01_c03.avi,FrontCrawl,5.32,3.152506673341322
v_FrontCrawl_g01_c04.avi,FrontCrawl,6.04,3.152506673341322
v_FrontCrawl_g02_c01.avi,FrontCrawl,3.96,3.152506673341322
v_FrontCrawl_g02_c02.avi,FrontCrawl,3.56,3.152506673341322
v_FrontCrawl_g02_c03.avi,FrontCrawl,3.68,3.152506673341322
v_FrontCrawl_g02_c04.avi,FrontCrawl,5.36,3.152506673341322
v_FrontCrawl_g03_c01.avi,FrontCrawl,9.16,3.152506673341322
v_FrontCrawl_g03_c02.avi,FrontCrawl,8.36,3.152506673341322
v_FrontCrawl_g03_c03.avi,FrontCrawl,9.56,3.152506673341322
v_FrontCrawl_g03_c04.avi,FrontCrawl,10.24,3.152506673341322
v_FrontCrawl_g03_c05.avi,FrontCrawl,7.72,3.152506673341322
v_FrontCrawl_g03_c06.avi,FrontCrawl,8.0,3.152506673341322
v_FrontCrawl_g04_c01.avi,FrontCrawl,14.16,3.152506673341322
v_FrontCrawl_g04_c02.avi,FrontCrawl,10.48,3.152506673341322
v_FrontCrawl_g04_c03.avi,FrontCrawl,10.68,3.152506673341322
v_FrontCrawl_g04_c04.avi,FrontCrawl,13.16,3.152506673341322
v_FrontCrawl_g04_c05.avi,FrontCrawl,15.68,3.152506673341322
v_FrontCrawl_g04_c06.avi,FrontCrawl,12.44,3.152506673341322
v_FrontCrawl_g04_c07.avi,FrontCrawl,15.36,3.152506673341322
v_FrontCrawl_g05_c01.avi,FrontCrawl,4.0,3.152506673341322
v_FrontCrawl_g05_c02.avi,FrontCrawl,4.12,3.152506673341322
v_FrontCrawl_g05_c03.avi,FrontCrawl,4.0,3.152506673341322
v_FrontCrawl_g05_c04.avi,FrontCrawl,5.84,3.152506673341322
v_FrontCrawl_g06_c01.avi,FrontCrawl,6.0,3.152506673341322
v_FrontCrawl_g06_c02.avi,FrontCrawl,4.32,3.152506673341322
v_FrontCrawl_g06_c03.avi,FrontCrawl,4.0,3.152506673341322
v_FrontCrawl_g06_c04.avi,FrontCrawl,5.04,3.152506673341322
v_FrontCrawl_g06_c05.avi,FrontCrawl,5.72,3.152506673341322
v_FrontCrawl_g07_c01.avi,FrontCrawl,10.72,3.152506673341322
v_FrontCrawl_g07_c02.avi,FrontCrawl,8.0,3.152506673341322
v_FrontCrawl_g07_c03.avi,FrontCrawl,7.28,3.152506673341322
v_FrontCrawl_g07_c04.avi,FrontCrawl,8.76,3.152506673341322
v_FrontCrawl_g07_c05.avi,FrontCrawl,7.0,3.152506673341322
v_FrontCrawl_g07_c06.avi,FrontCrawl,11.32,3.152506673341322
v_FrontCrawl_g07_c07.avi,FrontCrawl,6.28,3.152506673341322
v_FrontCrawl_g08_c01.avi,FrontCrawl,6.08,3.152506673341322
v_FrontCrawl_g08_c02.avi,FrontCrawl,5.36,3.152506673341322
v_FrontCrawl_g08_c03.avi,FrontCrawl,5.44,3.152506673341322
v_FrontCrawl_g08_c04.avi,FrontCrawl,5.0,3.152506673341322
v_FrontCrawl_g08_c05.avi,FrontCrawl,5.16,3.152506673341322
v_FrontCrawl_g09_c01.avi,FrontCrawl,4.24,3.152506673341322
v_FrontCrawl_g09_c02.avi,FrontCrawl,4.0,3.152506673341322
v_FrontCrawl_g09_c03.avi,FrontCrawl,5.56,3.152506673341322
v_FrontCrawl_g09_c04.avi,FrontCrawl,4.68,3.152506673341322
v_FrontCrawl_g09_c05.avi,FrontCrawl,5.16,3.152506673341322
v_FrontCrawl_g09_c06.avi,FrontCrawl,5.12,3.152506673341322
v_FrontCrawl_g10_c01.avi,FrontCrawl,5.16,3.152506673341322
v_FrontCrawl_g10_c02.avi,FrontCrawl,5.16,3.152506673341322
v_FrontCrawl_g10_c03.avi,FrontCrawl,5.6,3.152506673341322
v_FrontCrawl_g10_c04.avi,FrontCrawl,4.56,3.152506673341322
v_FrontCrawl_g10_c05.avi,FrontCrawl,4.76,3.152506673341322
v_FrontCrawl_g11_c01.avi,FrontCrawl,11.96,3.152506673341322
v_FrontCrawl_g11_c02.avi,FrontCrawl,15.64,3.152506673341322
v_FrontCrawl_g11_c03.avi,FrontCrawl,10.44,3.152506673341322
v_FrontCrawl_g11_c04.avi,FrontCrawl,10.48,3.152506673341322
v_FrontCrawl_g11_c05.avi,FrontCrawl,13.56,3.152506673341322
v_FrontCrawl_g11_c06.avi,FrontCrawl,13.96,3.152506673341322
v_FrontCrawl_g11_c07.avi,FrontCrawl,14.04,3.152506673341322
v_FrontCrawl_g12_c01.avi,FrontCrawl,2.96,3.152506673341322
v_FrontCrawl_g12_c02.avi,FrontCrawl,2.96,3.152506673341322
v_FrontCrawl_g12_c03.avi,FrontCrawl,2.96,3.152506673341322
v_FrontCrawl_g12_c04.avi,FrontCrawl,3.44,3.152506673341322
v_FrontCrawl_g13_c01.avi,FrontCrawl,2.96,3.152506673341322
v_FrontCrawl_g13_c02.avi,FrontCrawl,2.96,3.152506673341322
v_FrontCrawl_g13_c03.avi,FrontCrawl,2.96,3.152506673341322
v_FrontCrawl_g13_c04.avi,FrontCrawl,5.56,3.152506673341322
v_FrontCrawl_g14_c01.avi,FrontCrawl,5.96,3.152506673341322
v_FrontCrawl_g14_c02.avi,FrontCrawl,6.16,3.152506673341322
v_FrontCrawl_g14_c03.avi,FrontCrawl,6.76,3.152506673341322
v_FrontCrawl_g14_c04.avi,FrontCrawl,7.28,3.152506673341322
v_FrontCrawl_g14_c05.avi,FrontCrawl,8.0,3.152506673341322
v_FrontCrawl_g14_c06.avi,FrontCrawl,5.36,3.152506673341322
v_FrontCrawl_g14_c07.avi,FrontCrawl,5.96,3.152506673341322
v_FrontCrawl_g15_c01.avi,FrontCrawl,3.0,3.152506673341322
v_FrontCrawl_g15_c02.avi,FrontCrawl,3.0,3.152506673341322
v_FrontCrawl_g15_c03.avi,FrontCrawl,3.0,3.152506673341322
v_FrontCrawl_g15_c04.avi,FrontCrawl,4.92,3.152506673341322
v_FrontCrawl_g16_c01.avi,FrontCrawl,5.0,3.152506673341322
v_FrontCrawl_g16_c02.avi,FrontCrawl,5.04,3.152506673341322
v_FrontCrawl_g16_c03.avi,FrontCrawl,5.0,3.152506673341322
v_FrontCrawl_g16_c04.avi,FrontCrawl,5.08,3.152506673341322
v_FrontCrawl_g17_c01.avi,FrontCrawl,6.2,3.152506673341322
v_FrontCrawl_g17_c02.avi,FrontCrawl,6.08,3.152506673341322
v_FrontCrawl_g17_c03.avi,FrontCrawl,9.4,3.152506673341322
v_FrontCrawl_g17_c04.avi,FrontCrawl,7.12,3.152506673341322
v_FrontCrawl_g17_c05.avi,FrontCrawl,6.44,3.152506673341322
v_FrontCrawl_g17_c06.avi,FrontCrawl,4.2,3.152506673341322
v_FrontCrawl_g17_c07.avi,FrontCrawl,6.0,3.152506673341322
v_FrontCrawl_g18_c01.avi,FrontCrawl,4.04,3.152506673341322
v_FrontCrawl_g18_c02.avi,FrontCrawl,4.12,3.152506673341322
v_FrontCrawl_g18_c03.avi,FrontCrawl,4.04,3.152506673341322
v_FrontCrawl_g18_c04.avi,FrontCrawl,4.16,3.152506673341322
v_FrontCrawl_g18_c05.avi,FrontCrawl,4.04,3.152506673341322
v_FrontCrawl_g18_c06.avi,FrontCrawl,4.12,3.152506673341322
v_FrontCrawl_g18_c07.avi,FrontCrawl,3.0,3.152506673341322
v_FrontCrawl_g19_c01.avi,FrontCrawl,3.48,3.152506673341322
v_FrontCrawl_g19_c02.avi,FrontCrawl,3.2,3.152506673341322
v_FrontCrawl_g19_c03.avi,FrontCrawl,3.84,3.152506673341322
v_FrontCrawl_g19_c04.avi,FrontCrawl,3.6,3.152506673341322
v_FrontCrawl_g20_c01.avi,FrontCrawl,5.68,3.152506673341322
v_FrontCrawl_g20_c02.avi,FrontCrawl,8.24,3.152506673341322
v_FrontCrawl_g20_c03.avi,FrontCrawl,9.32,3.152506673341322
v_FrontCrawl_g20_c04.avi,FrontCrawl,8.52,3.152506673341322
v_FrontCrawl_g20_c05.avi,FrontCrawl,8.92,3.152506673341322
v_FrontCrawl_g20_c06.avi,FrontCrawl,8.88,3.152506673341322
v_FrontCrawl_g20_c07.avi,FrontCrawl,9.72,3.152506673341322
v_FrontCrawl_g21_c01.avi,FrontCrawl,6.8,3.152506673341322
v_FrontCrawl_g21_c02.avi,FrontCrawl,6.88,3.152506673341322
v_FrontCrawl_g21_c03.avi,FrontCrawl,5.28,3.152506673341322
v_FrontCrawl_g21_c04.avi,FrontCrawl,5.52,3.152506673341322
v_FrontCrawl_g21_c05.avi,FrontCrawl,5.04,3.152506673341322
v_FrontCrawl_g21_c06.avi,FrontCrawl,4.48,3.152506673341322
v_FrontCrawl_g22_c01.avi,FrontCrawl,9.4,3.152506673341322
v_FrontCrawl_g22_c02.avi,FrontCrawl,9.6,3.152506673341322
v_FrontCrawl_g22_c03.avi,FrontCrawl,13.76,3.152506673341322
v_FrontCrawl_g22_c04.avi,FrontCrawl,6.12,3.152506673341322
v_FrontCrawl_g22_c05.avi,FrontCrawl,5.4,3.152506673341322
v_FrontCrawl_g22_c06.avi,FrontCrawl,5.52,3.152506673341322
v_FrontCrawl_g23_c01.avi,FrontCrawl,11.12,3.152506673341322
v_FrontCrawl_g23_c02.avi,FrontCrawl,8.0,3.152506673341322
v_FrontCrawl_g23_c03.avi,FrontCrawl,10.0,3.152506673341322
v_FrontCrawl_g23_c04.avi,FrontCrawl,12.4,3.152506673341322
v_FrontCrawl_g23_c05.avi,FrontCrawl,8.6,3.152506673341322
v_FrontCrawl_g23_c06.avi,FrontCrawl,14.0,3.152506673341322
v_FrontCrawl_g23_c07.avi,FrontCrawl,9.2,3.152506673341322
v_FrontCrawl_g24_c01.avi,FrontCrawl,6.12,3.152506673341322
v_FrontCrawl_g24_c02.avi,FrontCrawl,6.4,3.152506673341322
v_FrontCrawl_g24_c03.avi,FrontCrawl,8.92,3.152506673341322
v_FrontCrawl_g24_c04.avi,FrontCrawl,6.04,3.152506673341322
v_FrontCrawl_g24_c05.avi,FrontCrawl,4.96,3.152506673341322
v_FrontCrawl_g24_c06.avi,FrontCrawl,4.36,3.152506673341322
v_FrontCrawl_g25_c01.avi,FrontCrawl,4.04,3.152506673341322
v_FrontCrawl_g25_c02.avi,FrontCrawl,4.0,3.152506673341322
v_FrontCrawl_g25_c03.avi,FrontCrawl,3.96,3.152506673341322
v_FrontCrawl_g25_c04.avi,FrontCrawl,3.96,3.152506673341322
v_GolfSwing_g01_c01.avi,GolfSwing,5.739066666666667,2.943064189796586
v_GolfSwing_g01_c02.avi,GolfSwing,3.2032000000000003,2.943064189796586
v_GolfSwing_g01_c03.avi,GolfSwing,6.373033333333334,2.943064189796586
v_GolfSwing_g01_c04.avi,GolfSwing,2.5358666666666667,2.943064189796586
v_GolfSwing_g01_c05.avi,GolfSwing,20.7207,2.943064189796586
v_GolfSwing_g01_c06.avi,GolfSwing,17.283933333333334,2.943064189796586
v_GolfSwing_g02_c01.avi,GolfSwing,4.671333333333333,2.943064189796586
v_GolfSwing_g02_c02.avi,GolfSwing,3.9039,2.943064189796586
v_GolfSwing_g02_c03.avi,GolfSwing,3.069733333333333,2.943064189796586
v_GolfSwing_g02_c04.avi,GolfSwing,4.070733333333333,2.943064189796586
v_GolfSwing_g03_c01.avi,GolfSwing,4.4044,2.943064189796586
v_GolfSwing_g03_c02.avi,GolfSwing,3.7704333333333335,2.943064189796586
v_GolfSwing_g03_c03.avi,GolfSwing,6.006,2.943064189796586
v_GolfSwing_g03_c04.avi,GolfSwing,4.838166666666667,2.943064189796586
v_GolfSwing_g03_c05.avi,GolfSwing,4.871533333333334,2.943064189796586
v_GolfSwing_g03_c06.avi,GolfSwing,8.4084,2.943064189796586
v_GolfSwing_g03_c07.avi,GolfSwing,5.772433333333334,2.943064189796586
v_GolfSwing_g04_c01.avi,GolfSwing,4.170833333333333,2.943064189796586
v_GolfSwing_g04_c02.avi,GolfSwing,4.070733333333333,2.943064189796586
v_GolfSwing_g04_c03.avi,GolfSwing,5.7057,2.943064189796586
v_GolfSwing_g04_c04.avi,GolfSwing,6.1061000000000005,2.943064189796586
v_GolfSwing_g04_c05.avi,GolfSwing,11.5115,2.943064189796586
v_GolfSwing_g04_c06.avi,GolfSwing,7.7744333333333335,2.943064189796586
v_GolfSwing_g05_c01.avi,GolfSwing,3.8038,2.943064189796586
v_GolfSwing_g05_c02.avi,GolfSwing,3.2032000000000003,2.943064189796586
v_GolfSwing_g05_c03.avi,GolfSwing,3.370033333333333,2.943064189796586
v_GolfSwing_g05_c04.avi,GolfSwing,5.4054,2.943064189796586
v_GolfSwing_g05_c05.avi,GolfSwing,4.0040000000000004,2.943064189796586
v_GolfSwing_g05_c06.avi,GolfSwing,6.039366666666667,2.943064189796586
v_GolfSwing_g05_c07.avi,GolfSwing,4.4044,2.943064189796586
v_GolfSwing_g06_c01.avi,GolfSwing,5.238566666666666,2.943064189796586
v_GolfSwing_g06_c02.avi,GolfSwing,3.636966666666667,2.943064189796586
v_GolfSwing_g06_c03.avi,GolfSwing,3.036366666666667,2.943064189796586
v_GolfSwing_g06_c04.avi,GolfSwing,4.237566666666667,2.943064189796586
v_GolfSwing_g07_c01.avi,GolfSwing,5.071733333333333,2.943064189796586
v_GolfSwing_g07_c02.avi,GolfSwing,3.370033333333333,2.943064189796586
v_GolfSwing_g07_c03.avi,GolfSwing,4.237566666666667,2.943064189796586
v_GolfSwing_g07_c04.avi,GolfSwing,3.7037,2.943064189796586
v_GolfSwing_g07_c05.avi,GolfSwing,4.5045,2.943064189796586
v_GolfSwing_g08_c01.avi,GolfSwing,4.7047,2.943064189796586
v_GolfSwing_g08_c02.avi,GolfSwing,5.772433333333334,2.943064189796586
v_GolfSwing_g08_c03.avi,GolfSwing,6.039366666666667,2.943064189796586
v_GolfSwing_g08_c04.avi,GolfSwing,5.7057,2.943064189796586
v_GolfSwing_g08_c05.avi,GolfSwing,5.6056,2.943064189796586
v_GolfSwing_g08_c06.avi,GolfSwing,8.975633333333333,2.943064189796586
v_GolfSwing_g09_c01.avi,GolfSwing,3.9039,2.943064189796586
v_GolfSwing_g09_c02.avi,GolfSwing,6.7067000000000005,2.943064189796586
v_GolfSwing_g09_c03.avi,GolfSwing,6.5065,2.943064189796586
v_GolfSwing_g09_c04.avi,GolfSwing,8.608600000000001,2.943064189796586
v_GolfSwing_g10_c01.avi,GolfSwing,3.6036,2.943064189796586
v_GolfSwing_g10_c02.avi,GolfSwing,4.971633333333333,2.943064189796586
v_GolfSwing_g10_c03.avi,GolfSwing,4.838166666666667,2.943064189796586
v_GolfSwing_g10_c04.avi,GolfSwing,3.9039,2.943064189796586
v_GolfSwing_g11_c01.avi,GolfSwing,3.937266666666667,2.943064189796586
v_GolfSwing_g11_c02.avi,GolfSwing,3.636966666666667,2.943064189796586
v_GolfSwing_g11_c03.avi,GolfSwing,4.537866666666667,2.943064189796586
v_GolfSwing_g11_c04.avi,GolfSwing,4.371033333333333,2.943064189796586
v_GolfSwing_g11_c05.avi,GolfSwing,4.4044,2.943064189796586
v_GolfSwing_g11_c06.avi,GolfSwing,3.336666666666667,2.943064189796586
v_GolfSwing_g11_c07.avi,GolfSwing,4.3043000000000005,2.943064189796586
v_GolfSwing_g12_c01.avi,GolfSwing,3.4034,2.943064189796586
v_GolfSwing_g12_c02.avi,GolfSwing,2.168833333333333,2.943064189796586
v_GolfSwing_g12_c03.avi,GolfSwing,2.8028,2.943064189796586
v_GolfSwing_g12_c04.avi,GolfSwing,3.003,2.943064189796586
v_GolfSwing_g13_c01.avi,GolfSwing,9.476133333333333,2.943064189796586
v_GolfSwing_g13_c02.avi,GolfSwing,7.841166666666667,2.943064189796586
v_GolfSwing_g13_c03.avi,GolfSwing,3.2699333333333334,2.943064189796586
v_GolfSwing_g13_c04.avi,GolfSwing,7.9412666666666665,2.943064189796586
v_GolfSwing_g14_c01.avi,GolfSwing,4.471133333333333,2.943064189796586
v_GolfSwing_g14_c02.avi,GolfSwing,5.238566666666666,2.943064189796586
v_GolfSwing_g14_c03.avi,GolfSwing,2.9362666666666666,2.943064189796586
v_GolfSwing_g14_c04.avi,GolfSwing,3.636966666666667,2.943064189796586
v_GolfSwing_g15_c01.avi,GolfSwing,7.2072,2.943064189796586
v_GolfSwing_g15_c02.avi,GolfSwing,8.641966666666667,2.943064189796586
v_GolfSwing_g15_c03.avi,GolfSwing,5.472133333333334,2.943064189796586
v_GolfSwing_g15_c04.avi,GolfSwing,7.7077,2.943064189796586
v_GolfSwing_g16_c01.avi,GolfSwing,4.070733333333333,2.943064189796586
v_GolfSwing_g16_c02.avi,GolfSwing,2.8028,2.943064189796586
v_GolfSwing_g16_c03.avi,GolfSwing,4.170833333333333,2.943064189796586
v_GolfSwing_g16_c04.avi,GolfSwing,4.3043000000000005,2.943064189796586
v_GolfSwing_g17_c01.avi,GolfSwing,2.435766666666667,2.943064189796586
v_GolfSwing_g17_c02.avi,GolfSwing,4.170833333333333,2.943064189796586
v_GolfSwing_g17_c03.avi,GolfSwing,2.6026000000000002,2.943064189796586
v_GolfSwing_g17_c04.avi,GolfSwing,2.736066666666667,2.943064189796586
v_GolfSwing_g17_c05.avi,GolfSwing,5.2052000000000005,2.943064189796586
v_GolfSwing_g17_c06.avi,GolfSwing,4.771433333333333,2.943064189796586
v_GolfSwing_g17_c07.avi,GolfSwing,6.673333333333334,2.943064189796586
v_GolfSwing_g18_c01.avi,GolfSwing,5.171833333333334,2.943064189796586
v_GolfSwing_g18_c02.avi,GolfSwing,4.671333333333333,2.943064189796586
v_GolfSwing_g18_c03.avi,GolfSwing,3.8371666666666666,2.943064189796586
v_GolfSwing_g18_c04.avi,GolfSwing,3.2365666666666666,2.943064189796586
v_GolfSwing_g18_c05.avi,GolfSwing,21.388033333333333,2.943064189796586
v_GolfSwing_g18_c06.avi,GolfSwing,12.846166666666667,2.943064189796586
v_GolfSwing_g19_c01.avi,GolfSwing,6.7067000000000005,2.943064189796586
v_GolfSwing_g19_c02.avi,GolfSwing,3.7037,2.943064189796586
v_GolfSwing_g19_c03.avi,GolfSwing,6.339666666666667,2.943064189796586
v_GolfSwing_g19_c04.avi,GolfSwing,4.971633333333333,2.943064189796586
v_GolfSwing_g19_c05.avi,GolfSwing,9.6096,2.943064189796586
v_GolfSwing_g19_c06.avi,GolfSwing,9.876533333333333,2.943064189796586
v_GolfSwing_g20_c01.avi,GolfSwing,7.6409666666666665,2.943064189796586
v_GolfSwing_g20_c02.avi,GolfSwing,5.071733333333333,2.943064189796586
v_GolfSwing_g20_c03.avi,GolfSwing,3.9706333333333332,2.943064189796586
v_GolfSwing_g20_c04.avi,GolfSwing,4.037366666666666,2.943064189796586
v_GolfSwing_g20_c05.avi,GolfSwing,7.240566666666667,2.943064189796586
v_GolfSwing_g20_c06.avi,GolfSwing,7.974633333333333,2.943064189796586
v_GolfSwing_g20_c07.avi,GolfSwing,4.471133333333333,2.943064189796586
v_GolfSwing_g21_c01.avi,GolfSwing,5.3053,2.943064189796586
v_GolfSwing_g21_c02.avi,GolfSwing,3.2365666666666666,2.943064189796586
v_GolfSwing_g21_c03.avi,GolfSwing,3.6703333333333332,2.943064189796586
v_GolfSwing_g21_c04.avi,GolfSwing,5.6723333333333334,2.943064189796586
v_GolfSwing_g21_c05.avi,GolfSwing,6.5065,2.943064189796586
v_GolfSwing_g21_c06.avi,GolfSwing,4.9049000000000005,2.943064189796586
v_GolfSwing_g22_c01.avi,GolfSwing,10.110100000000001,2.943064189796586
v_GolfSwing_g22_c02.avi,GolfSwing,10.01,2.943064189796586
v_GolfSwing_g22_c03.avi,GolfSwing,11.611600000000001,2.943064189796586
v_GolfSwing_g22_c04.avi,GolfSwing,6.639966666666667,2.943064189796586
v_GolfSwing_g22_c05.avi,GolfSwing,5.1051,2.943064189796586
v_GolfSwing_g22_c06.avi,GolfSwing,3.336666666666667,2.943064189796586
v_GolfSwing_g23_c01.avi,GolfSwing,6.7067000000000005,2.943064189796586
v_GolfSwing_g23_c02.avi,GolfSwing,5.6056,2.943064189796586
v_GolfSwing_g23_c03.avi,GolfSwing,4.971633333333333,2.943064189796586
v_GolfSwing_g23_c04.avi,GolfSwing,4.270933333333334,2.943064189796586
v_GolfSwing_g23_c05.avi,GolfSwing,8.074733333333333,2.943064189796586
v_GolfSwing_g23_c06.avi,GolfSwing,9.776433333333333,2.943064189796586
v_GolfSwing_g23_c07.avi,GolfSwing,4.838166666666667,2.943064189796586
v_GolfSwing_g24_c01.avi,GolfSwing,4.971633333333333,2.943064189796586
v_GolfSwing_g24_c02.avi,GolfSwing,5.271933333333333,2.943064189796586
v_GolfSwing_g24_c03.avi,GolfSwing,5.4054,2.943064189796586
v_GolfSwing_g24_c04.avi,GolfSwing,5.4054,2.943064189796586
v_GolfSwing_g24_c05.avi,GolfSwing,2.5692333333333335,2.943064189796586
v_GolfSwing_g24_c06.avi,GolfSwing,3.5702333333333334,2.943064189796586
v_GolfSwing_g24_c07.avi,GolfSwing,4.971633333333333,2.943064189796586
v_GolfSwing_g25_c01.avi,GolfSwing,5.372033333333333,2.943064189796586
v_GolfSwing_g25_c02.avi,GolfSwing,4.337666666666666,2.943064189796586
v_GolfSwing_g25_c03.avi,GolfSwing,4.838166666666667,2.943064189796586
v_GolfSwing_g25_c04.avi,GolfSwing,4.270933333333334,2.943064189796586
v_GolfSwing_g25_c05.avi,GolfSwing,4.037366666666666,2.943064189796586
v_GolfSwing_g25_c06.avi,GolfSwing,4.3043000000000005,2.943064189796586
v_GolfSwing_g25_c07.avi,GolfSwing,5.3053,2.943064189796586
v_Haircut_g01_c01.avi,Haircut,5.4,2.483535595049596
v_Haircut_g01_c02.avi,Haircut,4.92,2.483535595049596
v_Haircut_g01_c03.avi,Haircut,4.4,2.483535595049596
v_Haircut_g01_c04.avi,Haircut,4.2,2.483535595049596
v_Haircut_g02_c01.avi,Haircut,3.56,2.483535595049596
v_Haircut_g02_c02.avi,Haircut,3.32,2.483535595049596
v_Haircut_g02_c03.avi,Haircut,3.08,2.483535595049596
v_Haircut_g02_c04.avi,Haircut,4.16,2.483535595049596
v_Haircut_g03_c01.avi,Haircut,4.04,2.483535595049596
v_Haircut_g03_c02.avi,Haircut,3.16,2.483535595049596
v_Haircut_g03_c03.avi,Haircut,3.16,2.483535595049596
v_Haircut_g03_c04.avi,Haircut,4.0,2.483535595049596
v_Haircut_g03_c05.avi,Haircut,3.72,2.483535595049596
v_Haircut_g03_c06.avi,Haircut,4.6,2.483535595049596
v_Haircut_g04_c01.avi,Haircut,5.96,2.483535595049596
v_Haircut_g04_c02.avi,Haircut,5.8,2.483535595049596
v_Haircut_g04_c03.avi,Haircut,5.8,2.483535595049596
v_Haircut_g04_c04.avi,Haircut,6.0,2.483535595049596
v_Haircut_g04_c05.avi,Haircut,6.16,2.483535595049596
v_Haircut_g05_c01.avi,Haircut,4.0,2.483535595049596
v_Haircut_g05_c02.avi,Haircut,4.2,2.483535595049596
v_Haircut_g05_c03.avi,Haircut,4.28,2.483535595049596
v_Haircut_g05_c04.avi,Haircut,4.0,2.483535595049596
v_Haircut_g06_c01.avi,Haircut,3.88,2.483535595049596
v_Haircut_g06_c02.avi,Haircut,5.36,2.483535595049596
v_Haircut_g06_c03.avi,Haircut,5.04,2.483535595049596
v_Haircut_g06_c04.avi,Haircut,7.0,2.483535595049596
v_Haircut_g07_c01.avi,Haircut,4.56,2.483535595049596
v_Haircut_g07_c02.avi,Haircut,4.44,2.483535595049596
v_Haircut_g07_c03.avi,Haircut,4.84,2.483535595049596
v_Haircut_g07_c04.avi,Haircut,4.6,2.483535595049596
v_Haircut_g07_c05.avi,Haircut,4.72,2.483535595049596
v_Haircut_g07_c06.avi,Haircut,4.28,2.483535595049596
v_Haircut_g08_c01.avi,Haircut,10.0,2.483535595049596
v_Haircut_g08_c02.avi,Haircut,10.0,2.483535595049596
v_Haircut_g08_c03.avi,Haircut,3.96,2.483535595049596
v_Haircut_g08_c04.avi,Haircut,6.44,2.483535595049596
v_Haircut_g08_c05.avi,Haircut,4.56,2.483535595049596
v_Haircut_g08_c06.avi,Haircut,5.0,2.483535595049596
v_Haircut_g09_c01.avi,Haircut,8.88,2.483535595049596
v_Haircut_g09_c02.avi,Haircut,9.28,2.483535595049596
v_Haircut_g09_c03.avi,Haircut,7.48,2.483535595049596
v_Haircut_g09_c04.avi,Haircut,8.48,2.483535595049596
v_Haircut_g09_c05.avi,Haircut,8.88,2.483535595049596
v_Haircut_g09_c06.avi,Haircut,8.28,2.483535595049596
v_Haircut_g09_c07.avi,Haircut,9.28,2.483535595049596
v_Haircut_g10_c01.avi,Haircut,6.68,2.483535595049596
v_Haircut_g10_c02.avi,Haircut,6.04,2.483535595049596
v_Haircut_g10_c03.avi,Haircut,6.2,2.483535595049596
v_Haircut_g10_c04.avi,Haircut,6.68,2.483535595049596
v_Haircut_g10_c05.avi,Haircut,6.2,2.483535595049596
v_Haircut_g10_c06.avi,Haircut,6.04,2.483535595049596
v_Haircut_g10_c07.avi,Haircut,6.2,2.483535595049596
v_Haircut_g11_c01.avi,Haircut,7.32,2.483535595049596
v_Haircut_g11_c02.avi,Haircut,7.72,2.483535595049596
v_Haircut_g11_c03.avi,Haircut,5.36,2.483535595049596
v_Haircut_g11_c04.avi,Haircut,5.04,2.483535595049596
v_Haircut_g11_c05.avi,Haircut,5.08,2.483535595049596
v_Haircut_g12_c01.avi,Haircut,5.08,2.483535595049596
v_Haircut_g12_c02.avi,Haircut,6.0,2.483535595049596
v_Haircut_g12_c03.avi,Haircut,6.0,2.483535595049596
v_Haircut_g12_c04.avi,Haircut,7.16,2.483535595049596
v_Haircut_g13_c01.avi,Haircut,3.68,2.483535595049596
v_Haircut_g13_c02.avi,Haircut,2.88,2.483535595049596
v_Haircut_g13_c03.avi,Haircut,4.12,2.483535595049596
v_Haircut_g13_c04.avi,Haircut,5.32,2.483535595049596
v_Haircut_g14_c01.avi,Haircut,4.64,2.483535595049596
v_Haircut_g14_c02.avi,Haircut,5.16,2.483535595049596
v_Haircut_g14_c03.avi,Haircut,6.68,2.483535595049596
v_Haircut_g14_c04.avi,Haircut,7.76,2.483535595049596
v_Haircut_g15_c01.avi,Haircut,6.8,2.483535595049596
v_Haircut_g15_c02.avi,Haircut,4.64,2.483535595049596
v_Haircut_g15_c03.avi,Haircut,8.12,2.483535595049596
v_Haircut_g15_c04.avi,Haircut,12.12,2.483535595049596
v_Haircut_g16_c01.avi,Haircut,4.08,2.483535595049596
v_Haircut_g16_c02.avi,Haircut,4.36,2.483535595049596
v_Haircut_g16_c03.avi,Haircut,5.8,2.483535595049596
v_Haircut_g16_c04.avi,Haircut,5.52,2.483535595049596
v_Haircut_g16_c05.avi,Haircut,5.28,2.483535595049596
v_Haircut_g17_c01.avi,Haircut,4.84,2.483535595049596
v_Haircut_g17_c02.avi,Haircut,5.08,2.483535595049596
v_Haircut_g17_c03.avi,Haircut,5.24,2.483535595049596
v_Haircut_g17_c04.avi,Haircut,5.88,2.483535595049596
v_Haircut_g18_c01.avi,Haircut,10.56,2.483535595049596
v_Haircut_g18_c02.avi,Haircut,9.08,2.483535595049596
v_Haircut_g18_c03.avi,Haircut,10.56,2.483535595049596
v_Haircut_g18_c04.avi,Haircut,10.56,2.483535595049596
v_Haircut_g18_c05.avi,Haircut,10.04,2.483535595049596
v_Haircut_g19_c01.avi,Haircut,10.08,2.483535595049596
v_Haircut_g19_c02.avi,Haircut,10.44,2.483535595049596
v_Haircut_g19_c03.avi,Haircut,10.24,2.483535595049596
v_Haircut_g19_c04.avi,Haircut,10.92,2.483535595049596
v_Haircut_g19_c05.avi,Haircut,10.12,2.483535595049596
v_Haircut_g19_c06.avi,Haircut,9.96,2.483535595049596
v_Haircut_g20_c01.avi,Haircut,10.0,2.483535595049596
v_Haircut_g20_c02.avi,Haircut,10.44,2.483535595049596
v_Haircut_g20_c03.avi,Haircut,9.4,2.483535595049596
v_Haircut_g20_c04.avi,Haircut,9.96,2.483535595049596
v_Haircut_g20_c05.avi,Haircut,8.04,2.483535595049596
v_Haircut_g20_c06.avi,Haircut,9.48,2.483535595049596
v_Haircut_g20_c07.avi,Haircut,11.36,2.483535595049596
v_Haircut_g21_c01.avi,Haircut,8.2,2.483535595049596
v_Haircut_g21_c02.avi,Haircut,7.8,2.483535595049596
v_Haircut_g21_c03.avi,Haircut,8.0,2.483535595049596
v_Haircut_g21_c04.avi,Haircut,5.64,2.483535595049596
v_Haircut_g22_c01.avi,Haircut,3.96,2.483535595049596
v_Haircut_g22_c02.avi,Haircut,4.16,2.483535595049596
v_Haircut_g22_c03.avi,Haircut,4.28,2.483535595049596
v_Haircut_g22_c04.avi,Haircut,4.04,2.483535595049596
v_Haircut_g22_c05.avi,Haircut,3.6,2.483535595049596
v_Haircut_g22_c06.avi,Haircut,4.72,2.483535595049596
v_Haircut_g22_c07.avi,Haircut,5.04,2.483535595049596
v_Haircut_g23_c01.avi,Haircut,7.36,2.483535595049596
v_Haircut_g23_c02.avi,Haircut,6.12,2.483535595049596
v_Haircut_g23_c03.avi,Haircut,6.88,2.483535595049596
v_Haircut_g23_c04.avi,Haircut,7.08,2.483535595049596
v_Haircut_g23_c05.avi,Haircut,6.92,2.483535595049596
v_Haircut_g23_c06.avi,Haircut,7.4,2.483535595049596
v_Haircut_g23_c07.avi,Haircut,6.44,2.483535595049596
v_Haircut_g24_c01.avi,Haircut,11.04,2.483535595049596
v_Haircut_g24_c02.avi,Haircut,12.92,2.483535595049596
v_Haircut_g24_c03.avi,Haircut,13.08,2.483535595049596
v_Haircut_g24_c04.avi,Haircut,8.48,2.483535595049596
v_Haircut_g24_c05.avi,Haircut,11.0,2.483535595049596
v_Haircut_g24_c06.avi,Haircut,7.48,2.483535595049596
v_Haircut_g24_c07.avi,Haircut,8.76,2.483535595049596
v_Haircut_g25_c01.avi,Haircut,10.08,2.483535595049596
v_Haircut_g25_c02.avi,Haircut,10.12,2.483535595049596
v_Haircut_g25_c03.avi,Haircut,10.16,2.483535595049596
v_Haircut_g25_c04.avi,Haircut,9.96,2.483535595049596
v_Hammering_g01_c01.avi,Hammering,3.92,1.8719294748707898
v_Hammering_g01_c02.avi,Hammering,5.72,1.8719294748707898
v_Hammering_g01_c03.avi,Hammering,2.92,1.8719294748707898
v_Hammering_g01_c04.avi,Hammering,3.16,1.8719294748707898
v_Hammering_g02_c01.avi,Hammering,2.96,1.8719294748707898
v_Hammering_g02_c02.avi,Hammering,2.96,1.8719294748707898
v_Hammering_g02_c03.avi,Hammering,4.0,1.8719294748707898
v_Hammering_g02_c04.avi,Hammering,4.44,1.8719294748707898
v_Hammering_g03_c01.avi,Hammering,7.72,1.8719294748707898
v_Hammering_g03_c02.avi,Hammering,4.0,1.8719294748707898
v_Hammering_g03_c03.avi,Hammering,5.04,1.8719294748707898
v_Hammering_g03_c04.avi,Hammering,5.24,1.8719294748707898
v_Hammering_g03_c05.avi,Hammering,4.84,1.8719294748707898
v_Hammering_g04_c01.avi,Hammering,8.96,1.8719294748707898
v_Hammering_g04_c02.avi,Hammering,3.28,1.8719294748707898
v_Hammering_g04_c03.avi,Hammering,3.52,1.8719294748707898
v_Hammering_g04_c04.avi,Hammering,2.96,1.8719294748707898
v_Hammering_g04_c05.avi,Hammering,2.56,1.8719294748707898
v_Hammering_g05_c01.avi,Hammering,4.0,1.8719294748707898
v_Hammering_g05_c02.avi,Hammering,4.96,1.8719294748707898
v_Hammering_g05_c03.avi,Hammering,2.96,1.8719294748707898
v_Hammering_g05_c04.avi,Hammering,2.96,1.8719294748707898
v_Hammering_g06_c01.avi,Hammering,3.64,1.8719294748707898
v_Hammering_g06_c02.avi,Hammering,5.36,1.8719294748707898
v_Hammering_g06_c03.avi,Hammering,5.08,1.8719294748707898
v_Hammering_g06_c04.avi,Hammering,4.52,1.8719294748707898
v_Hammering_g06_c05.avi,Hammering,5.6,1.8719294748707898
v_Hammering_g06_c06.avi,Hammering,3.44,1.8719294748707898
v_Hammering_g07_c01.avi,Hammering,4.36,1.8719294748707898
v_Hammering_g07_c02.avi,Hammering,2.44,1.8719294748707898
v_Hammering_g07_c03.avi,Hammering,4.2,1.8719294748707898
v_Hammering_g07_c04.avi,Hammering,4.04,1.8719294748707898
v_Hammering_g07_c05.avi,Hammering,5.08,1.8719294748707898
v_Hammering_g08_c01.avi,Hammering,4.04,1.8719294748707898
v_Hammering_g08_c02.avi,Hammering,4.04,1.8719294748707898
v_Hammering_g08_c03.avi,Hammering,4.04,1.8719294748707898
v_Hammering_g08_c04.avi,Hammering,5.8,1.8719294748707898
v_Hammering_g09_c01.avi,Hammering,6.0,1.8719294748707898
v_Hammering_g09_c02.avi,Hammering,5.52,1.8719294748707898
v_Hammering_g09_c03.avi,Hammering,4.68,1.8719294748707898
v_Hammering_g09_c04.avi,Hammering,5.04,1.8719294748707898
v_Hammering_g09_c05.avi,Hammering,6.0,1.8719294748707898
v_Hammering_g09_c06.avi,Hammering,5.6,1.8719294748707898
v_Hammering_g09_c07.avi,Hammering,5.0,1.8719294748707898
v_Hammering_g10_c01.avi,Hammering,5.2,1.8719294748707898
v_Hammering_g10_c02.avi,Hammering,3.04,1.8719294748707898
v_Hammering_g10_c03.avi,Hammering,3.0,1.8719294748707898
v_Hammering_g10_c04.avi,Hammering,3.6,1.8719294748707898
v_Hammering_g10_c05.avi,Hammering,4.28,1.8719294748707898
v_Hammering_g10_c06.avi,Hammering,3.76,1.8719294748707898
v_Hammering_g10_c07.avi,Hammering,4.44,1.8719294748707898
v_Hammering_g11_c01.avi,Hammering,3.0,1.8719294748707898
v_Hammering_g11_c02.avi,Hammering,3.44,1.8719294748707898
v_Hammering_g11_c03.avi,Hammering,3.04,1.8719294748707898
v_Hammering_g11_c04.avi,Hammering,4.6,1.8719294748707898
v_Hammering_g12_c01.avi,Hammering,4.44,1.8719294748707898
v_Hammering_g12_c02.avi,Hammering,3.48,1.8719294748707898
v_Hammering_g12_c03.avi,Hammering,3.92,1.8719294748707898
v_Hammering_g12_c04.avi,Hammering,4.2,1.8719294748707898
v_Hammering_g12_c05.avi,Hammering,4.48,1.8719294748707898
v_Hammering_g13_c01.avi,Hammering,7.0,1.8719294748707898
v_Hammering_g13_c02.avi,Hammering,4.68,1.8719294748707898
v_Hammering_g13_c03.avi,Hammering,4.28,1.8719294748707898
v_Hammering_g13_c04.avi,Hammering,4.52,1.8719294748707898
v_Hammering_g13_c05.avi,Hammering,6.72,1.8719294748707898
v_Hammering_g13_c06.avi,Hammering,4.04,1.8719294748707898
v_Hammering_g13_c07.avi,Hammering,3.68,1.8719294748707898
v_Hammering_g14_c01.avi,Hammering,10.0,1.8719294748707898
v_Hammering_g14_c02.avi,Hammering,7.48,1.8719294748707898
v_Hammering_g14_c03.avi,Hammering,11.0,1.8719294748707898
v_Hammering_g14_c04.avi,Hammering,11.0,1.8719294748707898
v_Hammering_g14_c05.avi,Hammering,10.0,1.8719294748707898
v_Hammering_g14_c06.avi,Hammering,6.0,1.8719294748707898
v_Hammering_g14_c07.avi,Hammering,10.0,1.8719294748707898
v_Hammering_g15_c01.avi,Hammering,5.0,1.8719294748707898
v_Hammering_g15_c02.avi,Hammering,6.0,1.8719294748707898
v_Hammering_g15_c03.avi,Hammering,6.0,1.8719294748707898
v_Hammering_g15_c04.avi,Hammering,6.0,1.8719294748707898
v_Hammering_g15_c05.avi,Hammering,6.0,1.8719294748707898
v_Hammering_g15_c06.avi,Hammering,3.8,1.8719294748707898
v_Hammering_g15_c07.avi,Hammering,4.84,1.8719294748707898
v_Hammering_g16_c01.avi,Hammering,2.72,1.8719294748707898
v_Hammering_g16_c02.avi,Hammering,2.6,1.8719294748707898
v_Hammering_g16_c03.avi,Hammering,2.48,1.8719294748707898
v_Hammering_g16_c04.avi,Hammering,3.0,1.8719294748707898
v_Hammering_g17_c01.avi,Hammering,6.0,1.8719294748707898
v_Hammering_g17_c02.avi,Hammering,5.0,1.8719294748707898
v_Hammering_g17_c03.avi,Hammering,5.04,1.8719294748707898
v_Hammering_g17_c04.avi,Hammering,5.0,1.8719294748707898
v_Hammering_g17_c05.avi,Hammering,5.0,1.8719294748707898
v_Hammering_g17_c06.avi,Hammering,5.0,1.8719294748707898
v_Hammering_g17_c07.avi,Hammering,5.6,1.8719294748707898
v_Hammering_g18_c01.avi,Hammering,3.52,1.8719294748707898
v_Hammering_g18_c02.avi,Hammering,3.0,1.8719294748707898
v_Hammering_g18_c03.avi,Hammering,6.0,1.8719294748707898
v_Hammering_g18_c04.avi,Hammering,4.56,1.8719294748707898
v_Hammering_g18_c05.avi,Hammering,6.2,1.8719294748707898
v_Hammering_g18_c06.avi,Hammering,6.0,1.8719294748707898
v_Hammering_g18_c07.avi,Hammering,10.0,1.8719294748707898
v_Hammering_g19_c01.avi,Hammering,3.84,1.8719294748707898
v_Hammering_g19_c02.avi,Hammering,4.2,1.8719294748707898
v_Hammering_g19_c03.avi,Hammering,4.04,1.8719294748707898
v_Hammering_g19_c04.avi,Hammering,3.56,1.8719294748707898
v_Hammering_g19_c05.avi,Hammering,4.2,1.8719294748707898
v_Hammering_g19_c06.avi,Hammering,4.64,1.8719294748707898
v_Hammering_g20_c01.avi,Hammering,4.2,1.8719294748707898
v_Hammering_g20_c02.avi,Hammering,4.2,1.8719294748707898
v_Hammering_g20_c03.avi,Hammering,4.2,1.8719294748707898
v_Hammering_g20_c04.avi,Hammering,6.76,1.8719294748707898
v_Hammering_g21_c01.avi,Hammering,7.32,1.8719294748707898
v_Hammering_g21_c02.avi,Hammering,6.36,1.8719294748707898
v_Hammering_g21_c03.avi,Hammering,7.4,1.8719294748707898
v_Hammering_g21_c04.avi,Hammering,3.6,1.8719294748707898
v_Hammering_g21_c05.avi,Hammering,6.0,1.8719294748707898
v_Hammering_g21_c06.avi,Hammering,6.0,1.8719294748707898
v_Hammering_g21_c07.avi,Hammering,8.2,1.8719294748707898
v_Hammering_g22_c01.avi,Hammering,8.6,1.8719294748707898
v_Hammering_g22_c02.avi,Hammering,9.12,1.8719294748707898
v_Hammering_g22_c03.avi,Hammering,6.0,1.8719294748707898
v_Hammering_g22_c04.avi,Hammering,6.68,1.8719294748707898
v_Hammering_g22_c05.avi,Hammering,6.44,1.8719294748707898
v_Hammering_g22_c06.avi,Hammering,6.08,1.8719294748707898
v_Hammering_g22_c07.avi,Hammering,7.08,1.8719294748707898
v_Hammering_g23_c01.avi,Hammering,3.0,1.8719294748707898
v_Hammering_g23_c02.avi,Hammering,4.04,1.8719294748707898
v_Hammering_g23_c03.avi,Hammering,5.2,1.8719294748707898
v_Hammering_g23_c04.avi,Hammering,6.76,1.8719294748707898
v_Hammering_g23_c05.avi,Hammering,4.72,1.8719294748707898
v_Hammering_g23_c06.avi,Hammering,6.24,1.8719294748707898
v_Hammering_g24_c01.avi,Hammering,5.36,1.8719294748707898
v_Hammering_g24_c02.avi,Hammering,5.32,1.8719294748707898
v_Hammering_g24_c03.avi,Hammering,4.8,1.8719294748707898
v_Hammering_g24_c04.avi,Hammering,4.2,1.8719294748707898
v_Hammering_g24_c05.avi,Hammering,7.28,1.8719294748707898
v_Hammering_g24_c06.avi,Hammering,8.72,1.8719294748707898
v_Hammering_g24_c07.avi,Hammering,9.12,1.8719294748707898
v_Hammering_g25_c01.avi,Hammering,2.4,1.8719294748707898
v_Hammering_g25_c02.avi,Hammering,2.88,1.8719294748707898
v_Hammering_g25_c03.avi,Hammering,3.0,1.8719294748707898
v_Hammering_g25_c04.avi,Hammering,3.0,1.8719294748707898
v_HammerThrow_g01_c01.avi,HammerThrow,4.52,1.8898222919899148
v_HammerThrow_g01_c02.avi,HammerThrow,9.88,1.8898222919899148
v_HammerThrow_g01_c03.avi,HammerThrow,6.16,1.8898222919899148
v_HammerThrow_g01_c04.avi,HammerThrow,9.6,1.8898222919899148
v_HammerThrow_g01_c05.avi,HammerThrow,6.16,1.8898222919899148
v_HammerThrow_g01_c06.avi,HammerThrow,7.76,1.8898222919899148
v_HammerThrow_g02_c01.avi,HammerThrow,10.8,1.8898222919899148
v_HammerThrow_g02_c02.avi,HammerThrow,10.36,1.8898222919899148
v_HammerThrow_g02_c03.avi,HammerThrow,8.44,1.8898222919899148
v_HammerThrow_g02_c04.avi,HammerThrow,8.92,1.8898222919899148
v_HammerThrow_g02_c05.avi,HammerThrow,10.32,1.8898222919899148
v_HammerThrow_g02_c06.avi,HammerThrow,8.44,1.8898222919899148
v_HammerThrow_g02_c07.avi,HammerThrow,9.4,1.8898222919899148
v_HammerThrow_g03_c01.avi,HammerThrow,8.44,1.8898222919899148
v_HammerThrow_g03_c02.avi,HammerThrow,9.56,1.8898222919899148
v_HammerThrow_g03_c03.avi,HammerThrow,6.64,1.8898222919899148
v_HammerThrow_g03_c04.avi,HammerThrow,8.44,1.8898222919899148
v_HammerThrow_g03_c05.avi,HammerThrow,7.32,1.8898222919899148
v_HammerThrow_g03_c06.avi,HammerThrow,10.12,1.8898222919899148
v_HammerThrow_g03_c07.avi,HammerThrow,9.0,1.8898222919899148
v_HammerThrow_g04_c01.avi,HammerThrow,4.84,1.8898222919899148
v_HammerThrow_g04_c02.avi,HammerThrow,3.4,1.8898222919899148
v_HammerThrow_g04_c03.avi,HammerThrow,4.24,1.8898222919899148
v_HammerThrow_g04_c04.avi,HammerThrow,3.56,1.8898222919899148
v_HammerThrow_g04_c05.avi,HammerThrow,4.08,1.8898222919899148
v_HammerThrow_g04_c06.avi,HammerThrow,4.16,1.8898222919899148
v_HammerThrow_g04_c07.avi,HammerThrow,3.56,1.8898222919899148
v_HammerThrow_g05_c01.avi,HammerThrow,9.8,1.8898222919899148
v_HammerThrow_g05_c02.avi,HammerThrow,10.44,1.8898222919899148
v_HammerThrow_g05_c03.avi,HammerThrow,9.16,1.8898222919899148
v_HammerThrow_g05_c04.avi,HammerThrow,10.12,1.8898222919899148
v_HammerThrow_g05_c05.avi,HammerThrow,9.84,1.8898222919899148
v_HammerThrow_g05_c06.avi,HammerThrow,10.44,1.8898222919899148
v_HammerThrow_g06_c01.avi,HammerThrow,9.68,1.8898222919899148
v_HammerThrow_g06_c02.avi,HammerThrow,5.24,1.8898222919899148
v_HammerThrow_g06_c03.avi,HammerThrow,6.4,1.8898222919899148
v_HammerThrow_g06_c04.avi,HammerThrow,9.96,1.8898222919899148
v_HammerThrow_g06_c05.avi,HammerThrow,9.36,1.8898222919899148
v_HammerThrow_g06_c06.avi,HammerThrow,5.52,1.8898222919899148
v_HammerThrow_g06_c07.avi,HammerThrow,9.08,1.8898222919899148
v_HammerThrow_g07_c01.avi,HammerThrow,4.44,1.8898222919899148
v_HammerThrow_g07_c02.avi,HammerThrow,4.44,1.8898222919899148
v_HammerThrow_g07_c03.avi,HammerThrow,5.56,1.8898222919899148
v_HammerThrow_g07_c04.avi,HammerThrow,3.36,1.8898222919899148
v_HammerThrow_g07_c05.avi,HammerThrow,3.52,1.8898222919899148
v_HammerThrow_g08_c01.avi,HammerThrow,8.08,1.8898222919899148
v_HammerThrow_g08_c02.avi,HammerThrow,7.4,1.8898222919899148
v_HammerThrow_g08_c03.avi,HammerThrow,8.08,1.8898222919899148
v_HammerThrow_g08_c04.avi,HammerThrow,8.08,1.8898222919899148
v_HammerThrow_g08_c05.avi,HammerThrow,8.04,1.8898222919899148
v_HammerThrow_g08_c06.avi,HammerThrow,6.64,1.8898222919899148
v_HammerThrow_g09_c01.avi,HammerThrow,5.32,1.8898222919899148
v_HammerThrow_g09_c02.avi,HammerThrow,5.2,1.8898222919899148
v_HammerThrow_g09_c03.avi,HammerThrow,6.0,1.8898222919899148
v_HammerThrow_g09_c04.avi,HammerThrow,6.6,1.8898222919899148
v_HammerThrow_g09_c05.avi,HammerThrow,5.48,1.8898222919899148
v_HammerThrow_g09_c06.avi,HammerThrow,5.44,1.8898222919899148
v_HammerThrow_g09_c07.avi,HammerThrow,5.72,1.8898222919899148
v_HammerThrow_g10_c01.avi,HammerThrow,10.08,1.8898222919899148
v_HammerThrow_g10_c02.avi,HammerThrow,7.24,1.8898222919899148
v_HammerThrow_g10_c03.avi,HammerThrow,6.88,1.8898222919899148
v_HammerThrow_g10_c04.avi,HammerThrow,9.48,1.8898222919899148
v_HammerThrow_g10_c05.avi,HammerThrow,9.24,1.8898222919899148
v_HammerThrow_g10_c06.avi,HammerThrow,5.16,1.8898222919899148
v_HammerThrow_g10_c07.avi,HammerThrow,8.36,1.8898222919899148
v_HammerThrow_g11_c01.avi,HammerThrow,5.68,1.8898222919899148
v_HammerThrow_g11_c02.avi,HammerThrow,4.04,1.8898222919899148
v_HammerThrow_g11_c03.avi,HammerThrow,6.28,1.8898222919899148
v_HammerThrow_g11_c04.avi,HammerThrow,5.96,1.8898222919899148
v_HammerThrow_g11_c05.avi,HammerThrow,6.48,1.8898222919899148
v_HammerThrow_g11_c06.avi,HammerThrow,5.52,1.8898222919899148
v_HammerThrow_g12_c01.avi,HammerThrow,7.28,1.8898222919899148
v_HammerThrow_g12_c02.avi,HammerThrow,7.28,1.8898222919899148
v_HammerThrow_g12_c03.avi,HammerThrow,7.88,1.8898222919899148
v_HammerThrow_g12_c04.avi,HammerThrow,6.36,1.8898222919899148
v_HammerThrow_g12_c05.avi,HammerThrow,6.68,1.8898222919899148
v_HammerThrow_g12_c06.avi,HammerThrow,7.56,1.8898222919899148
v_HammerThrow_g12_c07.avi,HammerThrow,7.88,1.8898222919899148
v_HammerThrow_g13_c01.avi,HammerThrow,7.2,1.8898222919899148
v_HammerThrow_g13_c02.avi,HammerThrow,3.6,1.8898222919899148
v_HammerThrow_g13_c03.avi,HammerThrow,5.4,1.8898222919899148
v_HammerThrow_g13_c04.avi,HammerThrow,3.64,1.8898222919899148
v_HammerThrow_g13_c05.avi,HammerThrow,6.68,1.8898222919899148
v_HammerThrow_g13_c06.avi,HammerThrow,7.16,1.8898222919899148
v_HammerThrow_g13_c07.avi,HammerThrow,6.68,1.8898222919899148
v_HammerThrow_g14_c01.avi,HammerThrow,6.96,1.8898222919899148
v_HammerThrow_g14_c02.avi,HammerThrow,9.0,1.8898222919899148
v_HammerThrow_g14_c03.avi,HammerThrow,7.12,1.8898222919899148
v_HammerThrow_g14_c04.avi,HammerThrow,7.28,1.8898222919899148
v_HammerThrow_g14_c05.avi,HammerThrow,3.64,1.8898222919899148
v_HammerThrow_g14_c06.avi,HammerThrow,7.44,1.8898222919899148
v_HammerThrow_g15_c01.avi,HammerThrow,9.36,1.8898222919899148
v_HammerThrow_g15_c02.avi,HammerThrow,9.52,1.8898222919899148
v_HammerThrow_g15_c03.avi,HammerThrow,9.0,1.8898222919899148
v_HammerThrow_g15_c04.avi,HammerThrow,8.44,1.8898222919899148
v_HammerThrow_g15_c05.avi,HammerThrow,9.08,1.8898222919899148
v_HammerThrow_g16_c01.avi,HammerThrow,6.52,1.8898222919899148
v_HammerThrow_g16_c02.avi,HammerThrow,4.6,1.8898222919899148
v_HammerThrow_g16_c03.avi,HammerThrow,4.8,1.8898222919899148
v_HammerThrow_g16_c04.avi,HammerThrow,5.92,1.8898222919899148
v_HammerThrow_g17_c01.avi,HammerThrow,6.08,1.8898222919899148
v_HammerThrow_g17_c02.avi,HammerThrow,6.28,1.8898222919899148
v_HammerThrow_g17_c03.avi,HammerThrow,7.32,1.8898222919899148
v_HammerThrow_g17_c04.avi,HammerThrow,7.2,1.8898222919899148
v_HammerThrow_g17_c05.avi,HammerThrow,7.08,1.8898222919899148
v_HammerThrow_g18_c01.avi,HammerThrow,4.08,1.8898222919899148
v_HammerThrow_g18_c02.avi,HammerThrow,5.56,1.8898222919899148
v_HammerThrow_g18_c03.avi,HammerThrow,5.24,1.8898222919899148
v_HammerThrow_g18_c04.avi,HammerThrow,6.24,1.8898222919899148
v_HammerThrow_g18_c05.avi,HammerThrow,4.64,1.8898222919899148
v_HammerThrow_g19_c01.avi,HammerThrow,7.92,1.8898222919899148
v_HammerThrow_g19_c02.avi,HammerThrow,7.0,1.8898222919899148
v_HammerThrow_g19_c03.avi,HammerThrow,6.6,1.8898222919899148
v_HammerThrow_g19_c04.avi,HammerThrow,8.36,1.8898222919899148
v_HammerThrow_g19_c05.avi,HammerThrow,8.36,1.8898222919899148
v_HammerThrow_g19_c06.avi,HammerThrow,9.64,1.8898222919899148
v_HammerThrow_g19_c07.avi,HammerThrow,7.88,1.8898222919899148
v_HammerThrow_g20_c01.avi,HammerThrow,8.12,1.8898222919899148
v_HammerThrow_g20_c02.avi,HammerThrow,7.68,1.8898222919899148
v_HammerThrow_g20_c03.avi,HammerThrow,7.64,1.8898222919899148
v_HammerThrow_g20_c04.avi,HammerThrow,4.76,1.8898222919899148
v_HammerThrow_g20_c05.avi,HammerThrow,8.16,1.8898222919899148
v_HammerThrow_g21_c01.avi,HammerThrow,7.48,1.8898222919899148
v_HammerThrow_g21_c02.avi,HammerThrow,9.28,1.8898222919899148
v_HammerThrow_g21_c03.avi,HammerThrow,5.88,1.8898222919899148
v_HammerThrow_g21_c04.avi,HammerThrow,5.56,1.8898222919899148
v_HammerThrow_g21_c05.avi,HammerThrow,5.56,1.8898222919899148
v_HammerThrow_g22_c01.avi,HammerThrow,6.16,1.8898222919899148
v_HammerThrow_g22_c02.avi,HammerThrow,7.24,1.8898222919899148
v_HammerThrow_g22_c03.avi,HammerThrow,6.6,1.8898222919899148
v_HammerThrow_g22_c04.avi,HammerThrow,5.28,1.8898222919899148
v_HammerThrow_g22_c05.avi,HammerThrow,5.36,1.8898222919899148
v_HammerThrow_g22_c06.avi,HammerThrow,5.36,1.8898222919899148
v_HammerThrow_g22_c07.avi,HammerThrow,6.16,1.8898222919899148
v_HammerThrow_g23_c01.avi,HammerThrow,8.28,1.8898222919899148
v_HammerThrow_g23_c02.avi,HammerThrow,5.0,1.8898222919899148
v_HammerThrow_g23_c03.avi,HammerThrow,9.16,1.8898222919899148
v_HammerThrow_g23_c04.avi,HammerThrow,6.0,1.8898222919899148
v_HammerThrow_g23_c05.avi,HammerThrow,5.56,1.8898222919899148
v_HammerThrow_g23_c06.avi,HammerThrow,8.2,1.8898222919899148
v_HammerThrow_g23_c07.avi,HammerThrow,7.72,1.8898222919899148
v_HammerThrow_g24_c01.avi,HammerThrow,7.88,1.8898222919899148
v_HammerThrow_g24_c02.avi,HammerThrow,5.88,1.8898222919899148
v_HammerThrow_g24_c03.avi,HammerThrow,6.44,1.8898222919899148
v_HammerThrow_g24_c04.avi,HammerThrow,5.56,1.8898222919899148
v_HammerThrow_g25_c01.avi,HammerThrow,4.88,1.8898222919899148
v_HammerThrow_g25_c02.avi,HammerThrow,3.72,1.8898222919899148
v_HammerThrow_g25_c03.avi,HammerThrow,5.0,1.8898222919899148
v_HammerThrow_g25_c04.avi,HammerThrow,7.64,1.8898222919899148
v_HammerThrow_g25_c05.avi,HammerThrow,5.16,1.8898222919899148
v_HandStandPushups_g01_c01.avi,HandstandPushups,3.12,1.3787942638578259
v_HandStandPushups_g01_c02.avi,HandstandPushups,3.72,1.3787942638578259
v_HandStandPushups_g01_c03.avi,HandstandPushups,4.04,1.3787942638578259
v_HandStandPushups_g01_c04.avi,HandstandPushups,4.24,1.3787942638578259
v_HandStandPushups_g02_c01.avi,HandstandPushups,2.16,1.3787942638578259
v_HandStandPushups_g02_c02.avi,HandstandPushups,2.2,1.3787942638578259
v_HandStandPushups_g02_c03.avi,HandstandPushups,4.2,1.3787942638578259
v_HandStandPushups_g02_c04.avi,HandstandPushups,5.28,1.3787942638578259
v_HandStandPushups_g03_c01.avi,HandstandPushups,5.0,1.3787942638578259
v_HandStandPushups_g03_c02.avi,HandstandPushups,4.6,1.3787942638578259
v_HandStandPushups_g03_c03.avi,HandstandPushups,4.92,1.3787942638578259
v_HandStandPushups_g03_c04.avi,HandstandPushups,7.0,1.3787942638578259
v_HandStandPushups_g04_c01.avi,HandstandPushups,4.6,1.3787942638578259
v_HandStandPushups_g04_c02.avi,HandstandPushups,4.32,1.3787942638578259
v_HandStandPushups_g04_c03.avi,HandstandPushups,6.4,1.3787942638578259
v_HandStandPushups_g04_c04.avi,HandstandPushups,8.88,1.3787942638578259
v_HandStandPushups_g05_c01.avi,HandstandPushups,4.56,1.3787942638578259
v_HandStandPushups_g05_c02.avi,HandstandPushups,4.52,1.3787942638578259
v_HandStandPushups_g05_c03.avi,HandstandPushups,3.2,1.3787942638578259
v_HandStandPushups_g05_c04.avi,HandstandPushups,6.4,1.3787942638578259
v_HandStandPushups_g06_c01.avi,HandstandPushups,3.52,1.3787942638578259
v_HandStandPushups_g06_c02.avi,HandstandPushups,5.0,1.3787942638578259
v_HandStandPushups_g06_c03.avi,HandstandPushups,3.6,1.3787942638578259
v_HandStandPushups_g06_c04.avi,HandstandPushups,2.88,1.3787942638578259
v_HandStandPushups_g07_c01.avi,HandstandPushups,3.68,1.3787942638578259
v_HandStandPushups_g07_c02.avi,HandstandPushups,5.48,1.3787942638578259
v_HandStandPushups_g07_c03.avi,HandstandPushups,6.12,1.3787942638578259
v_HandStandPushups_g07_c04.avi,HandstandPushups,6.88,1.3787942638578259
v_HandStandPushups_g08_c01.avi,HandstandPushups,4.2,1.3787942638578259
v_HandStandPushups_g08_c02.avi,HandstandPushups,3.76,1.3787942638578259
v_HandStandPushups_g08_c03.avi,HandstandPushups,4.2,1.3787942638578259
v_HandStandPushups_g08_c04.avi,HandstandPushups,5.2,1.3787942638578259
v_HandStandPushups_g08_c05.avi,HandstandPushups,3.0,1.3787942638578259
v_HandStandPushups_g09_c01.avi,HandstandPushups,3.6,1.3787942638578259
v_HandStandPushups_g09_c02.avi,HandstandPushups,3.6,1.3787942638578259
v_HandStandPushups_g09_c03.avi,HandstandPushups,4.2,1.3787942638578259
v_HandStandPushups_g09_c04.avi,HandstandPushups,3.0,1.3787942638578259
v_HandStandPushups_g10_c01.avi,HandstandPushups,3.24,1.3787942638578259
v_HandStandPushups_g10_c02.avi,HandstandPushups,2.8,1.3787942638578259
v_HandStandPushups_g10_c03.avi,HandstandPushups,3.0,1.3787942638578259
v_HandStandPushups_g10_c04.avi,HandstandPushups,5.2,1.3787942638578259
v_HandStandPushups_g11_c01.avi,HandstandPushups,5.8,1.3787942638578259
v_HandStandPushups_g11_c02.avi,HandstandPushups,6.04,1.3787942638578259
v_HandStandPushups_g11_c03.avi,HandstandPushups,7.4,1.3787942638578259
v_HandStandPushups_g11_c04.avi,HandstandPushups,5.8,1.3787942638578259
v_HandStandPushups_g11_c05.avi,HandstandPushups,6.16,1.3787942638578259
v_HandStandPushups_g11_c06.avi,HandstandPushups,4.4,1.3787942638578259
v_HandStandPushups_g12_c01.avi,HandstandPushups,4.2,1.3787942638578259
v_HandStandPushups_g12_c02.avi,HandstandPushups,3.4,1.3787942638578259
v_HandStandPushups_g12_c03.avi,HandstandPushups,2.88,1.3787942638578259
v_HandStandPushups_g12_c04.avi,HandstandPushups,5.04,1.3787942638578259
v_HandStandPushups_g12_c05.avi,HandstandPushups,4.32,1.3787942638578259
v_HandStandPushups_g12_c06.avi,HandstandPushups,4.04,1.3787942638578259
v_HandStandPushups_g12_c07.avi,HandstandPushups,10.04,1.3787942638578259
v_HandStandPushups_g13_c01.avi,HandstandPushups,4.88,1.3787942638578259
v_HandStandPushups_g13_c02.avi,HandstandPushups,3.4,1.3787942638578259
v_HandStandPushups_g13_c03.avi,HandstandPushups,4.52,1.3787942638578259
v_HandStandPushups_g13_c04.avi,HandstandPushups,3.6,1.3787942638578259
v_HandStandPushups_g13_c05.avi,HandstandPushups,4.6,1.3787942638578259
v_HandStandPushups_g13_c06.avi,HandstandPushups,3.8,1.3787942638578259
v_HandStandPushups_g13_c07.avi,HandstandPushups,6.04,1.3787942638578259
v_HandStandPushups_g14_c01.avi,HandstandPushups,4.2,1.3787942638578259
v_HandStandPushups_g14_c02.avi,HandstandPushups,4.24,1.3787942638578259
v_HandStandPushups_g14_c03.avi,HandstandPushups,5.0,1.3787942638578259
v_HandStandPushups_g14_c04.avi,HandstandPushups,6.6,1.3787942638578259
v_HandStandPushups_g15_c01.avi,HandstandPushups,4.44,1.3787942638578259
v_HandStandPushups_g15_c02.avi,HandstandPushups,4.28,1.3787942638578259
v_HandStandPushups_g15_c03.avi,HandstandPushups,4.28,1.3787942638578259
v_HandStandPushups_g15_c04.avi,HandstandPushups,4.8,1.3787942638578259
v_HandStandPushups_g15_c05.avi,HandstandPushups,4.44,1.3787942638578259
v_HandStandPushups_g15_c06.avi,HandstandPushups,4.04,1.3787942638578259
v_HandStandPushups_g16_c01.avi,HandstandPushups,4.84,1.3787942638578259
v_HandStandPushups_g16_c02.avi,HandstandPushups,5.0,1.3787942638578259
v_HandStandPushups_g16_c03.avi,HandstandPushups,5.0,1.3787942638578259
v_HandStandPushups_g16_c04.avi,HandstandPushups,5.0,1.3787942638578259
v_HandStandPushups_g16_c05.avi,HandstandPushups,4.04,1.3787942638578259
v_HandStandPushups_g16_c06.avi,HandstandPushups,6.04,1.3787942638578259
v_HandStandPushups_g16_c07.avi,HandstandPushups,6.36,1.3787942638578259
v_HandStandPushups_g17_c01.avi,HandstandPushups,3.4,1.3787942638578259
v_HandStandPushups_g17_c02.avi,HandstandPushups,3.8,1.3787942638578259
v_HandStandPushups_g17_c03.avi,HandstandPushups,3.0,1.3787942638578259
v_HandStandPushups_g17_c04.avi,HandstandPushups,3.0,1.3787942638578259
v_HandStandPushups_g17_c05.avi,HandstandPushups,3.6,1.3787942638578259
v_HandStandPushups_g18_c01.avi,HandstandPushups,4.2,1.3787942638578259
v_HandStandPushups_g18_c02.avi,HandstandPushups,5.0,1.3787942638578259
v_HandStandPushups_g18_c03.avi,HandstandPushups,3.72,1.3787942638578259
v_HandStandPushups_g18_c04.avi,HandstandPushups,3.56,1.3787942638578259
v_HandStandPushups_g18_c05.avi,HandstandPushups,3.88,1.3787942638578259
v_HandStandPushups_g18_c06.avi,HandstandPushups,4.04,1.3787942638578259
v_HandStandPushups_g18_c07.avi,HandstandPushups,2.72,1.3787942638578259
v_HandStandPushups_g19_c01.avi,HandstandPushups,5.36,1.3787942638578259
v_HandStandPushups_g19_c02.avi,HandstandPushups,5.4,1.3787942638578259
v_HandStandPushups_g19_c03.avi,HandstandPushups,3.28,1.3787942638578259
v_HandStandPushups_g19_c04.avi,HandstandPushups,4.2,1.3787942638578259
v_HandStandPushups_g20_c01.avi,HandstandPushups,4.4,1.3787942638578259
v_HandStandPushups_g20_c02.avi,HandstandPushups,5.36,1.3787942638578259
v_HandStandPushups_g20_c03.avi,HandstandPushups,4.88,1.3787942638578259
v_HandStandPushups_g20_c04.avi,HandstandPushups,4.8,1.3787942638578259
v_HandStandPushups_g20_c05.avi,HandstandPushups,5.0,1.3787942638578259
v_HandStandPushups_g20_c06.avi,HandstandPushups,3.12,1.3787942638578259
v_HandStandPushups_g20_c07.avi,HandstandPushups,4.6,1.3787942638578259
v_HandStandPushups_g21_c01.avi,HandstandPushups,3.32,1.3787942638578259
v_HandStandPushups_g21_c02.avi,HandstandPushups,3.44,1.3787942638578259
v_HandStandPushups_g21_c03.avi,HandstandPushups,4.88,1.3787942638578259
v_HandStandPushups_g21_c04.avi,HandstandPushups,6.28,1.3787942638578259
v_HandStandPushups_g21_c05.avi,HandstandPushups,4.04,1.3787942638578259
v_HandStandPushups_g21_c06.avi,HandstandPushups,4.04,1.3787942638578259
v_HandStandPushups_g22_c01.avi,HandstandPushups,5.16,1.3787942638578259
v_HandStandPushups_g22_c02.avi,HandstandPushups,4.44,1.3787942638578259
v_HandStandPushups_g22_c03.avi,HandstandPushups,4.6,1.3787942638578259
v_HandStandPushups_g22_c04.avi,HandstandPushups,3.64,1.3787942638578259
v_HandStandPushups_g22_c05.avi,HandstandPushups,2.0,1.3787942638578259
v_HandStandPushups_g23_c01.avi,HandstandPushups,7.2,1.3787942638578259
v_HandStandPushups_g23_c02.avi,HandstandPushups,7.36,1.3787942638578259
v_HandStandPushups_g23_c03.avi,HandstandPushups,8.44,1.3787942638578259
v_HandStandPushups_g23_c04.avi,HandstandPushups,4.48,1.3787942638578259
v_HandStandPushups_g23_c05.avi,HandstandPushups,7.4,1.3787942638578259
v_HandStandPushups_g24_c01.avi,HandstandPushups,4.16,1.3787942638578259
v_HandStandPushups_g24_c02.avi,HandstandPushups,5.6,1.3787942638578259
v_HandStandPushups_g24_c03.avi,HandstandPushups,4.28,1.3787942638578259
v_HandStandPushups_g24_c04.avi,HandstandPushups,3.36,1.3787942638578259
v_HandStandPushups_g25_c01.avi,HandstandPushups,5.52,1.3787942638578259
v_HandStandPushups_g25_c02.avi,HandstandPushups,5.2,1.3787942638578259
v_HandStandPushups_g25_c03.avi,HandstandPushups,5.32,1.3787942638578259
v_HandStandPushups_g25_c04.avi,HandstandPushups,5.68,1.3787942638578259
v_HandStandPushups_g25_c05.avi,HandstandPushups,7.04,1.3787942638578259
v_HandStandPushups_g25_c06.avi,HandstandPushups,7.36,1.3787942638578259
v_HandStandPushups_g25_c07.avi,HandstandPushups,2.64,1.3787942638578259
v_HandstandWalking_g01_c01.avi,HandstandWalking,4.36,3.2387085524376977
v_HandstandWalking_g01_c02.avi,HandstandWalking,4.16,3.2387085524376977
v_HandstandWalking_g01_c03.avi,HandstandWalking,4.24,3.2387085524376977
v_HandstandWalking_g01_c04.avi,HandstandWalking,5.6,3.2387085524376977
v_HandstandWalking_g02_c01.avi,HandstandWalking,4.16,3.2387085524376977
v_HandstandWalking_g02_c02.avi,HandstandWalking,4.16,3.2387085524376977
v_HandstandWalking_g02_c03.avi,HandstandWalking,4.8,3.2387085524376977
v_HandstandWalking_g02_c04.avi,HandstandWalking,4.76,3.2387085524376977
v_HandstandWalking_g03_c01.avi,HandstandWalking,4.16,3.2387085524376977
v_HandstandWalking_g03_c02.avi,HandstandWalking,4.24,3.2387085524376977
v_HandstandWalking_g03_c03.avi,HandstandWalking,4.2,3.2387085524376977
v_HandstandWalking_g03_c04.avi,HandstandWalking,5.36,3.2387085524376977
v_HandstandWalking_g04_c01.avi,HandstandWalking,4.32,3.2387085524376977
v_HandstandWalking_g04_c02.avi,HandstandWalking,4.8,3.2387085524376977
v_HandstandWalking_g04_c03.avi,HandstandWalking,4.88,3.2387085524376977
v_HandstandWalking_g04_c04.avi,HandstandWalking,5.12,3.2387085524376977
v_HandstandWalking_g04_c05.avi,HandstandWalking,4.92,3.2387085524376977
v_HandstandWalking_g05_c01.avi,HandstandWalking,8.96,3.2387085524376977
v_HandstandWalking_g05_c02.avi,HandstandWalking,10.0,3.2387085524376977
v_HandstandWalking_g05_c03.avi,HandstandWalking,8.88,3.2387085524376977
v_HandstandWalking_g05_c04.avi,HandstandWalking,10.12,3.2387085524376977
v_HandstandWalking_g05_c05.avi,HandstandWalking,11.48,3.2387085524376977
v_HandstandWalking_g05_c06.avi,HandstandWalking,7.6,3.2387085524376977
v_HandstandWalking_g05_c07.avi,HandstandWalking,10.04,3.2387085524376977
v_HandstandWalking_g06_c01.avi,HandstandWalking,2.68,3.2387085524376977
v_HandstandWalking_g06_c02.avi,HandstandWalking,2.72,3.2387085524376977
v_HandstandWalking_g06_c03.avi,HandstandWalking,2.88,3.2387085524376977
v_HandstandWalking_g06_c04.avi,HandstandWalking,3.04,3.2387085524376977
v_HandstandWalking_g07_c01.avi,HandstandWalking,8.96,3.2387085524376977
v_HandstandWalking_g07_c02.avi,HandstandWalking,7.68,3.2387085524376977
v_HandstandWalking_g07_c03.avi,HandstandWalking,7.48,3.2387085524376977
v_HandstandWalking_g07_c04.avi,HandstandWalking,7.72,3.2387085524376977
v_HandstandWalking_g07_c05.avi,HandstandWalking,7.96,3.2387085524376977
v_HandstandWalking_g07_c06.avi,HandstandWalking,8.04,3.2387085524376977
v_HandstandWalking_g08_c01.avi,HandstandWalking,5.44,3.2387085524376977
v_HandstandWalking_g08_c02.avi,HandstandWalking,5.36,3.2387085524376977
v_HandstandWalking_g08_c03.avi,HandstandWalking,5.32,3.2387085524376977
v_HandstandWalking_g08_c04.avi,HandstandWalking,5.56,3.2387085524376977
v_HandstandWalking_g09_c01.avi,HandstandWalking,5.8,3.2387085524376977
v_HandstandWalking_g09_c02.avi,HandstandWalking,5.76,3.2387085524376977
v_HandstandWalking_g09_c03.avi,HandstandWalking,5.8,3.2387085524376977
v_HandstandWalking_g09_c04.avi,HandstandWalking,6.16,3.2387085524376977
v_HandstandWalking_g10_c01.avi,HandstandWalking,6.2,3.2387085524376977
v_HandstandWalking_g10_c02.avi,HandstandWalking,5.96,3.2387085524376977
v_HandstandWalking_g10_c03.avi,HandstandWalking,5.92,3.2387085524376977
v_HandstandWalking_g10_c04.avi,HandstandWalking,7.84,3.2387085524376977
v_HandstandWalking_g11_c01.avi,HandstandWalking,4.96,3.2387085524376977
v_HandstandWalking_g11_c02.avi,HandstandWalking,4.88,3.2387085524376977
v_HandstandWalking_g11_c03.avi,HandstandWalking,5.08,3.2387085524376977
v_HandstandWalking_g11_c04.avi,HandstandWalking,5.24,3.2387085524376977
v_HandstandWalking_g12_c01.avi,HandstandWalking,3.04,3.2387085524376977
v_HandstandWalking_g12_c02.avi,HandstandWalking,3.16,3.2387085524376977
v_HandstandWalking_g12_c03.avi,HandstandWalking,3.12,3.2387085524376977
v_HandstandWalking_g12_c04.avi,HandstandWalking,3.72,3.2387085524376977
v_HandstandWalking_g13_c01.avi,HandstandWalking,2.92,3.2387085524376977
v_HandstandWalking_g13_c02.avi,HandstandWalking,2.76,3.2387085524376977
v_HandstandWalking_g13_c03.avi,HandstandWalking,2.84,3.2387085524376977
v_HandstandWalking_g13_c04.avi,HandstandWalking,3.24,3.2387085524376977
v_HandstandWalking_g14_c01.avi,HandstandWalking,3.0,3.2387085524376977
v_HandstandWalking_g14_c02.avi,HandstandWalking,3.56,3.2387085524376977
v_HandstandWalking_g14_c03.avi,HandstandWalking,6.28,3.2387085524376977
v_HandstandWalking_g14_c04.avi,HandstandWalking,5.56,3.2387085524376977
v_HandstandWalking_g15_c01.avi,HandstandWalking,8.24,3.2387085524376977
v_HandstandWalking_g15_c02.avi,HandstandWalking,7.8,3.2387085524376977
v_HandstandWalking_g15_c03.avi,HandstandWalking,8.24,3.2387085524376977
v_HandstandWalking_g15_c04.avi,HandstandWalking,9.0,3.2387085524376977
v_HandstandWalking_g16_c01.avi,HandstandWalking,5.16,3.2387085524376977
v_HandstandWalking_g16_c02.avi,HandstandWalking,5.28,3.2387085524376977
v_HandstandWalking_g16_c03.avi,HandstandWalking,4.36,3.2387085524376977
v_HandstandWalking_g16_c04.avi,HandstandWalking,4.68,3.2387085524376977
v_HandstandWalking_g17_c01.avi,HandstandWalking,6.12,3.2387085524376977
v_HandstandWalking_g17_c02.avi,HandstandWalking,6.0,3.2387085524376977
v_HandstandWalking_g17_c03.avi,HandstandWalking,6.16,3.2387085524376977
v_HandstandWalking_g17_c04.avi,HandstandWalking,8.68,3.2387085524376977
v_HandstandWalking_g18_c01.avi,HandstandWalking,7.08,3.2387085524376977
v_HandstandWalking_g18_c02.avi,HandstandWalking,8.2,3.2387085524376977
v_HandstandWalking_g18_c03.avi,HandstandWalking,13.16,3.2387085524376977
v_HandstandWalking_g18_c04.avi,HandstandWalking,14.56,3.2387085524376977
v_HandstandWalking_g18_c05.avi,HandstandWalking,7.04,3.2387085524376977
v_HandstandWalking_g18_c06.avi,HandstandWalking,11.52,3.2387085524376977
v_HandstandWalking_g18_c07.avi,HandstandWalking,13.16,3.2387085524376977
v_HandstandWalking_g19_c01.avi,HandstandWalking,8.84,3.2387085524376977
v_HandstandWalking_g19_c02.avi,HandstandWalking,9.32,3.2387085524376977
v_HandstandWalking_g19_c03.avi,HandstandWalking,13.24,3.2387085524376977
v_HandstandWalking_g19_c04.avi,HandstandWalking,10.64,3.2387085524376977
v_HandstandWalking_g20_c01.avi,HandstandWalking,2.72,3.2387085524376977
v_HandstandWalking_g20_c02.avi,HandstandWalking,2.72,3.2387085524376977
v_HandstandWalking_g20_c03.avi,HandstandWalking,2.88,3.2387085524376977
v_HandstandWalking_g20_c04.avi,HandstandWalking,3.52,3.2387085524376977
v_HandstandWalking_g21_c01.avi,HandstandWalking,5.2,3.2387085524376977
v_HandstandWalking_g21_c02.avi,HandstandWalking,5.04,3.2387085524376977
v_HandstandWalking_g21_c03.avi,HandstandWalking,5.04,3.2387085524376977
v_HandstandWalking_g21_c04.avi,HandstandWalking,7.0,3.2387085524376977
v_HandstandWalking_g22_c01.avi,HandstandWalking,4.96,3.2387085524376977
v_HandstandWalking_g22_c02.avi,HandstandWalking,5.88,3.2387085524376977
v_HandstandWalking_g22_c03.avi,HandstandWalking,6.04,3.2387085524376977
v_HandstandWalking_g22_c04.avi,HandstandWalking,6.16,3.2387085524376977
v_HandstandWalking_g23_c01.avi,HandstandWalking,12.84,3.2387085524376977
v_HandstandWalking_g23_c02.avi,HandstandWalking,12.52,3.2387085524376977
v_HandstandWalking_g23_c03.avi,HandstandWalking,12.16,3.2387085524376977
v_HandstandWalking_g23_c04.avi,HandstandWalking,13.76,3.2387085524376977
v_HandstandWalking_g24_c01.avi,HandstandWalking,13.44,3.2387085524376977
v_HandstandWalking_g24_c02.avi,HandstandWalking,13.24,3.2387085524376977
v_HandstandWalking_g24_c03.avi,HandstandWalking,12.8,3.2387085524376977
v_HandstandWalking_g24_c04.avi,HandstandWalking,12.96,3.2387085524376977
v_HandstandWalking_g24_c05.avi,HandstandWalking,12.48,3.2387085524376977
v_HandstandWalking_g24_c06.avi,HandstandWalking,15.0,3.2387085524376977
v_HandstandWalking_g25_c01.avi,HandstandWalking,4.2,3.2387085524376977
v_HandstandWalking_g25_c02.avi,HandstandWalking,4.12,3.2387085524376977
v_HandstandWalking_g25_c03.avi,HandstandWalking,4.04,3.2387085524376977
v_HandstandWalking_g25_c04.avi,HandstandWalking,4.04,3.2387085524376977
v_HeadMassage_g01_c01.avi,HeadMassage,6.16,2.9393594119602233
v_HeadMassage_g01_c02.avi,HeadMassage,6.08,2.9393594119602233
v_HeadMassage_g01_c03.avi,HeadMassage,5.96,2.9393594119602233
v_HeadMassage_g01_c04.avi,HeadMassage,4.32,2.9393594119602233
v_HeadMassage_g01_c05.avi,HeadMassage,4.88,2.9393594119602233
v_HeadMassage_g02_c01.avi,HeadMassage,9.72,2.9393594119602233
v_HeadMassage_g02_c02.avi,HeadMassage,9.64,2.9393594119602233
v_HeadMassage_g02_c03.avi,HeadMassage,11.12,2.9393594119602233
v_HeadMassage_g02_c04.avi,HeadMassage,10.28,2.9393594119602233
v_HeadMassage_g02_c05.avi,HeadMassage,12.28,2.9393594119602233
v_HeadMassage_g02_c06.avi,HeadMassage,12.4,2.9393594119602233
v_HeadMassage_g02_c07.avi,HeadMassage,9.92,2.9393594119602233
v_HeadMassage_g03_c01.avi,HeadMassage,12.8,2.9393594119602233
v_HeadMassage_g03_c02.avi,HeadMassage,12.8,2.9393594119602233
v_HeadMassage_g03_c03.avi,HeadMassage,14.24,2.9393594119602233
v_HeadMassage_g03_c04.avi,HeadMassage,12.6,2.9393594119602233
v_HeadMassage_g03_c05.avi,HeadMassage,13.96,2.9393594119602233
v_HeadMassage_g03_c06.avi,HeadMassage,16.16,2.9393594119602233
v_HeadMassage_g03_c07.avi,HeadMassage,13.48,2.9393594119602233
v_HeadMassage_g04_c01.avi,HeadMassage,6.12,2.9393594119602233
v_HeadMassage_g04_c02.avi,HeadMassage,6.72,2.9393594119602233
v_HeadMassage_g04_c03.avi,HeadMassage,7.2,2.9393594119602233
v_HeadMassage_g04_c04.avi,HeadMassage,7.92,2.9393594119602233
v_HeadMassage_g05_c01.avi,HeadMassage,8.76,2.9393594119602233
v_HeadMassage_g05_c02.avi,HeadMassage,7.96,2.9393594119602233
v_HeadMassage_g05_c03.avi,HeadMassage,9.24,2.9393594119602233
v_HeadMassage_g05_c04.avi,HeadMassage,9.72,2.9393594119602233
v_HeadMassage_g05_c05.avi,HeadMassage,10.8,2.9393594119602233
v_HeadMassage_g05_c06.avi,HeadMassage,4.28,2.9393594119602233
v_HeadMassage_g06_c01.avi,HeadMassage,9.16,2.9393594119602233
v_HeadMassage_g06_c02.avi,HeadMassage,4.44,2.9393594119602233
v_HeadMassage_g06_c03.avi,HeadMassage,9.52,2.9393594119602233
v_HeadMassage_g06_c04.avi,HeadMassage,9.28,2.9393594119602233
v_HeadMassage_g06_c05.avi,HeadMassage,10.52,2.9393594119602233
v_HeadMassage_g06_c06.avi,HeadMassage,8.36,2.9393594119602233
v_HeadMassage_g06_c07.avi,HeadMassage,10.28,2.9393594119602233
v_HeadMassage_g07_c01.avi,HeadMassage,10.08,2.9393594119602233
v_HeadMassage_g07_c02.avi,HeadMassage,11.92,2.9393594119602233
v_HeadMassage_g07_c03.avi,HeadMassage,7.12,2.9393594119602233
v_HeadMassage_g07_c04.avi,HeadMassage,9.24,2.9393594119602233
v_HeadMassage_g07_c05.avi,HeadMassage,9.96,2.9393594119602233
v_HeadMassage_g08_c01.avi,HeadMassage,5.12,2.9393594119602233
v_HeadMassage_g08_c02.avi,HeadMassage,8.04,2.9393594119602233
v_HeadMassage_g08_c03.avi,HeadMassage,10.04,2.9393594119602233
v_HeadMassage_g08_c04.avi,HeadMassage,8.2,2.9393594119602233
v_HeadMassage_g08_c05.avi,HeadMassage,11.12,2.9393594119602233
v_HeadMassage_g08_c06.avi,HeadMassage,8.56,2.9393594119602233
v_HeadMassage_g08_c07.avi,HeadMassage,9.56,2.9393594119602233
v_HeadMassage_g09_c01.avi,HeadMassage,4.16,2.9393594119602233
v_HeadMassage_g09_c02.avi,HeadMassage,3.72,2.9393594119602233
v_HeadMassage_g09_c03.avi,HeadMassage,3.84,2.9393594119602233
v_HeadMassage_g09_c04.avi,HeadMassage,4.68,2.9393594119602233
v_HeadMassage_g10_c01.avi,HeadMassage,4.28,2.9393594119602233
v_HeadMassage_g10_c02.avi,HeadMassage,4.04,2.9393594119602233
v_HeadMassage_g10_c03.avi,HeadMassage,3.96,2.9393594119602233
v_HeadMassage_g10_c04.avi,HeadMassage,5.96,2.9393594119602233
v_HeadMassage_g11_c01.avi,HeadMassage,7.6,2.9393594119602233
v_HeadMassage_g11_c02.avi,HeadMassage,7.56,2.9393594119602233
v_HeadMassage_g11_c03.avi,HeadMassage,4.6,2.9393594119602233
v_HeadMassage_g11_c04.avi,HeadMassage,7.48,2.9393594119602233
v_HeadMassage_g11_c05.avi,HeadMassage,7.0,2.9393594119602233
v_HeadMassage_g11_c06.avi,HeadMassage,6.96,2.9393594119602233
v_HeadMassage_g11_c07.avi,HeadMassage,9.92,2.9393594119602233
v_HeadMassage_g12_c01.avi,HeadMassage,5.08,2.9393594119602233
v_HeadMassage_g12_c02.avi,HeadMassage,4.12,2.9393594119602233
v_HeadMassage_g12_c03.avi,HeadMassage,4.24,2.9393594119602233
v_HeadMassage_g12_c04.avi,HeadMassage,6.6,2.9393594119602233
v_HeadMassage_g12_c05.avi,HeadMassage,6.76,2.9393594119602233
v_HeadMassage_g12_c06.avi,HeadMassage,6.84,2.9393594119602233
v_HeadMassage_g12_c07.avi,HeadMassage,8.68,2.9393594119602233
v_HeadMassage_g13_c01.avi,HeadMassage,3.52,2.9393594119602233
v_HeadMassage_g13_c02.avi,HeadMassage,3.96,2.9393594119602233
v_HeadMassage_g13_c03.avi,HeadMassage,4.2,2.9393594119602233
v_HeadMassage_g13_c04.avi,HeadMassage,3.28,2.9393594119602233
v_HeadMassage_g14_c01.avi,HeadMassage,4.0,2.9393594119602233
v_HeadMassage_g14_c02.avi,HeadMassage,4.04,2.9393594119602233
v_HeadMassage_g14_c03.avi,HeadMassage,3.96,2.9393594119602233
v_HeadMassage_g14_c04.avi,HeadMassage,4.04,2.9393594119602233
v_HeadMassage_g14_c05.avi,HeadMassage,3.96,2.9393594119602233
v_HeadMassage_g14_c06.avi,HeadMassage,3.96,2.9393594119602233
v_HeadMassage_g14_c07.avi,HeadMassage,5.52,2.9393594119602233
v_HeadMassage_g15_c01.avi,HeadMassage,9.96,2.9393594119602233
v_HeadMassage_g15_c02.avi,HeadMassage,8.32,2.9393594119602233
v_HeadMassage_g15_c03.avi,HeadMassage,7.68,2.9393594119602233
v_HeadMassage_g15_c04.avi,HeadMassage,5.2,2.9393594119602233
v_HeadMassage_g15_c05.avi,HeadMassage,10.88,2.9393594119602233
v_HeadMassage_g15_c06.avi,HeadMassage,8.92,2.9393594119602233
v_HeadMassage_g15_c07.avi,HeadMassage,5.32,2.9393594119602233
v_HeadMassage_g16_c01.avi,HeadMassage,3.04,2.9393594119602233
v_HeadMassage_g16_c02.avi,HeadMassage,2.96,2.9393594119602233
v_HeadMassage_g16_c03.avi,HeadMassage,3.0,2.9393594119602233
v_HeadMassage_g16_c04.avi,HeadMassage,3.72,2.9393594119602233
v_HeadMassage_g17_c01.avi,HeadMassage,12.08,2.9393594119602233
v_HeadMassage_g17_c02.avi,HeadMassage,10.0,2.9393594119602233
v_HeadMassage_g17_c03.avi,HeadMassage,9.4,2.9393594119602233
v_HeadMassage_g17_c04.avi,HeadMassage,10.4,2.9393594119602233
v_HeadMassage_g17_c05.avi,HeadMassage,10.32,2.9393594119602233
v_HeadMassage_g17_c06.avi,HeadMassage,10.88,2.9393594119602233
v_HeadMassage_g17_c07.avi,HeadMassage,10.36,2.9393594119602233
v_HeadMassage_g18_c01.avi,HeadMassage,9.72,2.9393594119602233
v_HeadMassage_g18_c02.avi,HeadMassage,6.0,2.9393594119602233
v_HeadMassage_g18_c03.avi,HeadMassage,6.88,2.9393594119602233
v_HeadMassage_g18_c04.avi,HeadMassage,10.4,2.9393594119602233
v_HeadMassage_g18_c05.avi,HeadMassage,10.08,2.9393594119602233
v_HeadMassage_g18_c06.avi,HeadMassage,4.8,2.9393594119602233
v_HeadMassage_g18_c07.avi,HeadMassage,11.44,2.9393594119602233
v_HeadMassage_g19_c01.avi,HeadMassage,5.96,2.9393594119602233
v_HeadMassage_g19_c02.avi,HeadMassage,3.96,2.9393594119602233
v_HeadMassage_g19_c03.avi,HeadMassage,6.2,2.9393594119602233
v_HeadMassage_g19_c04.avi,HeadMassage,4.84,2.9393594119602233
v_HeadMassage_g19_c05.avi,HeadMassage,5.32,2.9393594119602233
v_HeadMassage_g20_c01.avi,HeadMassage,5.96,2.9393594119602233
v_HeadMassage_g20_c02.avi,HeadMassage,5.24,2.9393594119602233
v_HeadMassage_g20_c03.avi,HeadMassage,5.08,2.9393594119602233
v_HeadMassage_g20_c04.avi,HeadMassage,5.16,2.9393594119602233
v_HeadMassage_g20_c05.avi,HeadMassage,4.24,2.9393594119602233
v_HeadMassage_g21_c01.avi,HeadMassage,4.36,2.9393594119602233
v_HeadMassage_g21_c02.avi,HeadMassage,4.6,2.9393594119602233
v_HeadMassage_g21_c03.avi,HeadMassage,5.24,2.9393594119602233
v_HeadMassage_g21_c04.avi,HeadMassage,4.56,2.9393594119602233
v_HeadMassage_g21_c05.avi,HeadMassage,5.4,2.9393594119602233
v_HeadMassage_g21_c06.avi,HeadMassage,5.96,2.9393594119602233
v_HeadMassage_g22_c01.avi,HeadMassage,8.56,2.9393594119602233
v_HeadMassage_g22_c02.avi,HeadMassage,5.4,2.9393594119602233
v_HeadMassage_g22_c03.avi,HeadMassage,5.96,2.9393594119602233
v_HeadMassage_g22_c04.avi,HeadMassage,6.28,2.9393594119602233
v_HeadMassage_g22_c05.avi,HeadMassage,7.32,2.9393594119602233
v_HeadMassage_g22_c06.avi,HeadMassage,6.92,2.9393594119602233
v_HeadMassage_g22_c07.avi,HeadMassage,7.6,2.9393594119602233
v_HeadMassage_g23_c01.avi,HeadMassage,14.84,2.9393594119602233
v_HeadMassage_g23_c02.avi,HeadMassage,9.24,2.9393594119602233
v_HeadMassage_g23_c03.avi,HeadMassage,7.28,2.9393594119602233
v_HeadMassage_g23_c04.avi,HeadMassage,5.96,2.9393594119602233
v_HeadMassage_g23_c05.avi,HeadMassage,10.96,2.9393594119602233
v_HeadMassage_g23_c06.avi,HeadMassage,8.92,2.9393594119602233
v_HeadMassage_g23_c07.avi,HeadMassage,10.2,2.9393594119602233
v_HeadMassage_g24_c01.avi,HeadMassage,4.24,2.9393594119602233
v_HeadMassage_g24_c02.avi,HeadMassage,4.72,2.9393594119602233
v_HeadMassage_g24_c03.avi,HeadMassage,4.76,2.9393594119602233
v_HeadMassage_g24_c04.avi,HeadMassage,5.36,2.9393594119602233
v_HeadMassage_g25_c01.avi,HeadMassage,4.96,2.9393594119602233
v_HeadMassage_g25_c02.avi,HeadMassage,4.0,2.9393594119602233
v_HeadMassage_g25_c03.avi,HeadMassage,5.44,2.9393594119602233
v_HeadMassage_g25_c04.avi,HeadMassage,6.4,2.9393594119602233
v_HeadMassage_g25_c05.avi,HeadMassage,6.32,2.9393594119602233
v_HeadMassage_g25_c06.avi,HeadMassage,6.24,2.9393594119602233
v_HeadMassage_g25_c07.avi,HeadMassage,3.56,2.9393594119602233
v_HighJump_g01_c01.avi,HighJump,6.2,1.0998345507019527
v_HighJump_g01_c02.avi,HighJump,6.16,1.0998345507019527
v_HighJump_g01_c03.avi,HighJump,4.08,1.0998345507019527
v_HighJump_g01_c04.avi,HighJump,7.16,1.0998345507019527
v_HighJump_g01_c05.avi,HighJump,9.28,1.0998345507019527
v_HighJump_g02_c01.avi,HighJump,5.48,1.0998345507019527
v_HighJump_g02_c02.avi,HighJump,5.48,1.0998345507019527
v_HighJump_g02_c03.avi,HighJump,4.84,1.0998345507019527
v_HighJump_g02_c04.avi,HighJump,4.16,1.0998345507019527
v_HighJump_g02_c05.avi,HighJump,6.12,1.0998345507019527
v_HighJump_g02_c06.avi,HighJump,5.76,1.0998345507019527
v_HighJump_g02_c07.avi,HighJump,5.12,1.0998345507019527
v_HighJump_g03_c01.avi,HighJump,4.32,1.0998345507019527
v_HighJump_g03_c02.avi,HighJump,5.52,1.0998345507019527
v_HighJump_g03_c03.avi,HighJump,3.68,1.0998345507019527
v_HighJump_g03_c04.avi,HighJump,7.32,1.0998345507019527
v_HighJump_g04_c01.avi,HighJump,3.84,1.0998345507019527
v_HighJump_g04_c02.avi,HighJump,5.76,1.0998345507019527
v_HighJump_g04_c03.avi,HighJump,5.76,1.0998345507019527
v_HighJump_g04_c04.avi,HighJump,4.32,1.0998345507019527
v_HighJump_g04_c05.avi,HighJump,4.36,1.0998345507019527
v_HighJump_g04_c06.avi,HighJump,5.28,1.0998345507019527
v_HighJump_g05_c01.avi,HighJump,4.84,1.0998345507019527
v_HighJump_g05_c02.avi,HighJump,2.84,1.0998345507019527
v_HighJump_g05_c03.avi,HighJump,2.96,1.0998345507019527
v_HighJump_g05_c04.avi,HighJump,4.84,1.0998345507019527
v_HighJump_g05_c05.avi,HighJump,3.96,1.0998345507019527
v_HighJump_g06_c01.avi,HighJump,4.32,1.0998345507019527
v_HighJump_g06_c02.avi,HighJump,5.28,1.0998345507019527
v_HighJump_g06_c03.avi,HighJump,6.28,1.0998345507019527
v_HighJump_g06_c04.avi,HighJump,4.2,1.0998345507019527
v_HighJump_g07_c01.avi,HighJump,4.64,1.0998345507019527
v_HighJump_g07_c02.avi,HighJump,3.92,1.0998345507019527
v_HighJump_g07_c03.avi,HighJump,4.92,1.0998345507019527
v_HighJump_g07_c04.avi,HighJump,4.08,1.0998345507019527
v_HighJump_g07_c05.avi,HighJump,3.64,1.0998345507019527
v_HighJump_g07_c06.avi,HighJump,3.2,1.0998345507019527
v_HighJump_g08_c01.avi,HighJump,4.88,1.0998345507019527
v_HighJump_g08_c02.avi,HighJump,4.68,1.0998345507019527
v_HighJump_g08_c03.avi,HighJump,4.92,1.0998345507019527
v_HighJump_g08_c04.avi,HighJump,4.48,1.0998345507019527
v_HighJump_g08_c05.avi,HighJump,5.56,1.0998345507019527
v_HighJump_g09_c01.avi,HighJump,5.68,1.0998345507019527
v_HighJump_g09_c02.avi,HighJump,3.64,1.0998345507019527
v_HighJump_g09_c03.avi,HighJump,2.68,1.0998345507019527
v_HighJump_g09_c04.avi,HighJump,3.84,1.0998345507019527
v_HighJump_g09_c05.avi,HighJump,4.2,1.0998345507019527
v_HighJump_g10_c01.avi,HighJump,4.68,1.0998345507019527
v_HighJump_g10_c02.avi,HighJump,4.68,1.0998345507019527
v_HighJump_g10_c03.avi,HighJump,5.44,1.0998345507019527
v_HighJump_g10_c04.avi,HighJump,4.84,1.0998345507019527
v_HighJump_g11_c01.avi,HighJump,3.84,1.0998345507019527
v_HighJump_g11_c02.avi,HighJump,3.52,1.0998345507019527
v_HighJump_g11_c03.avi,HighJump,4.32,1.0998345507019527
v_HighJump_g11_c04.avi,HighJump,2.88,1.0998345507019527
v_HighJump_g11_c05.avi,HighJump,2.88,1.0998345507019527
v_HighJump_g11_c06.avi,HighJump,5.28,1.0998345507019527
v_HighJump_g11_c07.avi,HighJump,2.88,1.0998345507019527
v_HighJump_g12_c01.avi,HighJump,4.32,1.0998345507019527
v_HighJump_g12_c02.avi,HighJump,4.04,1.0998345507019527
v_HighJump_g12_c03.avi,HighJump,3.68,1.0998345507019527
v_HighJump_g12_c04.avi,HighJump,3.88,1.0998345507019527
v_HighJump_g13_c01.avi,HighJump,4.72,1.0998345507019527
v_HighJump_g13_c02.avi,HighJump,3.2,1.0998345507019527
v_HighJump_g13_c03.avi,HighJump,4.4,1.0998345507019527
v_HighJump_g13_c04.avi,HighJump,4.88,1.0998345507019527
v_HighJump_g13_c05.avi,HighJump,4.0,1.0998345507019527
v_HighJump_g14_c01.avi,HighJump,4.04,1.0998345507019527
v_HighJump_g14_c02.avi,HighJump,5.64,1.0998345507019527
v_HighJump_g14_c03.avi,HighJump,5.36,1.0998345507019527
v_HighJump_g14_c04.avi,HighJump,5.84,1.0998345507019527
v_HighJump_g15_c01.avi,HighJump,3.44,1.0998345507019527
v_HighJump_g15_c02.avi,HighJump,3.64,1.0998345507019527
v_HighJump_g15_c03.avi,HighJump,4.92,1.0998345507019527
v_HighJump_g15_c04.avi,HighJump,5.08,1.0998345507019527
v_HighJump_g16_c01.avi,HighJump,3.64,1.0998345507019527
v_HighJump_g16_c02.avi,HighJump,2.84,1.0998345507019527
v_HighJump_g16_c03.avi,HighJump,3.24,1.0998345507019527
v_HighJump_g16_c04.avi,HighJump,2.56,1.0998345507019527
v_HighJump_g16_c05.avi,HighJump,3.6,1.0998345507019527
v_HighJump_g17_c01.avi,HighJump,5.36,1.0998345507019527
v_HighJump_g17_c02.avi,HighJump,5.68,1.0998345507019527
v_HighJump_g17_c03.avi,HighJump,4.64,1.0998345507019527
v_HighJump_g17_c04.avi,HighJump,4.6,1.0998345507019527
v_HighJump_g18_c01.avi,HighJump,2.88,1.0998345507019527
v_HighJump_g18_c02.avi,HighJump,2.88,1.0998345507019527
v_HighJump_g18_c03.avi,HighJump,5.32,1.0998345507019527
v_HighJump_g18_c04.avi,HighJump,4.72,1.0998345507019527
v_HighJump_g19_c01.avi,HighJump,4.84,1.0998345507019527
v_HighJump_g19_c02.avi,HighJump,3.24,1.0998345507019527
v_HighJump_g19_c03.avi,HighJump,2.44,1.0998345507019527
v_HighJump_g19_c04.avi,HighJump,6.16,1.0998345507019527
v_HighJump_g19_c05.avi,HighJump,4.68,1.0998345507019527
v_HighJump_g20_c01.avi,HighJump,4.24,1.0998345507019527
v_HighJump_g20_c02.avi,HighJump,4.04,1.0998345507019527
v_HighJump_g20_c03.avi,HighJump,4.04,1.0998345507019527
v_HighJump_g20_c04.avi,HighJump,3.64,1.0998345507019527
v_HighJump_g20_c05.avi,HighJump,4.44,1.0998345507019527
v_HighJump_g21_c01.avi,HighJump,5.4,1.0998345507019527
v_HighJump_g21_c02.avi,HighJump,5.52,1.0998345507019527
v_HighJump_g21_c03.avi,HighJump,5.04,1.0998345507019527
v_HighJump_g21_c04.avi,HighJump,5.28,1.0998345507019527
v_HighJump_g22_c01.avi,HighJump,4.32,1.0998345507019527
v_HighJump_g22_c02.avi,HighJump,4.32,1.0998345507019527
v_HighJump_g22_c03.avi,HighJump,4.84,1.0998345507019527
v_HighJump_g22_c04.avi,HighJump,5.44,1.0998345507019527
v_HighJump_g22_c05.avi,HighJump,3.8,1.0998345507019527
v_HighJump_g23_c01.avi,HighJump,4.32,1.0998345507019527
v_HighJump_g23_c02.avi,HighJump,6.24,1.0998345507019527
v_HighJump_g23_c03.avi,HighJump,5.32,1.0998345507019527
v_HighJump_g23_c04.avi,HighJump,3.4,1.0998345507019527
v_HighJump_g23_c05.avi,HighJump,4.04,1.0998345507019527
v_HighJump_g23_c06.avi,HighJump,4.84,1.0998345507019527
v_HighJump_g24_c01.avi,HighJump,2.4,1.0998345507019527
v_HighJump_g24_c02.avi,HighJump,2.96,1.0998345507019527
v_HighJump_g24_c03.avi,HighJump,3.92,1.0998345507019527
v_HighJump_g24_c04.avi,HighJump,5.28,1.0998345507019527
v_HighJump_g24_c05.avi,HighJump,2.92,1.0998345507019527
v_HighJump_g25_c01.avi,HighJump,3.84,1.0998345507019527
v_HighJump_g25_c02.avi,HighJump,4.8,1.0998345507019527
v_HighJump_g25_c03.avi,HighJump,3.4,1.0998345507019527
v_HighJump_g25_c04.avi,HighJump,3.84,1.0998345507019527
v_HighJump_g25_c05.avi,HighJump,3.84,1.0998345507019527
v_HorseRace_g01_c01.avi,HorseRace,6.4064000000000005,2.2101888794959272
v_HorseRace_g01_c02.avi,HorseRace,5.1051,2.2101888794959272
v_HorseRace_g01_c03.avi,HorseRace,5.7057,2.2101888794959272
v_HorseRace_g01_c04.avi,HorseRace,5.638966666666667,2.2101888794959272
v_HorseRace_g02_c01.avi,HorseRace,10.01,2.2101888794959272
v_HorseRace_g02_c02.avi,HorseRace,10.01,2.2101888794959272
v_HorseRace_g02_c03.avi,HorseRace,10.443766666666667,2.2101888794959272
v_HorseRace_g02_c04.avi,HorseRace,11.378033333333333,2.2101888794959272
v_HorseRace_g03_c01.avi,HorseRace,5.572233333333333,2.2101888794959272
v_HorseRace_g03_c02.avi,HorseRace,5.472133333333334,2.2101888794959272
v_HorseRace_g03_c03.avi,HorseRace,5.372033333333333,2.2101888794959272
v_HorseRace_g03_c04.avi,HorseRace,5.038366666666667,2.2101888794959272
v_HorseRace_g03_c05.avi,HorseRace,4.371033333333333,2.2101888794959272
v_HorseRace_g04_c01.avi,HorseRace,4.938266666666666,2.2101888794959272
v_HorseRace_g04_c02.avi,HorseRace,5.171833333333334,2.2101888794959272
v_HorseRace_g04_c03.avi,HorseRace,2.6026000000000002,2.2101888794959272
v_HorseRace_g04_c04.avi,HorseRace,4.5045,2.2101888794959272
v_HorseRace_g04_c05.avi,HorseRace,4.6046000000000005,2.2101888794959272
v_HorseRace_g04_c06.avi,HorseRace,5.271933333333333,2.2101888794959272
v_HorseRace_g05_c01.avi,HorseRace,8.441766666666666,2.2101888794959272
v_HorseRace_g05_c02.avi,HorseRace,9.943266666666666,2.2101888794959272
v_HorseRace_g05_c03.avi,HorseRace,9.1091,2.2101888794959272
v_HorseRace_g05_c04.avi,HorseRace,7.140466666666667,2.2101888794959272
v_HorseRace_g06_c01.avi,HorseRace,6.4064000000000005,2.2101888794959272
v_HorseRace_g06_c02.avi,HorseRace,4.838166666666667,2.2101888794959272
v_HorseRace_g06_c03.avi,HorseRace,4.637966666666666,2.2101888794959272
v_HorseRace_g06_c04.avi,HorseRace,7.1071,2.2101888794959272
v_HorseRace_g06_c05.avi,HorseRace,6.8735333333333335,2.2101888794959272
v_HorseRace_g06_c06.avi,HorseRace,7.5075,2.2101888794959272
v_HorseRace_g07_c01.avi,HorseRace,5.638966666666667,2.2101888794959272
v_HorseRace_g07_c02.avi,HorseRace,3.7370666666666668,2.2101888794959272
v_HorseRace_g07_c03.avi,HorseRace,5.138466666666667,2.2101888794959272
v_HorseRace_g07_c04.avi,HorseRace,6.072733333333334,2.2101888794959272
v_HorseRace_g07_c05.avi,HorseRace,8.274933333333333,2.2101888794959272
v_HorseRace_g07_c06.avi,HorseRace,4.5045,2.2101888794959272
v_HorseRace_g08_c01.avi,HorseRace,8.842166666666667,2.2101888794959272
v_HorseRace_g08_c02.avi,HorseRace,9.1091,2.2101888794959272
v_HorseRace_g08_c03.avi,HorseRace,6.973633333333334,2.2101888794959272
v_HorseRace_g08_c04.avi,HorseRace,10.3103,2.2101888794959272
v_HorseRace_g08_c05.avi,HorseRace,6.6066,2.2101888794959272
v_HorseRace_g09_c01.avi,HorseRace,6.3063,2.2101888794959272
v_HorseRace_g09_c02.avi,HorseRace,7.4741333333333335,2.2101888794959272
v_HorseRace_g09_c03.avi,HorseRace,9.7097,2.2101888794959272
v_HorseRace_g09_c04.avi,HorseRace,11.7117,2.2101888794959272
v_HorseRace_g10_c01.avi,HorseRace,7.273933333333334,2.2101888794959272
v_HorseRace_g10_c02.avi,HorseRace,7.1071,2.2101888794959272
v_HorseRace_g10_c03.avi,HorseRace,7.374033333333333,2.2101888794959272
v_HorseRace_g10_c04.avi,HorseRace,10.8108,2.2101888794959272
v_HorseRace_g11_c01.avi,HorseRace,9.376033333333334,2.2101888794959272
v_HorseRace_g11_c02.avi,HorseRace,11.611600000000001,2.2101888794959272
v_HorseRace_g11_c03.avi,HorseRace,8.441766666666666,2.2101888794959272
v_HorseRace_g11_c04.avi,HorseRace,12.045366666666666,2.2101888794959272
v_HorseRace_g11_c05.avi,HorseRace,10.877533333333334,2.2101888794959272
v_HorseRace_g11_c06.avi,HorseRace,12.245566666666667,2.2101888794959272
v_HorseRace_g11_c07.avi,HorseRace,13.046366666666668,2.2101888794959272
v_HorseRace_g12_c01.avi,HorseRace,10.9109,2.2101888794959272
v_HorseRace_g12_c02.avi,HorseRace,9.876533333333333,2.2101888794959272
v_HorseRace_g12_c03.avi,HorseRace,9.442766666666667,2.2101888794959272
v_HorseRace_g12_c04.avi,HorseRace,12.012,2.2101888794959272
v_HorseRace_g13_c01.avi,HorseRace,9.242566666666667,2.2101888794959272
v_HorseRace_g13_c02.avi,HorseRace,8.842166666666667,2.2101888794959272
v_HorseRace_g13_c03.avi,HorseRace,9.275933333333333,2.2101888794959272
v_HorseRace_g13_c04.avi,HorseRace,9.7097,2.2101888794959272
v_HorseRace_g13_c05.avi,HorseRace,8.842166666666667,2.2101888794959272
v_HorseRace_g14_c01.avi,HorseRace,7.140466666666667,2.2101888794959272
v_HorseRace_g14_c02.avi,HorseRace,8.7087,2.2101888794959272
v_HorseRace_g14_c03.avi,HorseRace,7.6409666666666665,2.2101888794959272
v_HorseRace_g14_c04.avi,HorseRace,9.509500000000001,2.2101888794959272
v_HorseRace_g15_c01.avi,HorseRace,8.274933333333333,2.2101888794959272
v_HorseRace_g15_c02.avi,HorseRace,9.4094,2.2101888794959272
v_HorseRace_g15_c03.avi,HorseRace,8.908900000000001,2.2101888794959272
v_HorseRace_g15_c04.avi,HorseRace,10.276933333333334,2.2101888794959272
v_HorseRace_g16_c01.avi,HorseRace,7.674333333333333,2.2101888794959272
v_HorseRace_g16_c02.avi,HorseRace,10.643966666666667,2.2101888794959272
v_HorseRace_g16_c03.avi,HorseRace,9.476133333333333,2.2101888794959272
v_HorseRace_g16_c04.avi,HorseRace,9.7097,2.2101888794959272
v_HorseRace_g16_c05.avi,HorseRace,7.1071,2.2101888794959272
v_HorseRace_g17_c01.avi,HorseRace,7.2072,2.2101888794959272
v_HorseRace_g17_c02.avi,HorseRace,7.6409666666666665,2.2101888794959272
v_HorseRace_g17_c03.avi,HorseRace,7.440766666666667,2.2101888794959272
v_HorseRace_g17_c04.avi,HorseRace,7.5075,2.2101888794959272
v_HorseRace_g17_c05.avi,HorseRace,7.4741333333333335,2.2101888794959272
v_HorseRace_g18_c01.avi,HorseRace,8.308300000000001,2.2101888794959272
v_HorseRace_g18_c02.avi,HorseRace,9.242566666666667,2.2101888794959272
v_HorseRace_g18_c03.avi,HorseRace,9.442766666666667,2.2101888794959272
v_HorseRace_g18_c04.avi,HorseRace,9.476133333333333,2.2101888794959272
v_HorseRace_g18_c05.avi,HorseRace,9.843166666666667,2.2101888794959272
v_HorseRace_g18_c06.avi,HorseRace,8.908900000000001,2.2101888794959272
v_HorseRace_g19_c01.avi,HorseRace,8.174833333333334,2.2101888794959272
v_HorseRace_g19_c02.avi,HorseRace,11.344666666666667,2.2101888794959272
v_HorseRace_g19_c03.avi,HorseRace,11.044366666666667,2.2101888794959272
v_HorseRace_g19_c04.avi,HorseRace,11.7117,2.2101888794959272
v_HorseRace_g19_c05.avi,HorseRace,11.2112,2.2101888794959272
v_HorseRace_g19_c06.avi,HorseRace,12.078733333333334,2.2101888794959272
v_HorseRace_g20_c01.avi,HorseRace,12.245566666666667,2.2101888794959272
v_HorseRace_g20_c02.avi,HorseRace,10.9109,2.2101888794959272
v_HorseRace_g20_c03.avi,HorseRace,8.675333333333333,2.2101888794959272
v_HorseRace_g20_c04.avi,HorseRace,10.877533333333334,2.2101888794959272
v_HorseRace_g20_c05.avi,HorseRace,9.142466666666667,2.2101888794959272
v_HorseRace_g21_c01.avi,HorseRace,9.843166666666667,2.2101888794959272
v_HorseRace_g21_c02.avi,HorseRace,9.843166666666667,2.2101888794959272
v_HorseRace_g21_c03.avi,HorseRace,9.342666666666666,2.2101888794959272
v_HorseRace_g21_c04.avi,HorseRace,9.376033333333334,2.2101888794959272
v_HorseRace_g21_c05.avi,HorseRace,8.875533333333333,2.2101888794959272
v_HorseRace_g22_c01.avi,HorseRace,7.273933333333334,2.2101888794959272
v_HorseRace_g22_c02.avi,HorseRace,9.4094,2.2101888794959272
v_HorseRace_g22_c03.avi,HorseRace,12.012,2.2101888794959272
v_HorseRace_g22_c04.avi,HorseRace,11.745066666666666,2.2101888794959272
v_HorseRace_g23_c01.avi,HorseRace,8.008000000000001,2.2101888794959272
v_HorseRace_g23_c02.avi,HorseRace,6.539866666666667,2.2101888794959272
v_HorseRace_g23_c03.avi,HorseRace,8.641966666666667,2.2101888794959272
v_HorseRace_g23_c04.avi,HorseRace,12.045366666666666,2.2101888794959272
v_HorseRace_g23_c05.avi,HorseRace,10.243566666666666,2.2101888794959272
v_HorseRace_g24_c01.avi,HorseRace,9.3093,2.2101888794959272
v_HorseRace_g24_c02.avi,HorseRace,10.276933333333334,2.2101888794959272
v_HorseRace_g24_c03.avi,HorseRace,8.8088,2.2101888794959272
v_HorseRace_g24_c04.avi,HorseRace,9.776433333333333,2.2101888794959272
v_HorseRace_g24_c05.avi,HorseRace,10.276933333333334,2.2101888794959272
v_HorseRace_g24_c06.avi,HorseRace,10.276933333333334,2.2101888794959272
v_HorseRace_g24_c07.avi,HorseRace,9.776433333333333,2.2101888794959272
v_HorseRace_g25_c01.avi,HorseRace,9.542866666666667,2.2101888794959272
v_HorseRace_g25_c02.avi,HorseRace,9.542866666666667,2.2101888794959272
v_HorseRace_g25_c03.avi,HorseRace,8.041366666666667,2.2101888794959272
v_HorseRace_g25_c04.avi,HorseRace,9.042366666666666,2.2101888794959272
v_HorseRiding_g01_c01.avi,HorseRiding,7.974633333333333,1.4120603222388952
v_HorseRiding_g01_c02.avi,HorseRiding,3.4034,1.4120603222388952
v_HorseRiding_g01_c03.avi,HorseRiding,3.2699333333333334,1.4120603222388952
v_HorseRiding_g01_c04.avi,HorseRiding,3.9706333333333332,1.4120603222388952
v_HorseRiding_g01_c05.avi,HorseRiding,4.0040000000000004,1.4120603222388952
v_HorseRiding_g01_c06.avi,HorseRiding,5.7057,1.4120603222388952
v_HorseRiding_g01_c07.avi,HorseRiding,4.0040000000000004,1.4120603222388952
v_HorseRiding_g02_c01.avi,HorseRiding,6.006,1.4120603222388952
v_HorseRiding_g02_c02.avi,HorseRiding,4.4044,1.4120603222388952
v_HorseRiding_g02_c03.avi,HorseRiding,4.037366666666666,1.4120603222388952
v_HorseRiding_g02_c04.avi,HorseRiding,5.6056,1.4120603222388952
v_HorseRiding_g02_c05.avi,HorseRiding,6.006,1.4120603222388952
v_HorseRiding_g02_c06.avi,HorseRiding,6.006,1.4120603222388952
v_HorseRiding_g02_c07.avi,HorseRiding,4.0040000000000004,1.4120603222388952
v_HorseRiding_g03_c01.avi,HorseRiding,6.172833333333333,1.4120603222388952
v_HorseRiding_g03_c02.avi,HorseRiding,5.038366666666667,1.4120603222388952
v_HorseRiding_g03_c03.avi,HorseRiding,5.038366666666667,1.4120603222388952
v_HorseRiding_g03_c04.avi,HorseRiding,5.038366666666667,1.4120603222388952
v_HorseRiding_g03_c05.avi,HorseRiding,5.2052000000000005,1.4120603222388952
v_HorseRiding_g03_c06.avi,HorseRiding,6.006,1.4120603222388952
v_HorseRiding_g03_c07.avi,HorseRiding,6.4064000000000005,1.4120603222388952
v_HorseRiding_g04_c01.avi,HorseRiding,6.7067000000000005,1.4120603222388952
v_HorseRiding_g04_c02.avi,HorseRiding,6.7067000000000005,1.4120603222388952
v_HorseRiding_g04_c03.avi,HorseRiding,4.237566666666667,1.4120603222388952
v_HorseRiding_g04_c04.avi,HorseRiding,6.7067000000000005,1.4120603222388952
v_HorseRiding_g04_c05.avi,HorseRiding,8.008000000000001,1.4120603222388952
v_HorseRiding_g04_c06.avi,HorseRiding,8.008000000000001,1.4120603222388952
v_HorseRiding_g04_c07.avi,HorseRiding,8.008000000000001,1.4120603222388952
v_HorseRiding_g05_c01.avi,HorseRiding,5.038366666666667,1.4120603222388952
v_HorseRiding_g05_c02.avi,HorseRiding,5.038366666666667,1.4120603222388952
v_HorseRiding_g05_c03.avi,HorseRiding,5.038366666666667,1.4120603222388952
v_HorseRiding_g05_c04.avi,HorseRiding,5.038366666666667,1.4120603222388952
v_HorseRiding_g05_c05.avi,HorseRiding,6.006,1.4120603222388952
v_HorseRiding_g05_c06.avi,HorseRiding,8.008000000000001,1.4120603222388952
v_HorseRiding_g05_c07.avi,HorseRiding,8.008000000000001,1.4120603222388952
v_HorseRiding_g06_c01.avi,HorseRiding,8.008000000000001,1.4120603222388952
v_HorseRiding_g06_c02.avi,HorseRiding,8.008000000000001,1.4120603222388952
v_HorseRiding_g06_c03.avi,HorseRiding,6.006,1.4120603222388952
v_HorseRiding_g06_c04.avi,HorseRiding,6.006,1.4120603222388952
v_HorseRiding_g06_c05.avi,HorseRiding,6.006,1.4120603222388952
v_HorseRiding_g06_c06.avi,HorseRiding,6.8068,1.4120603222388952
v_HorseRiding_g06_c07.avi,HorseRiding,7.2072,1.4120603222388952
v_HorseRiding_g07_c01.avi,HorseRiding,6.006,1.4120603222388952
v_HorseRiding_g07_c02.avi,HorseRiding,6.006,1.4120603222388952
v_HorseRiding_g07_c03.avi,HorseRiding,6.006,1.4120603222388952
v_HorseRiding_g07_c04.avi,HorseRiding,6.006,1.4120603222388952
v_HorseRiding_g07_c05.avi,HorseRiding,6.006,1.4120603222388952
v_HorseRiding_g07_c06.avi,HorseRiding,6.006,1.4120603222388952
v_HorseRiding_g07_c07.avi,HorseRiding,8.008000000000001,1.4120603222388952
v_HorseRiding_g08_c01.avi,HorseRiding,5.1051,1.4120603222388952
v_HorseRiding_g08_c02.avi,HorseRiding,5.038366666666667,1.4120603222388952
v_HorseRiding_g08_c03.avi,HorseRiding,5.038366666666667,1.4120603222388952
v_HorseRiding_g08_c04.avi,HorseRiding,5.038366666666667,1.4120603222388952
v_HorseRiding_g08_c05.avi,HorseRiding,8.008000000000001,1.4120603222388952
v_HorseRiding_g08_c06.avi,HorseRiding,5.839166666666666,1.4120603222388952
v_HorseRiding_g09_c01.avi,HorseRiding,6.7067000000000005,1.4120603222388952
v_HorseRiding_g09_c02.avi,HorseRiding,5.6723333333333334,1.4120603222388952
v_HorseRiding_g09_c03.avi,HorseRiding,6.7067000000000005,1.4120603222388952
v_HorseRiding_g09_c04.avi,HorseRiding,6.7067000000000005,1.4120603222388952
v_HorseRiding_g09_c05.avi,HorseRiding,8.008000000000001,1.4120603222388952
v_HorseRiding_g09_c06.avi,HorseRiding,8.008000000000001,1.4120603222388952
v_HorseRiding_g10_c01.avi,HorseRiding,6.7067000000000005,1.4120603222388952
v_HorseRiding_g10_c02.avi,HorseRiding,6.7067000000000005,1.4120603222388952
v_HorseRiding_g10_c03.avi,HorseRiding,6.7067000000000005,1.4120603222388952
v_HorseRiding_g10_c04.avi,HorseRiding,6.7067000000000005,1.4120603222388952
v_HorseRiding_g10_c05.avi,HorseRiding,6.7067000000000005,1.4120603222388952
v_HorseRiding_g10_c06.avi,HorseRiding,6.7067000000000005,1.4120603222388952
v_HorseRiding_g10_c07.avi,HorseRiding,8.008000000000001,1.4120603222388952
v_HorseRiding_g11_c01.avi,HorseRiding,8.008000000000001,1.4120603222388952
v_HorseRiding_g11_c02.avi,HorseRiding,8.008000000000001,1.4120603222388952
v_HorseRiding_g11_c03.avi,HorseRiding,5.038366666666667,1.4120603222388952
v_HorseRiding_g11_c04.avi,HorseRiding,5.038366666666667,1.4120603222388952
v_HorseRiding_g11_c05.avi,HorseRiding,5.038366666666667,1.4120603222388952
v_HorseRiding_g11_c06.avi,HorseRiding,5.038366666666667,1.4120603222388952
v_HorseRiding_g11_c07.avi,HorseRiding,8.008000000000001,1.4120603222388952
v_HorseRiding_g12_c01.avi,HorseRiding,6.7067000000000005,1.4120603222388952
v_HorseRiding_g12_c02.avi,HorseRiding,6.7067000000000005,1.4120603222388952
v_HorseRiding_g12_c03.avi,HorseRiding,6.7067000000000005,1.4120603222388952
v_HorseRiding_g12_c04.avi,HorseRiding,6.7067000000000005,1.4120603222388952
v_HorseRiding_g12_c05.avi,HorseRiding,4.671333333333333,1.4120603222388952
v_HorseRiding_g12_c06.avi,HorseRiding,6.8068,1.4120603222388952
v_HorseRiding_g12_c07.avi,HorseRiding,5.8058000000000005,1.4120603222388952
v_HorseRiding_g13_c01.avi,HorseRiding,6.7067000000000005,1.4120603222388952
v_HorseRiding_g13_c02.avi,HorseRiding,6.7067000000000005,1.4120603222388952
v_HorseRiding_g13_c03.avi,HorseRiding,6.7067000000000005,1.4120603222388952
v_HorseRiding_g13_c04.avi,HorseRiding,6.7067000000000005,1.4120603222388952
v_HorseRiding_g14_c01.avi,HorseRiding,5.1051,1.4120603222388952
v_HorseRiding_g14_c02.avi,HorseRiding,1.0677333333333334,1.4120603222388952
v_HorseRiding_g14_c03.avi,HorseRiding,3.1031,1.4120603222388952
v_HorseRiding_g14_c04.avi,HorseRiding,3.1031,1.4120603222388952
v_HorseRiding_g14_c05.avi,HorseRiding,6.006,1.4120603222388952
v_HorseRiding_g14_c06.avi,HorseRiding,6.006,1.4120603222388952
v_HorseRiding_g14_c07.avi,HorseRiding,6.006,1.4120603222388952
v_HorseRiding_g15_c01.avi,HorseRiding,8.074733333333333,1.4120603222388952
v_HorseRiding_g15_c02.avi,HorseRiding,5.238566666666666,1.4120603222388952
v_HorseRiding_g15_c03.avi,HorseRiding,5.7057,1.4120603222388952
v_HorseRiding_g15_c04.avi,HorseRiding,5.038366666666667,1.4120603222388952
v_HorseRiding_g15_c05.avi,HorseRiding,5.038366666666667,1.4120603222388952
v_HorseRiding_g15_c06.avi,HorseRiding,5.038366666666667,1.4120603222388952
v_HorseRiding_g16_c01.avi,HorseRiding,5.372033333333333,1.4120603222388952
v_HorseRiding_g16_c02.avi,HorseRiding,5.372033333333333,1.4120603222388952
v_HorseRiding_g16_c03.avi,HorseRiding,5.372033333333333,1.4120603222388952
v_HorseRiding_g16_c04.avi,HorseRiding,5.638966666666667,1.4120603222388952
v_HorseRiding_g16_c05.avi,HorseRiding,10.076733333333333,1.4120603222388952
v_HorseRiding_g16_c06.avi,HorseRiding,10.410400000000001,1.4120603222388952
v_HorseRiding_g17_c01.avi,HorseRiding,8.008000000000001,1.4120603222388952
v_HorseRiding_g17_c02.avi,HorseRiding,8.008000000000001,1.4120603222388952
v_HorseRiding_g17_c03.avi,HorseRiding,8.008000000000001,1.4120603222388952
v_HorseRiding_g17_c04.avi,HorseRiding,8.008000000000001,1.4120603222388952
v_HorseRiding_g17_c05.avi,HorseRiding,8.008000000000001,1.4120603222388952
v_HorseRiding_g17_c06.avi,HorseRiding,8.008000000000001,1.4120603222388952
v_HorseRiding_g18_c01.avi,HorseRiding,6.7067000000000005,1.4120603222388952
v_HorseRiding_g18_c02.avi,HorseRiding,6.7067000000000005,1.4120603222388952
v_HorseRiding_g18_c03.avi,HorseRiding,6.7067000000000005,1.4120603222388952
v_HorseRiding_g18_c04.avi,HorseRiding,6.7067000000000005,1.4120603222388952
v_HorseRiding_g18_c05.avi,HorseRiding,8.008000000000001,1.4120603222388952
v_HorseRiding_g18_c06.avi,HorseRiding,8.008000000000001,1.4120603222388952
v_HorseRiding_g19_c01.avi,HorseRiding,6.4064000000000005,1.4120603222388952
v_HorseRiding_g19_c02.avi,HorseRiding,6.006,1.4120603222388952
v_HorseRiding_g19_c03.avi,HorseRiding,6.373033333333334,1.4120603222388952
v_HorseRiding_g19_c04.avi,HorseRiding,6.006,1.4120603222388952
v_HorseRiding_g19_c05.avi,HorseRiding,8.008000000000001,1.4120603222388952
v_HorseRiding_g19_c06.avi,HorseRiding,8.008000000000001,1.4120603222388952
v_HorseRiding_g19_c07.avi,HorseRiding,8.008000000000001,1.4120603222388952
v_HorseRiding_g20_c01.avi,HorseRiding,6.7067000000000005,1.4120603222388952
v_HorseRiding_g20_c02.avi,HorseRiding,5.839166666666666,1.4120603222388952
v_HorseRiding_g20_c03.avi,HorseRiding,5.872533333333333,1.4120603222388952
v_HorseRiding_g20_c04.avi,HorseRiding,5.438766666666667,1.4120603222388952
v_HorseRiding_g20_c05.avi,HorseRiding,5.438766666666667,1.4120603222388952
v_HorseRiding_g20_c06.avi,HorseRiding,7.073733333333333,1.4120603222388952
v_HorseRiding_g20_c07.avi,HorseRiding,6.006,1.4120603222388952
v_HorseRiding_g21_c01.avi,HorseRiding,5.7057,1.4120603222388952
v_HorseRiding_g21_c02.avi,HorseRiding,4.871533333333334,1.4120603222388952
v_HorseRiding_g21_c03.avi,HorseRiding,6.7067000000000005,1.4120603222388952
v_HorseRiding_g21_c04.avi,HorseRiding,5.572233333333333,1.4120603222388952
v_HorseRiding_g21_c05.avi,HorseRiding,6.3063,1.4120603222388952
v_HorseRiding_g21_c06.avi,HorseRiding,8.008000000000001,1.4120603222388952
v_HorseRiding_g22_c01.avi,HorseRiding,8.008000000000001,1.4120603222388952
v_HorseRiding_g22_c02.avi,HorseRiding,8.008000000000001,1.4120603222388952
v_HorseRiding_g22_c03.avi,HorseRiding,8.008000000000001,1.4120603222388952
v_HorseRiding_g22_c04.avi,HorseRiding,8.008000000000001,1.4120603222388952
v_HorseRiding_g22_c05.avi,HorseRiding,8.008000000000001,1.4120603222388952
v_HorseRiding_g22_c06.avi,HorseRiding,8.008000000000001,1.4120603222388952
v_HorseRiding_g22_c07.avi,HorseRiding,8.008000000000001,1.4120603222388952
v_HorseRiding_g23_c01.avi,HorseRiding,6.673333333333334,1.4120603222388952
v_HorseRiding_g23_c02.avi,HorseRiding,8.375033333333333,1.4120603222388952
v_HorseRiding_g23_c03.avi,HorseRiding,5.038366666666667,1.4120603222388952
v_HorseRiding_g23_c04.avi,HorseRiding,4.2042,1.4120603222388952
v_HorseRiding_g23_c05.avi,HorseRiding,6.006,1.4120603222388952
v_HorseRiding_g23_c06.avi,HorseRiding,6.7067000000000005,1.4120603222388952
v_HorseRiding_g24_c01.avi,HorseRiding,5.038366666666667,1.4120603222388952
v_HorseRiding_g24_c02.avi,HorseRiding,6.2729333333333335,1.4120603222388952
v_HorseRiding_g24_c03.avi,HorseRiding,5.038366666666667,1.4120603222388952
v_HorseRiding_g24_c04.avi,HorseRiding,6.006,1.4120603222388952
v_HorseRiding_g24_c05.avi,HorseRiding,6.006,1.4120603222388952
v_HorseRiding_g24_c06.avi,HorseRiding,6.006,1.4120603222388952
v_HorseRiding_g24_c07.avi,HorseRiding,8.008000000000001,1.4120603222388952
v_HorseRiding_g25_c01.avi,HorseRiding,8.008000000000001,1.4120603222388952
v_HorseRiding_g25_c02.avi,HorseRiding,8.008000000000001,1.4120603222388952
v_HorseRiding_g25_c03.avi,HorseRiding,8.008000000000001,1.4120603222388952
v_HorseRiding_g25_c04.avi,HorseRiding,8.008000000000001,1.4120603222388952
v_HorseRiding_g25_c05.avi,HorseRiding,8.008000000000001,1.4120603222388952
v_HorseRiding_g25_c06.avi,HorseRiding,8.008000000000001,1.4120603222388952
v_HorseRiding_g25_c07.avi,HorseRiding,8.008000000000001,1.4120603222388952
v_HulaHoop_g01_c01.avi,HulaHoop,3.64,1.1727417668067017
v_HulaHoop_g01_c02.avi,HulaHoop,5.64,1.1727417668067017
v_HulaHoop_g01_c03.avi,HulaHoop,4.44,1.1727417668067017
v_HulaHoop_g01_c04.avi,HulaHoop,4.04,1.1727417668067017
v_HulaHoop_g01_c05.avi,HulaHoop,4.84,1.1727417668067017
v_HulaHoop_g01_c06.avi,HulaHoop,4.84,1.1727417668067017
v_HulaHoop_g01_c07.avi,HulaHoop,4.72,1.1727417668067017
v_HulaHoop_g02_c01.avi,HulaHoop,4.44,1.1727417668067017
v_HulaHoop_g02_c02.avi,HulaHoop,4.84,1.1727417668067017
v_HulaHoop_g02_c03.avi,HulaHoop,4.84,1.1727417668067017
v_HulaHoop_g02_c04.avi,HulaHoop,4.44,1.1727417668067017
v_HulaHoop_g03_c01.avi,HulaHoop,3.68,1.1727417668067017
v_HulaHoop_g03_c02.avi,HulaHoop,3.24,1.1727417668067017
v_HulaHoop_g03_c03.avi,HulaHoop,3.64,1.1727417668067017
v_HulaHoop_g03_c04.avi,HulaHoop,4.04,1.1727417668067017
v_HulaHoop_g03_c05.avi,HulaHoop,3.68,1.1727417668067017
v_HulaHoop_g04_c01.avi,HulaHoop,4.52,1.1727417668067017
v_HulaHoop_g04_c02.avi,HulaHoop,4.48,1.1727417668067017
v_HulaHoop_g04_c03.avi,HulaHoop,4.2,1.1727417668067017
v_HulaHoop_g04_c04.avi,HulaHoop,4.44,1.1727417668067017
v_HulaHoop_g04_c05.avi,HulaHoop,4.6,1.1727417668067017
v_HulaHoop_g05_c01.avi,HulaHoop,4.24,1.1727417668067017
v_HulaHoop_g05_c02.avi,HulaHoop,3.84,1.1727417668067017
v_HulaHoop_g05_c03.avi,HulaHoop,4.32,1.1727417668067017
v_HulaHoop_g05_c04.avi,HulaHoop,4.56,1.1727417668067017
v_HulaHoop_g06_c01.avi,HulaHoop,3.84,1.1727417668067017
v_HulaHoop_g06_c02.avi,HulaHoop,4.32,1.1727417668067017
v_HulaHoop_g06_c03.avi,HulaHoop,3.84,1.1727417668067017
v_HulaHoop_g06_c04.avi,HulaHoop,3.84,1.1727417668067017
v_HulaHoop_g07_c01.avi,HulaHoop,3.84,1.1727417668067017
v_HulaHoop_g07_c02.avi,HulaHoop,4.04,1.1727417668067017
v_HulaHoop_g07_c03.avi,HulaHoop,3.64,1.1727417668067017
v_HulaHoop_g07_c04.avi,HulaHoop,4.04,1.1727417668067017
v_HulaHoop_g07_c05.avi,HulaHoop,4.04,1.1727417668067017
v_HulaHoop_g08_c01.avi,HulaHoop,3.64,1.1727417668067017
v_HulaHoop_g08_c02.avi,HulaHoop,3.64,1.1727417668067017
v_HulaHoop_g08_c03.avi,HulaHoop,3.64,1.1727417668067017
v_HulaHoop_g08_c04.avi,HulaHoop,3.24,1.1727417668067017
v_HulaHoop_g08_c05.avi,HulaHoop,4.04,1.1727417668067017
v_HulaHoop_g09_c01.avi,HulaHoop,4.04,1.1727417668067017
v_HulaHoop_g09_c02.avi,HulaHoop,4.04,1.1727417668067017
v_HulaHoop_g09_c03.avi,HulaHoop,3.48,1.1727417668067017
v_HulaHoop_g09_c04.avi,HulaHoop,4.04,1.1727417668067017
v_HulaHoop_g09_c05.avi,HulaHoop,3.64,1.1727417668067017
v_HulaHoop_g09_c06.avi,HulaHoop,3.48,1.1727417668067017
v_HulaHoop_g10_c01.avi,HulaHoop,3.4,1.1727417668067017
v_HulaHoop_g10_c02.avi,HulaHoop,4.04,1.1727417668067017
v_HulaHoop_g10_c03.avi,HulaHoop,4.04,1.1727417668067017
v_HulaHoop_g10_c04.avi,HulaHoop,4.04,1.1727417668067017
v_HulaHoop_g11_c01.avi,HulaHoop,7.84,1.1727417668067017
v_HulaHoop_g11_c02.avi,HulaHoop,8.0,1.1727417668067017
v_HulaHoop_g11_c03.avi,HulaHoop,6.92,1.1727417668067017
v_HulaHoop_g11_c04.avi,HulaHoop,6.0,1.1727417668067017
v_HulaHoop_g12_c01.avi,HulaHoop,4.04,1.1727417668067017
v_HulaHoop_g12_c02.avi,HulaHoop,3.64,1.1727417668067017
v_HulaHoop_g12_c03.avi,HulaHoop,3.84,1.1727417668067017
v_HulaHoop_g12_c04.avi,HulaHoop,3.96,1.1727417668067017
v_HulaHoop_g12_c05.avi,HulaHoop,3.64,1.1727417668067017
v_HulaHoop_g12_c06.avi,HulaHoop,3.56,1.1727417668067017
v_HulaHoop_g13_c01.avi,HulaHoop,3.64,1.1727417668067017
v_HulaHoop_g13_c02.avi,HulaHoop,3.96,1.1727417668067017
v_HulaHoop_g13_c03.avi,HulaHoop,3.76,1.1727417668067017
v_HulaHoop_g13_c04.avi,HulaHoop,4.04,1.1727417668067017
v_HulaHoop_g13_c05.avi,HulaHoop,3.44,1.1727417668067017
v_HulaHoop_g13_c06.avi,HulaHoop,3.44,1.1727417668067017
v_HulaHoop_g14_c01.avi,HulaHoop,8.68,1.1727417668067017
v_HulaHoop_g14_c02.avi,HulaHoop,8.6,1.1727417668067017
v_HulaHoop_g14_c03.avi,HulaHoop,8.52,1.1727417668067017
v_HulaHoop_g14_c04.avi,HulaHoop,8.84,1.1727417668067017
v_HulaHoop_g14_c05.avi,HulaHoop,8.84,1.1727417668067017
v_HulaHoop_g15_c01.avi,HulaHoop,3.24,1.1727417668067017
v_HulaHoop_g15_c02.avi,HulaHoop,3.44,1.1727417668067017
v_HulaHoop_g15_c03.avi,HulaHoop,3.48,1.1727417668067017
v_HulaHoop_g15_c04.avi,HulaHoop,3.24,1.1727417668067017
v_HulaHoop_g15_c05.avi,HulaHoop,4.04,1.1727417668067017
v_HulaHoop_g16_c01.avi,HulaHoop,3.64,1.1727417668067017
v_HulaHoop_g16_c02.avi,HulaHoop,3.68,1.1727417668067017
v_HulaHoop_g16_c03.avi,HulaHoop,3.84,1.1727417668067017
v_HulaHoop_g16_c04.avi,HulaHoop,3.68,1.1727417668067017
v_HulaHoop_g16_c05.avi,HulaHoop,4.04,1.1727417668067017
v_HulaHoop_g16_c06.avi,HulaHoop,3.64,1.1727417668067017
v_HulaHoop_g17_c01.avi,HulaHoop,3.6,1.1727417668067017
v_HulaHoop_g17_c02.avi,HulaHoop,4.04,1.1727417668067017
v_HulaHoop_g17_c03.avi,HulaHoop,3.96,1.1727417668067017
v_HulaHoop_g17_c04.avi,HulaHoop,3.96,1.1727417668067017
v_HulaHoop_g17_c05.avi,HulaHoop,3.8,1.1727417668067017
v_HulaHoop_g18_c01.avi,HulaHoop,3.84,1.1727417668067017
v_HulaHoop_g18_c02.avi,HulaHoop,4.32,1.1727417668067017
v_HulaHoop_g18_c03.avi,HulaHoop,3.68,1.1727417668067017
v_HulaHoop_g18_c04.avi,HulaHoop,4.8,1.1727417668067017
v_HulaHoop_g19_c01.avi,HulaHoop,3.4,1.1727417668067017
v_HulaHoop_g19_c02.avi,HulaHoop,3.64,1.1727417668067017
v_HulaHoop_g19_c03.avi,HulaHoop,3.56,1.1727417668067017
v_HulaHoop_g19_c04.avi,HulaHoop,3.72,1.1727417668067017
v_HulaHoop_g20_c01.avi,HulaHoop,4.04,1.1727417668067017
v_HulaHoop_g20_c02.avi,HulaHoop,3.68,1.1727417668067017
v_HulaHoop_g20_c03.avi,HulaHoop,3.92,1.1727417668067017
v_HulaHoop_g20_c04.avi,HulaHoop,4.04,1.1727417668067017
v_HulaHoop_g20_c05.avi,HulaHoop,3.84,1.1727417668067017
v_HulaHoop_g20_c06.avi,HulaHoop,4.04,1.1727417668067017
v_HulaHoop_g20_c07.avi,HulaHoop,4.04,1.1727417668067017
v_HulaHoop_g21_c01.avi,HulaHoop,3.84,1.1727417668067017
v_HulaHoop_g21_c02.avi,HulaHoop,3.12,1.1727417668067017
v_HulaHoop_g21_c03.avi,HulaHoop,4.04,1.1727417668067017
v_HulaHoop_g21_c04.avi,HulaHoop,4.04,1.1727417668067017
v_HulaHoop_g22_c01.avi,HulaHoop,3.52,1.1727417668067017
v_HulaHoop_g22_c02.avi,HulaHoop,3.72,1.1727417668067017
v_HulaHoop_g22_c03.avi,HulaHoop,3.8,1.1727417668067017
v_HulaHoop_g22_c04.avi,HulaHoop,3.68,1.1727417668067017
v_HulaHoop_g22_c05.avi,HulaHoop,3.48,1.1727417668067017
v_HulaHoop_g23_c01.avi,HulaHoop,3.24,1.1727417668067017
v_HulaHoop_g23_c02.avi,HulaHoop,3.28,1.1727417668067017
v_HulaHoop_g23_c03.avi,HulaHoop,3.24,1.1727417668067017
v_HulaHoop_g23_c04.avi,HulaHoop,3.64,1.1727417668067017
v_HulaHoop_g23_c05.avi,HulaHoop,4.04,1.1727417668067017
v_HulaHoop_g23_c06.avi,HulaHoop,4.04,1.1727417668067017
v_HulaHoop_g24_c01.avi,HulaHoop,3.6,1.1727417668067017
v_HulaHoop_g24_c02.avi,HulaHoop,3.76,1.1727417668067017
v_HulaHoop_g24_c03.avi,HulaHoop,3.88,1.1727417668067017
v_HulaHoop_g24_c04.avi,HulaHoop,3.52,1.1727417668067017
v_HulaHoop_g25_c01.avi,HulaHoop,3.88,1.1727417668067017
v_HulaHoop_g25_c02.avi,HulaHoop,3.64,1.1727417668067017
v_HulaHoop_g25_c03.avi,HulaHoop,3.64,1.1727417668067017
v_HulaHoop_g25_c04.avi,HulaHoop,3.88,1.1727417668067017
v_HulaHoop_g25_c05.avi,HulaHoop,3.68,1.1727417668067017
v_IceDancing_g01_c01.avi,IceDancing,9.76,0.8866218647478415
v_IceDancing_g01_c02.avi,IceDancing,10.04,0.8866218647478415
v_IceDancing_g01_c03.avi,IceDancing,9.4,0.8866218647478415
v_IceDancing_g01_c04.avi,IceDancing,10.32,0.8866218647478415
v_IceDancing_g01_c05.avi,IceDancing,10.36,0.8866218647478415
v_IceDancing_g01_c06.avi,IceDancing,10.36,0.8866218647478415
v_IceDancing_g01_c07.avi,IceDancing,10.04,0.8866218647478415
v_IceDancing_g02_c01.avi,IceDancing,10.24,0.8866218647478415
v_IceDancing_g02_c02.avi,IceDancing,10.08,0.8866218647478415
v_IceDancing_g02_c03.avi,IceDancing,10.08,0.8866218647478415
v_IceDancing_g02_c04.avi,IceDancing,10.24,0.8866218647478415
v_IceDancing_g02_c05.avi,IceDancing,9.76,0.8866218647478415
v_IceDancing_g02_c06.avi,IceDancing,9.92,0.8866218647478415
v_IceDancing_g02_c07.avi,IceDancing,9.96,0.8866218647478415
v_IceDancing_g03_c01.avi,IceDancing,10.32,0.8866218647478415
v_IceDancing_g03_c02.avi,IceDancing,10.2,0.8866218647478415
v_IceDancing_g03_c03.avi,IceDancing,9.88,0.8866218647478415
v_IceDancing_g03_c04.avi,IceDancing,9.72,0.8866218647478415
v_IceDancing_g03_c05.avi,IceDancing,9.76,0.8866218647478415
v_IceDancing_g03_c06.avi,IceDancing,9.6,0.8866218647478415
v_IceDancing_g04_c01.avi,IceDancing,10.2,0.8866218647478415
v_IceDancing_g04_c02.avi,IceDancing,9.96,0.8866218647478415
v_IceDancing_g04_c03.avi,IceDancing,10.2,0.8866218647478415
v_IceDancing_g04_c04.avi,IceDancing,10.0,0.8866218647478415
v_IceDancing_g04_c05.avi,IceDancing,9.96,0.8866218647478415
v_IceDancing_g04_c06.avi,IceDancing,10.44,0.8866218647478415
v_IceDancing_g04_c07.avi,IceDancing,10.2,0.8866218647478415
v_IceDancing_g05_c01.avi,IceDancing,9.92,0.8866218647478415
v_IceDancing_g05_c02.avi,IceDancing,9.92,0.8866218647478415
v_IceDancing_g05_c03.avi,IceDancing,9.68,0.8866218647478415
v_IceDancing_g05_c04.avi,IceDancing,9.72,0.8866218647478415
v_IceDancing_g05_c05.avi,IceDancing,9.72,0.8866218647478415
v_IceDancing_g05_c06.avi,IceDancing,9.72,0.8866218647478415
v_IceDancing_g06_c01.avi,IceDancing,7.48,0.8866218647478415
v_IceDancing_g06_c02.avi,IceDancing,9.92,0.8866218647478415
v_IceDancing_g06_c03.avi,IceDancing,9.92,0.8866218647478415
v_IceDancing_g06_c04.avi,IceDancing,9.92,0.8866218647478415
v_IceDancing_g06_c05.avi,IceDancing,9.32,0.8866218647478415
v_IceDancing_g06_c06.avi,IceDancing,10.08,0.8866218647478415
v_IceDancing_g07_c01.avi,IceDancing,10.44,0.8866218647478415
v_IceDancing_g07_c02.avi,IceDancing,10.64,0.8866218647478415
v_IceDancing_g07_c03.avi,IceDancing,10.44,0.8866218647478415
v_IceDancing_g07_c04.avi,IceDancing,9.2,0.8866218647478415
v_IceDancing_g07_c05.avi,IceDancing,9.8,0.8866218647478415
v_IceDancing_g07_c06.avi,IceDancing,10.24,0.8866218647478415
v_IceDancing_g07_c07.avi,IceDancing,10.2,0.8866218647478415
v_IceDancing_g08_c01.avi,IceDancing,9.96,0.8866218647478415
v_IceDancing_g08_c02.avi,IceDancing,10.24,0.8866218647478415
v_IceDancing_g08_c03.avi,IceDancing,10.0,0.8866218647478415
v_IceDancing_g08_c04.avi,IceDancing,10.24,0.8866218647478415
v_IceDancing_g08_c05.avi,IceDancing,9.68,0.8866218647478415
v_IceDancing_g08_c06.avi,IceDancing,10.0,0.8866218647478415
v_IceDancing_g08_c07.avi,IceDancing,10.28,0.8866218647478415
v_IceDancing_g09_c01.avi,IceDancing,10.28,0.8866218647478415
v_IceDancing_g09_c02.avi,IceDancing,10.28,0.8866218647478415
v_IceDancing_g09_c03.avi,IceDancing,9.96,0.8866218647478415
v_IceDancing_g09_c04.avi,IceDancing,10.44,0.8866218647478415
v_IceDancing_g09_c05.avi,IceDancing,10.12,0.8866218647478415
v_IceDancing_g09_c06.avi,IceDancing,8.64,0.8866218647478415
v_IceDancing_g10_c01.avi,IceDancing,10.16,0.8866218647478415
v_IceDancing_g10_c02.avi,IceDancing,10.4,0.8866218647478415
v_IceDancing_g10_c03.avi,IceDancing,10.92,0.8866218647478415
v_IceDancing_g10_c04.avi,IceDancing,10.2,0.8866218647478415
v_IceDancing_g10_c05.avi,IceDancing,10.4,0.8866218647478415
v_IceDancing_g10_c06.avi,IceDancing,10.16,0.8866218647478415
v_IceDancing_g10_c07.avi,IceDancing,10.2,0.8866218647478415
v_IceDancing_g11_c01.avi,IceDancing,10.08,0.8866218647478415
v_IceDancing_g11_c02.avi,IceDancing,9.76,0.8866218647478415
v_IceDancing_g11_c03.avi,IceDancing,10.08,0.8866218647478415
v_IceDancing_g11_c04.avi,IceDancing,10.24,0.8866218647478415
v_IceDancing_g12_c01.avi,IceDancing,9.6,0.8866218647478415
v_IceDancing_g12_c02.avi,IceDancing,10.08,0.8866218647478415
v_IceDancing_g12_c03.avi,IceDancing,10.12,0.8866218647478415
v_IceDancing_g12_c04.avi,IceDancing,10.36,0.8866218647478415
v_IceDancing_g12_c05.avi,IceDancing,10.2,0.8866218647478415
v_IceDancing_g12_c06.avi,IceDancing,9.96,0.8866218647478415
v_IceDancing_g12_c07.avi,IceDancing,10.2,0.8866218647478415
v_IceDancing_g13_c01.avi,IceDancing,10.0,0.8866218647478415
v_IceDancing_g13_c02.avi,IceDancing,10.24,0.8866218647478415
v_IceDancing_g13_c03.avi,IceDancing,9.76,0.8866218647478415
v_IceDancing_g13_c04.avi,IceDancing,10.0,0.8866218647478415
v_IceDancing_g13_c05.avi,IceDancing,9.8,0.8866218647478415
v_IceDancing_g14_c01.avi,IceDancing,10.48,0.8866218647478415
v_IceDancing_g14_c02.avi,IceDancing,10.24,0.8866218647478415
v_IceDancing_g14_c03.avi,IceDancing,10.2,0.8866218647478415
v_IceDancing_g14_c04.avi,IceDancing,10.6,0.8866218647478415
v_IceDancing_g14_c05.avi,IceDancing,10.52,0.8866218647478415
v_IceDancing_g14_c06.avi,IceDancing,9.92,0.8866218647478415
v_IceDancing_g15_c01.avi,IceDancing,10.04,0.8866218647478415
v_IceDancing_g15_c02.avi,IceDancing,10.04,0.8866218647478415
v_IceDancing_g15_c03.avi,IceDancing,10.04,0.8866218647478415
v_IceDancing_g15_c04.avi,IceDancing,10.4,0.8866218647478415
v_IceDancing_g16_c01.avi,IceDancing,10.32,0.8866218647478415
v_IceDancing_g16_c02.avi,IceDancing,10.28,0.8866218647478415
v_IceDancing_g16_c03.avi,IceDancing,10.12,0.8866218647478415
v_IceDancing_g16_c04.avi,IceDancing,9.88,0.8866218647478415
v_IceDancing_g16_c05.avi,IceDancing,9.68,0.8866218647478415
v_IceDancing_g16_c06.avi,IceDancing,9.68,0.8866218647478415
v_IceDancing_g17_c01.avi,IceDancing,10.36,0.8866218647478415
v_IceDancing_g17_c02.avi,IceDancing,9.4,0.8866218647478415
v_IceDancing_g17_c03.avi,IceDancing,10.6,0.8866218647478415
v_IceDancing_g17_c04.avi,IceDancing,9.64,0.8866218647478415
v_IceDancing_g17_c05.avi,IceDancing,9.88,0.8866218647478415
v_IceDancing_g18_c01.avi,IceDancing,9.12,0.8866218647478415
v_IceDancing_g18_c02.avi,IceDancing,10.0,0.8866218647478415
v_IceDancing_g18_c03.avi,IceDancing,10.64,0.8866218647478415
v_IceDancing_g18_c04.avi,IceDancing,10.44,0.8866218647478415
v_IceDancing_g18_c05.avi,IceDancing,10.2,0.8866218647478415
v_IceDancing_g18_c06.avi,IceDancing,9.56,0.8866218647478415
v_IceDancing_g19_c01.avi,IceDancing,3.76,0.8866218647478415
v_IceDancing_g19_c02.avi,IceDancing,10.08,0.8866218647478415
v_IceDancing_g19_c03.avi,IceDancing,9.64,0.8866218647478415
v_IceDancing_g19_c04.avi,IceDancing,6.12,0.8866218647478415
v_IceDancing_g19_c05.avi,IceDancing,10.08,0.8866218647478415
v_IceDancing_g19_c06.avi,IceDancing,10.08,0.8866218647478415
v_IceDancing_g19_c07.avi,IceDancing,3.44,0.8866218647478415
v_IceDancing_g20_c01.avi,IceDancing,9.88,0.8866218647478415
v_IceDancing_g20_c02.avi,IceDancing,10.44,0.8866218647478415
v_IceDancing_g20_c03.avi,IceDancing,10.4,0.8866218647478415
v_IceDancing_g20_c04.avi,IceDancing,10.04,0.8866218647478415
v_IceDancing_g20_c05.avi,IceDancing,10.76,0.8866218647478415
v_IceDancing_g20_c06.avi,IceDancing,10.4,0.8866218647478415
v_IceDancing_g20_c07.avi,IceDancing,10.76,0.8866218647478415
v_IceDancing_g21_c01.avi,IceDancing,10.32,0.8866218647478415
v_IceDancing_g21_c02.avi,IceDancing,9.8,0.8866218647478415
v_IceDancing_g21_c03.avi,IceDancing,10.32,0.8866218647478415
v_IceDancing_g21_c04.avi,IceDancing,9.92,0.8866218647478415
v_IceDancing_g21_c05.avi,IceDancing,9.36,0.8866218647478415
v_IceDancing_g21_c06.avi,IceDancing,10.04,0.8866218647478415
v_IceDancing_g21_c07.avi,IceDancing,10.04,0.8866218647478415
v_IceDancing_g22_c01.avi,IceDancing,10.32,0.8866218647478415
v_IceDancing_g22_c02.avi,IceDancing,10.56,0.8866218647478415
v_IceDancing_g22_c03.avi,IceDancing,9.28,0.8866218647478415
v_IceDancing_g22_c04.avi,IceDancing,10.08,0.8866218647478415
v_IceDancing_g22_c05.avi,IceDancing,10.56,0.8866218647478415
v_IceDancing_g22_c06.avi,IceDancing,10.32,0.8866218647478415
v_IceDancing_g22_c07.avi,IceDancing,10.56,0.8866218647478415
v_IceDancing_g23_c01.avi,IceDancing,10.08,0.8866218647478415
v_IceDancing_g23_c02.avi,IceDancing,10.52,0.8866218647478415
v_IceDancing_g23_c03.avi,IceDancing,10.08,0.8866218647478415
v_IceDancing_g23_c04.avi,IceDancing,9.64,0.8866218647478415
v_IceDancing_g23_c05.avi,IceDancing,10.32,0.8866218647478415
v_IceDancing_g23_c06.avi,IceDancing,10.76,0.8866218647478415
v_IceDancing_g23_c07.avi,IceDancing,9.88,0.8866218647478415
v_IceDancing_g24_c01.avi,IceDancing,9.84,0.8866218647478415
v_IceDancing_g24_c02.avi,IceDancing,10.44,0.8866218647478415
v_IceDancing_g24_c03.avi,IceDancing,10.6,0.8866218647478415
v_IceDancing_g24_c04.avi,IceDancing,10.24,0.8866218647478415
v_IceDancing_g24_c05.avi,IceDancing,10.2,0.8866218647478415
v_IceDancing_g24_c06.avi,IceDancing,9.84,0.8866218647478415
v_IceDancing_g24_c07.avi,IceDancing,10.04,0.8866218647478415
v_IceDancing_g25_c01.avi,IceDancing,10.24,0.8866218647478415
v_IceDancing_g25_c02.avi,IceDancing,10.44,0.8866218647478415
v_IceDancing_g25_c03.avi,IceDancing,10.68,0.8866218647478415
v_IceDancing_g25_c04.avi,IceDancing,10.64,0.8866218647478415
v_IceDancing_g25_c05.avi,IceDancing,9.84,0.8866218647478415
v_IceDancing_g25_c06.avi,IceDancing,9.84,0.8866218647478415
v_IceDancing_g25_c07.avi,IceDancing,9.4,0.8866218647478415
v_JavelinThrow_g01_c01.avi,JavelinThrow,4.8,1.385293818137509
v_JavelinThrow_g01_c02.avi,JavelinThrow,5.76,1.385293818137509
v_JavelinThrow_g01_c03.avi,JavelinThrow,5.56,1.385293818137509
v_JavelinThrow_g01_c04.avi,JavelinThrow,4.4,1.385293818137509
v_JavelinThrow_g02_c01.avi,JavelinThrow,2.84,1.385293818137509
v_JavelinThrow_g02_c02.avi,JavelinThrow,4.44,1.385293818137509
v_JavelinThrow_g02_c03.avi,JavelinThrow,3.24,1.385293818137509
v_JavelinThrow_g02_c04.avi,JavelinThrow,5.68,1.385293818137509
v_JavelinThrow_g03_c01.avi,JavelinThrow,5.84,1.385293818137509
v_JavelinThrow_g03_c02.avi,JavelinThrow,6.04,1.385293818137509
v_JavelinThrow_g03_c03.avi,JavelinThrow,5.24,1.385293818137509
v_JavelinThrow_g03_c04.avi,JavelinThrow,2.44,1.385293818137509
v_JavelinThrow_g04_c01.avi,JavelinThrow,5.28,1.385293818137509
v_JavelinThrow_g04_c02.avi,JavelinThrow,6.68,1.385293818137509
v_JavelinThrow_g04_c03.avi,JavelinThrow,4.92,1.385293818137509
v_JavelinThrow_g04_c04.avi,JavelinThrow,4.8,1.385293818137509
v_JavelinThrow_g05_c01.avi,JavelinThrow,2.84,1.385293818137509
v_JavelinThrow_g05_c02.avi,JavelinThrow,3.52,1.385293818137509
v_JavelinThrow_g05_c03.avi,JavelinThrow,3.92,1.385293818137509
v_JavelinThrow_g05_c04.avi,JavelinThrow,6.36,1.385293818137509
v_JavelinThrow_g05_c05.avi,JavelinThrow,3.24,1.385293818137509
v_JavelinThrow_g05_c06.avi,JavelinThrow,2.04,1.385293818137509
v_JavelinThrow_g06_c01.avi,JavelinThrow,6.24,1.385293818137509
v_JavelinThrow_g06_c02.avi,JavelinThrow,6.52,1.385293818137509
v_JavelinThrow_g06_c03.avi,JavelinThrow,5.68,1.385293818137509
v_JavelinThrow_g06_c04.avi,JavelinThrow,5.4,1.385293818137509
v_JavelinThrow_g07_c01.avi,JavelinThrow,3.08,1.385293818137509
v_JavelinThrow_g07_c02.avi,JavelinThrow,2.4,1.385293818137509
v_JavelinThrow_g07_c03.avi,JavelinThrow,2.64,1.385293818137509
v_JavelinThrow_g07_c04.avi,JavelinThrow,3.6,1.385293818137509
v_JavelinThrow_g07_c05.avi,JavelinThrow,2.88,1.385293818137509
v_JavelinThrow_g08_c01.avi,JavelinThrow,3.36,1.385293818137509
v_JavelinThrow_g08_c02.avi,JavelinThrow,3.84,1.385293818137509
v_JavelinThrow_g08_c03.avi,JavelinThrow,5.28,1.385293818137509
v_JavelinThrow_g08_c04.avi,JavelinThrow,2.88,1.385293818137509
v_JavelinThrow_g09_c01.avi,JavelinThrow,4.64,1.385293818137509
v_JavelinThrow_g09_c02.avi,JavelinThrow,3.36,1.385293818137509
v_JavelinThrow_g09_c03.avi,JavelinThrow,4.36,1.385293818137509
v_JavelinThrow_g09_c04.avi,JavelinThrow,5.44,1.385293818137509
v_JavelinThrow_g10_c01.avi,JavelinThrow,2.88,1.385293818137509
v_JavelinThrow_g10_c02.avi,JavelinThrow,1.92,1.385293818137509
v_JavelinThrow_g10_c03.avi,JavelinThrow,2.88,1.385293818137509
v_JavelinThrow_g10_c04.avi,JavelinThrow,5.28,1.385293818137509
v_JavelinThrow_g10_c05.avi,JavelinThrow,3.36,1.385293818137509
v_JavelinThrow_g11_c01.avi,JavelinThrow,5.88,1.385293818137509
v_JavelinThrow_g11_c02.avi,JavelinThrow,5.76,1.385293818137509
v_JavelinThrow_g11_c03.avi,JavelinThrow,4.8,1.385293818137509
v_JavelinThrow_g11_c04.avi,JavelinThrow,5.28,1.385293818137509
v_JavelinThrow_g11_c05.avi,JavelinThrow,6.56,1.385293818137509
v_JavelinThrow_g11_c06.avi,JavelinThrow,5.76,1.385293818137509
v_JavelinThrow_g12_c01.avi,JavelinThrow,3.24,1.385293818137509
v_JavelinThrow_g12_c02.avi,JavelinThrow,4.44,1.385293818137509
v_JavelinThrow_g12_c03.avi,JavelinThrow,2.84,1.385293818137509
v_JavelinThrow_g12_c04.avi,JavelinThrow,2.44,1.385293818137509
v_JavelinThrow_g13_c01.avi,JavelinThrow,4.04,1.385293818137509
v_JavelinThrow_g13_c02.avi,JavelinThrow,4.44,1.385293818137509
v_JavelinThrow_g13_c03.avi,JavelinThrow,5.24,1.385293818137509
v_JavelinThrow_g13_c04.avi,JavelinThrow,4.24,1.385293818137509
v_JavelinThrow_g14_c01.avi,JavelinThrow,2.04,1.385293818137509
v_JavelinThrow_g14_c02.avi,JavelinThrow,2.04,1.385293818137509
v_JavelinThrow_g14_c03.avi,JavelinThrow,2.04,1.385293818137509
v_JavelinThrow_g14_c04.avi,JavelinThrow,2.04,1.385293818137509
v_JavelinThrow_g14_c05.avi,JavelinThrow,2.04,1.385293818137509
v_JavelinThrow_g14_c06.avi,JavelinThrow,2.04,1.385293818137509
v_JavelinThrow_g15_c01.avi,JavelinThrow,2.88,1.385293818137509
v_JavelinThrow_g15_c02.avi,JavelinThrow,2.4,1.385293818137509
v_JavelinThrow_g15_c03.avi,JavelinThrow,3.28,1.385293818137509
v_JavelinThrow_g15_c04.avi,JavelinThrow,2.92,1.385293818137509
v_JavelinThrow_g15_c05.avi,JavelinThrow,3.44,1.385293818137509
v_JavelinThrow_g15_c06.avi,JavelinThrow,3.36,1.385293818137509
v_JavelinThrow_g16_c01.avi,JavelinThrow,6.28,1.385293818137509
v_JavelinThrow_g16_c02.avi,JavelinThrow,5.28,1.385293818137509
v_JavelinThrow_g16_c03.avi,JavelinThrow,3.36,1.385293818137509
v_JavelinThrow_g16_c04.avi,JavelinThrow,3.84,1.385293818137509
v_JavelinThrow_g16_c05.avi,JavelinThrow,6.8,1.385293818137509
v_JavelinThrow_g16_c06.avi,JavelinThrow,6.72,1.385293818137509
v_JavelinThrow_g17_c01.avi,JavelinThrow,3.84,1.385293818137509
v_JavelinThrow_g17_c02.avi,JavelinThrow,2.44,1.385293818137509
v_JavelinThrow_g17_c03.avi,JavelinThrow,3.64,1.385293818137509
v_JavelinThrow_g17_c04.avi,JavelinThrow,3.8,1.385293818137509
v_JavelinThrow_g17_c05.avi,JavelinThrow,3.84,1.385293818137509
v_JavelinThrow_g18_c01.avi,JavelinThrow,2.8,1.385293818137509
v_JavelinThrow_g18_c02.avi,JavelinThrow,2.84,1.385293818137509
v_JavelinThrow_g18_c03.avi,JavelinThrow,3.64,1.385293818137509
v_JavelinThrow_g18_c04.avi,JavelinThrow,3.68,1.385293818137509
v_JavelinThrow_g19_c01.avi,JavelinThrow,3.32,1.385293818137509
v_JavelinThrow_g19_c02.avi,JavelinThrow,4.04,1.385293818137509
v_JavelinThrow_g19_c03.avi,JavelinThrow,4.56,1.385293818137509
v_JavelinThrow_g19_c04.avi,JavelinThrow,3.36,1.385293818137509
v_JavelinThrow_g20_c01.avi,JavelinThrow,2.44,1.385293818137509
v_JavelinThrow_g20_c02.avi,JavelinThrow,2.52,1.385293818137509
v_JavelinThrow_g20_c03.avi,JavelinThrow,2.44,1.385293818137509
v_JavelinThrow_g20_c04.avi,JavelinThrow,2.44,1.385293818137509
v_JavelinThrow_g21_c01.avi,JavelinThrow,2.88,1.385293818137509
v_JavelinThrow_g21_c02.avi,JavelinThrow,2.4,1.385293818137509
v_JavelinThrow_g21_c03.avi,JavelinThrow,2.4,1.385293818137509
v_JavelinThrow_g21_c04.avi,JavelinThrow,2.4,1.385293818137509
v_JavelinThrow_g22_c01.avi,JavelinThrow,2.24,1.385293818137509
v_JavelinThrow_g22_c02.avi,JavelinThrow,3.52,1.385293818137509
v_JavelinThrow_g22_c03.avi,JavelinThrow,3.64,1.385293818137509
v_JavelinThrow_g22_c04.avi,JavelinThrow,4.64,1.385293818137509
v_JavelinThrow_g23_c01.avi,JavelinThrow,6.56,1.385293818137509
v_JavelinThrow_g23_c02.avi,JavelinThrow,5.64,1.385293818137509
v_JavelinThrow_g23_c03.avi,JavelinThrow,6.6,1.385293818137509
v_JavelinThrow_g23_c04.avi,JavelinThrow,5.44,1.385293818137509
v_JavelinThrow_g23_c05.avi,JavelinThrow,5.36,1.385293818137509
v_JavelinThrow_g24_c01.avi,JavelinThrow,3.64,1.385293818137509
v_JavelinThrow_g24_c02.avi,JavelinThrow,5.12,1.385293818137509
v_JavelinThrow_g24_c03.avi,JavelinThrow,5.24,1.385293818137509
v_JavelinThrow_g24_c04.avi,JavelinThrow,3.56,1.385293818137509
v_JavelinThrow_g24_c05.avi,JavelinThrow,4.96,1.385293818137509
v_JavelinThrow_g24_c06.avi,JavelinThrow,2.72,1.385293818137509
v_JavelinThrow_g25_c01.avi,JavelinThrow,5.44,1.385293818137509
v_JavelinThrow_g25_c02.avi,JavelinThrow,3.24,1.385293818137509
v_JavelinThrow_g25_c03.avi,JavelinThrow,6.12,1.385293818137509
v_JavelinThrow_g25_c04.avi,JavelinThrow,4.04,1.385293818137509
v_JavelinThrow_g25_c05.avi,JavelinThrow,5.28,1.385293818137509
v_JugglingBalls_g01_c01.avi,JugglingBalls,10.28,0.4790658955001955
v_JugglingBalls_g01_c02.avi,JugglingBalls,9.92,0.4790658955001955
v_JugglingBalls_g01_c03.avi,JugglingBalls,10.04,0.4790658955001955
v_JugglingBalls_g01_c04.avi,JugglingBalls,9.8,0.4790658955001955
v_JugglingBalls_g02_c01.avi,JugglingBalls,9.88,0.4790658955001955
v_JugglingBalls_g02_c02.avi,JugglingBalls,10.12,0.4790658955001955
v_JugglingBalls_g02_c03.avi,JugglingBalls,9.92,0.4790658955001955
v_JugglingBalls_g02_c04.avi,JugglingBalls,9.88,0.4790658955001955
v_JugglingBalls_g02_c05.avi,JugglingBalls,9.88,0.4790658955001955
v_JugglingBalls_g02_c06.avi,JugglingBalls,10.12,0.4790658955001955
v_JugglingBalls_g03_c01.avi,JugglingBalls,10.52,0.4790658955001955
v_JugglingBalls_g03_c02.avi,JugglingBalls,9.96,0.4790658955001955
v_JugglingBalls_g03_c03.avi,JugglingBalls,10.12,0.4790658955001955
v_JugglingBalls_g03_c04.avi,JugglingBalls,10.24,0.4790658955001955
v_JugglingBalls_g03_c05.avi,JugglingBalls,11.04,0.4790658955001955
v_JugglingBalls_g03_c06.avi,JugglingBalls,10.28,0.4790658955001955
v_JugglingBalls_g03_c07.avi,JugglingBalls,10.76,0.4790658955001955
v_JugglingBalls_g04_c01.avi,JugglingBalls,10.4,0.4790658955001955
v_JugglingBalls_g04_c02.avi,JugglingBalls,10.12,0.4790658955001955
v_JugglingBalls_g04_c03.avi,JugglingBalls,9.84,0.4790658955001955
v_JugglingBalls_g04_c04.avi,JugglingBalls,9.96,0.4790658955001955
v_JugglingBalls_g04_c05.avi,JugglingBalls,10.2,0.4790658955001955
v_JugglingBalls_g05_c01.avi,JugglingBalls,9.72,0.4790658955001955
v_JugglingBalls_g05_c02.avi,JugglingBalls,9.64,0.4790658955001955
v_JugglingBalls_g05_c03.avi,JugglingBalls,9.76,0.4790658955001955
v_JugglingBalls_g05_c04.avi,JugglingBalls,10.16,0.4790658955001955
v_JugglingBalls_g05_c05.avi,JugglingBalls,10.4,0.4790658955001955
v_JugglingBalls_g06_c01.avi,JugglingBalls,10.24,0.4790658955001955
v_JugglingBalls_g06_c02.avi,JugglingBalls,9.6,0.4790658955001955
v_JugglingBalls_g06_c03.avi,JugglingBalls,10.28,0.4790658955001955
v_JugglingBalls_g06_c04.avi,JugglingBalls,10.08,0.4790658955001955
v_JugglingBalls_g06_c05.avi,JugglingBalls,9.52,0.4790658955001955
v_JugglingBalls_g06_c06.avi,JugglingBalls,10.24,0.4790658955001955
v_JugglingBalls_g07_c01.avi,JugglingBalls,10.12,0.4790658955001955
v_JugglingBalls_g07_c02.avi,JugglingBalls,10.44,0.4790658955001955
v_JugglingBalls_g07_c03.avi,JugglingBalls,9.84,0.4790658955001955
v_JugglingBalls_g07_c04.avi,JugglingBalls,10.0,0.4790658955001955
v_JugglingBalls_g07_c05.avi,JugglingBalls,9.92,0.4790658955001955
v_JugglingBalls_g07_c06.avi,JugglingBalls,9.88,0.4790658955001955
v_JugglingBalls_g07_c07.avi,JugglingBalls,10.08,0.4790658955001955
v_JugglingBalls_g08_c01.avi,JugglingBalls,10.32,0.4790658955001955
v_JugglingBalls_g08_c02.avi,JugglingBalls,10.4,0.4790658955001955
v_JugglingBalls_g08_c03.avi,JugglingBalls,10.16,0.4790658955001955
v_JugglingBalls_g08_c04.avi,JugglingBalls,10.0,0.4790658955001955
v_JugglingBalls_g08_c05.avi,JugglingBalls,9.76,0.4790658955001955
v_JugglingBalls_g09_c01.avi,JugglingBalls,10.48,0.4790658955001955
v_JugglingBalls_g09_c02.avi,JugglingBalls,10.12,0.4790658955001955
v_JugglingBalls_g09_c03.avi,JugglingBalls,9.92,0.4790658955001955
v_JugglingBalls_g09_c04.avi,JugglingBalls,9.76,0.4790658955001955
v_JugglingBalls_g09_c05.avi,JugglingBalls,10.36,0.4790658955001955
v_JugglingBalls_g09_c06.avi,JugglingBalls,9.92,0.4790658955001955
v_JugglingBalls_g10_c01.avi,JugglingBalls,10.08,0.4790658955001955
v_JugglingBalls_g10_c02.avi,JugglingBalls,10.16,0.4790658955001955
v_JugglingBalls_g10_c03.avi,JugglingBalls,10.12,0.4790658955001955
v_JugglingBalls_g10_c04.avi,JugglingBalls,9.88,0.4790658955001955
v_JugglingBalls_g11_c01.avi,JugglingBalls,10.56,0.4790658955001955
v_JugglingBalls_g11_c02.avi,JugglingBalls,9.4,0.4790658955001955
v_JugglingBalls_g11_c03.avi,JugglingBalls,9.96,0.4790658955001955
v_JugglingBalls_g11_c04.avi,JugglingBalls,10.12,0.4790658955001955
v_JugglingBalls_g11_c05.avi,JugglingBalls,9.88,0.4790658955001955
v_JugglingBalls_g12_c01.avi,JugglingBalls,10.48,0.4790658955001955
v_JugglingBalls_g12_c02.avi,JugglingBalls,10.12,0.4790658955001955
v_JugglingBalls_g12_c03.avi,JugglingBalls,10.12,0.4790658955001955
v_JugglingBalls_g12_c04.avi,JugglingBalls,9.72,0.4790658955001955
v_JugglingBalls_g12_c05.avi,JugglingBalls,10.04,0.4790658955001955
v_JugglingBalls_g13_c01.avi,JugglingBalls,9.4,0.4790658955001955
v_JugglingBalls_g13_c02.avi,JugglingBalls,10.28,0.4790658955001955
v_JugglingBalls_g13_c03.avi,JugglingBalls,9.72,0.4790658955001955
v_JugglingBalls_g13_c04.avi,JugglingBalls,10.6,0.4790658955001955
v_JugglingBalls_g14_c01.avi,JugglingBalls,9.32,0.4790658955001955
v_JugglingBalls_g14_c02.avi,JugglingBalls,10.0,0.4790658955001955
v_JugglingBalls_g14_c03.avi,JugglingBalls,10.96,0.4790658955001955
v_JugglingBalls_g14_c04.avi,JugglingBalls,9.88,0.4790658955001955
v_JugglingBalls_g14_c05.avi,JugglingBalls,9.88,0.4790658955001955
v_JugglingBalls_g15_c01.avi,JugglingBalls,10.0,0.4790658955001955
v_JugglingBalls_g15_c02.avi,JugglingBalls,10.28,0.4790658955001955
v_JugglingBalls_g15_c03.avi,JugglingBalls,10.28,0.4790658955001955
v_JugglingBalls_g15_c04.avi,JugglingBalls,10.16,0.4790658955001955
v_JugglingBalls_g16_c01.avi,JugglingBalls,9.28,0.4790658955001955
v_JugglingBalls_g16_c02.avi,JugglingBalls,10.32,0.4790658955001955
v_JugglingBalls_g16_c03.avi,JugglingBalls,10.04,0.4790658955001955
v_JugglingBalls_g16_c04.avi,JugglingBalls,9.4,0.4790658955001955
v_JugglingBalls_g17_c01.avi,JugglingBalls,7.64,0.4790658955001955
v_JugglingBalls_g17_c02.avi,JugglingBalls,7.92,0.4790658955001955
v_JugglingBalls_g17_c03.avi,JugglingBalls,8.36,0.4790658955001955
v_JugglingBalls_g17_c04.avi,JugglingBalls,8.4,0.4790658955001955
v_JugglingBalls_g18_c01.avi,JugglingBalls,10.16,0.4790658955001955
v_JugglingBalls_g18_c02.avi,JugglingBalls,9.72,0.4790658955001955
v_JugglingBalls_g18_c03.avi,JugglingBalls,10.08,0.4790658955001955
v_JugglingBalls_g18_c04.avi,JugglingBalls,9.88,0.4790658955001955
v_JugglingBalls_g19_c01.avi,JugglingBalls,10.24,0.4790658955001955
v_JugglingBalls_g19_c02.avi,JugglingBalls,9.36,0.4790658955001955
v_JugglingBalls_g19_c03.avi,JugglingBalls,9.44,0.4790658955001955
v_JugglingBalls_g19_c04.avi,JugglingBalls,10.32,0.4790658955001955
v_JugglingBalls_g20_c01.avi,JugglingBalls,9.64,0.4790658955001955
v_JugglingBalls_g20_c02.avi,JugglingBalls,9.96,0.4790658955001955
v_JugglingBalls_g20_c03.avi,JugglingBalls,9.96,0.4790658955001955
v_JugglingBalls_g20_c04.avi,JugglingBalls,10.56,0.4790658955001955
v_JugglingBalls_g21_c01.avi,JugglingBalls,9.84,0.4790658955001955
v_JugglingBalls_g21_c02.avi,JugglingBalls,9.64,0.4790658955001955
v_JugglingBalls_g21_c03.avi,JugglingBalls,10.36,0.4790658955001955
v_JugglingBalls_g21_c04.avi,JugglingBalls,10.36,0.4790658955001955
v_JugglingBalls_g22_c01.avi,JugglingBalls,10.2,0.4790658955001955
v_JugglingBalls_g22_c02.avi,JugglingBalls,10.24,0.4790658955001955
v_JugglingBalls_g22_c03.avi,JugglingBalls,9.28,0.4790658955001955
v_JugglingBalls_g22_c04.avi,JugglingBalls,10.08,0.4790658955001955
v_JugglingBalls_g22_c05.avi,JugglingBalls,9.48,0.4790658955001955
v_JugglingBalls_g22_c06.avi,JugglingBalls,10.16,0.4790658955001955
v_JugglingBalls_g23_c01.avi,JugglingBalls,10.04,0.4790658955001955
v_JugglingBalls_g23_c02.avi,JugglingBalls,9.72,0.4790658955001955
v_JugglingBalls_g23_c03.avi,JugglingBalls,10.04,0.4790658955001955
v_JugglingBalls_g23_c04.avi,JugglingBalls,9.88,0.4790658955001955
v_JugglingBalls_g24_c01.avi,JugglingBalls,9.68,0.4790658955001955
v_JugglingBalls_g24_c02.avi,JugglingBalls,10.4,0.4790658955001955
v_JugglingBalls_g24_c03.avi,JugglingBalls,9.8,0.4790658955001955
v_JugglingBalls_g24_c04.avi,JugglingBalls,9.64,0.4790658955001955
v_JugglingBalls_g25_c01.avi,JugglingBalls,10.12,0.4790658955001955
v_JugglingBalls_g25_c02.avi,JugglingBalls,10.12,0.4790658955001955
v_JugglingBalls_g25_c03.avi,JugglingBalls,9.96,0.4790658955001955
v_JugglingBalls_g25_c04.avi,JugglingBalls,9.96,0.4790658955001955
v_JugglingBalls_g25_c05.avi,JugglingBalls,10.16,0.4790658955001955
v_JumpingJack_g01_c01.avi,JumpingJack,3.1031,0.4588227246362657
v_JumpingJack_g01_c02.avi,JumpingJack,3.036366666666667,0.4588227246362657
v_JumpingJack_g01_c03.avi,JumpingJack,3.069733333333333,0.4588227246362657
v_JumpingJack_g01_c04.avi,JumpingJack,2.9696333333333333,0.4588227246362657
v_JumpingJack_g01_c05.avi,JumpingJack,2.9696333333333333,0.4588227246362657
v_JumpingJack_g01_c06.avi,JumpingJack,2.9362666666666666,0.4588227246362657
v_JumpingJack_g01_c07.avi,JumpingJack,2.9696333333333333,0.4588227246362657
v_JumpingJack_g02_c01.avi,JumpingJack,2.1021,0.4588227246362657
v_JumpingJack_g02_c02.avi,JumpingJack,2.1021,0.4588227246362657
v_JumpingJack_g02_c03.avi,JumpingJack,3.370033333333333,0.4588227246362657
v_JumpingJack_g02_c04.avi,JumpingJack,3.1364666666666667,0.4588227246362657
v_JumpingJack_g03_c01.avi,JumpingJack,1.8685333333333334,0.4588227246362657
v_JumpingJack_g03_c02.avi,JumpingJack,2.9362666666666666,0.4588227246362657
v_JumpingJack_g03_c03.avi,JumpingJack,2.8361666666666667,0.4588227246362657
v_JumpingJack_g03_c04.avi,JumpingJack,2.8028,0.4588227246362657
v_JumpingJack_g04_c01.avi,JumpingJack,1.8018,0.4588227246362657
v_JumpingJack_g04_c02.avi,JumpingJack,2.6026000000000002,0.4588227246362657
v_JumpingJack_g04_c03.avi,JumpingJack,2.6693333333333333,0.4588227246362657
v_JumpingJack_g04_c04.avi,JumpingJack,2.8361666666666667,0.4588227246362657
v_JumpingJack_g05_c01.avi,JumpingJack,2.7027,0.4588227246362657
v_JumpingJack_g05_c02.avi,JumpingJack,2.736066666666667,0.4588227246362657
v_JumpingJack_g05_c03.avi,JumpingJack,3.336666666666667,0.4588227246362657
v_JumpingJack_g05_c04.avi,JumpingJack,2.7027,0.4588227246362657
v_JumpingJack_g05_c05.avi,JumpingJack,2.6359666666666666,0.4588227246362657
v_JumpingJack_g05_c06.avi,JumpingJack,2.736066666666667,0.4588227246362657
v_JumpingJack_g06_c01.avi,JumpingJack,2.3690333333333333,0.4588227246362657
v_JumpingJack_g06_c02.avi,JumpingJack,2.4024,0.4588227246362657
v_JumpingJack_g06_c03.avi,JumpingJack,2.6359666666666666,0.4588227246362657
v_JumpingJack_g06_c04.avi,JumpingJack,2.435766666666667,0.4588227246362657
v_JumpingJack_g06_c05.avi,JumpingJack,2.3356666666666666,0.4588227246362657
v_JumpingJack_g06_c06.avi,JumpingJack,2.4024,0.4588227246362657
v_JumpingJack_g06_c07.avi,JumpingJack,2.2022,0.4588227246362657
v_JumpingJack_g07_c01.avi,JumpingJack,2.9362666666666666,0.4588227246362657
v_JumpingJack_g07_c02.avi,JumpingJack,2.8028,0.4588227246362657
v_JumpingJack_g07_c03.avi,JumpingJack,2.8028,0.4588227246362657
v_JumpingJack_g07_c04.avi,JumpingJack,2.9029000000000003,0.4588227246362657
v_JumpingJack_g07_c05.avi,JumpingJack,2.9362666666666666,0.4588227246362657
v_JumpingJack_g08_c01.avi,JumpingJack,2.6693333333333333,0.4588227246362657
v_JumpingJack_g08_c02.avi,JumpingJack,2.769433333333333,0.4588227246362657
v_JumpingJack_g08_c03.avi,JumpingJack,2.7027,0.4588227246362657
v_JumpingJack_g08_c04.avi,JumpingJack,2.6693333333333333,0.4588227246362657
v_JumpingJack_g09_c01.avi,JumpingJack,3.1031,0.4588227246362657
v_JumpingJack_g09_c02.avi,JumpingJack,3.069733333333333,0.4588227246362657
v_JumpingJack_g09_c03.avi,JumpingJack,2.9696333333333333,0.4588227246362657
v_JumpingJack_g09_c04.avi,JumpingJack,2.9696333333333333,0.4588227246362657
v_JumpingJack_g09_c05.avi,JumpingJack,3.003,0.4588227246362657
v_JumpingJack_g09_c06.avi,JumpingJack,3.003,0.4588227246362657
v_JumpingJack_g09_c07.avi,JumpingJack,3.069733333333333,0.4588227246362657
v_JumpingJack_g10_c01.avi,JumpingJack,2.3023000000000002,0.4588227246362657
v_JumpingJack_g10_c02.avi,JumpingJack,2.2689333333333335,0.4588227246362657
v_JumpingJack_g10_c03.avi,JumpingJack,2.2022,0.4588227246362657
v_JumpingJack_g10_c04.avi,JumpingJack,2.1021,0.4588227246362657
v_JumpingJack_g10_c05.avi,JumpingJack,2.135466666666667,0.4588227246362657
v_JumpingJack_g10_c06.avi,JumpingJack,2.2022,0.4588227246362657
v_JumpingJack_g11_c01.avi,JumpingJack,2.6359666666666666,0.4588227246362657
v_JumpingJack_g11_c02.avi,JumpingJack,2.6693333333333333,0.4588227246362657
v_JumpingJack_g11_c03.avi,JumpingJack,2.736066666666667,0.4588227246362657
v_JumpingJack_g11_c04.avi,JumpingJack,2.7027,0.4588227246362657
v_JumpingJack_g12_c01.avi,JumpingJack,3.1698333333333335,0.4588227246362657
v_JumpingJack_g12_c02.avi,JumpingJack,3.2032000000000003,0.4588227246362657
v_JumpingJack_g12_c03.avi,JumpingJack,3.2032000000000003,0.4588227246362657
v_JumpingJack_g12_c04.avi,JumpingJack,3.2032000000000003,0.4588227246362657
v_JumpingJack_g13_c01.avi,JumpingJack,3.370033333333333,0.4588227246362657
v_JumpingJack_g13_c02.avi,JumpingJack,3.6703333333333332,0.4588227246362657
v_JumpingJack_g13_c03.avi,JumpingJack,3.2699333333333334,0.4588227246362657
v_JumpingJack_g13_c04.avi,JumpingJack,3.069733333333333,0.4588227246362657
v_JumpingJack_g13_c05.avi,JumpingJack,3.2365666666666666,0.4588227246362657
v_JumpingJack_g13_c06.avi,JumpingJack,2.6693333333333333,0.4588227246362657
v_JumpingJack_g13_c07.avi,JumpingJack,3.4367666666666667,0.4588227246362657
v_JumpingJack_g14_c01.avi,JumpingJack,3.2032000000000003,0.4588227246362657
v_JumpingJack_g14_c02.avi,JumpingJack,2.0020000000000002,0.4588227246362657
v_JumpingJack_g14_c03.avi,JumpingJack,1.9352666666666667,0.4588227246362657
v_JumpingJack_g14_c04.avi,JumpingJack,2.0020000000000002,0.4588227246362657
v_JumpingJack_g15_c01.avi,JumpingJack,2.736066666666667,0.4588227246362657
v_JumpingJack_g15_c02.avi,JumpingJack,2.3356666666666666,0.4588227246362657
v_JumpingJack_g15_c03.avi,JumpingJack,2.736066666666667,0.4588227246362657
v_JumpingJack_g15_c04.avi,JumpingJack,2.736066666666667,0.4588227246362657
v_JumpingJack_g16_c01.avi,JumpingJack,2.6026000000000002,0.4588227246362657
v_JumpingJack_g16_c02.avi,JumpingJack,2.3023000000000002,0.4588227246362657
v_JumpingJack_g16_c03.avi,JumpingJack,2.2022,0.4588227246362657
v_JumpingJack_g16_c04.avi,JumpingJack,2.168833333333333,0.4588227246362657
v_JumpingJack_g17_c01.avi,JumpingJack,3.1031,0.4588227246362657
v_JumpingJack_g17_c02.avi,JumpingJack,3.1364666666666667,0.4588227246362657
v_JumpingJack_g17_c03.avi,JumpingJack,3.370033333333333,0.4588227246362657
v_JumpingJack_g17_c04.avi,JumpingJack,3.1364666666666667,0.4588227246362657
v_JumpingJack_g18_c01.avi,JumpingJack,3.069733333333333,0.4588227246362657
v_JumpingJack_g18_c02.avi,JumpingJack,2.3356666666666666,0.4588227246362657
v_JumpingJack_g18_c03.avi,JumpingJack,3.1364666666666667,0.4588227246362657
v_JumpingJack_g18_c04.avi,JumpingJack,3.2365666666666666,0.4588227246362657
v_JumpingJack_g19_c01.avi,JumpingJack,2.769433333333333,0.4588227246362657
v_JumpingJack_g19_c02.avi,JumpingJack,2.736066666666667,0.4588227246362657
v_JumpingJack_g19_c03.avi,JumpingJack,2.8028,0.4588227246362657
v_JumpingJack_g19_c04.avi,JumpingJack,2.5692333333333335,0.4588227246362657
v_JumpingJack_g19_c05.avi,JumpingJack,2.6359666666666666,0.4588227246362657
v_JumpingJack_g19_c06.avi,JumpingJack,2.6026000000000002,0.4588227246362657
v_JumpingJack_g19_c07.avi,JumpingJack,2.8028,0.4588227246362657
v_JumpingJack_g20_c01.avi,JumpingJack,4.0040000000000004,0.4588227246362657
v_JumpingJack_g20_c02.avi,JumpingJack,3.8038,0.4588227246362657
v_JumpingJack_g20_c03.avi,JumpingJack,4.671333333333333,0.4588227246362657
v_JumpingJack_g20_c04.avi,JumpingJack,3.1698333333333335,0.4588227246362657
v_JumpingJack_g21_c01.avi,JumpingJack,3.1031,0.4588227246362657
v_JumpingJack_g21_c02.avi,JumpingJack,3.1031,0.4588227246362657
v_JumpingJack_g21_c03.avi,JumpingJack,3.1031,0.4588227246362657
v_JumpingJack_g21_c04.avi,JumpingJack,4.270933333333334,0.4588227246362657
v_JumpingJack_g22_c01.avi,JumpingJack,2.9696333333333333,0.4588227246362657
v_JumpingJack_g22_c02.avi,JumpingJack,2.0020000000000002,0.4588227246362657
v_JumpingJack_g22_c03.avi,JumpingJack,2.8028,0.4588227246362657
v_JumpingJack_g22_c04.avi,JumpingJack,1.9019,0.4588227246362657
v_JumpingJack_g23_c01.avi,JumpingJack,2.8361666666666667,0.4588227246362657
v_JumpingJack_g23_c02.avi,JumpingJack,2.8361666666666667,0.4588227246362657
v_JumpingJack_g23_c03.avi,JumpingJack,2.9029000000000003,0.4588227246362657
v_JumpingJack_g23_c04.avi,JumpingJack,2.8361666666666667,0.4588227246362657
v_JumpingJack_g24_c01.avi,JumpingJack,3.069733333333333,0.4588227246362657
v_JumpingJack_g24_c02.avi,JumpingJack,3.036366666666667,0.4588227246362657
v_JumpingJack_g24_c03.avi,JumpingJack,3.1031,0.4588227246362657
v_JumpingJack_g24_c04.avi,JumpingJack,2.9362666666666666,0.4588227246362657
v_JumpingJack_g25_c01.avi,JumpingJack,2.8695333333333335,0.4588227246362657
v_JumpingJack_g25_c02.avi,JumpingJack,2.9362666666666666,0.4588227246362657
v_JumpingJack_g25_c03.avi,JumpingJack,2.9029000000000003,0.4588227246362657
v_JumpingJack_g25_c04.avi,JumpingJack,2.9362666666666666,0.4588227246362657
v_JumpingJack_g25_c05.avi,JumpingJack,2.8695333333333335,0.4588227246362657
v_JumpingJack_g25_c06.avi,JumpingJack,2.9029000000000003,0.4588227246362657
v_JumpingJack_g25_c07.avi,JumpingJack,2.9362666666666666,0.4588227246362657
v_JumpRope_g01_c01.avi,JumpRope,8.575233333333333,3.4450240259615263
v_JumpRope_g01_c02.avi,JumpRope,8.942266666666667,3.4450240259615263
v_JumpRope_g01_c03.avi,JumpRope,11.544866666666667,3.4450240259615263
v_JumpRope_g01_c04.avi,JumpRope,6.8735333333333335,3.4450240259615263
v_JumpRope_g02_c01.avi,JumpRope,14.948266666666667,3.4450240259615263
v_JumpRope_g02_c02.avi,JumpRope,16.1161,3.4450240259615263
v_JumpRope_g02_c03.avi,JumpRope,16.4164,3.4450240259615263
v_JumpRope_g02_c04.avi,JumpRope,16.683333333333334,3.4450240259615263
v_JumpRope_g02_c05.avi,JumpRope,16.7167,3.4450240259615263
v_JumpRope_g02_c06.avi,JumpRope,16.683333333333334,3.4450240259615263
v_JumpRope_g02_c07.avi,JumpRope,17.017,3.4450240259615263
v_JumpRope_g03_c01.avi,JumpRope,9.809800000000001,3.4450240259615263
v_JumpRope_g03_c02.avi,JumpRope,10.176833333333333,3.4450240259615263
v_JumpRope_g03_c03.avi,JumpRope,9.809800000000001,3.4450240259615263
v_JumpRope_g03_c04.avi,JumpRope,10.543866666666666,3.4450240259615263
v_JumpRope_g04_c01.avi,JumpRope,16.616600000000002,3.4450240259615263
v_JumpRope_g04_c02.avi,JumpRope,17.6176,3.4450240259615263
v_JumpRope_g04_c03.avi,JumpRope,16.316300000000002,3.4450240259615263
v_JumpRope_g04_c04.avi,JumpRope,18.2182,3.4450240259615263
v_JumpRope_g04_c05.avi,JumpRope,16.016000000000002,3.4450240259615263
v_JumpRope_g04_c06.avi,JumpRope,17.9179,3.4450240259615263
v_JumpRope_g04_c07.avi,JumpRope,17.283933333333334,3.4450240259615263
v_JumpRope_g05_c01.avi,JumpRope,20.754066666666667,3.4450240259615263
v_JumpRope_g05_c02.avi,JumpRope,20.687333333333335,3.4450240259615263
v_JumpRope_g05_c03.avi,JumpRope,20.6206,3.4450240259615263
v_JumpRope_g05_c04.avi,JumpRope,20.487133333333333,3.4450240259615263
v_JumpRope_g05_c05.avi,JumpRope,20.820800000000002,3.4450240259615263
v_JumpRope_g06_c01.avi,JumpRope,12.9129,3.4450240259615263
v_JumpRope_g06_c02.avi,JumpRope,12.6126,3.4450240259615263
v_JumpRope_g06_c03.avi,JumpRope,11.845166666666668,3.4450240259615263
v_JumpRope_g06_c04.avi,JumpRope,11.945266666666667,3.4450240259615263
v_JumpRope_g06_c05.avi,JumpRope,12.212200000000001,3.4450240259615263
v_JumpRope_g07_c01.avi,JumpRope,13.2132,3.4450240259615263
v_JumpRope_g07_c02.avi,JumpRope,12.212200000000001,3.4450240259615263
v_JumpRope_g07_c03.avi,JumpRope,12.946266666666666,3.4450240259615263
v_JumpRope_g07_c04.avi,JumpRope,11.945266666666667,3.4450240259615263
v_JumpRope_g07_c05.avi,JumpRope,11.444766666666666,3.4450240259615263
v_JumpRope_g07_c06.avi,JumpRope,13.446766666666667,3.4450240259615263
v_JumpRope_g08_c01.avi,JumpRope,16.583233333333332,3.4450240259615263
v_JumpRope_g08_c02.avi,JumpRope,14.781433333333334,3.4450240259615263
v_JumpRope_g08_c03.avi,JumpRope,17.550866666666668,3.4450240259615263
v_JumpRope_g08_c04.avi,JumpRope,11.678333333333333,3.4450240259615263
v_JumpRope_g08_c05.avi,JumpRope,16.983633333333334,3.4450240259615263
v_JumpRope_g08_c06.avi,JumpRope,11.878533333333333,3.4450240259615263
v_JumpRope_g08_c07.avi,JumpRope,15.3153,3.4450240259615263
v_JumpRope_g09_c01.avi,JumpRope,15.749066666666668,3.4450240259615263
v_JumpRope_g09_c02.avi,JumpRope,16.7167,3.4450240259615263
v_JumpRope_g09_c03.avi,JumpRope,16.683333333333334,3.4450240259615263
v_JumpRope_g09_c04.avi,JumpRope,17.017,3.4450240259615263
v_JumpRope_g09_c05.avi,JumpRope,17.017,3.4450240259615263
v_JumpRope_g09_c06.avi,JumpRope,16.383033333333334,3.4450240259615263
v_JumpRope_g09_c07.avi,JumpRope,16.383033333333334,3.4450240259615263
v_JumpRope_g10_c01.avi,JumpRope,19.986633333333334,3.4450240259615263
v_JumpRope_g10_c02.avi,JumpRope,20.053366666666665,3.4450240259615263
v_JumpRope_g10_c03.avi,JumpRope,20.186833333333333,3.4450240259615263
v_JumpRope_g10_c04.avi,JumpRope,19.052366666666668,3.4450240259615263
v_JumpRope_g11_c01.avi,JumpRope,17.784433333333332,3.4450240259615263
v_JumpRope_g11_c02.avi,JumpRope,17.784433333333332,3.4450240259615263
v_JumpRope_g11_c03.avi,JumpRope,16.5165,3.4450240259615263
v_JumpRope_g11_c04.avi,JumpRope,17.283933333333334,3.4450240259615263
v_JumpRope_g11_c05.avi,JumpRope,16.5165,3.4450240259615263
v_JumpRope_g11_c06.avi,JumpRope,17.017,3.4450240259615263
v_JumpRope_g11_c07.avi,JumpRope,16.549866666666667,3.4450240259615263
v_JumpRope_g12_c01.avi,JumpRope,12.479133333333333,3.4450240259615263
v_JumpRope_g12_c02.avi,JumpRope,13.446766666666667,3.4450240259615263
v_JumpRope_g12_c03.avi,JumpRope,13.279933333333334,3.4450240259615263
v_JumpRope_g12_c04.avi,JumpRope,13.279933333333334,3.4450240259615263
v_JumpRope_g12_c05.avi,JumpRope,13.446766666666667,3.4450240259615263
v_JumpRope_g13_c01.avi,JumpRope,17.984633333333335,3.4450240259615263
v_JumpRope_g13_c02.avi,JumpRope,14.080733333333333,3.4450240259615263
v_JumpRope_g13_c03.avi,JumpRope,16.082733333333334,3.4450240259615263
v_JumpRope_g13_c04.avi,JumpRope,12.479133333333333,3.4450240259615263
v_JumpRope_g13_c05.avi,JumpRope,13.046366666666668,3.4450240259615263
v_JumpRope_g14_c01.avi,JumpRope,9.876533333333333,3.4450240259615263
v_JumpRope_g14_c02.avi,JumpRope,10.176833333333333,3.4450240259615263
v_JumpRope_g14_c03.avi,JumpRope,9.943266666666666,3.4450240259615263
v_JumpRope_g14_c04.avi,JumpRope,10.2102,3.4450240259615263
v_JumpRope_g15_c01.avi,JumpRope,18.284933333333335,3.4450240259615263
v_JumpRope_g15_c02.avi,JumpRope,11.745066666666666,3.4450240259615263
v_JumpRope_g15_c03.avi,JumpRope,16.282933333333332,3.4450240259615263
v_JumpRope_g15_c04.avi,JumpRope,16.316300000000002,3.4450240259615263
v_JumpRope_g15_c05.avi,JumpRope,17.7177,3.4450240259615263
v_JumpRope_g15_c06.avi,JumpRope,16.549866666666667,3.4450240259615263
v_JumpRope_g16_c01.avi,JumpRope,17.984633333333335,3.4450240259615263
v_JumpRope_g16_c02.avi,JumpRope,16.2162,3.4450240259615263
v_JumpRope_g16_c03.avi,JumpRope,16.916900000000002,3.4450240259615263
v_JumpRope_g16_c04.avi,JumpRope,16.916900000000002,3.4450240259615263
v_JumpRope_g16_c05.avi,JumpRope,16.182833333333335,3.4450240259615263
v_JumpRope_g16_c06.avi,JumpRope,17.650966666666665,3.4450240259615263
v_JumpRope_g16_c07.avi,JumpRope,15.482133333333334,3.4450240259615263
v_JumpRope_g17_c01.avi,JumpRope,20.787433333333333,3.4450240259615263
v_JumpRope_g17_c02.avi,JumpRope,20.186833333333333,3.4450240259615263
v_JumpRope_g17_c03.avi,JumpRope,19.652966666666668,3.4450240259615263
v_JumpRope_g17_c04.avi,JumpRope,20.653966666666665,3.4450240259615263
v_JumpRope_g17_c05.avi,JumpRope,19.185833333333335,3.4450240259615263
v_JumpRope_g18_c01.avi,JumpRope,12.145466666666668,3.4450240259615263
v_JumpRope_g18_c02.avi,JumpRope,13.9139,3.4450240259615263
v_JumpRope_g18_c03.avi,JumpRope,14.9149,3.4450240259615263
v_JumpRope_g18_c04.avi,JumpRope,12.746066666666668,3.4450240259615263
v_JumpRope_g18_c05.avi,JumpRope,13.880533333333334,3.4450240259615263
v_JumpRope_g18_c06.avi,JumpRope,19.986633333333334,3.4450240259615263
v_JumpRope_g18_c07.avi,JumpRope,13.5135,3.4450240259615263
v_JumpRope_g19_c01.avi,JumpRope,10.243566666666666,3.4450240259615263
v_JumpRope_g19_c02.avi,JumpRope,9.776433333333333,3.4450240259615263
v_JumpRope_g19_c03.avi,JumpRope,11.177833333333334,3.4450240259615263
v_JumpRope_g19_c04.avi,JumpRope,15.882533333333333,3.4450240259615263
v_JumpRope_g20_c01.avi,JumpRope,15.281933333333333,3.4450240259615263
v_JumpRope_g20_c02.avi,JumpRope,17.584233333333334,3.4450240259615263
v_JumpRope_g20_c03.avi,JumpRope,16.983633333333334,3.4450240259615263
v_JumpRope_g20_c04.avi,JumpRope,17.017,3.4450240259615263
v_JumpRope_g20_c05.avi,JumpRope,16.4164,3.4450240259615263
v_JumpRope_g20_c06.avi,JumpRope,17.550866666666668,3.4450240259615263
v_JumpRope_g20_c07.avi,JumpRope,15.882533333333333,3.4450240259615263
v_JumpRope_g21_c01.avi,JumpRope,16.383033333333334,3.4450240259615263
v_JumpRope_g21_c02.avi,JumpRope,14.848166666666668,3.4450240259615263
v_JumpRope_g21_c03.avi,JumpRope,17.517500000000002,3.4450240259615263
v_JumpRope_g21_c04.avi,JumpRope,16.783433333333335,3.4450240259615263
v_JumpRope_g21_c05.avi,JumpRope,16.750066666666665,3.4450240259615263
v_JumpRope_g21_c06.avi,JumpRope,16.349666666666668,3.4450240259615263
v_JumpRope_g21_c07.avi,JumpRope,14.4144,3.4450240259615263
v_JumpRope_g22_c01.avi,JumpRope,6.6066,3.4450240259615263
v_JumpRope_g22_c02.avi,JumpRope,6.973633333333334,3.4450240259615263
v_JumpRope_g22_c03.avi,JumpRope,7.073733333333333,3.4450240259615263
v_JumpRope_g22_c04.avi,JumpRope,8.2082,3.4450240259615263
v_JumpRope_g22_c05.avi,JumpRope,6.3063,3.4450240259615263
v_JumpRope_g22_c06.avi,JumpRope,7.374033333333333,3.4450240259615263
v_JumpRope_g23_c01.avi,JumpRope,11.444766666666666,3.4450240259615263
v_JumpRope_g23_c02.avi,JumpRope,10.343666666666667,3.4450240259615263
v_JumpRope_g23_c03.avi,JumpRope,11.344666666666667,3.4450240259615263
v_JumpRope_g23_c04.avi,JumpRope,13.546866666666666,3.4450240259615263
v_JumpRope_g23_c05.avi,JumpRope,8.074733333333333,3.4450240259615263
v_JumpRope_g24_c01.avi,JumpRope,13.680333333333333,3.4450240259615263
v_JumpRope_g24_c02.avi,JumpRope,13.046366666666668,3.4450240259615263
v_JumpRope_g24_c03.avi,JumpRope,13.713700000000001,3.4450240259615263
v_JumpRope_g24_c04.avi,JumpRope,14.347666666666667,3.4450240259615263
v_JumpRope_g24_c05.avi,JumpRope,11.945266666666667,3.4450240259615263
v_JumpRope_g24_c06.avi,JumpRope,12.812800000000001,3.4450240259615263
v_JumpRope_g24_c07.avi,JumpRope,14.547866666666668,3.4450240259615263
v_JumpRope_g25_c01.avi,JumpRope,13.346666666666668,3.4450240259615263
v_JumpRope_g25_c02.avi,JumpRope,13.6136,3.4450240259615263
v_JumpRope_g25_c03.avi,JumpRope,13.046366666666668,3.4450240259615263
v_JumpRope_g25_c04.avi,JumpRope,13.6136,3.4450240259615263
v_JumpRope_g25_c05.avi,JumpRope,13.046366666666668,3.4450240259615263
v_JumpRope_g25_c06.avi,JumpRope,13.6136,3.4450240259615263
v_Kayaking_g01_c01.avi,Kayaking,9.16,2.7262934819915015
v_Kayaking_g01_c02.avi,Kayaking,7.68,2.7262934819915015
v_Kayaking_g01_c03.avi,Kayaking,7.48,2.7262934819915015
v_Kayaking_g01_c04.avi,Kayaking,7.52,2.7262934819915015
v_Kayaking_g01_c05.avi,Kayaking,8.04,2.7262934819915015
v_Kayaking_g01_c06.avi,Kayaking,7.92,2.7262934819915015
v_Kayaking_g02_c01.avi,Kayaking,7.92,2.7262934819915015
v_Kayaking_g02_c02.avi,Kayaking,8.56,2.7262934819915015
v_Kayaking_g02_c03.avi,Kayaking,7.24,2.7262934819915015
v_Kayaking_g02_c04.avi,Kayaking,7.24,2.7262934819915015
v_Kayaking_g03_c01.avi,Kayaking,6.52,2.7262934819915015
v_Kayaking_g03_c02.avi,Kayaking,6.64,2.7262934819915015
v_Kayaking_g03_c03.avi,Kayaking,6.48,2.7262934819915015
v_Kayaking_g03_c04.avi,Kayaking,7.48,2.7262934819915015
v_Kayaking_g04_c01.avi,Kayaking,8.36,2.7262934819915015
v_Kayaking_g04_c02.avi,Kayaking,9.48,2.7262934819915015
v_Kayaking_g04_c03.avi,Kayaking,7.24,2.7262934819915015
v_Kayaking_g04_c04.avi,Kayaking,8.44,2.7262934819915015
v_Kayaking_g04_c05.avi,Kayaking,7.64,2.7262934819915015
v_Kayaking_g04_c06.avi,Kayaking,7.4,2.7262934819915015
v_Kayaking_g04_c07.avi,Kayaking,7.48,2.7262934819915015
v_Kayaking_g05_c01.avi,Kayaking,7.4,2.7262934819915015
v_Kayaking_g05_c02.avi,Kayaking,7.24,2.7262934819915015
v_Kayaking_g05_c03.avi,Kayaking,7.32,2.7262934819915015
v_Kayaking_g05_c04.avi,Kayaking,7.4,2.7262934819915015
v_Kayaking_g06_c01.avi,Kayaking,6.04,2.7262934819915015
v_Kayaking_g06_c02.avi,Kayaking,6.52,2.7262934819915015
v_Kayaking_g06_c03.avi,Kayaking,6.04,2.7262934819915015
v_Kayaking_g06_c04.avi,Kayaking,6.2,2.7262934819915015
v_Kayaking_g06_c05.avi,Kayaking,6.24,2.7262934819915015
v_Kayaking_g06_c06.avi,Kayaking,6.44,2.7262934819915015
v_Kayaking_g06_c07.avi,Kayaking,6.04,2.7262934819915015
v_Kayaking_g07_c01.avi,Kayaking,7.08,2.7262934819915015
v_Kayaking_g07_c02.avi,Kayaking,6.64,2.7262934819915015
v_Kayaking_g07_c03.avi,Kayaking,6.36,2.7262934819915015
v_Kayaking_g07_c04.avi,Kayaking,6.08,2.7262934819915015
v_Kayaking_g08_c01.avi,Kayaking,7.28,2.7262934819915015
v_Kayaking_g08_c02.avi,Kayaking,6.24,2.7262934819915015
v_Kayaking_g08_c03.avi,Kayaking,6.04,2.7262934819915015
v_Kayaking_g08_c04.avi,Kayaking,6.8,2.7262934819915015
v_Kayaking_g08_c05.avi,Kayaking,6.24,2.7262934819915015
v_Kayaking_g08_c06.avi,Kayaking,6.04,2.7262934819915015
v_Kayaking_g09_c01.avi,Kayaking,7.72,2.7262934819915015
v_Kayaking_g09_c02.avi,Kayaking,7.76,2.7262934819915015
v_Kayaking_g09_c03.avi,Kayaking,7.96,2.7262934819915015
v_Kayaking_g09_c04.avi,Kayaking,8.0,2.7262934819915015
v_Kayaking_g09_c05.avi,Kayaking,7.6,2.7262934819915015
v_Kayaking_g09_c06.avi,Kayaking,8.2,2.7262934819915015
v_Kayaking_g10_c01.avi,Kayaking,6.6,2.7262934819915015
v_Kayaking_g10_c02.avi,Kayaking,6.28,2.7262934819915015
v_Kayaking_g10_c03.avi,Kayaking,6.36,2.7262934819915015
v_Kayaking_g10_c04.avi,Kayaking,8.56,2.7262934819915015
v_Kayaking_g10_c05.avi,Kayaking,7.0,2.7262934819915015
v_Kayaking_g11_c01.avi,Kayaking,6.32,2.7262934819915015
v_Kayaking_g11_c02.avi,Kayaking,6.32,2.7262934819915015
v_Kayaking_g11_c03.avi,Kayaking,6.44,2.7262934819915015
v_Kayaking_g11_c04.avi,Kayaking,6.32,2.7262934819915015
v_Kayaking_g11_c05.avi,Kayaking,6.12,2.7262934819915015
v_Kayaking_g11_c06.avi,Kayaking,6.16,2.7262934819915015
v_Kayaking_g11_c07.avi,Kayaking,6.84,2.7262934819915015
v_Kayaking_g12_c01.avi,Kayaking,18.6,2.7262934819915015
v_Kayaking_g12_c02.avi,Kayaking,14.72,2.7262934819915015
v_Kayaking_g12_c03.avi,Kayaking,14.88,2.7262934819915015
v_Kayaking_g12_c04.avi,Kayaking,12.24,2.7262934819915015
v_Kayaking_g13_c01.avi,Kayaking,15.24,2.7262934819915015
v_Kayaking_g13_c02.avi,Kayaking,20.08,2.7262934819915015
v_Kayaking_g13_c03.avi,Kayaking,15.0,2.7262934819915015
v_Kayaking_g13_c04.avi,Kayaking,15.0,2.7262934819915015
v_Kayaking_g14_c01.avi,Kayaking,6.04,2.7262934819915015
v_Kayaking_g14_c02.avi,Kayaking,6.04,2.7262934819915015
v_Kayaking_g14_c03.avi,Kayaking,6.12,2.7262934819915015
v_Kayaking_g14_c04.avi,Kayaking,6.04,2.7262934819915015
v_Kayaking_g15_c01.avi,Kayaking,6.6,2.7262934819915015
v_Kayaking_g15_c02.avi,Kayaking,6.4,2.7262934819915015
v_Kayaking_g15_c03.avi,Kayaking,6.04,2.7262934819915015
v_Kayaking_g15_c04.avi,Kayaking,6.36,2.7262934819915015
v_Kayaking_g15_c05.avi,Kayaking,6.32,2.7262934819915015
v_Kayaking_g15_c06.avi,Kayaking,6.32,2.7262934819915015
v_Kayaking_g15_c07.avi,Kayaking,6.32,2.7262934819915015
v_Kayaking_g16_c01.avi,Kayaking,12.52,2.7262934819915015
v_Kayaking_g16_c02.avi,Kayaking,13.04,2.7262934819915015
v_Kayaking_g16_c03.avi,Kayaking,13.0,2.7262934819915015
v_Kayaking_g16_c04.avi,Kayaking,12.12,2.7262934819915015
v_Kayaking_g16_c05.avi,Kayaking,12.04,2.7262934819915015
v_Kayaking_g16_c06.avi,Kayaking,15.04,2.7262934819915015
v_Kayaking_g16_c07.avi,Kayaking,12.4,2.7262934819915015
v_Kayaking_g17_c01.avi,Kayaking,6.72,2.7262934819915015
v_Kayaking_g17_c02.avi,Kayaking,6.16,2.7262934819915015
v_Kayaking_g17_c03.avi,Kayaking,6.96,2.7262934819915015
v_Kayaking_g17_c04.avi,Kayaking,7.88,2.7262934819915015
v_Kayaking_g17_c05.avi,Kayaking,6.16,2.7262934819915015
v_Kayaking_g17_c06.avi,Kayaking,6.04,2.7262934819915015
v_Kayaking_g18_c01.avi,Kayaking,6.56,2.7262934819915015
v_Kayaking_g18_c02.avi,Kayaking,7.28,2.7262934819915015
v_Kayaking_g18_c03.avi,Kayaking,6.68,2.7262934819915015
v_Kayaking_g18_c04.avi,Kayaking,6.28,2.7262934819915015
v_Kayaking_g18_c05.avi,Kayaking,6.28,2.7262934819915015
v_Kayaking_g18_c06.avi,Kayaking,6.2,2.7262934819915015
v_Kayaking_g18_c07.avi,Kayaking,6.44,2.7262934819915015
v_Kayaking_g19_c01.avi,Kayaking,8.2,2.7262934819915015
v_Kayaking_g19_c02.avi,Kayaking,6.04,2.7262934819915015
v_Kayaking_g19_c03.avi,Kayaking,7.24,2.7262934819915015
v_Kayaking_g19_c04.avi,Kayaking,6.04,2.7262934819915015
v_Kayaking_g19_c05.avi,Kayaking,7.36,2.7262934819915015
v_Kayaking_g20_c01.avi,Kayaking,6.56,2.7262934819915015
v_Kayaking_g20_c02.avi,Kayaking,6.48,2.7262934819915015
v_Kayaking_g20_c03.avi,Kayaking,6.04,2.7262934819915015
v_Kayaking_g20_c04.avi,Kayaking,6.16,2.7262934819915015
v_Kayaking_g20_c05.avi,Kayaking,6.52,2.7262934819915015
v_Kayaking_g20_c06.avi,Kayaking,7.16,2.7262934819915015
v_Kayaking_g20_c07.avi,Kayaking,6.04,2.7262934819915015
v_Kayaking_g21_c01.avi,Kayaking,6.32,2.7262934819915015
v_Kayaking_g21_c02.avi,Kayaking,7.68,2.7262934819915015
v_Kayaking_g21_c03.avi,Kayaking,6.08,2.7262934819915015
v_Kayaking_g21_c04.avi,Kayaking,8.32,2.7262934819915015
v_Kayaking_g21_c05.avi,Kayaking,7.76,2.7262934819915015
v_Kayaking_g21_c06.avi,Kayaking,6.28,2.7262934819915015
v_Kayaking_g21_c07.avi,Kayaking,6.4,2.7262934819915015
v_Kayaking_g22_c01.avi,Kayaking,7.48,2.7262934819915015
v_Kayaking_g22_c02.avi,Kayaking,7.24,2.7262934819915015
v_Kayaking_g22_c03.avi,Kayaking,7.72,2.7262934819915015
v_Kayaking_g22_c04.avi,Kayaking,7.52,2.7262934819915015
v_Kayaking_g22_c05.avi,Kayaking,8.36,2.7262934819915015
v_Kayaking_g22_c06.avi,Kayaking,7.32,2.7262934819915015
v_Kayaking_g22_c07.avi,Kayaking,7.84,2.7262934819915015
v_Kayaking_g23_c01.avi,Kayaking,7.04,2.7262934819915015
v_Kayaking_g23_c02.avi,Kayaking,6.16,2.7262934819915015
v_Kayaking_g23_c03.avi,Kayaking,6.88,2.7262934819915015
v_Kayaking_g23_c04.avi,Kayaking,6.04,2.7262934819915015
v_Kayaking_g23_c05.avi,Kayaking,9.6,2.7262934819915015
v_Kayaking_g23_c06.avi,Kayaking,6.24,2.7262934819915015
v_Kayaking_g24_c01.avi,Kayaking,7.4,2.7262934819915015
v_Kayaking_g24_c02.avi,Kayaking,7.96,2.7262934819915015
v_Kayaking_g24_c03.avi,Kayaking,8.16,2.7262934819915015
v_Kayaking_g24_c04.avi,Kayaking,7.68,2.7262934819915015
v_Kayaking_g24_c05.avi,Kayaking,7.84,2.7262934819915015
v_Kayaking_g24_c06.avi,Kayaking,7.52,2.7262934819915015
v_Kayaking_g25_c01.avi,Kayaking,12.44,2.7262934819915015
v_Kayaking_g25_c02.avi,Kayaking,15.92,2.7262934819915015
v_Kayaking_g25_c03.avi,Kayaking,14.08,2.7262934819915015
v_Kayaking_g25_c04.avi,Kayaking,12.12,2.7262934819915015
v_Knitting_g01_c01.avi,Knitting,10.64,1.7972557160171996
v_Knitting_g01_c02.avi,Knitting,9.6,1.7972557160171996
v_Knitting_g01_c03.avi,Knitting,11.0,1.7972557160171996
v_Knitting_g01_c04.avi,Knitting,7.6,1.7972557160171996
v_Knitting_g02_c01.avi,Knitting,9.32,1.7972557160171996
v_Knitting_g02_c02.avi,Knitting,8.72,1.7972557160171996
v_Knitting_g02_c03.avi,Knitting,10.32,1.7972557160171996
v_Knitting_g02_c04.avi,Knitting,8.04,1.7972557160171996
v_Knitting_g02_c05.avi,Knitting,9.6,1.7972557160171996
v_Knitting_g03_c01.avi,Knitting,8.64,1.7972557160171996
v_Knitting_g03_c02.avi,Knitting,9.76,1.7972557160171996
v_Knitting_g03_c03.avi,Knitting,10.24,1.7972557160171996
v_Knitting_g03_c04.avi,Knitting,9.44,1.7972557160171996
v_Knitting_g03_c05.avi,Knitting,8.48,1.7972557160171996
v_Knitting_g04_c01.avi,Knitting,8.88,1.7972557160171996
v_Knitting_g04_c02.avi,Knitting,9.24,1.7972557160171996
v_Knitting_g04_c03.avi,Knitting,9.04,1.7972557160171996
v_Knitting_g04_c04.avi,Knitting,9.6,1.7972557160171996
v_Knitting_g04_c05.avi,Knitting,8.8,1.7972557160171996
v_Knitting_g04_c06.avi,Knitting,9.88,1.7972557160171996
v_Knitting_g05_c01.avi,Knitting,10.12,1.7972557160171996
v_Knitting_g05_c02.avi,Knitting,10.6,1.7972557160171996
v_Knitting_g05_c03.avi,Knitting,10.52,1.7972557160171996
v_Knitting_g05_c04.avi,Knitting,10.96,1.7972557160171996
v_Knitting_g05_c05.avi,Knitting,9.84,1.7972557160171996
v_Knitting_g06_c01.avi,Knitting,8.76,1.7972557160171996
v_Knitting_g06_c02.avi,Knitting,11.44,1.7972557160171996
v_Knitting_g06_c03.avi,Knitting,5.6,1.7972557160171996
v_Knitting_g06_c04.avi,Knitting,4.4,1.7972557160171996
v_Knitting_g07_c01.avi,Knitting,9.36,1.7972557160171996
v_Knitting_g07_c02.avi,Knitting,9.84,1.7972557160171996
v_Knitting_g07_c03.avi,Knitting,7.68,1.7972557160171996
v_Knitting_g07_c04.avi,Knitting,6.88,1.7972557160171996
v_Knitting_g07_c05.avi,Knitting,8.6,1.7972557160171996
v_Knitting_g08_c01.avi,Knitting,6.44,1.7972557160171996
v_Knitting_g08_c02.avi,Knitting,10.6,1.7972557160171996
v_Knitting_g08_c03.avi,Knitting,9.28,1.7972557160171996
v_Knitting_g08_c04.avi,Knitting,8.12,1.7972557160171996
v_Knitting_g09_c01.avi,Knitting,6.0,1.7972557160171996
v_Knitting_g09_c02.avi,Knitting,6.92,1.7972557160171996
v_Knitting_g09_c03.avi,Knitting,7.12,1.7972557160171996
v_Knitting_g09_c04.avi,Knitting,9.68,1.7972557160171996
v_Knitting_g09_c05.avi,Knitting,7.12,1.7972557160171996
v_Knitting_g10_c01.avi,Knitting,6.96,1.7972557160171996
v_Knitting_g10_c02.avi,Knitting,7.32,1.7972557160171996
v_Knitting_g10_c03.avi,Knitting,6.36,1.7972557160171996
v_Knitting_g10_c04.avi,Knitting,8.24,1.7972557160171996
v_Knitting_g10_c05.avi,Knitting,8.08,1.7972557160171996
v_Knitting_g10_c06.avi,Knitting,7.72,1.7972557160171996
v_Knitting_g10_c07.avi,Knitting,9.4,1.7972557160171996
v_Knitting_g11_c01.avi,Knitting,8.2,1.7972557160171996
v_Knitting_g11_c02.avi,Knitting,7.84,1.7972557160171996
v_Knitting_g11_c03.avi,Knitting,8.0,1.7972557160171996
v_Knitting_g11_c04.avi,Knitting,4.04,1.7972557160171996
v_Knitting_g11_c05.avi,Knitting,6.0,1.7972557160171996
v_Knitting_g11_c06.avi,Knitting,8.8,1.7972557160171996
v_Knitting_g12_c01.avi,Knitting,5.0,1.7972557160171996
v_Knitting_g12_c02.avi,Knitting,11.76,1.7972557160171996
v_Knitting_g12_c03.avi,Knitting,9.4,1.7972557160171996
v_Knitting_g12_c04.avi,Knitting,8.2,1.7972557160171996
v_Knitting_g13_c01.avi,Knitting,8.08,1.7972557160171996
v_Knitting_g13_c02.avi,Knitting,7.0,1.7972557160171996
v_Knitting_g13_c03.avi,Knitting,5.04,1.7972557160171996
v_Knitting_g13_c04.avi,Knitting,9.24,1.7972557160171996
v_Knitting_g13_c05.avi,Knitting,7.64,1.7972557160171996
v_Knitting_g14_c01.avi,Knitting,6.8,1.7972557160171996
v_Knitting_g14_c02.avi,Knitting,9.08,1.7972557160171996
v_Knitting_g14_c03.avi,Knitting,10.04,1.7972557160171996
v_Knitting_g14_c04.avi,Knitting,10.04,1.7972557160171996
v_Knitting_g14_c05.avi,Knitting,10.2,1.7972557160171996
v_Knitting_g15_c01.avi,Knitting,7.0,1.7972557160171996
v_Knitting_g15_c02.avi,Knitting,7.52,1.7972557160171996
v_Knitting_g15_c03.avi,Knitting,8.52,1.7972557160171996
v_Knitting_g15_c04.avi,Knitting,7.44,1.7972557160171996
v_Knitting_g15_c05.avi,Knitting,7.64,1.7972557160171996
v_Knitting_g15_c06.avi,Knitting,7.16,1.7972557160171996
v_Knitting_g15_c07.avi,Knitting,8.6,1.7972557160171996
v_Knitting_g16_c01.avi,Knitting,6.12,1.7972557160171996
v_Knitting_g16_c02.avi,Knitting,7.0,1.7972557160171996
v_Knitting_g16_c03.avi,Knitting,7.68,1.7972557160171996
v_Knitting_g16_c04.avi,Knitting,5.12,1.7972557160171996
v_Knitting_g16_c05.avi,Knitting,7.12,1.7972557160171996
v_Knitting_g17_c01.avi,Knitting,10.44,1.7972557160171996
v_Knitting_g17_c02.avi,Knitting,9.44,1.7972557160171996
v_Knitting_g17_c03.avi,Knitting,6.64,1.7972557160171996
v_Knitting_g17_c04.avi,Knitting,7.28,1.7972557160171996
v_Knitting_g17_c05.avi,Knitting,5.2,1.7972557160171996
v_Knitting_g17_c06.avi,Knitting,10.6,1.7972557160171996
v_Knitting_g18_c01.avi,Knitting,7.68,1.7972557160171996
v_Knitting_g18_c02.avi,Knitting,4.04,1.7972557160171996
v_Knitting_g18_c03.avi,Knitting,5.88,1.7972557160171996
v_Knitting_g18_c04.avi,Knitting,4.28,1.7972557160171996
v_Knitting_g19_c01.avi,Knitting,10.88,1.7972557160171996
v_Knitting_g19_c02.avi,Knitting,11.52,1.7972557160171996
v_Knitting_g19_c03.avi,Knitting,10.2,1.7972557160171996
v_Knitting_g19_c04.avi,Knitting,7.92,1.7972557160171996
v_Knitting_g20_c01.avi,Knitting,9.88,1.7972557160171996
v_Knitting_g20_c02.avi,Knitting,10.56,1.7972557160171996
v_Knitting_g20_c03.avi,Knitting,9.84,1.7972557160171996
v_Knitting_g20_c04.avi,Knitting,10.2,1.7972557160171996
v_Knitting_g21_c01.avi,Knitting,9.28,1.7972557160171996
v_Knitting_g21_c02.avi,Knitting,9.68,1.7972557160171996
v_Knitting_g21_c03.avi,Knitting,10.24,1.7972557160171996
v_Knitting_g21_c04.avi,Knitting,9.96,1.7972557160171996
v_Knitting_g22_c01.avi,Knitting,9.56,1.7972557160171996
v_Knitting_g22_c02.avi,Knitting,10.68,1.7972557160171996
v_Knitting_g22_c03.avi,Knitting,9.84,1.7972557160171996
v_Knitting_g22_c04.avi,Knitting,9.76,1.7972557160171996
v_Knitting_g23_c01.avi,Knitting,5.76,1.7972557160171996
v_Knitting_g23_c02.avi,Knitting,5.64,1.7972557160171996
v_Knitting_g23_c03.avi,Knitting,5.36,1.7972557160171996
v_Knitting_g23_c04.avi,Knitting,7.2,1.7972557160171996
v_Knitting_g24_c01.avi,Knitting,10.32,1.7972557160171996
v_Knitting_g24_c02.avi,Knitting,10.8,1.7972557160171996
v_Knitting_g24_c03.avi,Knitting,9.76,1.7972557160171996
v_Knitting_g24_c04.avi,Knitting,10.04,1.7972557160171996
v_Knitting_g25_c01.avi,Knitting,9.96,1.7972557160171996
v_Knitting_g25_c02.avi,Knitting,7.96,1.7972557160171996
v_Knitting_g25_c03.avi,Knitting,10.8,1.7972557160171996
v_Knitting_g25_c04.avi,Knitting,7.88,1.7972557160171996
v_Knitting_g25_c05.avi,Knitting,9.96,1.7972557160171996
v_Knitting_g25_c06.avi,Knitting,7.96,1.7972557160171996
v_Knitting_g25_c07.avi,Knitting,9.96,1.7972557160171996
v_LongJump_g01_c01.avi,LongJump,5.72,1.0754590165602056
v_LongJump_g01_c02.avi,LongJump,7.12,1.0754590165602056
v_LongJump_g01_c03.avi,LongJump,5.68,1.0754590165602056
v_LongJump_g01_c04.avi,LongJump,5.04,1.0754590165602056
v_LongJump_g01_c05.avi,LongJump,6.12,1.0754590165602056
v_LongJump_g01_c06.avi,LongJump,3.96,1.0754590165602056
v_LongJump_g01_c07.avi,LongJump,4.92,1.0754590165602056
v_LongJump_g02_c01.avi,LongJump,4.4,1.0754590165602056
v_LongJump_g02_c02.avi,LongJump,4.64,1.0754590165602056
v_LongJump_g02_c03.avi,LongJump,5.84,1.0754590165602056
v_LongJump_g02_c04.avi,LongJump,4.64,1.0754590165602056
v_LongJump_g02_c05.avi,LongJump,3.4,1.0754590165602056
v_LongJump_g03_c01.avi,LongJump,2.96,1.0754590165602056
v_LongJump_g03_c02.avi,LongJump,3.6,1.0754590165602056
v_LongJump_g03_c03.avi,LongJump,4.32,1.0754590165602056
v_LongJump_g03_c04.avi,LongJump,3.76,1.0754590165602056
v_LongJump_g03_c05.avi,LongJump,4.36,1.0754590165602056
v_LongJump_g03_c06.avi,LongJump,3.88,1.0754590165602056
v_LongJump_g04_c01.avi,LongJump,4.64,1.0754590165602056
v_LongJump_g04_c02.avi,LongJump,5.64,1.0754590165602056
v_LongJump_g04_c03.avi,LongJump,5.64,1.0754590165602056
v_LongJump_g04_c04.avi,LongJump,5.0,1.0754590165602056
v_LongJump_g04_c05.avi,LongJump,4.68,1.0754590165602056
v_LongJump_g04_c06.avi,LongJump,6.0,1.0754590165602056
v_LongJump_g04_c07.avi,LongJump,4.72,1.0754590165602056
v_LongJump_g05_c01.avi,LongJump,4.44,1.0754590165602056
v_LongJump_g05_c02.avi,LongJump,3.68,1.0754590165602056
v_LongJump_g05_c03.avi,LongJump,5.36,1.0754590165602056
v_LongJump_g05_c04.avi,LongJump,5.28,1.0754590165602056
v_LongJump_g05_c05.avi,LongJump,5.84,1.0754590165602056
v_LongJump_g06_c01.avi,LongJump,3.44,1.0754590165602056
v_LongJump_g06_c02.avi,LongJump,3.24,1.0754590165602056
v_LongJump_g06_c03.avi,LongJump,5.44,1.0754590165602056
v_LongJump_g06_c04.avi,LongJump,5.04,1.0754590165602056
v_LongJump_g07_c01.avi,LongJump,4.92,1.0754590165602056
v_LongJump_g07_c02.avi,LongJump,6.84,1.0754590165602056
v_LongJump_g07_c03.avi,LongJump,4.08,1.0754590165602056
v_LongJump_g07_c04.avi,LongJump,3.28,1.0754590165602056
v_LongJump_g07_c05.avi,LongJump,4.72,1.0754590165602056
v_LongJump_g08_c01.avi,LongJump,5.36,1.0754590165602056
v_LongJump_g08_c02.avi,LongJump,6.0,1.0754590165602056
v_LongJump_g08_c03.avi,LongJump,6.0,1.0754590165602056
v_LongJump_g08_c04.avi,LongJump,6.0,1.0754590165602056
v_LongJump_g08_c05.avi,LongJump,6.0,1.0754590165602056
v_LongJump_g08_c06.avi,LongJump,5.64,1.0754590165602056
v_LongJump_g09_c01.avi,LongJump,4.8,1.0754590165602056
v_LongJump_g09_c02.avi,LongJump,3.84,1.0754590165602056
v_LongJump_g09_c03.avi,LongJump,3.8,1.0754590165602056
v_LongJump_g09_c04.avi,LongJump,5.6,1.0754590165602056
v_LongJump_g09_c05.avi,LongJump,4.04,1.0754590165602056
v_LongJump_g09_c06.avi,LongJump,3.24,1.0754590165602056
v_LongJump_g10_c01.avi,LongJump,5.28,1.0754590165602056
v_LongJump_g10_c02.avi,LongJump,4.56,1.0754590165602056
v_LongJump_g10_c03.avi,LongJump,4.44,1.0754590165602056
v_LongJump_g10_c04.avi,LongJump,6.68,1.0754590165602056
v_LongJump_g10_c05.avi,LongJump,4.32,1.0754590165602056
v_LongJump_g10_c06.avi,LongJump,5.56,1.0754590165602056
v_LongJump_g10_c07.avi,LongJump,6.0,1.0754590165602056
v_LongJump_g11_c01.avi,LongJump,6.0,1.0754590165602056
v_LongJump_g11_c02.avi,LongJump,5.4,1.0754590165602056
v_LongJump_g11_c03.avi,LongJump,7.04,1.0754590165602056
v_LongJump_g11_c04.avi,LongJump,5.6,1.0754590165602056
v_LongJump_g11_c05.avi,LongJump,7.0,1.0754590165602056
v_LongJump_g11_c06.avi,LongJump,7.0,1.0754590165602056
v_LongJump_g12_c01.avi,LongJump,5.04,1.0754590165602056
v_LongJump_g12_c02.avi,LongJump,5.92,1.0754590165602056
v_LongJump_g12_c03.avi,LongJump,8.44,1.0754590165602056
v_LongJump_g12_c04.avi,LongJump,4.76,1.0754590165602056
v_LongJump_g12_c05.avi,LongJump,3.0,1.0754590165602056
v_LongJump_g12_c06.avi,LongJump,4.6,1.0754590165602056
v_LongJump_g13_c01.avi,LongJump,4.92,1.0754590165602056
v_LongJump_g13_c02.avi,LongJump,6.0,1.0754590165602056
v_LongJump_g13_c03.avi,LongJump,5.92,1.0754590165602056
v_LongJump_g13_c04.avi,LongJump,5.08,1.0754590165602056
v_LongJump_g13_c05.avi,LongJump,5.68,1.0754590165602056
v_LongJump_g13_c06.avi,LongJump,5.36,1.0754590165602056
v_LongJump_g14_c01.avi,LongJump,6.28,1.0754590165602056
v_LongJump_g14_c02.avi,LongJump,6.24,1.0754590165602056
v_LongJump_g14_c03.avi,LongJump,5.68,1.0754590165602056
v_LongJump_g14_c04.avi,LongJump,6.08,1.0754590165602056
v_LongJump_g14_c05.avi,LongJump,6.0,1.0754590165602056
v_LongJump_g15_c01.avi,LongJump,3.96,1.0754590165602056
v_LongJump_g15_c02.avi,LongJump,4.44,1.0754590165602056
v_LongJump_g15_c03.avi,LongJump,4.4,1.0754590165602056
v_LongJump_g15_c04.avi,LongJump,5.68,1.0754590165602056
v_LongJump_g15_c05.avi,LongJump,5.32,1.0754590165602056
v_LongJump_g16_c01.avi,LongJump,5.0,1.0754590165602056
v_LongJump_g16_c02.avi,LongJump,5.44,1.0754590165602056
v_LongJump_g16_c03.avi,LongJump,5.4,1.0754590165602056
v_LongJump_g16_c04.avi,LongJump,4.6,1.0754590165602056
v_LongJump_g16_c05.avi,LongJump,5.8,1.0754590165602056
v_LongJump_g17_c01.avi,LongJump,5.04,1.0754590165602056
v_LongJump_g17_c02.avi,LongJump,6.24,1.0754590165602056
v_LongJump_g17_c03.avi,LongJump,5.36,1.0754590165602056
v_LongJump_g17_c04.avi,LongJump,4.96,1.0754590165602056
v_LongJump_g17_c05.avi,LongJump,6.76,1.0754590165602056
v_LongJump_g18_c01.avi,LongJump,4.28,1.0754590165602056
v_LongJump_g18_c02.avi,LongJump,5.12,1.0754590165602056
v_LongJump_g18_c03.avi,LongJump,4.36,1.0754590165602056
v_LongJump_g18_c04.avi,LongJump,5.8,1.0754590165602056
v_LongJump_g18_c05.avi,LongJump,3.68,1.0754590165602056
v_LongJump_g19_c01.avi,LongJump,6.0,1.0754590165602056
v_LongJump_g19_c02.avi,LongJump,7.68,1.0754590165602056
v_LongJump_g19_c03.avi,LongJump,4.6,1.0754590165602056
v_LongJump_g19_c04.avi,LongJump,6.0,1.0754590165602056
v_LongJump_g19_c05.avi,LongJump,6.0,1.0754590165602056
v_LongJump_g19_c06.avi,LongJump,6.0,1.0754590165602056
v_LongJump_g20_c01.avi,LongJump,6.64,1.0754590165602056
v_LongJump_g20_c02.avi,LongJump,7.88,1.0754590165602056
v_LongJump_g20_c03.avi,LongJump,8.0,1.0754590165602056
v_LongJump_g20_c04.avi,LongJump,6.36,1.0754590165602056
v_LongJump_g21_c01.avi,LongJump,4.72,1.0754590165602056
v_LongJump_g21_c02.avi,LongJump,4.6,1.0754590165602056
v_LongJump_g21_c03.avi,LongJump,4.72,1.0754590165602056
v_LongJump_g21_c04.avi,LongJump,5.92,1.0754590165602056
v_LongJump_g22_c01.avi,LongJump,5.64,1.0754590165602056
v_LongJump_g22_c02.avi,LongJump,4.24,1.0754590165602056
v_LongJump_g22_c03.avi,LongJump,4.88,1.0754590165602056
v_LongJump_g22_c04.avi,LongJump,6.6,1.0754590165602056
v_LongJump_g23_c01.avi,LongJump,5.68,1.0754590165602056
v_LongJump_g23_c02.avi,LongJump,6.2,1.0754590165602056
v_LongJump_g23_c03.avi,LongJump,5.96,1.0754590165602056
v_LongJump_g23_c04.avi,LongJump,5.56,1.0754590165602056
v_LongJump_g24_c01.avi,LongJump,5.96,1.0754590165602056
v_LongJump_g24_c02.avi,LongJump,6.64,1.0754590165602056
v_LongJump_g24_c03.avi,LongJump,6.76,1.0754590165602056
v_LongJump_g24_c04.avi,LongJump,6.24,1.0754590165602056
v_LongJump_g25_c01.avi,LongJump,6.04,1.0754590165602056
v_LongJump_g25_c02.avi,LongJump,6.24,1.0754590165602056
v_LongJump_g25_c03.avi,LongJump,7.08,1.0754590165602056
v_LongJump_g25_c04.avi,LongJump,6.52,1.0754590165602056
v_Lunges_g01_c01.avi,Lunges,10.48,1.9695617033586645
v_Lunges_g01_c02.avi,Lunges,9.4,1.9695617033586645
v_Lunges_g01_c03.avi,Lunges,9.04,1.9695617033586645
v_Lunges_g01_c04.avi,Lunges,10.84,1.9695617033586645
v_Lunges_g01_c05.avi,Lunges,10.12,1.9695617033586645
v_Lunges_g01_c06.avi,Lunges,10.48,1.9695617033586645
v_Lunges_g01_c07.avi,Lunges,9.4,1.9695617033586645
v_Lunges_g02_c01.avi,Lunges,6.6,1.9695617033586645
v_Lunges_g02_c02.avi,Lunges,6.72,1.9695617033586645
v_Lunges_g02_c03.avi,Lunges,6.32,1.9695617033586645
v_Lunges_g02_c04.avi,Lunges,7.08,1.9695617033586645
v_Lunges_g03_c01.avi,Lunges,10.16,1.9695617033586645
v_Lunges_g03_c02.avi,Lunges,9.92,1.9695617033586645
v_Lunges_g03_c03.avi,Lunges,9.4,1.9695617033586645
v_Lunges_g03_c04.avi,Lunges,10.08,1.9695617033586645
v_Lunges_g04_c01.avi,Lunges,10.48,1.9695617033586645
v_Lunges_g04_c02.avi,Lunges,10.4,1.9695617033586645
v_Lunges_g04_c03.avi,Lunges,9.92,1.9695617033586645
v_Lunges_g04_c04.avi,Lunges,7.36,1.9695617033586645
v_Lunges_g05_c01.avi,Lunges,9.56,1.9695617033586645
v_Lunges_g05_c02.avi,Lunges,10.2,1.9695617033586645
v_Lunges_g05_c03.avi,Lunges,8.68,1.9695617033586645
v_Lunges_g05_c04.avi,Lunges,7.92,1.9695617033586645
v_Lunges_g06_c01.avi,Lunges,10.2,1.9695617033586645
v_Lunges_g06_c02.avi,Lunges,9.4,1.9695617033586645
v_Lunges_g06_c03.avi,Lunges,10.24,1.9695617033586645
v_Lunges_g06_c04.avi,Lunges,10.64,1.9695617033586645
v_Lunges_g06_c05.avi,Lunges,10.2,1.9695617033586645
v_Lunges_g06_c06.avi,Lunges,10.2,1.9695617033586645
v_Lunges_g06_c07.avi,Lunges,10.48,1.9695617033586645
v_Lunges_g07_c01.avi,Lunges,9.96,1.9695617033586645
v_Lunges_g07_c02.avi,Lunges,9.84,1.9695617033586645
v_Lunges_g07_c03.avi,Lunges,9.84,1.9695617033586645
v_Lunges_g07_c04.avi,Lunges,10.6,1.9695617033586645
v_Lunges_g07_c05.avi,Lunges,9.52,1.9695617033586645
v_Lunges_g07_c06.avi,Lunges,10.04,1.9695617033586645
v_Lunges_g07_c07.avi,Lunges,10.16,1.9695617033586645
v_Lunges_g08_c01.avi,Lunges,6.36,1.9695617033586645
v_Lunges_g08_c02.avi,Lunges,6.84,1.9695617033586645
v_Lunges_g08_c03.avi,Lunges,7.0,1.9695617033586645
v_Lunges_g08_c04.avi,Lunges,6.44,1.9695617033586645
v_Lunges_g09_c01.avi,Lunges,7.72,1.9695617033586645
v_Lunges_g09_c02.avi,Lunges,8.04,1.9695617033586645
v_Lunges_g09_c03.avi,Lunges,8.2,1.9695617033586645
v_Lunges_g09_c04.avi,Lunges,8.2,1.9695617033586645
v_Lunges_g10_c01.avi,Lunges,10.24,1.9695617033586645
v_Lunges_g10_c02.avi,Lunges,10.48,1.9695617033586645
v_Lunges_g10_c03.avi,Lunges,10.04,1.9695617033586645
v_Lunges_g10_c04.avi,Lunges,10.48,1.9695617033586645
v_Lunges_g10_c05.avi,Lunges,9.8,1.9695617033586645
v_Lunges_g10_c06.avi,Lunges,10.64,1.9695617033586645
v_Lunges_g11_c01.avi,Lunges,10.68,1.9695617033586645
v_Lunges_g11_c02.avi,Lunges,9.64,1.9695617033586645
v_Lunges_g11_c03.avi,Lunges,10.24,1.9695617033586645
v_Lunges_g11_c04.avi,Lunges,9.76,1.9695617033586645
v_Lunges_g11_c05.avi,Lunges,9.16,1.9695617033586645
v_Lunges_g11_c06.avi,Lunges,10.36,1.9695617033586645
v_Lunges_g11_c07.avi,Lunges,10.16,1.9695617033586645
v_Lunges_g12_c01.avi,Lunges,10.08,1.9695617033586645
v_Lunges_g12_c02.avi,Lunges,10.52,1.9695617033586645
v_Lunges_g12_c03.avi,Lunges,10.12,1.9695617033586645
v_Lunges_g12_c04.avi,Lunges,10.08,1.9695617033586645
v_Lunges_g12_c05.avi,Lunges,9.92,1.9695617033586645
v_Lunges_g13_c01.avi,Lunges,10.68,1.9695617033586645
v_Lunges_g13_c02.avi,Lunges,10.08,1.9695617033586645
v_Lunges_g13_c03.avi,Lunges,10.12,1.9695617033586645
v_Lunges_g13_c04.avi,Lunges,9.68,1.9695617033586645
v_Lunges_g13_c05.avi,Lunges,10.08,1.9695617033586645
v_Lunges_g13_c06.avi,Lunges,10.08,1.9695617033586645
v_Lunges_g14_c01.avi,Lunges,10.24,1.9695617033586645
v_Lunges_g14_c02.avi,Lunges,10.52,1.9695617033586645
v_Lunges_g14_c03.avi,Lunges,10.48,1.9695617033586645
v_Lunges_g14_c04.avi,Lunges,9.96,1.9695617033586645
v_Lunges_g14_c05.avi,Lunges,10.2,1.9695617033586645
v_Lunges_g14_c06.avi,Lunges,10.2,1.9695617033586645
v_Lunges_g14_c07.avi,Lunges,10.24,1.9695617033586645
v_Lunges_g15_c01.avi,Lunges,4.68,1.9695617033586645
v_Lunges_g15_c02.avi,Lunges,3.88,1.9695617033586645
v_Lunges_g15_c03.avi,Lunges,4.24,1.9695617033586645
v_Lunges_g15_c04.avi,Lunges,3.44,1.9695617033586645
v_Lunges_g16_c01.avi,Lunges,10.2,1.9695617033586645
v_Lunges_g16_c02.avi,Lunges,9.76,1.9695617033586645
v_Lunges_g16_c03.avi,Lunges,10.52,1.9695617033586645
v_Lunges_g16_c04.avi,Lunges,10.12,1.9695617033586645
v_Lunges_g17_c01.avi,Lunges,9.92,1.9695617033586645
v_Lunges_g17_c02.avi,Lunges,10.48,1.9695617033586645
v_Lunges_g17_c03.avi,Lunges,10.16,1.9695617033586645
v_Lunges_g17_c04.avi,Lunges,10.08,1.9695617033586645
v_Lunges_g18_c01.avi,Lunges,10.24,1.9695617033586645
v_Lunges_g18_c02.avi,Lunges,9.96,1.9695617033586645
v_Lunges_g18_c03.avi,Lunges,10.12,1.9695617033586645
v_Lunges_g18_c04.avi,Lunges,9.84,1.9695617033586645
v_Lunges_g18_c05.avi,Lunges,10.16,1.9695617033586645
v_Lunges_g19_c01.avi,Lunges,10.4,1.9695617033586645
v_Lunges_g19_c02.avi,Lunges,10.36,1.9695617033586645
v_Lunges_g19_c03.avi,Lunges,9.92,1.9695617033586645
v_Lunges_g19_c04.avi,Lunges,10.28,1.9695617033586645
v_Lunges_g19_c05.avi,Lunges,10.36,1.9695617033586645
v_Lunges_g19_c06.avi,Lunges,9.56,1.9695617033586645
v_Lunges_g19_c07.avi,Lunges,9.64,1.9695617033586645
v_Lunges_g20_c01.avi,Lunges,1.92,1.9695617033586645
v_Lunges_g20_c02.avi,Lunges,1.88,1.9695617033586645
v_Lunges_g20_c03.avi,Lunges,1.88,1.9695617033586645
v_Lunges_g20_c04.avi,Lunges,1.92,1.9695617033586645
v_Lunges_g21_c01.avi,Lunges,10.68,1.9695617033586645
v_Lunges_g21_c02.avi,Lunges,9.64,1.9695617033586645
v_Lunges_g21_c03.avi,Lunges,10.36,1.9695617033586645
v_Lunges_g21_c04.avi,Lunges,10.12,1.9695617033586645
v_Lunges_g21_c05.avi,Lunges,9.44,1.9695617033586645
v_Lunges_g22_c01.avi,Lunges,7.6,1.9695617033586645
v_Lunges_g22_c02.avi,Lunges,8.16,1.9695617033586645
v_Lunges_g22_c03.avi,Lunges,8.12,1.9695617033586645
v_Lunges_g22_c04.avi,Lunges,8.32,1.9695617033586645
v_Lunges_g23_c01.avi,Lunges,8.04,1.9695617033586645
v_Lunges_g23_c02.avi,Lunges,8.12,1.9695617033586645
v_Lunges_g23_c03.avi,Lunges,8.28,1.9695617033586645
v_Lunges_g23_c04.avi,Lunges,8.12,1.9695617033586645
v_Lunges_g23_c05.avi,Lunges,10.4,1.9695617033586645
v_Lunges_g23_c06.avi,Lunges,9.92,1.9695617033586645
v_Lunges_g24_c01.avi,Lunges,7.68,1.9695617033586645
v_Lunges_g24_c02.avi,Lunges,7.72,1.9695617033586645
v_Lunges_g24_c03.avi,Lunges,7.72,1.9695617033586645
v_Lunges_g24_c04.avi,Lunges,7.04,1.9695617033586645
v_Lunges_g25_c01.avi,Lunges,9.4,1.9695617033586645
v_Lunges_g25_c02.avi,Lunges,10.56,1.9695617033586645
v_Lunges_g25_c03.avi,Lunges,9.84,1.9695617033586645
v_Lunges_g25_c04.avi,Lunges,10.04,1.9695617033586645
v_MilitaryParade_g01_c01.avi,MilitaryParade,5.12,0.761737640042859
v_MilitaryParade_g01_c02.avi,MilitaryParade,5.08,0.761737640042859
v_MilitaryParade_g01_c03.avi,MilitaryParade,4.84,0.761737640042859
v_MilitaryParade_g01_c04.avi,MilitaryParade,4.72,0.761737640042859
v_MilitaryParade_g01_c05.avi,MilitaryParade,5.96,0.761737640042859
v_MilitaryParade_g01_c06.avi,MilitaryParade,5.44,0.761737640042859
v_MilitaryParade_g01_c07.avi,MilitaryParade,5.64,0.761737640042859
v_MilitaryParade_g02_c01.avi,MilitaryParade,3.72,0.761737640042859
v_MilitaryParade_g02_c02.avi,MilitaryParade,5.12,0.761737640042859
v_MilitaryParade_g02_c03.avi,MilitaryParade,4.48,0.761737640042859
v_MilitaryParade_g02_c04.avi,MilitaryParade,4.76,0.761737640042859
v_MilitaryParade_g03_c01.avi,MilitaryParade,4.32,0.761737640042859
v_MilitaryParade_g03_c02.avi,MilitaryParade,4.48,0.761737640042859
v_MilitaryParade_g03_c03.avi,MilitaryParade,3.72,0.761737640042859
v_MilitaryParade_g03_c04.avi,MilitaryParade,4.48,0.761737640042859
v_MilitaryParade_g04_c01.avi,MilitaryParade,5.48,0.761737640042859
v_MilitaryParade_g04_c02.avi,MilitaryParade,3.56,0.761737640042859
v_MilitaryParade_g04_c03.avi,MilitaryParade,6.04,0.761737640042859
v_MilitaryParade_g04_c04.avi,MilitaryParade,3.56,0.761737640042859
v_MilitaryParade_g05_c01.avi,MilitaryParade,3.72,0.761737640042859
v_MilitaryParade_g05_c02.avi,MilitaryParade,4.4,0.761737640042859
v_MilitaryParade_g05_c03.avi,MilitaryParade,3.4,0.761737640042859
v_MilitaryParade_g05_c04.avi,MilitaryParade,4.2,0.761737640042859
v_MilitaryParade_g06_c01.avi,MilitaryParade,5.76,0.761737640042859
v_MilitaryParade_g06_c02.avi,MilitaryParade,4.44,0.761737640042859
v_MilitaryParade_g06_c03.avi,MilitaryParade,4.68,0.761737640042859
v_MilitaryParade_g06_c04.avi,MilitaryParade,4.96,0.761737640042859
v_MilitaryParade_g07_c01.avi,MilitaryParade,4.36,0.761737640042859
v_MilitaryParade_g07_c02.avi,MilitaryParade,5.76,0.761737640042859
v_MilitaryParade_g07_c03.avi,MilitaryParade,5.72,0.761737640042859
v_MilitaryParade_g07_c04.avi,MilitaryParade,6.24,0.761737640042859
v_MilitaryParade_g07_c05.avi,MilitaryParade,5.92,0.761737640042859
v_MilitaryParade_g07_c06.avi,MilitaryParade,5.6,0.761737640042859
v_MilitaryParade_g08_c01.avi,MilitaryParade,5.04,0.761737640042859
v_MilitaryParade_g08_c02.avi,MilitaryParade,4.24,0.761737640042859
v_MilitaryParade_g08_c03.avi,MilitaryParade,5.72,0.761737640042859
v_MilitaryParade_g08_c04.avi,MilitaryParade,4.88,0.761737640042859
v_MilitaryParade_g08_c05.avi,MilitaryParade,3.12,0.761737640042859
v_MilitaryParade_g09_c01.avi,MilitaryParade,3.96,0.761737640042859
v_MilitaryParade_g09_c02.avi,MilitaryParade,4.92,0.761737640042859
v_MilitaryParade_g09_c03.avi,MilitaryParade,3.88,0.761737640042859
v_MilitaryParade_g09_c04.avi,MilitaryParade,4.2,0.761737640042859
v_MilitaryParade_g09_c05.avi,MilitaryParade,4.36,0.761737640042859
v_MilitaryParade_g09_c06.avi,MilitaryParade,5.4,0.761737640042859
v_MilitaryParade_g09_c07.avi,MilitaryParade,5.04,0.761737640042859
v_MilitaryParade_g10_c01.avi,MilitaryParade,5.44,0.761737640042859
v_MilitaryParade_g10_c02.avi,MilitaryParade,4.08,0.761737640042859
v_MilitaryParade_g10_c03.avi,MilitaryParade,4.88,0.761737640042859
v_MilitaryParade_g10_c04.avi,MilitaryParade,3.56,0.761737640042859
v_MilitaryParade_g10_c05.avi,MilitaryParade,4.08,0.761737640042859
v_MilitaryParade_g11_c01.avi,MilitaryParade,4.44,0.761737640042859
v_MilitaryParade_g11_c02.avi,MilitaryParade,5.44,0.761737640042859
v_MilitaryParade_g11_c03.avi,MilitaryParade,5.56,0.761737640042859
v_MilitaryParade_g11_c04.avi,MilitaryParade,4.88,0.761737640042859
v_MilitaryParade_g11_c05.avi,MilitaryParade,4.72,0.761737640042859
v_MilitaryParade_g12_c01.avi,MilitaryParade,4.28,0.761737640042859
v_MilitaryParade_g12_c02.avi,MilitaryParade,6.04,0.761737640042859
v_MilitaryParade_g12_c03.avi,MilitaryParade,5.2,0.761737640042859
v_MilitaryParade_g12_c04.avi,MilitaryParade,4.72,0.761737640042859
v_MilitaryParade_g12_c05.avi,MilitaryParade,5.2,0.761737640042859
v_MilitaryParade_g13_c01.avi,MilitaryParade,5.52,0.761737640042859
v_MilitaryParade_g13_c02.avi,MilitaryParade,3.6,0.761737640042859
v_MilitaryParade_g13_c03.avi,MilitaryParade,5.24,0.761737640042859
v_MilitaryParade_g13_c04.avi,MilitaryParade,5.32,0.761737640042859
v_MilitaryParade_g14_c01.avi,MilitaryParade,6.04,0.761737640042859
v_MilitaryParade_g14_c02.avi,MilitaryParade,6.08,0.761737640042859
v_MilitaryParade_g14_c03.avi,MilitaryParade,5.84,0.761737640042859
v_MilitaryParade_g14_c04.avi,MilitaryParade,4.28,0.761737640042859
v_MilitaryParade_g14_c05.avi,MilitaryParade,6.28,0.761737640042859
v_MilitaryParade_g15_c01.avi,MilitaryParade,5.76,0.761737640042859
v_MilitaryParade_g15_c02.avi,MilitaryParade,6.52,0.761737640042859
v_MilitaryParade_g15_c03.avi,MilitaryParade,5.52,0.761737640042859
v_MilitaryParade_g15_c04.avi,MilitaryParade,5.6,0.761737640042859
v_MilitaryParade_g15_c05.avi,MilitaryParade,6.72,0.761737640042859
v_MilitaryParade_g15_c06.avi,MilitaryParade,5.52,0.761737640042859
v_MilitaryParade_g15_c07.avi,MilitaryParade,6.32,0.761737640042859
v_MilitaryParade_g16_c01.avi,MilitaryParade,3.96,0.761737640042859
v_MilitaryParade_g16_c02.avi,MilitaryParade,4.96,0.761737640042859
v_MilitaryParade_g16_c03.avi,MilitaryParade,5.84,0.761737640042859
v_MilitaryParade_g16_c04.avi,MilitaryParade,5.2,0.761737640042859
v_MilitaryParade_g17_c01.avi,MilitaryParade,5.92,0.761737640042859
v_MilitaryParade_g17_c02.avi,MilitaryParade,5.52,0.761737640042859
v_MilitaryParade_g17_c03.avi,MilitaryParade,5.52,0.761737640042859
v_MilitaryParade_g17_c04.avi,MilitaryParade,5.72,0.761737640042859
v_MilitaryParade_g17_c05.avi,MilitaryParade,5.88,0.761737640042859
v_MilitaryParade_g18_c01.avi,MilitaryParade,5.6,0.761737640042859
v_MilitaryParade_g18_c02.avi,MilitaryParade,5.84,0.761737640042859
v_MilitaryParade_g18_c03.avi,MilitaryParade,5.56,0.761737640042859
v_MilitaryParade_g18_c04.avi,MilitaryParade,5.28,0.761737640042859
v_MilitaryParade_g18_c05.avi,MilitaryParade,5.4,0.761737640042859
v_MilitaryParade_g18_c06.avi,MilitaryParade,4.96,0.761737640042859
v_MilitaryParade_g19_c01.avi,MilitaryParade,5.64,0.761737640042859
v_MilitaryParade_g19_c02.avi,MilitaryParade,5.52,0.761737640042859
v_MilitaryParade_g19_c03.avi,MilitaryParade,5.04,0.761737640042859
v_MilitaryParade_g19_c04.avi,MilitaryParade,5.52,0.761737640042859
v_MilitaryParade_g19_c05.avi,MilitaryParade,5.4,0.761737640042859
v_MilitaryParade_g19_c06.avi,MilitaryParade,5.52,0.761737640042859
v_MilitaryParade_g19_c07.avi,MilitaryParade,5.84,0.761737640042859
v_MilitaryParade_g20_c01.avi,MilitaryParade,5.48,0.761737640042859
v_MilitaryParade_g20_c02.avi,MilitaryParade,6.0,0.761737640042859
v_MilitaryParade_g20_c03.avi,MilitaryParade,6.12,0.761737640042859
v_MilitaryParade_g20_c04.avi,MilitaryParade,5.96,0.761737640042859
v_MilitaryParade_g21_c01.avi,MilitaryParade,4.04,0.761737640042859
v_MilitaryParade_g21_c02.avi,MilitaryParade,5.48,0.761737640042859
v_MilitaryParade_g21_c03.avi,MilitaryParade,4.88,0.761737640042859
v_MilitaryParade_g21_c04.avi,MilitaryParade,4.04,0.761737640042859
v_MilitaryParade_g22_c01.avi,MilitaryParade,5.36,0.761737640042859
v_MilitaryParade_g22_c02.avi,MilitaryParade,5.0,0.761737640042859
v_MilitaryParade_g22_c03.avi,MilitaryParade,5.68,0.761737640042859
v_MilitaryParade_g22_c04.avi,MilitaryParade,4.6,0.761737640042859
v_MilitaryParade_g23_c01.avi,MilitaryParade,4.92,0.761737640042859
v_MilitaryParade_g23_c02.avi,MilitaryParade,5.0,0.761737640042859
v_MilitaryParade_g23_c03.avi,MilitaryParade,4.72,0.761737640042859
v_MilitaryParade_g23_c04.avi,MilitaryParade,5.4,0.761737640042859
v_MilitaryParade_g24_c01.avi,MilitaryParade,4.12,0.761737640042859
v_MilitaryParade_g24_c02.avi,MilitaryParade,4.36,0.761737640042859
v_MilitaryParade_g24_c03.avi,MilitaryParade,4.04,0.761737640042859
v_MilitaryParade_g24_c04.avi,MilitaryParade,4.24,0.761737640042859
v_MilitaryParade_g25_c01.avi,MilitaryParade,5.08,0.761737640042859
v_MilitaryParade_g25_c02.avi,MilitaryParade,3.72,0.761737640042859
v_MilitaryParade_g25_c03.avi,MilitaryParade,5.12,0.761737640042859
v_MilitaryParade_g25_c04.avi,MilitaryParade,4.76,0.761737640042859
v_MilitaryParade_g25_c05.avi,MilitaryParade,4.96,0.761737640042859
v_MilitaryParade_g25_c06.avi,MilitaryParade,4.92,0.761737640042859
v_MilitaryParade_g25_c07.avi,MilitaryParade,5.12,0.761737640042859
v_Mixing_g01_c01.avi,Mixing,4.2,0.6776332000519436
v_Mixing_g01_c02.avi,Mixing,5.04,0.6776332000519436
v_Mixing_g01_c03.avi,Mixing,5.68,0.6776332000519436
v_Mixing_g01_c04.avi,Mixing,4.84,0.6776332000519436
v_Mixing_g01_c05.avi,Mixing,4.4,0.6776332000519436
v_Mixing_g01_c06.avi,Mixing,6.32,0.6776332000519436
v_Mixing_g01_c07.avi,Mixing,4.96,0.6776332000519436
v_Mixing_g02_c01.avi,Mixing,4.12,0.6776332000519436
v_Mixing_g02_c02.avi,Mixing,4.2,0.6776332000519436
v_Mixing_g02_c03.avi,Mixing,6.6,0.6776332000519436
v_Mixing_g02_c04.avi,Mixing,6.6,0.6776332000519436
v_Mixing_g02_c05.avi,Mixing,5.92,0.6776332000519436
v_Mixing_g02_c06.avi,Mixing,4.32,0.6776332000519436
v_Mixing_g03_c01.avi,Mixing,6.36,0.6776332000519436
v_Mixing_g03_c02.avi,Mixing,5.12,0.6776332000519436
v_Mixing_g03_c03.avi,Mixing,5.4,0.6776332000519436
v_Mixing_g03_c04.avi,Mixing,5.36,0.6776332000519436
v_Mixing_g03_c05.avi,Mixing,4.84,0.6776332000519436
v_Mixing_g03_c06.avi,Mixing,5.32,0.6776332000519436
v_Mixing_g03_c07.avi,Mixing,6.12,0.6776332000519436
v_Mixing_g04_c01.avi,Mixing,5.64,0.6776332000519436
v_Mixing_g04_c02.avi,Mixing,4.16,0.6776332000519436
v_Mixing_g04_c03.avi,Mixing,4.96,0.6776332000519436
v_Mixing_g04_c04.avi,Mixing,4.36,0.6776332000519436
v_Mixing_g04_c05.avi,Mixing,4.44,0.6776332000519436
v_Mixing_g04_c06.avi,Mixing,5.84,0.6776332000519436
v_Mixing_g04_c07.avi,Mixing,4.88,0.6776332000519436
v_Mixing_g05_c01.avi,Mixing,5.04,0.6776332000519436
v_Mixing_g05_c02.avi,Mixing,4.4,0.6776332000519436
v_Mixing_g05_c03.avi,Mixing,4.96,0.6776332000519436
v_Mixing_g05_c04.avi,Mixing,4.72,0.6776332000519436
v_Mixing_g05_c05.avi,Mixing,5.2,0.6776332000519436
v_Mixing_g05_c06.avi,Mixing,5.08,0.6776332000519436
v_Mixing_g05_c07.avi,Mixing,4.4,0.6776332000519436
v_Mixing_g06_c01.avi,Mixing,5.56,0.6776332000519436
v_Mixing_g06_c02.avi,Mixing,4.12,0.6776332000519436
v_Mixing_g06_c03.avi,Mixing,4.84,0.6776332000519436
v_Mixing_g06_c04.avi,Mixing,4.28,0.6776332000519436
v_Mixing_g06_c05.avi,Mixing,5.64,0.6776332000519436
v_Mixing_g06_c06.avi,Mixing,4.28,0.6776332000519436
v_Mixing_g07_c01.avi,Mixing,4.6,0.6776332000519436
v_Mixing_g07_c02.avi,Mixing,4.04,0.6776332000519436
v_Mixing_g07_c03.avi,Mixing,5.16,0.6776332000519436
v_Mixing_g07_c04.avi,Mixing,5.2,0.6776332000519436
v_Mixing_g07_c05.avi,Mixing,5.2,0.6776332000519436
v_Mixing_g08_c01.avi,Mixing,4.68,0.6776332000519436
v_Mixing_g08_c02.avi,Mixing,3.96,0.6776332000519436
v_Mixing_g08_c03.avi,Mixing,4.52,0.6776332000519436
v_Mixing_g08_c04.avi,Mixing,4.84,0.6776332000519436
v_Mixing_g08_c05.avi,Mixing,5.56,0.6776332000519436
v_Mixing_g09_c01.avi,Mixing,4.2,0.6776332000519436
v_Mixing_g09_c02.avi,Mixing,4.96,0.6776332000519436
v_Mixing_g09_c03.avi,Mixing,5.0,0.6776332000519436
v_Mixing_g09_c04.avi,Mixing,5.44,0.6776332000519436
v_Mixing_g09_c05.avi,Mixing,3.88,0.6776332000519436
v_Mixing_g09_c06.avi,Mixing,4.04,0.6776332000519436
v_Mixing_g09_c07.avi,Mixing,4.52,0.6776332000519436
v_Mixing_g10_c01.avi,Mixing,4.4,0.6776332000519436
v_Mixing_g10_c02.avi,Mixing,4.84,0.6776332000519436
v_Mixing_g10_c03.avi,Mixing,5.6,0.6776332000519436
v_Mixing_g10_c04.avi,Mixing,4.48,0.6776332000519436
v_Mixing_g10_c05.avi,Mixing,4.72,0.6776332000519436
v_Mixing_g11_c01.avi,Mixing,5.04,0.6776332000519436
v_Mixing_g11_c02.avi,Mixing,4.76,0.6776332000519436
v_Mixing_g11_c03.avi,Mixing,5.12,0.6776332000519436
v_Mixing_g11_c04.avi,Mixing,5.6,0.6776332000519436
v_Mixing_g11_c05.avi,Mixing,4.88,0.6776332000519436
v_Mixing_g11_c06.avi,Mixing,4.64,0.6776332000519436
v_Mixing_g11_c07.avi,Mixing,5.56,0.6776332000519436
v_Mixing_g12_c01.avi,Mixing,4.52,0.6776332000519436
v_Mixing_g12_c02.avi,Mixing,3.96,0.6776332000519436
v_Mixing_g12_c03.avi,Mixing,4.16,0.6776332000519436
v_Mixing_g12_c04.avi,Mixing,4.28,0.6776332000519436
v_Mixing_g12_c05.avi,Mixing,4.56,0.6776332000519436
v_Mixing_g12_c06.avi,Mixing,4.4,0.6776332000519436
v_Mixing_g12_c07.avi,Mixing,3.96,0.6776332000519436
v_Mixing_g13_c01.avi,Mixing,4.44,0.6776332000519436
v_Mixing_g13_c02.avi,Mixing,4.12,0.6776332000519436
v_Mixing_g13_c03.avi,Mixing,4.08,0.6776332000519436
v_Mixing_g13_c04.avi,Mixing,3.84,0.6776332000519436
v_Mixing_g13_c05.avi,Mixing,2.44,0.6776332000519436
v_Mixing_g13_c06.avi,Mixing,4.16,0.6776332000519436
v_Mixing_g14_c01.avi,Mixing,3.96,0.6776332000519436
v_Mixing_g14_c02.avi,Mixing,3.64,0.6776332000519436
v_Mixing_g14_c03.avi,Mixing,4.64,0.6776332000519436
v_Mixing_g14_c04.avi,Mixing,4.64,0.6776332000519436
v_Mixing_g14_c05.avi,Mixing,4.12,0.6776332000519436
v_Mixing_g14_c06.avi,Mixing,4.52,0.6776332000519436
v_Mixing_g14_c07.avi,Mixing,4.12,0.6776332000519436
v_Mixing_g15_c01.avi,Mixing,4.84,0.6776332000519436
v_Mixing_g15_c02.avi,Mixing,4.08,0.6776332000519436
v_Mixing_g15_c03.avi,Mixing,4.08,0.6776332000519436
v_Mixing_g15_c04.avi,Mixing,3.92,0.6776332000519436
v_Mixing_g15_c05.avi,Mixing,3.84,0.6776332000519436
v_Mixing_g15_c06.avi,Mixing,4.12,0.6776332000519436
v_Mixing_g15_c07.avi,Mixing,3.64,0.6776332000519436
v_Mixing_g16_c01.avi,Mixing,4.16,0.6776332000519436
v_Mixing_g16_c02.avi,Mixing,4.28,0.6776332000519436
v_Mixing_g16_c03.avi,Mixing,4.4,0.6776332000519436
v_Mixing_g16_c04.avi,Mixing,4.64,0.6776332000519436
v_Mixing_g17_c01.avi,Mixing,3.68,0.6776332000519436
v_Mixing_g17_c02.avi,Mixing,4.56,0.6776332000519436
v_Mixing_g17_c03.avi,Mixing,4.56,0.6776332000519436
v_Mixing_g17_c04.avi,Mixing,3.24,0.6776332000519436
v_Mixing_g18_c01.avi,Mixing,4.04,0.6776332000519436
v_Mixing_g18_c02.avi,Mixing,4.08,0.6776332000519436
v_Mixing_g18_c03.avi,Mixing,4.16,0.6776332000519436
v_Mixing_g18_c04.avi,Mixing,4.04,0.6776332000519436
v_Mixing_g19_c01.avi,Mixing,4.0,0.6776332000519436
v_Mixing_g19_c02.avi,Mixing,4.24,0.6776332000519436
v_Mixing_g19_c03.avi,Mixing,4.08,0.6776332000519436
v_Mixing_g19_c04.avi,Mixing,4.04,0.6776332000519436
v_Mixing_g20_c01.avi,Mixing,4.56,0.6776332000519436
v_Mixing_g20_c02.avi,Mixing,4.04,0.6776332000519436
v_Mixing_g20_c03.avi,Mixing,3.12,0.6776332000519436
v_Mixing_g20_c04.avi,Mixing,4.08,0.6776332000519436
v_Mixing_g21_c01.avi,Mixing,4.72,0.6776332000519436
v_Mixing_g21_c02.avi,Mixing,4.64,0.6776332000519436
v_Mixing_g21_c03.avi,Mixing,4.48,0.6776332000519436
v_Mixing_g21_c04.avi,Mixing,5.56,0.6776332000519436
v_Mixing_g22_c01.avi,Mixing,4.72,0.6776332000519436
v_Mixing_g22_c02.avi,Mixing,4.0,0.6776332000519436
v_Mixing_g22_c03.avi,Mixing,4.0,0.6776332000519436
v_Mixing_g22_c04.avi,Mixing,3.68,0.6776332000519436
v_Mixing_g23_c01.avi,Mixing,4.96,0.6776332000519436
v_Mixing_g23_c02.avi,Mixing,5.08,0.6776332000519436
v_Mixing_g23_c03.avi,Mixing,5.4,0.6776332000519436
v_Mixing_g23_c04.avi,Mixing,4.36,0.6776332000519436
v_Mixing_g24_c01.avi,Mixing,5.04,0.6776332000519436
v_Mixing_g24_c02.avi,Mixing,5.4,0.6776332000519436
v_Mixing_g24_c03.avi,Mixing,4.44,0.6776332000519436
v_Mixing_g24_c04.avi,Mixing,4.64,0.6776332000519436
v_Mixing_g25_c01.avi,Mixing,4.64,0.6776332000519436
v_Mixing_g25_c02.avi,Mixing,4.08,0.6776332000519436
v_Mixing_g25_c03.avi,Mixing,5.0,0.6776332000519436
v_Mixing_g25_c04.avi,Mixing,4.28,0.6776332000519436
v_MoppingFloor_g01_c01.avi,MoppingFloor,6.4,3.4446790336261985
v_MoppingFloor_g01_c02.avi,MoppingFloor,6.4,3.4446790336261985
v_MoppingFloor_g01_c03.avi,MoppingFloor,6.4,3.4446790336261985
v_MoppingFloor_g01_c04.avi,MoppingFloor,5.48,3.4446790336261985
v_MoppingFloor_g02_c01.avi,MoppingFloor,6.6,3.4446790336261985
v_MoppingFloor_g02_c02.avi,MoppingFloor,7.0,3.4446790336261985
v_MoppingFloor_g02_c03.avi,MoppingFloor,5.72,3.4446790336261985
v_MoppingFloor_g02_c04.avi,MoppingFloor,5.48,3.4446790336261985
v_MoppingFloor_g02_c05.avi,MoppingFloor,6.32,3.4446790336261985
v_MoppingFloor_g02_c06.avi,MoppingFloor,5.36,3.4446790336261985
v_MoppingFloor_g03_c01.avi,MoppingFloor,4.64,3.4446790336261985
v_MoppingFloor_g03_c02.avi,MoppingFloor,6.68,3.4446790336261985
v_MoppingFloor_g03_c03.avi,MoppingFloor,5.84,3.4446790336261985
v_MoppingFloor_g03_c04.avi,MoppingFloor,5.0,3.4446790336261985
v_MoppingFloor_g04_c01.avi,MoppingFloor,9.76,3.4446790336261985
v_MoppingFloor_g04_c02.avi,MoppingFloor,11.6,3.4446790336261985
v_MoppingFloor_g04_c03.avi,MoppingFloor,12.16,3.4446790336261985
v_MoppingFloor_g04_c04.avi,MoppingFloor,11.96,3.4446790336261985
v_MoppingFloor_g04_c05.avi,MoppingFloor,11.2,3.4446790336261985
v_MoppingFloor_g04_c06.avi,MoppingFloor,12.24,3.4446790336261985
v_MoppingFloor_g05_c01.avi,MoppingFloor,11.44,3.4446790336261985
v_MoppingFloor_g05_c02.avi,MoppingFloor,11.6,3.4446790336261985
v_MoppingFloor_g05_c03.avi,MoppingFloor,12.2,3.4446790336261985
v_MoppingFloor_g05_c04.avi,MoppingFloor,11.72,3.4446790336261985
v_MoppingFloor_g05_c05.avi,MoppingFloor,7.32,3.4446790336261985
v_MoppingFloor_g06_c01.avi,MoppingFloor,4.0,3.4446790336261985
v_MoppingFloor_g06_c02.avi,MoppingFloor,9.0,3.4446790336261985
v_MoppingFloor_g06_c03.avi,MoppingFloor,8.92,3.4446790336261985
v_MoppingFloor_g06_c04.avi,MoppingFloor,4.92,3.4446790336261985
v_MoppingFloor_g07_c01.avi,MoppingFloor,6.32,3.4446790336261985
v_MoppingFloor_g07_c02.avi,MoppingFloor,5.8,3.4446790336261985
v_MoppingFloor_g07_c03.avi,MoppingFloor,4.32,3.4446790336261985
v_MoppingFloor_g07_c04.avi,MoppingFloor,8.16,3.4446790336261985
v_MoppingFloor_g07_c05.avi,MoppingFloor,5.04,3.4446790336261985
v_MoppingFloor_g08_c01.avi,MoppingFloor,10.96,3.4446790336261985
v_MoppingFloor_g08_c02.avi,MoppingFloor,11.0,3.4446790336261985
v_MoppingFloor_g08_c03.avi,MoppingFloor,11.8,3.4446790336261985
v_MoppingFloor_g08_c04.avi,MoppingFloor,8.72,3.4446790336261985
v_MoppingFloor_g09_c01.avi,MoppingFloor,10.56,3.4446790336261985
v_MoppingFloor_g09_c02.avi,MoppingFloor,11.12,3.4446790336261985
v_MoppingFloor_g09_c03.avi,MoppingFloor,11.52,3.4446790336261985
v_MoppingFloor_g09_c04.avi,MoppingFloor,13.68,3.4446790336261985
v_MoppingFloor_g10_c01.avi,MoppingFloor,9.56,3.4446790336261985
v_MoppingFloor_g10_c02.avi,MoppingFloor,8.84,3.4446790336261985
v_MoppingFloor_g10_c03.avi,MoppingFloor,9.88,3.4446790336261985
v_MoppingFloor_g10_c04.avi,MoppingFloor,11.32,3.4446790336261985
v_MoppingFloor_g11_c01.avi,MoppingFloor,7.64,3.4446790336261985
v_MoppingFloor_g11_c02.avi,MoppingFloor,7.64,3.4446790336261985
v_MoppingFloor_g11_c03.avi,MoppingFloor,3.4,3.4446790336261985
v_MoppingFloor_g11_c04.avi,MoppingFloor,3.28,3.4446790336261985
v_MoppingFloor_g12_c01.avi,MoppingFloor,5.76,3.4446790336261985
v_MoppingFloor_g12_c02.avi,MoppingFloor,5.8,3.4446790336261985
v_MoppingFloor_g12_c03.avi,MoppingFloor,5.92,3.4446790336261985
v_MoppingFloor_g12_c04.avi,MoppingFloor,6.48,3.4446790336261985
v_MoppingFloor_g13_c01.avi,MoppingFloor,14.44,3.4446790336261985
v_MoppingFloor_g13_c02.avi,MoppingFloor,14.2,3.4446790336261985
v_MoppingFloor_g13_c03.avi,MoppingFloor,13.84,3.4446790336261985
v_MoppingFloor_g13_c04.avi,MoppingFloor,15.12,3.4446790336261985
v_MoppingFloor_g14_c01.avi,MoppingFloor,7.88,3.4446790336261985
v_MoppingFloor_g14_c02.avi,MoppingFloor,7.8,3.4446790336261985
v_MoppingFloor_g14_c03.avi,MoppingFloor,7.84,3.4446790336261985
v_MoppingFloor_g14_c04.avi,MoppingFloor,5.16,3.4446790336261985
v_MoppingFloor_g15_c01.avi,MoppingFloor,5.28,3.4446790336261985
v_MoppingFloor_g15_c02.avi,MoppingFloor,5.24,3.4446790336261985
v_MoppingFloor_g15_c03.avi,MoppingFloor,5.36,3.4446790336261985
v_MoppingFloor_g15_c04.avi,MoppingFloor,5.48,3.4446790336261985
v_MoppingFloor_g16_c01.avi,MoppingFloor,10.8,3.4446790336261985
v_MoppingFloor_g16_c02.avi,MoppingFloor,9.52,3.4446790336261985
v_MoppingFloor_g16_c03.avi,MoppingFloor,9.36,3.4446790336261985
v_MoppingFloor_g16_c04.avi,MoppingFloor,8.2,3.4446790336261985
v_MoppingFloor_g17_c01.avi,MoppingFloor,8.24,3.4446790336261985
v_MoppingFloor_g17_c02.avi,MoppingFloor,9.4,3.4446790336261985
v_MoppingFloor_g17_c03.avi,MoppingFloor,9.96,3.4446790336261985
v_MoppingFloor_g17_c04.avi,MoppingFloor,10.76,3.4446790336261985
v_MoppingFloor_g17_c05.avi,MoppingFloor,10.36,3.4446790336261985
v_MoppingFloor_g17_c06.avi,MoppingFloor,9.52,3.4446790336261985
v_MoppingFloor_g18_c01.avi,MoppingFloor,4.2,3.4446790336261985
v_MoppingFloor_g18_c02.avi,MoppingFloor,4.4,3.4446790336261985
v_MoppingFloor_g18_c03.avi,MoppingFloor,4.16,3.4446790336261985
v_MoppingFloor_g18_c04.avi,MoppingFloor,3.96,3.4446790336261985
v_MoppingFloor_g18_c05.avi,MoppingFloor,13.92,3.4446790336261985
v_MoppingFloor_g18_c06.avi,MoppingFloor,14.92,3.4446790336261985
v_MoppingFloor_g19_c01.avi,MoppingFloor,5.4,3.4446790336261985
v_MoppingFloor_g19_c02.avi,MoppingFloor,5.8,3.4446790336261985
v_MoppingFloor_g19_c03.avi,MoppingFloor,3.0,3.4446790336261985
v_MoppingFloor_g19_c04.avi,MoppingFloor,2.88,3.4446790336261985
v_MoppingFloor_g20_c01.avi,MoppingFloor,4.92,3.4446790336261985
v_MoppingFloor_g20_c02.avi,MoppingFloor,4.88,3.4446790336261985
v_MoppingFloor_g20_c03.avi,MoppingFloor,5.08,3.4446790336261985
v_MoppingFloor_g20_c04.avi,MoppingFloor,5.08,3.4446790336261985
v_MoppingFloor_g21_c01.avi,MoppingFloor,7.68,3.4446790336261985
v_MoppingFloor_g21_c02.avi,MoppingFloor,7.52,3.4446790336261985
v_MoppingFloor_g21_c03.avi,MoppingFloor,6.88,3.4446790336261985
v_MoppingFloor_g21_c04.avi,MoppingFloor,7.44,3.4446790336261985
v_MoppingFloor_g22_c01.avi,MoppingFloor,13.48,3.4446790336261985
v_MoppingFloor_g22_c02.avi,MoppingFloor,13.32,3.4446790336261985
v_MoppingFloor_g22_c03.avi,MoppingFloor,13.84,3.4446790336261985
v_MoppingFloor_g22_c04.avi,MoppingFloor,15.6,3.4446790336261985
v_MoppingFloor_g23_c01.avi,MoppingFloor,5.52,3.4446790336261985
v_MoppingFloor_g23_c02.avi,MoppingFloor,5.88,3.4446790336261985
v_MoppingFloor_g23_c03.avi,MoppingFloor,14.56,3.4446790336261985
v_MoppingFloor_g23_c04.avi,MoppingFloor,12.48,3.4446790336261985
v_MoppingFloor_g24_c01.avi,MoppingFloor,12.16,3.4446790336261985
v_MoppingFloor_g24_c02.avi,MoppingFloor,12.04,3.4446790336261985
v_MoppingFloor_g24_c03.avi,MoppingFloor,11.96,3.4446790336261985
v_MoppingFloor_g24_c04.avi,MoppingFloor,17.56,3.4446790336261985
v_MoppingFloor_g25_c01.avi,MoppingFloor,6.2,3.4446790336261985
v_MoppingFloor_g25_c02.avi,MoppingFloor,4.76,3.4446790336261985
v_MoppingFloor_g25_c03.avi,MoppingFloor,7.84,3.4446790336261985
v_MoppingFloor_g25_c04.avi,MoppingFloor,2.76,3.4446790336261985
v_Nunchucks_g01_c01.avi,Nunchucks,10.6,1.9666913119836482
v_Nunchucks_g01_c02.avi,Nunchucks,10.44,1.9666913119836482
v_Nunchucks_g01_c03.avi,Nunchucks,9.4,1.9666913119836482
v_Nunchucks_g01_c04.avi,Nunchucks,9.2,1.9666913119836482
v_Nunchucks_g02_c01.avi,Nunchucks,11.68,1.9666913119836482
v_Nunchucks_g02_c02.avi,Nunchucks,9.44,1.9666913119836482
v_Nunchucks_g02_c03.avi,Nunchucks,11.08,1.9666913119836482
v_Nunchucks_g02_c04.avi,Nunchucks,9.8,1.9666913119836482
v_Nunchucks_g02_c05.avi,Nunchucks,11.68,1.9666913119836482
v_Nunchucks_g02_c06.avi,Nunchucks,11.88,1.9666913119836482
v_Nunchucks_g03_c01.avi,Nunchucks,10.08,1.9666913119836482
v_Nunchucks_g03_c02.avi,Nunchucks,10.04,1.9666913119836482
v_Nunchucks_g03_c03.avi,Nunchucks,10.04,1.9666913119836482
v_Nunchucks_g03_c04.avi,Nunchucks,10.0,1.9666913119836482
v_Nunchucks_g03_c05.avi,Nunchucks,10.08,1.9666913119836482
v_Nunchucks_g03_c06.avi,Nunchucks,10.04,1.9666913119836482
v_Nunchucks_g03_c07.avi,Nunchucks,9.76,1.9666913119836482
v_Nunchucks_g04_c01.avi,Nunchucks,10.44,1.9666913119836482
v_Nunchucks_g04_c02.avi,Nunchucks,10.44,1.9666913119836482
v_Nunchucks_g04_c03.avi,Nunchucks,10.32,1.9666913119836482
v_Nunchucks_g04_c04.avi,Nunchucks,10.32,1.9666913119836482
v_Nunchucks_g04_c05.avi,Nunchucks,10.72,1.9666913119836482
v_Nunchucks_g04_c06.avi,Nunchucks,10.04,1.9666913119836482
v_Nunchucks_g05_c01.avi,Nunchucks,9.04,1.9666913119836482
v_Nunchucks_g05_c02.avi,Nunchucks,8.36,1.9666913119836482
v_Nunchucks_g05_c03.avi,Nunchucks,8.2,1.9666913119836482
v_Nunchucks_g05_c04.avi,Nunchucks,8.64,1.9666913119836482
v_Nunchucks_g06_c01.avi,Nunchucks,12.72,1.9666913119836482
v_Nunchucks_g06_c02.avi,Nunchucks,8.8,1.9666913119836482
v_Nunchucks_g06_c03.avi,Nunchucks,8.4,1.9666913119836482
v_Nunchucks_g06_c04.avi,Nunchucks,8.48,1.9666913119836482
v_Nunchucks_g07_c01.avi,Nunchucks,10.2,1.9666913119836482
v_Nunchucks_g07_c02.avi,Nunchucks,10.2,1.9666913119836482
v_Nunchucks_g07_c03.avi,Nunchucks,6.04,1.9666913119836482
v_Nunchucks_g07_c04.avi,Nunchucks,9.88,1.9666913119836482
v_Nunchucks_g08_c01.avi,Nunchucks,10.2,1.9666913119836482
v_Nunchucks_g08_c02.avi,Nunchucks,9.88,1.9666913119836482
v_Nunchucks_g08_c03.avi,Nunchucks,10.0,1.9666913119836482
v_Nunchucks_g08_c04.avi,Nunchucks,10.12,1.9666913119836482
v_Nunchucks_g08_c05.avi,Nunchucks,10.0,1.9666913119836482
v_Nunchucks_g08_c06.avi,Nunchucks,10.32,1.9666913119836482
v_Nunchucks_g08_c07.avi,Nunchucks,9.88,1.9666913119836482
v_Nunchucks_g09_c01.avi,Nunchucks,11.44,1.9666913119836482
v_Nunchucks_g09_c02.avi,Nunchucks,11.04,1.9666913119836482
v_Nunchucks_g09_c03.avi,Nunchucks,5.84,1.9666913119836482
v_Nunchucks_g09_c04.avi,Nunchucks,6.28,1.9666913119836482
v_Nunchucks_g09_c05.avi,Nunchucks,5.52,1.9666913119836482
v_Nunchucks_g10_c01.avi,Nunchucks,7.04,1.9666913119836482
v_Nunchucks_g10_c02.avi,Nunchucks,6.48,1.9666913119836482
v_Nunchucks_g10_c03.avi,Nunchucks,6.88,1.9666913119836482
v_Nunchucks_g10_c04.avi,Nunchucks,6.92,1.9666913119836482
v_Nunchucks_g10_c05.avi,Nunchucks,6.48,1.9666913119836482
v_Nunchucks_g10_c06.avi,Nunchucks,6.64,1.9666913119836482
v_Nunchucks_g11_c01.avi,Nunchucks,8.2,1.9666913119836482
v_Nunchucks_g11_c02.avi,Nunchucks,7.8,1.9666913119836482
v_Nunchucks_g11_c03.avi,Nunchucks,6.24,1.9666913119836482
v_Nunchucks_g11_c04.avi,Nunchucks,8.44,1.9666913119836482
v_Nunchucks_g11_c05.avi,Nunchucks,6.12,1.9666913119836482
v_Nunchucks_g11_c06.avi,Nunchucks,11.64,1.9666913119836482
v_Nunchucks_g12_c01.avi,Nunchucks,7.04,1.9666913119836482
v_Nunchucks_g12_c02.avi,Nunchucks,6.8,1.9666913119836482
v_Nunchucks_g12_c03.avi,Nunchucks,7.08,1.9666913119836482
v_Nunchucks_g12_c04.avi,Nunchucks,6.52,1.9666913119836482
v_Nunchucks_g12_c05.avi,Nunchucks,6.08,1.9666913119836482
v_Nunchucks_g13_c01.avi,Nunchucks,11.44,1.9666913119836482
v_Nunchucks_g13_c02.avi,Nunchucks,12.24,1.9666913119836482
v_Nunchucks_g13_c03.avi,Nunchucks,12.84,1.9666913119836482
v_Nunchucks_g13_c04.avi,Nunchucks,12.92,1.9666913119836482
v_Nunchucks_g13_c05.avi,Nunchucks,11.84,1.9666913119836482
v_Nunchucks_g13_c06.avi,Nunchucks,11.12,1.9666913119836482
v_Nunchucks_g13_c07.avi,Nunchucks,12.32,1.9666913119836482
v_Nunchucks_g14_c01.avi,Nunchucks,12.08,1.9666913119836482
v_Nunchucks_g14_c02.avi,Nunchucks,9.6,1.9666913119836482
v_Nunchucks_g14_c03.avi,Nunchucks,12.32,1.9666913119836482
v_Nunchucks_g14_c04.avi,Nunchucks,13.16,1.9666913119836482
v_Nunchucks_g15_c01.avi,Nunchucks,9.96,1.9666913119836482
v_Nunchucks_g15_c02.avi,Nunchucks,10.32,1.9666913119836482
v_Nunchucks_g15_c03.avi,Nunchucks,12.08,1.9666913119836482
v_Nunchucks_g15_c04.avi,Nunchucks,11.36,1.9666913119836482
v_Nunchucks_g15_c05.avi,Nunchucks,11.08,1.9666913119836482
v_Nunchucks_g15_c06.avi,Nunchucks,12.8,1.9666913119836482
v_Nunchucks_g16_c01.avi,Nunchucks,7.04,1.9666913119836482
v_Nunchucks_g16_c02.avi,Nunchucks,6.68,1.9666913119836482
v_Nunchucks_g16_c03.avi,Nunchucks,6.68,1.9666913119836482
v_Nunchucks_g16_c04.avi,Nunchucks,7.36,1.9666913119836482
v_Nunchucks_g17_c01.avi,Nunchucks,9.6,1.9666913119836482
v_Nunchucks_g17_c02.avi,Nunchucks,10.44,1.9666913119836482
v_Nunchucks_g17_c03.avi,Nunchucks,10.12,1.9666913119836482
v_Nunchucks_g17_c04.avi,Nunchucks,10.44,1.9666913119836482
v_Nunchucks_g17_c05.avi,Nunchucks,12.12,1.9666913119836482
v_Nunchucks_g17_c06.avi,Nunchucks,11.0,1.9666913119836482
v_Nunchucks_g17_c07.avi,Nunchucks,12.08,1.9666913119836482
v_Nunchucks_g18_c01.avi,Nunchucks,11.2,1.9666913119836482
v_Nunchucks_g18_c02.avi,Nunchucks,10.88,1.9666913119836482
v_Nunchucks_g18_c03.avi,Nunchucks,9.56,1.9666913119836482
v_Nunchucks_g18_c04.avi,Nunchucks,10.2,1.9666913119836482
v_Nunchucks_g18_c05.avi,Nunchucks,9.2,1.9666913119836482
v_Nunchucks_g18_c06.avi,Nunchucks,10.2,1.9666913119836482
v_Nunchucks_g19_c01.avi,Nunchucks,7.88,1.9666913119836482
v_Nunchucks_g19_c02.avi,Nunchucks,8.04,1.9666913119836482
v_Nunchucks_g19_c03.avi,Nunchucks,11.8,1.9666913119836482
v_Nunchucks_g19_c04.avi,Nunchucks,11.92,1.9666913119836482
v_Nunchucks_g20_c01.avi,Nunchucks,6.84,1.9666913119836482
v_Nunchucks_g20_c02.avi,Nunchucks,7.12,1.9666913119836482
v_Nunchucks_g20_c03.avi,Nunchucks,10.88,1.9666913119836482
v_Nunchucks_g20_c04.avi,Nunchucks,11.44,1.9666913119836482
v_Nunchucks_g21_c01.avi,Nunchucks,6.76,1.9666913119836482
v_Nunchucks_g21_c02.avi,Nunchucks,6.72,1.9666913119836482
v_Nunchucks_g21_c03.avi,Nunchucks,6.96,1.9666913119836482
v_Nunchucks_g21_c04.avi,Nunchucks,7.48,1.9666913119836482
v_Nunchucks_g21_c05.avi,Nunchucks,7.96,1.9666913119836482
v_Nunchucks_g21_c06.avi,Nunchucks,7.36,1.9666913119836482
v_Nunchucks_g22_c01.avi,Nunchucks,5.8,1.9666913119836482
v_Nunchucks_g22_c02.avi,Nunchucks,5.8,1.9666913119836482
v_Nunchucks_g22_c03.avi,Nunchucks,6.84,1.9666913119836482
v_Nunchucks_g22_c04.avi,Nunchucks,6.68,1.9666913119836482
v_Nunchucks_g23_c01.avi,Nunchucks,8.32,1.9666913119836482
v_Nunchucks_g23_c02.avi,Nunchucks,10.2,1.9666913119836482
v_Nunchucks_g23_c03.avi,Nunchucks,9.64,1.9666913119836482
v_Nunchucks_g23_c04.avi,Nunchucks,9.8,1.9666913119836482
v_Nunchucks_g23_c05.avi,Nunchucks,9.68,1.9666913119836482
v_Nunchucks_g24_c01.avi,Nunchucks,8.4,1.9666913119836482
v_Nunchucks_g24_c02.avi,Nunchucks,8.24,1.9666913119836482
v_Nunchucks_g24_c03.avi,Nunchucks,8.0,1.9666913119836482
v_Nunchucks_g24_c04.avi,Nunchucks,8.4,1.9666913119836482
v_Nunchucks_g24_c05.avi,Nunchucks,8.52,1.9666913119836482
v_Nunchucks_g25_c01.avi,Nunchucks,7.6,1.9666913119836482
v_Nunchucks_g25_c02.avi,Nunchucks,7.44,1.9666913119836482
v_Nunchucks_g25_c03.avi,Nunchucks,7.92,1.9666913119836482
v_Nunchucks_g25_c04.avi,Nunchucks,7.68,1.9666913119836482
v_Nunchucks_g25_c05.avi,Nunchucks,8.44,1.9666913119836482
v_Nunchucks_g25_c06.avi,Nunchucks,7.44,1.9666913119836482
v_ParallelBars_g01_c01.avi,ParallelBars,4.28,1.1455291274494592
v_ParallelBars_g01_c02.avi,ParallelBars,4.96,1.1455291274494592
v_ParallelBars_g01_c03.avi,ParallelBars,5.68,1.1455291274494592
v_ParallelBars_g01_c04.avi,ParallelBars,7.92,1.1455291274494592
v_ParallelBars_g02_c01.avi,ParallelBars,4.36,1.1455291274494592
v_ParallelBars_g02_c02.avi,ParallelBars,6.28,1.1455291274494592
v_ParallelBars_g02_c03.avi,ParallelBars,5.32,1.1455291274494592
v_ParallelBars_g02_c04.avi,ParallelBars,7.68,1.1455291274494592
v_ParallelBars_g03_c01.avi,ParallelBars,4.6,1.1455291274494592
v_ParallelBars_g03_c02.avi,ParallelBars,4.12,1.1455291274494592
v_ParallelBars_g03_c03.avi,ParallelBars,5.92,1.1455291274494592
v_ParallelBars_g03_c04.avi,ParallelBars,6.32,1.1455291274494592
v_ParallelBars_g04_c01.avi,ParallelBars,5.44,1.1455291274494592
v_ParallelBars_g04_c02.avi,ParallelBars,4.44,1.1455291274494592
v_ParallelBars_g04_c03.avi,ParallelBars,5.92,1.1455291274494592
v_ParallelBars_g04_c04.avi,ParallelBars,6.92,1.1455291274494592
v_ParallelBars_g04_c05.avi,ParallelBars,6.4,1.1455291274494592
v_ParallelBars_g04_c06.avi,ParallelBars,8.88,1.1455291274494592
v_ParallelBars_g04_c07.avi,ParallelBars,5.92,1.1455291274494592
v_ParallelBars_g05_c01.avi,ParallelBars,7.32,1.1455291274494592
v_ParallelBars_g05_c02.avi,ParallelBars,4.64,1.1455291274494592
v_ParallelBars_g05_c03.avi,ParallelBars,6.64,1.1455291274494592
v_ParallelBars_g05_c04.avi,ParallelBars,6.32,1.1455291274494592
v_ParallelBars_g05_c05.avi,ParallelBars,5.0,1.1455291274494592
v_ParallelBars_g06_c01.avi,ParallelBars,5.96,1.1455291274494592
v_ParallelBars_g06_c02.avi,ParallelBars,5.04,1.1455291274494592
v_ParallelBars_g06_c03.avi,ParallelBars,6.04,1.1455291274494592
v_ParallelBars_g06_c04.avi,ParallelBars,5.12,1.1455291274494592
v_ParallelBars_g06_c05.avi,ParallelBars,4.12,1.1455291274494592
v_ParallelBars_g06_c06.avi,ParallelBars,5.0,1.1455291274494592
v_ParallelBars_g06_c07.avi,ParallelBars,4.52,1.1455291274494592
v_ParallelBars_g07_c01.avi,ParallelBars,5.12,1.1455291274494592
v_ParallelBars_g07_c02.avi,ParallelBars,5.12,1.1455291274494592
v_ParallelBars_g07_c03.avi,ParallelBars,5.12,1.1455291274494592
v_ParallelBars_g07_c04.avi,ParallelBars,7.84,1.1455291274494592
v_ParallelBars_g07_c05.avi,ParallelBars,4.32,1.1455291274494592
v_ParallelBars_g07_c06.avi,ParallelBars,5.52,1.1455291274494592
v_ParallelBars_g08_c01.avi,ParallelBars,5.24,1.1455291274494592
v_ParallelBars_g08_c02.avi,ParallelBars,6.76,1.1455291274494592
v_ParallelBars_g08_c03.avi,ParallelBars,5.8,1.1455291274494592
v_ParallelBars_g08_c04.avi,ParallelBars,5.2,1.1455291274494592
v_ParallelBars_g08_c05.avi,ParallelBars,4.56,1.1455291274494592
v_ParallelBars_g09_c01.avi,ParallelBars,5.08,1.1455291274494592
v_ParallelBars_g09_c02.avi,ParallelBars,5.84,1.1455291274494592
v_ParallelBars_g09_c03.avi,ParallelBars,6.2,1.1455291274494592
v_ParallelBars_g09_c04.avi,ParallelBars,4.12,1.1455291274494592
v_ParallelBars_g09_c05.avi,ParallelBars,4.16,1.1455291274494592
v_ParallelBars_g09_c06.avi,ParallelBars,9.8,1.1455291274494592
v_ParallelBars_g10_c01.avi,ParallelBars,5.68,1.1455291274494592
v_ParallelBars_g10_c02.avi,ParallelBars,6.96,1.1455291274494592
v_ParallelBars_g10_c03.avi,ParallelBars,7.8,1.1455291274494592
v_ParallelBars_g10_c04.avi,ParallelBars,4.96,1.1455291274494592
v_ParallelBars_g11_c01.avi,ParallelBars,5.36,1.1455291274494592
v_ParallelBars_g11_c02.avi,ParallelBars,3.84,1.1455291274494592
v_ParallelBars_g11_c03.avi,ParallelBars,6.12,1.1455291274494592
v_ParallelBars_g11_c04.avi,ParallelBars,5.76,1.1455291274494592
v_ParallelBars_g11_c05.avi,ParallelBars,5.0,1.1455291274494592
v_ParallelBars_g11_c06.avi,ParallelBars,4.04,1.1455291274494592
v_ParallelBars_g12_c01.avi,ParallelBars,7.92,1.1455291274494592
v_ParallelBars_g12_c02.avi,ParallelBars,5.72,1.1455291274494592
v_ParallelBars_g12_c03.avi,ParallelBars,6.64,1.1455291274494592
v_ParallelBars_g12_c04.avi,ParallelBars,6.04,1.1455291274494592
v_ParallelBars_g13_c01.avi,ParallelBars,6.36,1.1455291274494592
v_ParallelBars_g13_c02.avi,ParallelBars,7.4,1.1455291274494592
v_ParallelBars_g13_c03.avi,ParallelBars,5.64,1.1455291274494592
v_ParallelBars_g13_c04.avi,ParallelBars,6.68,1.1455291274494592
v_ParallelBars_g14_c01.avi,ParallelBars,4.8,1.1455291274494592
v_ParallelBars_g14_c02.avi,ParallelBars,5.48,1.1455291274494592
v_ParallelBars_g14_c03.avi,ParallelBars,6.08,1.1455291274494592
v_ParallelBars_g14_c04.avi,ParallelBars,4.32,1.1455291274494592
v_ParallelBars_g15_c01.avi,ParallelBars,6.6,1.1455291274494592
v_ParallelBars_g15_c02.avi,ParallelBars,5.8,1.1455291274494592
v_ParallelBars_g15_c03.avi,ParallelBars,4.84,1.1455291274494592
v_ParallelBars_g15_c04.avi,ParallelBars,6.28,1.1455291274494592
v_ParallelBars_g16_c01.avi,ParallelBars,4.72,1.1455291274494592
v_ParallelBars_g16_c02.avi,ParallelBars,5.72,1.1455291274494592
v_ParallelBars_g16_c03.avi,ParallelBars,5.68,1.1455291274494592
v_ParallelBars_g16_c04.avi,ParallelBars,5.36,1.1455291274494592
v_ParallelBars_g17_c01.avi,ParallelBars,4.92,1.1455291274494592
v_ParallelBars_g17_c02.avi,ParallelBars,4.92,1.1455291274494592
v_ParallelBars_g17_c03.avi,ParallelBars,7.24,1.1455291274494592
v_ParallelBars_g17_c04.avi,ParallelBars,10.44,1.1455291274494592
v_ParallelBars_g18_c01.avi,ParallelBars,5.48,1.1455291274494592
v_ParallelBars_g18_c02.avi,ParallelBars,6.0,1.1455291274494592
v_ParallelBars_g18_c03.avi,ParallelBars,4.4,1.1455291274494592
v_ParallelBars_g18_c04.avi,ParallelBars,5.0,1.1455291274494592
v_ParallelBars_g19_c01.avi,ParallelBars,5.36,1.1455291274494592
v_ParallelBars_g19_c02.avi,ParallelBars,6.12,1.1455291274494592
v_ParallelBars_g19_c03.avi,ParallelBars,5.92,1.1455291274494592
v_ParallelBars_g19_c04.avi,ParallelBars,4.4,1.1455291274494592
v_ParallelBars_g20_c01.avi,ParallelBars,5.64,1.1455291274494592
v_ParallelBars_g20_c02.avi,ParallelBars,6.08,1.1455291274494592
v_ParallelBars_g20_c03.avi,ParallelBars,5.04,1.1455291274494592
v_ParallelBars_g20_c04.avi,ParallelBars,5.4,1.1455291274494592
v_ParallelBars_g21_c01.avi,ParallelBars,6.6,1.1455291274494592
v_ParallelBars_g21_c02.avi,ParallelBars,6.72,1.1455291274494592
v_ParallelBars_g21_c03.avi,ParallelBars,4.92,1.1455291274494592
v_ParallelBars_g21_c04.avi,ParallelBars,4.72,1.1455291274494592
v_ParallelBars_g22_c01.avi,ParallelBars,4.88,1.1455291274494592
v_ParallelBars_g22_c02.avi,ParallelBars,6.2,1.1455291274494592
v_ParallelBars_g22_c03.avi,ParallelBars,6.52,1.1455291274494592
v_ParallelBars_g22_c04.avi,ParallelBars,6.8,1.1455291274494592
v_ParallelBars_g23_c01.avi,ParallelBars,5.32,1.1455291274494592
v_ParallelBars_g23_c02.avi,ParallelBars,3.84,1.1455291274494592
v_ParallelBars_g23_c03.avi,ParallelBars,5.36,1.1455291274494592
v_ParallelBars_g23_c04.avi,ParallelBars,5.68,1.1455291274494592
v_ParallelBars_g24_c01.avi,ParallelBars,5.92,1.1455291274494592
v_ParallelBars_g24_c02.avi,ParallelBars,5.32,1.1455291274494592
v_ParallelBars_g24_c03.avi,ParallelBars,5.12,1.1455291274494592
v_ParallelBars_g24_c04.avi,ParallelBars,5.96,1.1455291274494592
v_ParallelBars_g25_c01.avi,ParallelBars,5.32,1.1455291274494592
v_ParallelBars_g25_c02.avi,ParallelBars,6.24,1.1455291274494592
v_ParallelBars_g25_c03.avi,ParallelBars,6.48,1.1455291274494592
v_ParallelBars_g25_c04.avi,ParallelBars,4.84,1.1455291274494592
v_PizzaTossing_g01_c01.avi,PizzaTossing,5.76,1.0431168649445426
v_PizzaTossing_g01_c02.avi,PizzaTossing,3.32,1.0431168649445426
v_PizzaTossing_g01_c03.avi,PizzaTossing,5.32,1.0431168649445426
v_PizzaTossing_g01_c04.avi,PizzaTossing,5.32,1.0431168649445426
v_PizzaTossing_g02_c01.avi,PizzaTossing,4.72,1.0431168649445426
v_PizzaTossing_g02_c02.avi,PizzaTossing,4.28,1.0431168649445426
v_PizzaTossing_g02_c03.avi,PizzaTossing,4.48,1.0431168649445426
v_PizzaTossing_g02_c04.avi,PizzaTossing,3.88,1.0431168649445426
v_PizzaTossing_g02_c05.avi,PizzaTossing,3.12,1.0431168649445426
v_PizzaTossing_g03_c01.avi,PizzaTossing,4.08,1.0431168649445426
v_PizzaTossing_g03_c02.avi,PizzaTossing,3.92,1.0431168649445426
v_PizzaTossing_g03_c03.avi,PizzaTossing,4.28,1.0431168649445426
v_PizzaTossing_g03_c04.avi,PizzaTossing,1.44,1.0431168649445426
v_PizzaTossing_g04_c01.avi,PizzaTossing,4.16,1.0431168649445426
v_PizzaTossing_g04_c02.avi,PizzaTossing,4.6,1.0431168649445426
v_PizzaTossing_g04_c03.avi,PizzaTossing,4.36,1.0431168649445426
v_PizzaTossing_g04_c04.avi,PizzaTossing,4.8,1.0431168649445426
v_PizzaTossing_g04_c05.avi,PizzaTossing,5.04,1.0431168649445426
v_PizzaTossing_g04_c06.avi,PizzaTossing,4.8,1.0431168649445426
v_PizzaTossing_g04_c07.avi,PizzaTossing,5.48,1.0431168649445426
v_PizzaTossing_g05_c01.avi,PizzaTossing,4.96,1.0431168649445426
v_PizzaTossing_g05_c02.avi,PizzaTossing,7.48,1.0431168649445426
v_PizzaTossing_g05_c03.avi,PizzaTossing,5.8,1.0431168649445426
v_PizzaTossing_g05_c04.avi,PizzaTossing,4.48,1.0431168649445426
v_PizzaTossing_g06_c01.avi,PizzaTossing,4.24,1.0431168649445426
v_PizzaTossing_g06_c02.avi,PizzaTossing,3.92,1.0431168649445426
v_PizzaTossing_g06_c03.avi,PizzaTossing,3.92,1.0431168649445426
v_PizzaTossing_g06_c04.avi,PizzaTossing,2.52,1.0431168649445426
v_PizzaTossing_g06_c05.avi,PizzaTossing,4.64,1.0431168649445426
v_PizzaTossing_g07_c01.avi,PizzaTossing,4.48,1.0431168649445426
v_PizzaTossing_g07_c02.avi,PizzaTossing,5.36,1.0431168649445426
v_PizzaTossing_g07_c03.avi,PizzaTossing,4.64,1.0431168649445426
v_PizzaTossing_g07_c04.avi,PizzaTossing,6.84,1.0431168649445426
v_PizzaTossing_g08_c01.avi,PizzaTossing,5.52,1.0431168649445426
v_PizzaTossing_g08_c02.avi,PizzaTossing,6.72,1.0431168649445426
v_PizzaTossing_g08_c03.avi,PizzaTossing,5.24,1.0431168649445426
v_PizzaTossing_g08_c04.avi,PizzaTossing,5.44,1.0431168649445426
v_PizzaTossing_g09_c01.avi,PizzaTossing,4.68,1.0431168649445426
v_PizzaTossing_g09_c02.avi,PizzaTossing,5.04,1.0431168649445426
v_PizzaTossing_g09_c03.avi,PizzaTossing,4.72,1.0431168649445426
v_PizzaTossing_g09_c04.avi,PizzaTossing,5.76,1.0431168649445426
v_PizzaTossing_g10_c01.avi,PizzaTossing,4.24,1.0431168649445426
v_PizzaTossing_g10_c02.avi,PizzaTossing,4.0,1.0431168649445426
v_PizzaTossing_g10_c03.avi,PizzaTossing,5.0,1.0431168649445426
v_PizzaTossing_g10_c04.avi,PizzaTossing,3.68,1.0431168649445426
v_PizzaTossing_g11_c01.avi,PizzaTossing,3.92,1.0431168649445426
v_PizzaTossing_g11_c02.avi,PizzaTossing,5.4,1.0431168649445426
v_PizzaTossing_g11_c03.avi,PizzaTossing,4.8,1.0431168649445426
v_PizzaTossing_g11_c04.avi,PizzaTossing,4.96,1.0431168649445426
v_PizzaTossing_g11_c05.avi,PizzaTossing,3.28,1.0431168649445426
v_PizzaTossing_g12_c01.avi,PizzaTossing,5.08,1.0431168649445426
v_PizzaTossing_g12_c02.avi,PizzaTossing,5.24,1.0431168649445426
v_PizzaTossing_g12_c03.avi,PizzaTossing,4.24,1.0431168649445426
v_PizzaTossing_g12_c04.avi,PizzaTossing,6.52,1.0431168649445426
v_PizzaTossing_g13_c01.avi,PizzaTossing,5.08,1.0431168649445426
v_PizzaTossing_g13_c02.avi,PizzaTossing,4.88,1.0431168649445426
v_PizzaTossing_g13_c03.avi,PizzaTossing,4.76,1.0431168649445426
v_PizzaTossing_g13_c04.avi,PizzaTossing,6.24,1.0431168649445426
v_PizzaTossing_g14_c01.avi,PizzaTossing,5.76,1.0431168649445426
v_PizzaTossing_g14_c02.avi,PizzaTossing,4.92,1.0431168649445426
v_PizzaTossing_g14_c03.avi,PizzaTossing,4.68,1.0431168649445426
v_PizzaTossing_g14_c04.avi,PizzaTossing,5.6,1.0431168649445426
v_PizzaTossing_g15_c01.avi,PizzaTossing,4.48,1.0431168649445426
v_PizzaTossing_g15_c02.avi,PizzaTossing,5.84,1.0431168649445426
v_PizzaTossing_g15_c03.avi,PizzaTossing,4.56,1.0431168649445426
v_PizzaTossing_g15_c04.avi,PizzaTossing,8.04,1.0431168649445426
v_PizzaTossing_g16_c01.avi,PizzaTossing,4.72,1.0431168649445426
v_PizzaTossing_g16_c02.avi,PizzaTossing,5.72,1.0431168649445426
v_PizzaTossing_g16_c03.avi,PizzaTossing,5.4,1.0431168649445426
v_PizzaTossing_g16_c04.avi,PizzaTossing,4.88,1.0431168649445426
v_PizzaTossing_g17_c01.avi,PizzaTossing,5.64,1.0431168649445426
v_PizzaTossing_g17_c02.avi,PizzaTossing,4.12,1.0431168649445426
v_PizzaTossing_g17_c03.avi,PizzaTossing,4.84,1.0431168649445426
v_PizzaTossing_g17_c04.avi,PizzaTossing,3.76,1.0431168649445426
v_PizzaTossing_g18_c01.avi,PizzaTossing,4.32,1.0431168649445426
v_PizzaTossing_g18_c02.avi,PizzaTossing,4.16,1.0431168649445426
v_PizzaTossing_g18_c03.avi,PizzaTossing,5.48,1.0431168649445426
v_PizzaTossing_g18_c04.avi,PizzaTossing,4.92,1.0431168649445426
v_PizzaTossing_g19_c01.avi,PizzaTossing,4.44,1.0431168649445426
v_PizzaTossing_g19_c02.avi,PizzaTossing,5.64,1.0431168649445426
v_PizzaTossing_g19_c03.avi,PizzaTossing,5.44,1.0431168649445426
v_PizzaTossing_g19_c04.avi,PizzaTossing,5.04,1.0431168649445426
v_PizzaTossing_g19_c05.avi,PizzaTossing,7.88,1.0431168649445426
v_PizzaTossing_g20_c01.avi,PizzaTossing,4.4,1.0431168649445426
v_PizzaTossing_g20_c02.avi,PizzaTossing,4.8,1.0431168649445426
v_PizzaTossing_g20_c03.avi,PizzaTossing,4.12,1.0431168649445426
v_PizzaTossing_g20_c04.avi,PizzaTossing,6.44,1.0431168649445426
v_PizzaTossing_g21_c01.avi,PizzaTossing,4.68,1.0431168649445426
v_PizzaTossing_g21_c02.avi,PizzaTossing,5.56,1.0431168649445426
v_PizzaTossing_g21_c03.avi,PizzaTossing,3.88,1.0431168649445426
v_PizzaTossing_g21_c04.avi,PizzaTossing,4.56,1.0431168649445426
v_PizzaTossing_g22_c01.avi,PizzaTossing,5.44,1.0431168649445426
v_PizzaTossing_g22_c02.avi,PizzaTossing,7.0,1.0431168649445426
v_PizzaTossing_g22_c03.avi,PizzaTossing,5.52,1.0431168649445426
v_PizzaTossing_g22_c04.avi,PizzaTossing,6.52,1.0431168649445426
v_PizzaTossing_g23_c01.avi,PizzaTossing,5.0,1.0431168649445426
v_PizzaTossing_g23_c02.avi,PizzaTossing,5.56,1.0431168649445426
v_PizzaTossing_g23_c03.avi,PizzaTossing,5.92,1.0431168649445426
v_PizzaTossing_g23_c04.avi,PizzaTossing,4.92,1.0431168649445426
v_PizzaTossing_g23_c05.avi,PizzaTossing,5.96,1.0431168649445426
v_PizzaTossing_g23_c06.avi,PizzaTossing,6.0,1.0431168649445426
v_PizzaTossing_g23_c07.avi,PizzaTossing,8.08,1.0431168649445426
v_PizzaTossing_g24_c01.avi,PizzaTossing,3.72,1.0431168649445426
v_PizzaTossing_g24_c02.avi,PizzaTossing,3.88,1.0431168649445426
v_PizzaTossing_g24_c03.avi,PizzaTossing,4.16,1.0431168649445426
v_PizzaTossing_g24_c04.avi,PizzaTossing,3.76,1.0431168649445426
v_PizzaTossing_g24_c05.avi,PizzaTossing,3.68,1.0431168649445426
v_PizzaTossing_g24_c06.avi,PizzaTossing,4.6,1.0431168649445426
v_PizzaTossing_g25_c01.avi,PizzaTossing,4.64,1.0431168649445426
v_PizzaTossing_g25_c02.avi,PizzaTossing,4.0,1.0431168649445426
v_PizzaTossing_g25_c03.avi,PizzaTossing,4.0,1.0431168649445426
v_PizzaTossing_g25_c04.avi,PizzaTossing,4.12,1.0431168649445426
v_PizzaTossing_g25_c05.avi,PizzaTossing,4.64,1.0431168649445426
v_PlayingCello_g01_c01.avi,PlayingCello,8.92,2.3678508487186525
v_PlayingCello_g01_c02.avi,PlayingCello,8.44,2.3678508487186525
v_PlayingCello_g01_c03.avi,PlayingCello,6.48,2.3678508487186525
v_PlayingCello_g01_c04.avi,PlayingCello,5.72,2.3678508487186525
v_PlayingCello_g01_c05.avi,PlayingCello,6.56,2.3678508487186525
v_PlayingCello_g01_c06.avi,PlayingCello,6.48,2.3678508487186525
v_PlayingCello_g01_c07.avi,PlayingCello,5.76,2.3678508487186525
v_PlayingCello_g02_c01.avi,PlayingCello,6.28,2.3678508487186525
v_PlayingCello_g02_c02.avi,PlayingCello,7.76,2.3678508487186525
v_PlayingCello_g02_c03.avi,PlayingCello,6.64,2.3678508487186525
v_PlayingCello_g02_c04.avi,PlayingCello,6.48,2.3678508487186525
v_PlayingCello_g02_c05.avi,PlayingCello,9.44,2.3678508487186525
v_PlayingCello_g02_c06.avi,PlayingCello,7.04,2.3678508487186525
v_PlayingCello_g02_c07.avi,PlayingCello,9.12,2.3678508487186525
v_PlayingCello_g03_c01.avi,PlayingCello,6.84,2.3678508487186525
v_PlayingCello_g03_c02.avi,PlayingCello,4.2,2.3678508487186525
v_PlayingCello_g03_c03.avi,PlayingCello,6.36,2.3678508487186525
v_PlayingCello_g03_c04.avi,PlayingCello,7.56,2.3678508487186525
v_PlayingCello_g04_c01.avi,PlayingCello,8.28,2.3678508487186525
v_PlayingCello_g04_c02.avi,PlayingCello,8.48,2.3678508487186525
v_PlayingCello_g04_c03.avi,PlayingCello,5.52,2.3678508487186525
v_PlayingCello_g04_c04.avi,PlayingCello,5.72,2.3678508487186525
v_PlayingCello_g04_c05.avi,PlayingCello,5.0,2.3678508487186525
v_PlayingCello_g04_c06.avi,PlayingCello,5.16,2.3678508487186525
v_PlayingCello_g04_c07.avi,PlayingCello,5.16,2.3678508487186525
v_PlayingCello_g05_c01.avi,PlayingCello,7.0,2.3678508487186525
v_PlayingCello_g05_c02.avi,PlayingCello,7.92,2.3678508487186525
v_PlayingCello_g05_c03.avi,PlayingCello,6.92,2.3678508487186525
v_PlayingCello_g05_c04.avi,PlayingCello,7.44,2.3678508487186525
v_PlayingCello_g05_c05.avi,PlayingCello,7.24,2.3678508487186525
v_PlayingCello_g05_c06.avi,PlayingCello,6.44,2.3678508487186525
v_PlayingCello_g05_c07.avi,PlayingCello,5.72,2.3678508487186525
v_PlayingCello_g06_c01.avi,PlayingCello,10.12,2.3678508487186525
v_PlayingCello_g06_c02.avi,PlayingCello,9.0,2.3678508487186525
v_PlayingCello_g06_c03.avi,PlayingCello,11.36,2.3678508487186525
v_PlayingCello_g06_c04.avi,PlayingCello,10.68,2.3678508487186525
v_PlayingCello_g06_c05.avi,PlayingCello,6.68,2.3678508487186525
v_PlayingCello_g06_c06.avi,PlayingCello,8.64,2.3678508487186525
v_PlayingCello_g06_c07.avi,PlayingCello,8.56,2.3678508487186525
v_PlayingCello_g07_c01.avi,PlayingCello,16.56,2.3678508487186525
v_PlayingCello_g07_c02.avi,PlayingCello,13.04,2.3678508487186525
v_PlayingCello_g07_c03.avi,PlayingCello,11.28,2.3678508487186525
v_PlayingCello_g07_c04.avi,PlayingCello,12.28,2.3678508487186525
v_PlayingCello_g07_c05.avi,PlayingCello,10.88,2.3678508487186525
v_PlayingCello_g08_c01.avi,PlayingCello,8.04,2.3678508487186525
v_PlayingCello_g08_c02.avi,PlayingCello,8.56,2.3678508487186525
v_PlayingCello_g08_c03.avi,PlayingCello,7.28,2.3678508487186525
v_PlayingCello_g08_c04.avi,PlayingCello,12.92,2.3678508487186525
v_PlayingCello_g08_c05.avi,PlayingCello,11.28,2.3678508487186525
v_PlayingCello_g08_c06.avi,PlayingCello,8.56,2.3678508487186525
v_PlayingCello_g09_c01.avi,PlayingCello,12.36,2.3678508487186525
v_PlayingCello_g09_c02.avi,PlayingCello,11.96,2.3678508487186525
v_PlayingCello_g09_c03.avi,PlayingCello,10.16,2.3678508487186525
v_PlayingCello_g09_c04.avi,PlayingCello,11.36,2.3678508487186525
v_PlayingCello_g09_c05.avi,PlayingCello,12.56,2.3678508487186525
v_PlayingCello_g09_c06.avi,PlayingCello,10.16,2.3678508487186525
v_PlayingCello_g09_c07.avi,PlayingCello,10.8,2.3678508487186525
v_PlayingCello_g10_c01.avi,PlayingCello,5.8,2.3678508487186525
v_PlayingCello_g10_c02.avi,PlayingCello,6.96,2.3678508487186525
v_PlayingCello_g10_c03.avi,PlayingCello,4.2,2.3678508487186525
v_PlayingCello_g10_c04.avi,PlayingCello,9.08,2.3678508487186525
v_PlayingCello_g10_c05.avi,PlayingCello,8.64,2.3678508487186525
v_PlayingCello_g10_c06.avi,PlayingCello,10.28,2.3678508487186525
v_PlayingCello_g10_c07.avi,PlayingCello,8.2,2.3678508487186525
v_PlayingCello_g11_c01.avi,PlayingCello,10.4,2.3678508487186525
v_PlayingCello_g11_c02.avi,PlayingCello,9.2,2.3678508487186525
v_PlayingCello_g11_c03.avi,PlayingCello,8.88,2.3678508487186525
v_PlayingCello_g11_c04.avi,PlayingCello,9.8,2.3678508487186525
v_PlayingCello_g11_c05.avi,PlayingCello,9.8,2.3678508487186525
v_PlayingCello_g11_c06.avi,PlayingCello,6.52,2.3678508487186525
v_PlayingCello_g11_c07.avi,PlayingCello,7.72,2.3678508487186525
v_PlayingCello_g12_c01.avi,PlayingCello,6.36,2.3678508487186525
v_PlayingCello_g12_c02.avi,PlayingCello,4.48,2.3678508487186525
v_PlayingCello_g12_c03.avi,PlayingCello,5.6,2.3678508487186525
v_PlayingCello_g12_c04.avi,PlayingCello,6.04,2.3678508487186525
v_PlayingCello_g12_c05.avi,PlayingCello,7.16,2.3678508487186525
v_PlayingCello_g12_c06.avi,PlayingCello,9.24,2.3678508487186525
v_PlayingCello_g12_c07.avi,PlayingCello,5.56,2.3678508487186525
v_PlayingCello_g13_c01.avi,PlayingCello,12.68,2.3678508487186525
v_PlayingCello_g13_c02.avi,PlayingCello,9.52,2.3678508487186525
v_PlayingCello_g13_c03.avi,PlayingCello,8.88,2.3678508487186525
v_PlayingCello_g13_c04.avi,PlayingCello,9.48,2.3678508487186525
v_PlayingCello_g13_c05.avi,PlayingCello,8.88,2.3678508487186525
v_PlayingCello_g13_c06.avi,PlayingCello,8.88,2.3678508487186525
v_PlayingCello_g13_c07.avi,PlayingCello,10.16,2.3678508487186525
v_PlayingCello_g14_c01.avi,PlayingCello,5.52,2.3678508487186525
v_PlayingCello_g14_c02.avi,PlayingCello,7.64,2.3678508487186525
v_PlayingCello_g14_c03.avi,PlayingCello,8.56,2.3678508487186525
v_PlayingCello_g14_c04.avi,PlayingCello,6.64,2.3678508487186525
v_PlayingCello_g15_c01.avi,PlayingCello,10.76,2.3678508487186525
v_PlayingCello_g15_c02.avi,PlayingCello,8.04,2.3678508487186525
v_PlayingCello_g15_c03.avi,PlayingCello,12.08,2.3678508487186525
v_PlayingCello_g15_c04.avi,PlayingCello,12.76,2.3678508487186525
v_PlayingCello_g15_c05.avi,PlayingCello,8.08,2.3678508487186525
v_PlayingCello_g15_c06.avi,PlayingCello,10.72,2.3678508487186525
v_PlayingCello_g15_c07.avi,PlayingCello,8.08,2.3678508487186525
v_PlayingCello_g16_c01.avi,PlayingCello,7.04,2.3678508487186525
v_PlayingCello_g16_c02.avi,PlayingCello,8.08,2.3678508487186525
v_PlayingCello_g16_c03.avi,PlayingCello,9.48,2.3678508487186525
v_PlayingCello_g16_c04.avi,PlayingCello,10.6,2.3678508487186525
v_PlayingCello_g16_c05.avi,PlayingCello,7.8,2.3678508487186525
v_PlayingCello_g16_c06.avi,PlayingCello,7.72,2.3678508487186525
v_PlayingCello_g16_c07.avi,PlayingCello,5.32,2.3678508487186525
v_PlayingCello_g17_c01.avi,PlayingCello,10.36,2.3678508487186525
v_PlayingCello_g17_c02.avi,PlayingCello,15.52,2.3678508487186525
v_PlayingCello_g17_c03.avi,PlayingCello,14.6,2.3678508487186525
v_PlayingCello_g17_c04.avi,PlayingCello,12.72,2.3678508487186525
v_PlayingCello_g17_c05.avi,PlayingCello,13.8,2.3678508487186525
v_PlayingCello_g17_c06.avi,PlayingCello,12.72,2.3678508487186525
v_PlayingCello_g17_c07.avi,PlayingCello,10.8,2.3678508487186525
v_PlayingCello_g18_c01.avi,PlayingCello,11.36,2.3678508487186525
v_PlayingCello_g18_c02.avi,PlayingCello,9.28,2.3678508487186525
v_PlayingCello_g18_c03.avi,PlayingCello,9.92,2.3678508487186525
v_PlayingCello_g18_c04.avi,PlayingCello,7.92,2.3678508487186525
v_PlayingCello_g18_c05.avi,PlayingCello,9.6,2.3678508487186525
v_PlayingCello_g18_c06.avi,PlayingCello,11.36,2.3678508487186525
v_PlayingCello_g18_c07.avi,PlayingCello,10.64,2.3678508487186525
v_PlayingCello_g19_c01.avi,PlayingCello,7.88,2.3678508487186525
v_PlayingCello_g19_c02.avi,PlayingCello,10.64,2.3678508487186525
v_PlayingCello_g19_c03.avi,PlayingCello,9.72,2.3678508487186525
v_PlayingCello_g19_c04.avi,PlayingCello,7.88,2.3678508487186525
v_PlayingCello_g19_c05.avi,PlayingCello,7.92,2.3678508487186525
v_PlayingCello_g19_c06.avi,PlayingCello,7.28,2.3678508487186525
v_PlayingCello_g19_c07.avi,PlayingCello,7.88,2.3678508487186525
v_PlayingCello_g20_c01.avi,PlayingCello,12.88,2.3678508487186525
v_PlayingCello_g20_c02.avi,PlayingCello,11.72,2.3678508487186525
v_PlayingCello_g20_c03.avi,PlayingCello,9.96,2.3678508487186525
v_PlayingCello_g20_c04.avi,PlayingCello,11.04,2.3678508487186525
v_PlayingCello_g20_c05.avi,PlayingCello,9.64,2.3678508487186525
v_PlayingCello_g20_c06.avi,PlayingCello,8.6,2.3678508487186525
v_PlayingCello_g20_c07.avi,PlayingCello,11.0,2.3678508487186525
v_PlayingCello_g21_c01.avi,PlayingCello,8.6,2.3678508487186525
v_PlayingCello_g21_c02.avi,PlayingCello,9.28,2.3678508487186525
v_PlayingCello_g21_c03.avi,PlayingCello,10.6,2.3678508487186525
v_PlayingCello_g21_c04.avi,PlayingCello,8.92,2.3678508487186525
v_PlayingCello_g21_c05.avi,PlayingCello,10.28,2.3678508487186525
v_PlayingCello_g22_c01.avi,PlayingCello,10.28,2.3678508487186525
v_PlayingCello_g22_c02.avi,PlayingCello,9.96,2.3678508487186525
v_PlayingCello_g22_c03.avi,PlayingCello,9.72,2.3678508487186525
v_PlayingCello_g22_c04.avi,PlayingCello,8.6,2.3678508487186525
v_PlayingCello_g22_c05.avi,PlayingCello,10.0,2.3678508487186525
v_PlayingCello_g22_c06.avi,PlayingCello,9.68,2.3678508487186525
v_PlayingCello_g22_c07.avi,PlayingCello,10.0,2.3678508487186525
v_PlayingCello_g23_c01.avi,PlayingCello,10.4,2.3678508487186525
v_PlayingCello_g23_c02.avi,PlayingCello,10.68,2.3678508487186525
v_PlayingCello_g23_c03.avi,PlayingCello,10.12,2.3678508487186525
v_PlayingCello_g23_c04.avi,PlayingCello,8.4,2.3678508487186525
v_PlayingCello_g23_c05.avi,PlayingCello,7.2,2.3678508487186525
v_PlayingCello_g23_c06.avi,PlayingCello,11.0,2.3678508487186525
v_PlayingCello_g23_c07.avi,PlayingCello,10.68,2.3678508487186525
v_PlayingCello_g24_c01.avi,PlayingCello,13.6,2.3678508487186525
v_PlayingCello_g24_c02.avi,PlayingCello,13.4,2.3678508487186525
v_PlayingCello_g24_c03.avi,PlayingCello,12.44,2.3678508487186525
v_PlayingCello_g24_c04.avi,PlayingCello,9.52,2.3678508487186525
v_PlayingCello_g24_c05.avi,PlayingCello,10.52,2.3678508487186525
v_PlayingCello_g24_c06.avi,PlayingCello,12.44,2.3678508487186525
v_PlayingCello_g24_c07.avi,PlayingCello,9.56,2.3678508487186525
v_PlayingCello_g25_c01.avi,PlayingCello,12.48,2.3678508487186525
v_PlayingCello_g25_c02.avi,PlayingCello,12.8,2.3678508487186525
v_PlayingCello_g25_c03.avi,PlayingCello,12.8,2.3678508487186525
v_PlayingCello_g25_c04.avi,PlayingCello,10.84,2.3678508487186525
v_PlayingCello_g25_c05.avi,PlayingCello,10.0,2.3678508487186525
v_PlayingCello_g25_c06.avi,PlayingCello,9.76,2.3678508487186525
v_PlayingCello_g25_c07.avi,PlayingCello,11.16,2.3678508487186525
v_PlayingDaf_g01_c01.avi,PlayingDaf,4.88,2.521518082285669
v_PlayingDaf_g01_c02.avi,PlayingDaf,7.2,2.521518082285669
v_PlayingDaf_g01_c03.avi,PlayingDaf,7.6,2.521518082285669
v_PlayingDaf_g01_c04.avi,PlayingDaf,7.48,2.521518082285669
v_PlayingDaf_g02_c01.avi,PlayingDaf,14.36,2.521518082285669
v_PlayingDaf_g02_c02.avi,PlayingDaf,14.56,2.521518082285669
v_PlayingDaf_g02_c03.avi,PlayingDaf,12.96,2.521518082285669
v_PlayingDaf_g02_c04.avi,PlayingDaf,12.8,2.521518082285669
v_PlayingDaf_g02_c05.avi,PlayingDaf,13.0,2.521518082285669
v_PlayingDaf_g02_c06.avi,PlayingDaf,14.52,2.521518082285669
v_PlayingDaf_g02_c07.avi,PlayingDaf,13.36,2.521518082285669
v_PlayingDaf_g03_c01.avi,PlayingDaf,7.48,2.521518082285669
v_PlayingDaf_g03_c02.avi,PlayingDaf,6.84,2.521518082285669
v_PlayingDaf_g03_c03.avi,PlayingDaf,7.24,2.521518082285669
v_PlayingDaf_g03_c04.avi,PlayingDaf,8.44,2.521518082285669
v_PlayingDaf_g04_c01.avi,PlayingDaf,13.08,2.521518082285669
v_PlayingDaf_g04_c02.avi,PlayingDaf,13.84,2.521518082285669
v_PlayingDaf_g04_c03.avi,PlayingDaf,12.2,2.521518082285669
v_PlayingDaf_g04_c04.avi,PlayingDaf,12.2,2.521518082285669
v_PlayingDaf_g04_c05.avi,PlayingDaf,12.8,2.521518082285669
v_PlayingDaf_g04_c06.avi,PlayingDaf,13.6,2.521518082285669
v_PlayingDaf_g04_c07.avi,PlayingDaf,14.84,2.521518082285669
v_PlayingDaf_g05_c01.avi,PlayingDaf,12.04,2.521518082285669
v_PlayingDaf_g05_c02.avi,PlayingDaf,13.36,2.521518082285669
v_PlayingDaf_g05_c03.avi,PlayingDaf,13.92,2.521518082285669
v_PlayingDaf_g05_c04.avi,PlayingDaf,15.72,2.521518082285669
v_PlayingDaf_g05_c05.avi,PlayingDaf,16.12,2.521518082285669
v_PlayingDaf_g05_c06.avi,PlayingDaf,15.44,2.521518082285669
v_PlayingDaf_g05_c07.avi,PlayingDaf,15.08,2.521518082285669
v_PlayingDaf_g06_c01.avi,PlayingDaf,11.96,2.521518082285669
v_PlayingDaf_g06_c02.avi,PlayingDaf,11.96,2.521518082285669
v_PlayingDaf_g06_c03.avi,PlayingDaf,12.76,2.521518082285669
v_PlayingDaf_g06_c04.avi,PlayingDaf,12.72,2.521518082285669
v_PlayingDaf_g06_c05.avi,PlayingDaf,12.04,2.521518082285669
v_PlayingDaf_g06_c06.avi,PlayingDaf,12.44,2.521518082285669
v_PlayingDaf_g06_c07.avi,PlayingDaf,8.8,2.521518082285669
v_PlayingDaf_g07_c01.avi,PlayingDaf,9.96,2.521518082285669
v_PlayingDaf_g07_c02.avi,PlayingDaf,9.96,2.521518082285669
v_PlayingDaf_g07_c03.avi,PlayingDaf,9.96,2.521518082285669
v_PlayingDaf_g07_c04.avi,PlayingDaf,9.96,2.521518082285669
v_PlayingDaf_g07_c05.avi,PlayingDaf,9.96,2.521518082285669
v_PlayingDaf_g08_c01.avi,PlayingDaf,10.72,2.521518082285669
v_PlayingDaf_g08_c02.avi,PlayingDaf,11.96,2.521518082285669
v_PlayingDaf_g08_c03.avi,PlayingDaf,12.16,2.521518082285669
v_PlayingDaf_g08_c04.avi,PlayingDaf,12.88,2.521518082285669
v_PlayingDaf_g08_c05.avi,PlayingDaf,14.32,2.521518082285669
v_PlayingDaf_g08_c06.avi,PlayingDaf,14.16,2.521518082285669
v_PlayingDaf_g08_c07.avi,PlayingDaf,13.44,2.521518082285669
v_PlayingDaf_g09_c01.avi,PlayingDaf,14.68,2.521518082285669
v_PlayingDaf_g09_c02.avi,PlayingDaf,12.48,2.521518082285669
v_PlayingDaf_g09_c03.avi,PlayingDaf,14.68,2.521518082285669
v_PlayingDaf_g09_c04.avi,PlayingDaf,13.52,2.521518082285669
v_PlayingDaf_g09_c05.avi,PlayingDaf,13.76,2.521518082285669
v_PlayingDaf_g10_c01.avi,PlayingDaf,10.28,2.521518082285669
v_PlayingDaf_g10_c02.avi,PlayingDaf,10.08,2.521518082285669
v_PlayingDaf_g10_c03.avi,PlayingDaf,11.6,2.521518082285669
v_PlayingDaf_g10_c04.avi,PlayingDaf,10.28,2.521518082285669
v_PlayingDaf_g10_c05.avi,PlayingDaf,10.44,2.521518082285669
v_PlayingDaf_g10_c06.avi,PlayingDaf,9.12,2.521518082285669
v_PlayingDaf_g10_c07.avi,PlayingDaf,7.96,2.521518082285669
v_PlayingDaf_g11_c01.avi,PlayingDaf,10.88,2.521518082285669
v_PlayingDaf_g11_c02.avi,PlayingDaf,10.2,2.521518082285669
v_PlayingDaf_g11_c03.avi,PlayingDaf,10.84,2.521518082285669
v_PlayingDaf_g11_c04.avi,PlayingDaf,10.32,2.521518082285669
v_PlayingDaf_g11_c05.avi,PlayingDaf,9.28,2.521518082285669
v_PlayingDaf_g11_c06.avi,PlayingDaf,11.68,2.521518082285669
v_PlayingDaf_g12_c01.avi,PlayingDaf,10.44,2.521518082285669
v_PlayingDaf_g12_c02.avi,PlayingDaf,11.36,2.521518082285669
v_PlayingDaf_g12_c03.avi,PlayingDaf,11.4,2.521518082285669
v_PlayingDaf_g12_c04.avi,PlayingDaf,10.92,2.521518082285669
v_PlayingDaf_g12_c05.avi,PlayingDaf,11.4,2.521518082285669
v_PlayingDaf_g13_c01.avi,PlayingDaf,10.28,2.521518082285669
v_PlayingDaf_g13_c02.avi,PlayingDaf,8.52,2.521518082285669
v_PlayingDaf_g13_c03.avi,PlayingDaf,10.6,2.521518082285669
v_PlayingDaf_g13_c04.avi,PlayingDaf,6.32,2.521518082285669
v_PlayingDaf_g14_c01.avi,PlayingDaf,8.76,2.521518082285669
v_PlayingDaf_g14_c02.avi,PlayingDaf,9.76,2.521518082285669
v_PlayingDaf_g14_c03.avi,PlayingDaf,10.24,2.521518082285669
v_PlayingDaf_g14_c04.avi,PlayingDaf,11.88,2.521518082285669
v_PlayingDaf_g14_c05.avi,PlayingDaf,12.0,2.521518082285669
v_PlayingDaf_g14_c06.avi,PlayingDaf,11.72,2.521518082285669
v_PlayingDaf_g14_c07.avi,PlayingDaf,12.4,2.521518082285669
v_PlayingDaf_g15_c01.avi,PlayingDaf,11.68,2.521518082285669
v_PlayingDaf_g15_c02.avi,PlayingDaf,13.68,2.521518082285669
v_PlayingDaf_g15_c03.avi,PlayingDaf,14.6,2.521518082285669
v_PlayingDaf_g15_c04.avi,PlayingDaf,13.48,2.521518082285669
v_PlayingDaf_g15_c05.avi,PlayingDaf,15.4,2.521518082285669
v_PlayingDaf_g15_c06.avi,PlayingDaf,16.24,2.521518082285669
v_PlayingDaf_g15_c07.avi,PlayingDaf,17.44,2.521518082285669
v_PlayingDaf_g16_c01.avi,PlayingDaf,10.6,2.521518082285669
v_PlayingDaf_g16_c02.avi,PlayingDaf,10.44,2.521518082285669
v_PlayingDaf_g16_c03.avi,PlayingDaf,11.32,2.521518082285669
v_PlayingDaf_g16_c04.avi,PlayingDaf,12.04,2.521518082285669
v_PlayingDaf_g16_c05.avi,PlayingDaf,9.2,2.521518082285669
v_PlayingDaf_g16_c06.avi,PlayingDaf,5.84,2.521518082285669
v_PlayingDaf_g17_c01.avi,PlayingDaf,10.48,2.521518082285669
v_PlayingDaf_g17_c02.avi,PlayingDaf,10.12,2.521518082285669
v_PlayingDaf_g17_c03.avi,PlayingDaf,11.0,2.521518082285669
v_PlayingDaf_g17_c04.avi,PlayingDaf,6.84,2.521518082285669
v_PlayingDaf_g18_c01.avi,PlayingDaf,9.56,2.521518082285669
v_PlayingDaf_g18_c02.avi,PlayingDaf,10.04,2.521518082285669
v_PlayingDaf_g18_c03.avi,PlayingDaf,11.08,2.521518082285669
v_PlayingDaf_g18_c04.avi,PlayingDaf,8.4,2.521518082285669
v_PlayingDaf_g18_c05.avi,PlayingDaf,9.32,2.521518082285669
v_PlayingDaf_g18_c06.avi,PlayingDaf,9.72,2.521518082285669
v_PlayingDaf_g18_c07.avi,PlayingDaf,9.84,2.521518082285669
v_PlayingDaf_g19_c01.avi,PlayingDaf,12.32,2.521518082285669
v_PlayingDaf_g19_c02.avi,PlayingDaf,14.48,2.521518082285669
v_PlayingDaf_g19_c03.avi,PlayingDaf,14.64,2.521518082285669
v_PlayingDaf_g19_c04.avi,PlayingDaf,14.0,2.521518082285669
v_PlayingDaf_g19_c05.avi,PlayingDaf,13.96,2.521518082285669
v_PlayingDaf_g19_c06.avi,PlayingDaf,14.92,2.521518082285669
v_PlayingDaf_g19_c07.avi,PlayingDaf,15.52,2.521518082285669
v_PlayingDaf_g20_c01.avi,PlayingDaf,14.92,2.521518082285669
v_PlayingDaf_g20_c02.avi,PlayingDaf,15.16,2.521518082285669
v_PlayingDaf_g20_c03.avi,PlayingDaf,14.48,2.521518082285669
v_PlayingDaf_g20_c04.avi,PlayingDaf,15.28,2.521518082285669
v_PlayingDaf_g20_c05.avi,PlayingDaf,16.16,2.521518082285669
v_PlayingDaf_g20_c06.avi,PlayingDaf,14.04,2.521518082285669
v_PlayingDaf_g20_c07.avi,PlayingDaf,15.84,2.521518082285669
v_PlayingDaf_g21_c01.avi,PlayingDaf,10.0,2.521518082285669
v_PlayingDaf_g21_c02.avi,PlayingDaf,9.6,2.521518082285669
v_PlayingDaf_g21_c03.avi,PlayingDaf,10.52,2.521518082285669
v_PlayingDaf_g21_c04.avi,PlayingDaf,11.04,2.521518082285669
v_PlayingDaf_g21_c05.avi,PlayingDaf,10.72,2.521518082285669
v_PlayingDaf_g21_c06.avi,PlayingDaf,10.72,2.521518082285669
v_PlayingDaf_g21_c07.avi,PlayingDaf,5.96,2.521518082285669
v_PlayingDaf_g22_c01.avi,PlayingDaf,11.8,2.521518082285669
v_PlayingDaf_g22_c02.avi,PlayingDaf,14.36,2.521518082285669
v_PlayingDaf_g22_c03.avi,PlayingDaf,15.24,2.521518082285669
v_PlayingDaf_g22_c04.avi,PlayingDaf,15.36,2.521518082285669
v_PlayingDaf_g22_c05.avi,PlayingDaf,15.64,2.521518082285669
v_PlayingDaf_g22_c06.avi,PlayingDaf,14.84,2.521518082285669
v_PlayingDaf_g22_c07.avi,PlayingDaf,15.64,2.521518082285669
v_PlayingDaf_g23_c01.avi,PlayingDaf,9.4,2.521518082285669
v_PlayingDaf_g23_c02.avi,PlayingDaf,9.8,2.521518082285669
v_PlayingDaf_g23_c03.avi,PlayingDaf,11.32,2.521518082285669
v_PlayingDaf_g23_c04.avi,PlayingDaf,10.6,2.521518082285669
v_PlayingDaf_g23_c05.avi,PlayingDaf,8.04,2.521518082285669
v_PlayingDaf_g23_c06.avi,PlayingDaf,9.32,2.521518082285669
v_PlayingDaf_g24_c01.avi,PlayingDaf,11.2,2.521518082285669
v_PlayingDaf_g24_c02.avi,PlayingDaf,12.0,2.521518082285669
v_PlayingDaf_g24_c03.avi,PlayingDaf,13.2,2.521518082285669
v_PlayingDaf_g24_c04.avi,PlayingDaf,9.56,2.521518082285669
v_PlayingDaf_g25_c01.avi,PlayingDaf,10.24,2.521518082285669
v_PlayingDaf_g25_c02.avi,PlayingDaf,10.12,2.521518082285669
v_PlayingDaf_g25_c03.avi,PlayingDaf,10.8,2.521518082285669
v_PlayingDaf_g25_c04.avi,PlayingDaf,11.36,2.521518082285669
v_PlayingDaf_g25_c05.avi,PlayingDaf,10.72,2.521518082285669
v_PlayingDaf_g25_c06.avi,PlayingDaf,10.24,2.521518082285669
v_PlayingDaf_g25_c07.avi,PlayingDaf,10.48,2.521518082285669
v_PlayingDhol_g01_c01.avi,PlayingDhol,10.08,2.821869362777726
v_PlayingDhol_g01_c02.avi,PlayingDhol,9.6,2.821869362777726
v_PlayingDhol_g01_c03.avi,PlayingDhol,10.84,2.821869362777726
v_PlayingDhol_g01_c04.avi,PlayingDhol,9.56,2.821869362777726
v_PlayingDhol_g01_c05.avi,PlayingDhol,9.84,2.821869362777726
v_PlayingDhol_g01_c06.avi,PlayingDhol,7.8,2.821869362777726
v_PlayingDhol_g01_c07.avi,PlayingDhol,5.52,2.821869362777726
v_PlayingDhol_g02_c01.avi,PlayingDhol,10.68,2.821869362777726
v_PlayingDhol_g02_c02.avi,PlayingDhol,12.2,2.821869362777726
v_PlayingDhol_g02_c03.avi,PlayingDhol,10.68,2.821869362777726
v_PlayingDhol_g02_c04.avi,PlayingDhol,11.0,2.821869362777726
v_PlayingDhol_g02_c05.avi,PlayingDhol,10.68,2.821869362777726
v_PlayingDhol_g02_c06.avi,PlayingDhol,11.56,2.821869362777726
v_PlayingDhol_g02_c07.avi,PlayingDhol,11.28,2.821869362777726
v_PlayingDhol_g03_c01.avi,PlayingDhol,14.28,2.821869362777726
v_PlayingDhol_g03_c02.avi,PlayingDhol,15.24,2.821869362777726
v_PlayingDhol_g03_c03.avi,PlayingDhol,16.28,2.821869362777726
v_PlayingDhol_g03_c04.avi,PlayingDhol,15.64,2.821869362777726
v_PlayingDhol_g03_c05.avi,PlayingDhol,16.36,2.821869362777726
v_PlayingDhol_g03_c06.avi,PlayingDhol,16.64,2.821869362777726
v_PlayingDhol_g03_c07.avi,PlayingDhol,16.2,2.821869362777726
v_PlayingDhol_g04_c01.avi,PlayingDhol,17.48,2.821869362777726
v_PlayingDhol_g04_c02.avi,PlayingDhol,18.16,2.821869362777726
v_PlayingDhol_g04_c03.avi,PlayingDhol,18.08,2.821869362777726
v_PlayingDhol_g04_c04.avi,PlayingDhol,16.44,2.821869362777726
v_PlayingDhol_g04_c05.avi,PlayingDhol,17.0,2.821869362777726
v_PlayingDhol_g04_c06.avi,PlayingDhol,17.92,2.821869362777726
v_PlayingDhol_g04_c07.avi,PlayingDhol,17.72,2.821869362777726
v_PlayingDhol_g05_c01.avi,PlayingDhol,11.36,2.821869362777726
v_PlayingDhol_g05_c02.avi,PlayingDhol,10.72,2.821869362777726
v_PlayingDhol_g05_c03.avi,PlayingDhol,8.64,2.821869362777726
v_PlayingDhol_g05_c04.avi,PlayingDhol,11.88,2.821869362777726
v_PlayingDhol_g05_c05.avi,PlayingDhol,12.12,2.821869362777726
v_PlayingDhol_g05_c06.avi,PlayingDhol,11.8,2.821869362777726
v_PlayingDhol_g05_c07.avi,PlayingDhol,10.88,2.821869362777726
v_PlayingDhol_g06_c01.avi,PlayingDhol,15.08,2.821869362777726
v_PlayingDhol_g06_c02.avi,PlayingDhol,14.72,2.821869362777726
v_PlayingDhol_g06_c03.avi,PlayingDhol,14.6,2.821869362777726
v_PlayingDhol_g06_c04.avi,PlayingDhol,14.88,2.821869362777726
v_PlayingDhol_g06_c05.avi,PlayingDhol,15.44,2.821869362777726
v_PlayingDhol_g06_c06.avi,PlayingDhol,14.56,2.821869362777726
v_PlayingDhol_g06_c07.avi,PlayingDhol,14.28,2.821869362777726
v_PlayingDhol_g07_c01.avi,PlayingDhol,10.32,2.821869362777726
v_PlayingDhol_g07_c02.avi,PlayingDhol,10.2,2.821869362777726
v_PlayingDhol_g07_c03.avi,PlayingDhol,10.48,2.821869362777726
v_PlayingDhol_g07_c04.avi,PlayingDhol,10.16,2.821869362777726
v_PlayingDhol_g07_c05.avi,PlayingDhol,11.08,2.821869362777726
v_PlayingDhol_g07_c06.avi,PlayingDhol,10.04,2.821869362777726
v_PlayingDhol_g07_c07.avi,PlayingDhol,10.8,2.821869362777726
v_PlayingDhol_g08_c01.avi,PlayingDhol,11.24,2.821869362777726
v_PlayingDhol_g08_c02.avi,PlayingDhol,11.32,2.821869362777726
v_PlayingDhol_g08_c03.avi,PlayingDhol,11.88,2.821869362777726
v_PlayingDhol_g08_c04.avi,PlayingDhol,11.48,2.821869362777726
v_PlayingDhol_g08_c05.avi,PlayingDhol,10.16,2.821869362777726
v_PlayingDhol_g08_c06.avi,PlayingDhol,11.16,2.821869362777726
v_PlayingDhol_g08_c07.avi,PlayingDhol,10.6,2.821869362777726
v_PlayingDhol_g09_c01.avi,PlayingDhol,10.88,2.821869362777726
v_PlayingDhol_g09_c02.avi,PlayingDhol,11.72,2.821869362777726
v_PlayingDhol_g09_c03.avi,PlayingDhol,12.8,2.821869362777726
v_PlayingDhol_g09_c04.avi,PlayingDhol,13.04,2.821869362777726
v_PlayingDhol_g09_c05.avi,PlayingDhol,12.92,2.821869362777726
v_PlayingDhol_g09_c06.avi,PlayingDhol,13.32,2.821869362777726
v_PlayingDhol_g09_c07.avi,PlayingDhol,14.4,2.821869362777726
v_PlayingDhol_g10_c01.avi,PlayingDhol,16.48,2.821869362777726
v_PlayingDhol_g10_c02.avi,PlayingDhol,17.12,2.821869362777726
v_PlayingDhol_g10_c03.avi,PlayingDhol,17.0,2.821869362777726
v_PlayingDhol_g10_c04.avi,PlayingDhol,17.16,2.821869362777726
v_PlayingDhol_g10_c05.avi,PlayingDhol,17.08,2.821869362777726
v_PlayingDhol_g10_c06.avi,PlayingDhol,17.08,2.821869362777726
v_PlayingDhol_g10_c07.avi,PlayingDhol,18.68,2.821869362777726
v_PlayingDhol_g11_c01.avi,PlayingDhol,10.32,2.821869362777726
v_PlayingDhol_g11_c02.avi,PlayingDhol,11.6,2.821869362777726
v_PlayingDhol_g11_c03.avi,PlayingDhol,10.24,2.821869362777726
v_PlayingDhol_g11_c04.avi,PlayingDhol,10.96,2.821869362777726
v_PlayingDhol_g11_c05.avi,PlayingDhol,11.2,2.821869362777726
v_PlayingDhol_g11_c06.avi,PlayingDhol,11.76,2.821869362777726
v_PlayingDhol_g11_c07.avi,PlayingDhol,10.2,2.821869362777726
v_PlayingDhol_g12_c01.avi,PlayingDhol,12.48,2.821869362777726
v_PlayingDhol_g12_c02.avi,PlayingDhol,12.8,2.821869362777726
v_PlayingDhol_g12_c03.avi,PlayingDhol,12.28,2.821869362777726
v_PlayingDhol_g12_c04.avi,PlayingDhol,13.12,2.821869362777726
v_PlayingDhol_g12_c05.avi,PlayingDhol,9.64,2.821869362777726
v_PlayingDhol_g12_c06.avi,PlayingDhol,13.4,2.821869362777726
v_PlayingDhol_g13_c01.avi,PlayingDhol,10.24,2.821869362777726
v_PlayingDhol_g13_c02.avi,PlayingDhol,11.48,2.821869362777726
v_PlayingDhol_g13_c03.avi,PlayingDhol,10.56,2.821869362777726
v_PlayingDhol_g13_c04.avi,PlayingDhol,10.4,2.821869362777726
v_PlayingDhol_g13_c05.avi,PlayingDhol,11.08,2.821869362777726
v_PlayingDhol_g13_c06.avi,PlayingDhol,10.56,2.821869362777726
v_PlayingDhol_g13_c07.avi,PlayingDhol,10.12,2.821869362777726
v_PlayingDhol_g14_c01.avi,PlayingDhol,11.04,2.821869362777726
v_PlayingDhol_g14_c02.avi,PlayingDhol,11.44,2.821869362777726
v_PlayingDhol_g14_c03.avi,PlayingDhol,11.64,2.821869362777726
v_PlayingDhol_g14_c04.avi,PlayingDhol,11.76,2.821869362777726
v_PlayingDhol_g14_c05.avi,PlayingDhol,11.56,2.821869362777726
v_PlayingDhol_g14_c06.avi,PlayingDhol,11.04,2.821869362777726
v_PlayingDhol_g14_c07.avi,PlayingDhol,11.52,2.821869362777726
v_PlayingDhol_g15_c01.avi,PlayingDhol,7.96,2.821869362777726
v_PlayingDhol_g15_c02.avi,PlayingDhol,8.28,2.821869362777726
v_PlayingDhol_g15_c03.avi,PlayingDhol,7.48,2.821869362777726
v_PlayingDhol_g15_c04.avi,PlayingDhol,7.44,2.821869362777726
v_PlayingDhol_g16_c01.avi,PlayingDhol,7.8,2.821869362777726
v_PlayingDhol_g16_c02.avi,PlayingDhol,9.84,2.821869362777726
v_PlayingDhol_g16_c03.avi,PlayingDhol,8.36,2.821869362777726
v_PlayingDhol_g16_c04.avi,PlayingDhol,8.12,2.821869362777726
v_PlayingDhol_g16_c05.avi,PlayingDhol,8.28,2.821869362777726
v_PlayingDhol_g16_c06.avi,PlayingDhol,8.88,2.821869362777726
v_PlayingDhol_g17_c01.avi,PlayingDhol,11.8,2.821869362777726
v_PlayingDhol_g17_c02.avi,PlayingDhol,11.88,2.821869362777726
v_PlayingDhol_g17_c03.avi,PlayingDhol,11.12,2.821869362777726
v_PlayingDhol_g17_c04.avi,PlayingDhol,12.2,2.821869362777726
v_PlayingDhol_g17_c05.avi,PlayingDhol,12.08,2.821869362777726
v_PlayingDhol_g17_c06.avi,PlayingDhol,12.08,2.821869362777726
v_PlayingDhol_g17_c07.avi,PlayingDhol,11.64,2.821869362777726
v_PlayingDhol_g18_c01.avi,PlayingDhol,6.96,2.821869362777726
v_PlayingDhol_g18_c02.avi,PlayingDhol,7.28,2.821869362777726
v_PlayingDhol_g18_c03.avi,PlayingDhol,7.96,2.821869362777726
v_PlayingDhol_g18_c04.avi,PlayingDhol,7.32,2.821869362777726
v_PlayingDhol_g18_c05.avi,PlayingDhol,7.04,2.821869362777726
v_PlayingDhol_g18_c06.avi,PlayingDhol,4.96,2.821869362777726
v_PlayingDhol_g19_c01.avi,PlayingDhol,11.76,2.821869362777726
v_PlayingDhol_g19_c02.avi,PlayingDhol,12.88,2.821869362777726
v_PlayingDhol_g19_c03.avi,PlayingDhol,10.4,2.821869362777726
v_PlayingDhol_g19_c04.avi,PlayingDhol,12.0,2.821869362777726
v_PlayingDhol_g19_c05.avi,PlayingDhol,11.68,2.821869362777726
v_PlayingDhol_g19_c06.avi,PlayingDhol,12.2,2.821869362777726
v_PlayingDhol_g19_c07.avi,PlayingDhol,10.64,2.821869362777726
v_PlayingDhol_g20_c01.avi,PlayingDhol,7.52,2.821869362777726
v_PlayingDhol_g20_c02.avi,PlayingDhol,7.44,2.821869362777726
v_PlayingDhol_g20_c03.avi,PlayingDhol,8.4,2.821869362777726
v_PlayingDhol_g20_c04.avi,PlayingDhol,5.68,2.821869362777726
v_PlayingDhol_g21_c01.avi,PlayingDhol,9.88,2.821869362777726
v_PlayingDhol_g21_c02.avi,PlayingDhol,11.92,2.821869362777726
v_PlayingDhol_g21_c03.avi,PlayingDhol,11.52,2.821869362777726
v_PlayingDhol_g21_c04.avi,PlayingDhol,10.56,2.821869362777726
v_PlayingDhol_g21_c05.avi,PlayingDhol,10.68,2.821869362777726
v_PlayingDhol_g21_c06.avi,PlayingDhol,12.08,2.821869362777726
v_PlayingDhol_g21_c07.avi,PlayingDhol,10.92,2.821869362777726
v_PlayingDhol_g22_c01.avi,PlayingDhol,10.0,2.821869362777726
v_PlayingDhol_g22_c02.avi,PlayingDhol,10.04,2.821869362777726
v_PlayingDhol_g22_c03.avi,PlayingDhol,10.08,2.821869362777726
v_PlayingDhol_g22_c04.avi,PlayingDhol,10.12,2.821869362777726
v_PlayingDhol_g22_c05.avi,PlayingDhol,10.16,2.821869362777726
v_PlayingDhol_g22_c06.avi,PlayingDhol,10.2,2.821869362777726
v_PlayingDhol_g22_c07.avi,PlayingDhol,7.2,2.821869362777726
v_PlayingDhol_g23_c01.avi,PlayingDhol,11.8,2.821869362777726
v_PlayingDhol_g23_c02.avi,PlayingDhol,11.64,2.821869362777726
v_PlayingDhol_g23_c03.avi,PlayingDhol,11.8,2.821869362777726
v_PlayingDhol_g23_c04.avi,PlayingDhol,11.64,2.821869362777726
v_PlayingDhol_g23_c05.avi,PlayingDhol,10.64,2.821869362777726
v_PlayingDhol_g23_c06.avi,PlayingDhol,10.08,2.821869362777726
v_PlayingDhol_g23_c07.avi,PlayingDhol,8.08,2.821869362777726
v_PlayingDhol_g24_c01.avi,PlayingDhol,10.68,2.821869362777726
v_PlayingDhol_g24_c02.avi,PlayingDhol,10.48,2.821869362777726
v_PlayingDhol_g24_c03.avi,PlayingDhol,10.0,2.821869362777726
v_PlayingDhol_g24_c04.avi,PlayingDhol,10.96,2.821869362777726
v_PlayingDhol_g24_c05.avi,PlayingDhol,10.32,2.821869362777726
v_PlayingDhol_g25_c01.avi,PlayingDhol,14.28,2.821869362777726
v_PlayingDhol_g25_c02.avi,PlayingDhol,14.12,2.821869362777726
v_PlayingDhol_g25_c03.avi,PlayingDhol,14.6,2.821869362777726
v_PlayingDhol_g25_c04.avi,PlayingDhol,15.16,2.821869362777726
v_PlayingDhol_g25_c05.avi,PlayingDhol,16.08,2.821869362777726
v_PlayingDhol_g25_c06.avi,PlayingDhol,16.44,2.821869362777726
v_PlayingDhol_g25_c07.avi,PlayingDhol,14.76,2.821869362777726
v_PlayingFlute_g01_c01.avi,PlayingFlute,10.12,3.5455752347520386
v_PlayingFlute_g01_c02.avi,PlayingFlute,12.04,3.5455752347520386
v_PlayingFlute_g01_c03.avi,PlayingFlute,12.12,3.5455752347520386
v_PlayingFlute_g01_c04.avi,PlayingFlute,14.0,3.5455752347520386
v_PlayingFlute_g01_c05.avi,PlayingFlute,14.56,3.5455752347520386
v_PlayingFlute_g01_c06.avi,PlayingFlute,13.2,3.5455752347520386
v_PlayingFlute_g01_c07.avi,PlayingFlute,15.32,3.5455752347520386
v_PlayingFlute_g02_c01.avi,PlayingFlute,10.12,3.5455752347520386
v_PlayingFlute_g02_c02.avi,PlayingFlute,9.84,3.5455752347520386
v_PlayingFlute_g02_c03.avi,PlayingFlute,9.8,3.5455752347520386
v_PlayingFlute_g02_c04.avi,PlayingFlute,7.96,3.5455752347520386
v_PlayingFlute_g02_c05.avi,PlayingFlute,9.96,3.5455752347520386
v_PlayingFlute_g02_c06.avi,PlayingFlute,8.24,3.5455752347520386
v_PlayingFlute_g02_c07.avi,PlayingFlute,8.76,3.5455752347520386
v_PlayingFlute_g03_c01.avi,PlayingFlute,9.4,3.5455752347520386
v_PlayingFlute_g03_c02.avi,PlayingFlute,8.96,3.5455752347520386
v_PlayingFlute_g03_c03.avi,PlayingFlute,9.96,3.5455752347520386
v_PlayingFlute_g03_c04.avi,PlayingFlute,8.88,3.5455752347520386
v_PlayingFlute_g03_c05.avi,PlayingFlute,8.0,3.5455752347520386
v_PlayingFlute_g03_c06.avi,PlayingFlute,7.52,3.5455752347520386
v_PlayingFlute_g03_c07.avi,PlayingFlute,9.2,3.5455752347520386
v_PlayingFlute_g04_c01.avi,PlayingFlute,11.2,3.5455752347520386
v_PlayingFlute_g04_c02.avi,PlayingFlute,11.76,3.5455752347520386
v_PlayingFlute_g04_c03.avi,PlayingFlute,12.04,3.5455752347520386
v_PlayingFlute_g04_c04.avi,PlayingFlute,10.96,3.5455752347520386
v_PlayingFlute_g04_c05.avi,PlayingFlute,15.56,3.5455752347520386
v_PlayingFlute_g04_c06.avi,PlayingFlute,10.72,3.5455752347520386
v_PlayingFlute_g04_c07.avi,PlayingFlute,11.44,3.5455752347520386
v_PlayingFlute_g05_c01.avi,PlayingFlute,12.8,3.5455752347520386
v_PlayingFlute_g05_c02.avi,PlayingFlute,10.84,3.5455752347520386
v_PlayingFlute_g05_c03.avi,PlayingFlute,8.92,3.5455752347520386
v_PlayingFlute_g05_c04.avi,PlayingFlute,8.0,3.5455752347520386
v_PlayingFlute_g05_c05.avi,PlayingFlute,9.44,3.5455752347520386
v_PlayingFlute_g05_c06.avi,PlayingFlute,9.6,3.5455752347520386
v_PlayingFlute_g05_c07.avi,PlayingFlute,4.92,3.5455752347520386
v_PlayingFlute_g06_c01.avi,PlayingFlute,4.8,3.5455752347520386
v_PlayingFlute_g06_c02.avi,PlayingFlute,8.72,3.5455752347520386
v_PlayingFlute_g06_c03.avi,PlayingFlute,6.08,3.5455752347520386
v_PlayingFlute_g06_c04.avi,PlayingFlute,13.32,3.5455752347520386
v_PlayingFlute_g06_c05.avi,PlayingFlute,4.72,3.5455752347520386
v_PlayingFlute_g06_c06.avi,PlayingFlute,8.88,3.5455752347520386
v_PlayingFlute_g07_c01.avi,PlayingFlute,8.6,3.5455752347520386
v_PlayingFlute_g07_c02.avi,PlayingFlute,10.0,3.5455752347520386
v_PlayingFlute_g07_c03.avi,PlayingFlute,8.2,3.5455752347520386
v_PlayingFlute_g07_c04.avi,PlayingFlute,16.28,3.5455752347520386
v_PlayingFlute_g07_c05.avi,PlayingFlute,6.52,3.5455752347520386
v_PlayingFlute_g07_c06.avi,PlayingFlute,11.12,3.5455752347520386
v_PlayingFlute_g07_c07.avi,PlayingFlute,9.8,3.5455752347520386
v_PlayingFlute_g08_c01.avi,PlayingFlute,14.16,3.5455752347520386
v_PlayingFlute_g08_c02.avi,PlayingFlute,4.64,3.5455752347520386
v_PlayingFlute_g08_c03.avi,PlayingFlute,11.88,3.5455752347520386
v_PlayingFlute_g08_c04.avi,PlayingFlute,7.2,3.5455752347520386
v_PlayingFlute_g08_c05.avi,PlayingFlute,15.6,3.5455752347520386
v_PlayingFlute_g08_c06.avi,PlayingFlute,6.36,3.5455752347520386
v_PlayingFlute_g08_c07.avi,PlayingFlute,9.84,3.5455752347520386
v_PlayingFlute_g09_c01.avi,PlayingFlute,15.76,3.5455752347520386
v_PlayingFlute_g09_c02.avi,PlayingFlute,11.12,3.5455752347520386
v_PlayingFlute_g09_c03.avi,PlayingFlute,5.6,3.5455752347520386
v_PlayingFlute_g09_c04.avi,PlayingFlute,9.68,3.5455752347520386
v_PlayingFlute_g09_c05.avi,PlayingFlute,11.92,3.5455752347520386
v_PlayingFlute_g09_c06.avi,PlayingFlute,13.68,3.5455752347520386
v_PlayingFlute_g09_c07.avi,PlayingFlute,11.76,3.5455752347520386
v_PlayingFlute_g10_c01.avi,PlayingFlute,13.84,3.5455752347520386
v_PlayingFlute_g10_c02.avi,PlayingFlute,8.84,3.5455752347520386
v_PlayingFlute_g10_c03.avi,PlayingFlute,14.92,3.5455752347520386
v_PlayingFlute_g10_c04.avi,PlayingFlute,11.36,3.5455752347520386
v_PlayingFlute_g10_c05.avi,PlayingFlute,10.6,3.5455752347520386
v_PlayingFlute_g10_c06.avi,PlayingFlute,15.2,3.5455752347520386
v_PlayingFlute_g11_c01.avi,PlayingFlute,12.48,3.5455752347520386
v_PlayingFlute_g11_c02.avi,PlayingFlute,10.36,3.5455752347520386
v_PlayingFlute_g11_c03.avi,PlayingFlute,12.92,3.5455752347520386
v_PlayingFlute_g11_c04.avi,PlayingFlute,12.28,3.5455752347520386
v_PlayingFlute_g11_c05.avi,PlayingFlute,13.96,3.5455752347520386
v_PlayingFlute_g11_c06.avi,PlayingFlute,14.68,3.5455752347520386
v_PlayingFlute_g12_c01.avi,PlayingFlute,4.96,3.5455752347520386
v_PlayingFlute_g12_c02.avi,PlayingFlute,4.44,3.5455752347520386
v_PlayingFlute_g12_c03.avi,PlayingFlute,8.68,3.5455752347520386
v_PlayingFlute_g12_c04.avi,PlayingFlute,13.64,3.5455752347520386
v_PlayingFlute_g12_c05.avi,PlayingFlute,14.12,3.5455752347520386
v_PlayingFlute_g13_c01.avi,PlayingFlute,6.0,3.5455752347520386
v_PlayingFlute_g13_c02.avi,PlayingFlute,7.28,3.5455752347520386
v_PlayingFlute_g13_c03.avi,PlayingFlute,7.8,3.5455752347520386
v_PlayingFlute_g13_c04.avi,PlayingFlute,7.84,3.5455752347520386
v_PlayingFlute_g13_c05.avi,PlayingFlute,6.28,3.5455752347520386
v_PlayingFlute_g14_c01.avi,PlayingFlute,10.72,3.5455752347520386
v_PlayingFlute_g14_c02.avi,PlayingFlute,6.0,3.5455752347520386
v_PlayingFlute_g14_c03.avi,PlayingFlute,8.96,3.5455752347520386
v_PlayingFlute_g14_c04.avi,PlayingFlute,8.96,3.5455752347520386
v_PlayingFlute_g14_c05.avi,PlayingFlute,10.16,3.5455752347520386
v_PlayingFlute_g14_c06.avi,PlayingFlute,7.0,3.5455752347520386
v_PlayingFlute_g15_c01.avi,PlayingFlute,9.16,3.5455752347520386
v_PlayingFlute_g15_c02.avi,PlayingFlute,18.68,3.5455752347520386
v_PlayingFlute_g15_c03.avi,PlayingFlute,16.6,3.5455752347520386
v_PlayingFlute_g15_c04.avi,PlayingFlute,16.04,3.5455752347520386
v_PlayingFlute_g15_c05.avi,PlayingFlute,13.12,3.5455752347520386
v_PlayingFlute_g15_c06.avi,PlayingFlute,15.4,3.5455752347520386
v_PlayingFlute_g15_c07.avi,PlayingFlute,18.48,3.5455752347520386
v_PlayingFlute_g16_c01.avi,PlayingFlute,12.28,3.5455752347520386
v_PlayingFlute_g16_c02.avi,PlayingFlute,11.64,3.5455752347520386
v_PlayingFlute_g16_c03.avi,PlayingFlute,13.6,3.5455752347520386
v_PlayingFlute_g16_c04.avi,PlayingFlute,10.44,3.5455752347520386
v_PlayingFlute_g16_c05.avi,PlayingFlute,9.84,3.5455752347520386
v_PlayingFlute_g16_c06.avi,PlayingFlute,19.84,3.5455752347520386
v_PlayingFlute_g17_c01.avi,PlayingFlute,5.76,3.5455752347520386
v_PlayingFlute_g17_c02.avi,PlayingFlute,10.04,3.5455752347520386
v_PlayingFlute_g17_c03.avi,PlayingFlute,11.12,3.5455752347520386
v_PlayingFlute_g17_c04.avi,PlayingFlute,16.72,3.5455752347520386
v_PlayingFlute_g17_c05.avi,PlayingFlute,9.28,3.5455752347520386
v_PlayingFlute_g17_c06.avi,PlayingFlute,8.12,3.5455752347520386
v_PlayingFlute_g17_c07.avi,PlayingFlute,10.56,3.5455752347520386
v_PlayingFlute_g18_c01.avi,PlayingFlute,4.12,3.5455752347520386
v_PlayingFlute_g18_c02.avi,PlayingFlute,11.2,3.5455752347520386
v_PlayingFlute_g18_c03.avi,PlayingFlute,9.32,3.5455752347520386
v_PlayingFlute_g18_c04.avi,PlayingFlute,10.16,3.5455752347520386
v_PlayingFlute_g18_c05.avi,PlayingFlute,9.8,3.5455752347520386
v_PlayingFlute_g19_c01.avi,PlayingFlute,9.28,3.5455752347520386
v_PlayingFlute_g19_c02.avi,PlayingFlute,8.92,3.5455752347520386
v_PlayingFlute_g19_c03.avi,PlayingFlute,11.6,3.5455752347520386
v_PlayingFlute_g19_c04.avi,PlayingFlute,16.04,3.5455752347520386
v_PlayingFlute_g19_c05.avi,PlayingFlute,14.36,3.5455752347520386
v_PlayingFlute_g19_c06.avi,PlayingFlute,15.16,3.5455752347520386
v_PlayingFlute_g19_c07.avi,PlayingFlute,17.48,3.5455752347520386
v_PlayingFlute_g20_c01.avi,PlayingFlute,6.52,3.5455752347520386
v_PlayingFlute_g20_c02.avi,PlayingFlute,8.04,3.5455752347520386
v_PlayingFlute_g20_c03.avi,PlayingFlute,4.0,3.5455752347520386
v_PlayingFlute_g20_c04.avi,PlayingFlute,4.64,3.5455752347520386
v_PlayingFlute_g21_c01.avi,PlayingFlute,12.04,3.5455752347520386
v_PlayingFlute_g21_c02.avi,PlayingFlute,13.92,3.5455752347520386
v_PlayingFlute_g21_c03.avi,PlayingFlute,14.2,3.5455752347520386
v_PlayingFlute_g21_c04.avi,PlayingFlute,18.36,3.5455752347520386
v_PlayingFlute_g21_c05.avi,PlayingFlute,10.92,3.5455752347520386
v_PlayingFlute_g21_c06.avi,PlayingFlute,18.04,3.5455752347520386
v_PlayingFlute_g22_c01.avi,PlayingFlute,8.96,3.5455752347520386
v_PlayingFlute_g22_c02.avi,PlayingFlute,8.12,3.5455752347520386
v_PlayingFlute_g22_c03.avi,PlayingFlute,7.76,3.5455752347520386
v_PlayingFlute_g22_c04.avi,PlayingFlute,7.64,3.5455752347520386
v_PlayingFlute_g22_c05.avi,PlayingFlute,9.36,3.5455752347520386
v_PlayingFlute_g23_c01.avi,PlayingFlute,13.96,3.5455752347520386
v_PlayingFlute_g23_c02.avi,PlayingFlute,12.2,3.5455752347520386
v_PlayingFlute_g23_c03.avi,PlayingFlute,10.76,3.5455752347520386
v_PlayingFlute_g23_c04.avi,PlayingFlute,10.2,3.5455752347520386
v_PlayingFlute_g23_c05.avi,PlayingFlute,10.68,3.5455752347520386
v_PlayingFlute_g23_c06.avi,PlayingFlute,10.12,3.5455752347520386
v_PlayingFlute_g24_c01.avi,PlayingFlute,4.56,3.5455752347520386
v_PlayingFlute_g24_c02.avi,PlayingFlute,5.36,3.5455752347520386
v_PlayingFlute_g24_c03.avi,PlayingFlute,4.12,3.5455752347520386
v_PlayingFlute_g24_c04.avi,PlayingFlute,5.12,3.5455752347520386
v_PlayingFlute_g24_c05.avi,PlayingFlute,9.76,3.5455752347520386
v_PlayingFlute_g25_c01.avi,PlayingFlute,13.4,3.5455752347520386
v_PlayingFlute_g25_c02.avi,PlayingFlute,14.28,3.5455752347520386
v_PlayingFlute_g25_c03.avi,PlayingFlute,13.08,3.5455752347520386
v_PlayingFlute_g25_c04.avi,PlayingFlute,10.04,3.5455752347520386
v_PlayingFlute_g25_c05.avi,PlayingFlute,18.96,3.5455752347520386
v_PlayingFlute_g25_c06.avi,PlayingFlute,17.84,3.5455752347520386
v_PlayingFlute_g25_c07.avi,PlayingFlute,10.64,3.5455752347520386
v_PlayingGuitar_g01_c01.avi,PlayingGuitar,10.0,0.26190929343461966
v_PlayingGuitar_g01_c02.avi,PlayingGuitar,10.0,0.26190929343461966
v_PlayingGuitar_g01_c03.avi,PlayingGuitar,10.0,0.26190929343461966
v_PlayingGuitar_g01_c04.avi,PlayingGuitar,10.0,0.26190929343461966
v_PlayingGuitar_g01_c05.avi,PlayingGuitar,9.52,0.26190929343461966
v_PlayingGuitar_g01_c06.avi,PlayingGuitar,10.0,0.26190929343461966
v_PlayingGuitar_g02_c01.avi,PlayingGuitar,10.0,0.26190929343461966
v_PlayingGuitar_g02_c02.avi,PlayingGuitar,10.0,0.26190929343461966
v_PlayingGuitar_g02_c03.avi,PlayingGuitar,10.0,0.26190929343461966
v_PlayingGuitar_g02_c04.avi,PlayingGuitar,8.0,0.26190929343461966
v_PlayingGuitar_g03_c01.avi,PlayingGuitar,10.0,0.26190929343461966
v_PlayingGuitar_g03_c02.avi,PlayingGuitar,10.0,0.26190929343461966
v_PlayingGuitar_g03_c03.avi,PlayingGuitar,10.0,0.26190929343461966
v_PlayingGuitar_g03_c04.avi,PlayingGuitar,10.0,0.26190929343461966
v_PlayingGuitar_g03_c05.avi,PlayingGuitar,10.0,0.26190929343461966
v_PlayingGuitar_g03_c06.avi,PlayingGuitar,10.0,0.26190929343461966
v_PlayingGuitar_g03_c07.avi,PlayingGuitar,10.0,0.26190929343461966
v_PlayingGuitar_g04_c01.avi,PlayingGuitar,10.0,0.26190929343461966
v_PlayingGuitar_g04_c02.avi,PlayingGuitar,10.0,0.26190929343461966
v_PlayingGuitar_g04_c03.avi,PlayingGuitar,10.0,0.26190929343461966
v_PlayingGuitar_g04_c04.avi,PlayingGuitar,10.0,0.26190929343461966
v_PlayingGuitar_g04_c05.avi,PlayingGuitar,10.0,0.26190929343461966
v_PlayingGuitar_g04_c06.avi,PlayingGuitar,10.0,0.26190929343461966
v_PlayingGuitar_g04_c07.avi,PlayingGuitar,10.0,0.26190929343461966
v_PlayingGuitar_g05_c01.avi,PlayingGuitar,10.0,0.26190929343461966
v_PlayingGuitar_g05_c02.avi,PlayingGuitar,8.48,0.26190929343461966
v_PlayingGuitar_g05_c03.avi,PlayingGuitar,10.0,0.26190929343461966
v_PlayingGuitar_g05_c04.avi,PlayingGuitar,10.0,0.26190929343461966
v_PlayingGuitar_g05_c05.avi,PlayingGuitar,9.36,0.26190929343461966
v_PlayingGuitar_g06_c01.avi,PlayingGuitar,10.0,0.26190929343461966
v_PlayingGuitar_g06_c02.avi,PlayingGuitar,10.0,0.26190929343461966
v_PlayingGuitar_g06_c03.avi,PlayingGuitar,10.0,0.26190929343461966
v_PlayingGuitar_g06_c04.avi,PlayingGuitar,10.0,0.26190929343461966
v_PlayingGuitar_g06_c05.avi,PlayingGuitar,10.0,0.26190929343461966
v_PlayingGuitar_g06_c06.avi,PlayingGuitar,10.0,0.26190929343461966
v_PlayingGuitar_g06_c07.avi,PlayingGuitar,10.0,0.26190929343461966
v_PlayingGuitar_g07_c01.avi,PlayingGuitar,10.0,0.26190929343461966
v_PlayingGuitar_g07_c02.avi,PlayingGuitar,10.0,0.26190929343461966
v_PlayingGuitar_g07_c03.avi,PlayingGuitar,10.0,0.26190929343461966
v_PlayingGuitar_g07_c04.avi,PlayingGuitar,10.0,0.26190929343461966
v_PlayingGuitar_g07_c05.avi,PlayingGuitar,10.0,0.26190929343461966
v_PlayingGuitar_g07_c06.avi,PlayingGuitar,10.0,0.26190929343461966
v_PlayingGuitar_g07_c07.avi,PlayingGuitar,10.0,0.26190929343461966
v_PlayingGuitar_g08_c01.avi,PlayingGuitar,10.0,0.26190929343461966
v_PlayingGuitar_g08_c02.avi,PlayingGuitar,10.0,0.26190929343461966
v_PlayingGuitar_g08_c03.avi,PlayingGuitar,10.0,0.26190929343461966
v_PlayingGuitar_g08_c04.avi,PlayingGuitar,10.0,0.26190929343461966
v_PlayingGuitar_g08_c05.avi,PlayingGuitar,10.0,0.26190929343461966
v_PlayingGuitar_g08_c06.avi,PlayingGuitar,10.0,0.26190929343461966
v_PlayingGuitar_g08_c07.avi,PlayingGuitar,10.0,0.26190929343461966
v_PlayingGuitar_g09_c01.avi,PlayingGuitar,10.0,0.26190929343461966
v_PlayingGuitar_g09_c02.avi,PlayingGuitar,10.0,0.26190929343461966
v_PlayingGuitar_g09_c03.avi,PlayingGuitar,10.0,0.26190929343461966
v_PlayingGuitar_g09_c04.avi,PlayingGuitar,10.0,0.26190929343461966
v_PlayingGuitar_g10_c01.avi,PlayingGuitar,10.0,0.26190929343461966
v_PlayingGuitar_g10_c02.avi,PlayingGuitar,10.0,0.26190929343461966
v_PlayingGuitar_g10_c03.avi,PlayingGuitar,10.0,0.26190929343461966
v_PlayingGuitar_g10_c04.avi,PlayingGuitar,10.0,0.26190929343461966
v_PlayingGuitar_g10_c05.avi,PlayingGuitar,10.0,0.26190929343461966
v_PlayingGuitar_g10_c06.avi,PlayingGuitar,10.0,0.26190929343461966
v_PlayingGuitar_g10_c07.avi,PlayingGuitar,10.0,0.26190929343461966
v_PlayingGuitar_g11_c01.avi,PlayingGuitar,10.0,0.26190929343461966
v_PlayingGuitar_g11_c02.avi,PlayingGuitar,10.0,0.26190929343461966
v_PlayingGuitar_g11_c03.avi,PlayingGuitar,10.0,0.26190929343461966
v_PlayingGuitar_g11_c04.avi,PlayingGuitar,10.0,0.26190929343461966
v_PlayingGuitar_g11_c05.avi,PlayingGuitar,10.0,0.26190929343461966
v_PlayingGuitar_g11_c06.avi,PlayingGuitar,10.0,0.26190929343461966
v_PlayingGuitar_g11_c07.avi,PlayingGuitar,10.0,0.26190929343461966
v_PlayingGuitar_g12_c01.avi,PlayingGuitar,10.0,0.26190929343461966
v_PlayingGuitar_g12_c02.avi,PlayingGuitar,10.0,0.26190929343461966
v_PlayingGuitar_g12_c03.avi,PlayingGuitar,10.0,0.26190929343461966
v_PlayingGuitar_g12_c04.avi,PlayingGuitar,10.0,0.26190929343461966
v_PlayingGuitar_g12_c05.avi,PlayingGuitar,10.0,0.26190929343461966
v_PlayingGuitar_g12_c06.avi,PlayingGuitar,10.0,0.26190929343461966
v_PlayingGuitar_g12_c07.avi,PlayingGuitar,10.0,0.26190929343461966
v_PlayingGuitar_g13_c01.avi,PlayingGuitar,10.0,0.26190929343461966
v_PlayingGuitar_g13_c02.avi,PlayingGuitar,10.0,0.26190929343461966
v_PlayingGuitar_g13_c03.avi,PlayingGuitar,10.0,0.26190929343461966
v_PlayingGuitar_g13_c04.avi,PlayingGuitar,10.0,0.26190929343461966
v_PlayingGuitar_g13_c05.avi,PlayingGuitar,10.0,0.26190929343461966
v_PlayingGuitar_g13_c06.avi,PlayingGuitar,10.0,0.26190929343461966
v_PlayingGuitar_g13_c07.avi,PlayingGuitar,10.0,0.26190929343461966
v_PlayingGuitar_g14_c01.avi,PlayingGuitar,10.0,0.26190929343461966
v_PlayingGuitar_g14_c02.avi,PlayingGuitar,12.0,0.26190929343461966
v_PlayingGuitar_g14_c03.avi,PlayingGuitar,10.0,0.26190929343461966
v_PlayingGuitar_g14_c04.avi,PlayingGuitar,10.0,0.26190929343461966
v_PlayingGuitar_g14_c05.avi,PlayingGuitar,10.0,0.26190929343461966
v_PlayingGuitar_g14_c06.avi,PlayingGuitar,10.0,0.26190929343461966
v_PlayingGuitar_g14_c07.avi,PlayingGuitar,10.0,0.26190929343461966
v_PlayingGuitar_g15_c01.avi,PlayingGuitar,10.0,0.26190929343461966
v_PlayingGuitar_g15_c02.avi,PlayingGuitar,10.0,0.26190929343461966
v_PlayingGuitar_g15_c03.avi,PlayingGuitar,10.0,0.26190929343461966
v_PlayingGuitar_g15_c04.avi,PlayingGuitar,10.0,0.26190929343461966
v_PlayingGuitar_g15_c05.avi,PlayingGuitar,10.0,0.26190929343461966
v_PlayingGuitar_g15_c06.avi,PlayingGuitar,10.0,0.26190929343461966
v_PlayingGuitar_g15_c07.avi,PlayingGuitar,10.0,0.26190929343461966
v_PlayingGuitar_g16_c01.avi,PlayingGuitar,10.0,0.26190929343461966
v_PlayingGuitar_g16_c02.avi,PlayingGuitar,10.0,0.26190929343461966
v_PlayingGuitar_g16_c03.avi,PlayingGuitar,10.0,0.26190929343461966
v_PlayingGuitar_g16_c04.avi,PlayingGuitar,10.0,0.26190929343461966
v_PlayingGuitar_g16_c05.avi,PlayingGuitar,10.0,0.26190929343461966
v_PlayingGuitar_g16_c06.avi,PlayingGuitar,10.0,0.26190929343461966
v_PlayingGuitar_g16_c07.avi,PlayingGuitar,10.0,0.26190929343461966
v_PlayingGuitar_g17_c01.avi,PlayingGuitar,10.0,0.26190929343461966
v_PlayingGuitar_g17_c02.avi,PlayingGuitar,10.0,0.26190929343461966
v_PlayingGuitar_g17_c03.avi,PlayingGuitar,10.0,0.26190929343461966
v_PlayingGuitar_g17_c04.avi,PlayingGuitar,10.0,0.26190929343461966
v_PlayingGuitar_g17_c05.avi,PlayingGuitar,10.0,0.26190929343461966
v_PlayingGuitar_g17_c06.avi,PlayingGuitar,10.0,0.26190929343461966
v_PlayingGuitar_g17_c07.avi,PlayingGuitar,10.0,0.26190929343461966
v_PlayingGuitar_g18_c01.avi,PlayingGuitar,10.0,0.26190929343461966
v_PlayingGuitar_g18_c02.avi,PlayingGuitar,10.0,0.26190929343461966
v_PlayingGuitar_g18_c03.avi,PlayingGuitar,10.0,0.26190929343461966
v_PlayingGuitar_g18_c04.avi,PlayingGuitar,10.0,0.26190929343461966
v_PlayingGuitar_g18_c05.avi,PlayingGuitar,10.0,0.26190929343461966
v_PlayingGuitar_g18_c06.avi,PlayingGuitar,10.0,0.26190929343461966
v_PlayingGuitar_g18_c07.avi,PlayingGuitar,10.0,0.26190929343461966
v_PlayingGuitar_g19_c01.avi,PlayingGuitar,10.0,0.26190929343461966
v_PlayingGuitar_g19_c02.avi,PlayingGuitar,10.0,0.26190929343461966
v_PlayingGuitar_g19_c03.avi,PlayingGuitar,10.0,0.26190929343461966
v_PlayingGuitar_g19_c04.avi,PlayingGuitar,10.0,0.26190929343461966
v_PlayingGuitar_g19_c05.avi,PlayingGuitar,10.0,0.26190929343461966
v_PlayingGuitar_g19_c06.avi,PlayingGuitar,10.0,0.26190929343461966
v_PlayingGuitar_g19_c07.avi,PlayingGuitar,10.0,0.26190929343461966
v_PlayingGuitar_g20_c01.avi,PlayingGuitar,10.0,0.26190929343461966
v_PlayingGuitar_g20_c02.avi,PlayingGuitar,10.0,0.26190929343461966
v_PlayingGuitar_g20_c03.avi,PlayingGuitar,10.0,0.26190929343461966
v_PlayingGuitar_g20_c04.avi,PlayingGuitar,10.0,0.26190929343461966
v_PlayingGuitar_g20_c05.avi,PlayingGuitar,10.0,0.26190929343461966
v_PlayingGuitar_g20_c06.avi,PlayingGuitar,10.0,0.26190929343461966
v_PlayingGuitar_g20_c07.avi,PlayingGuitar,10.0,0.26190929343461966
v_PlayingGuitar_g21_c01.avi,PlayingGuitar,10.0,0.26190929343461966
v_PlayingGuitar_g21_c02.avi,PlayingGuitar,10.0,0.26190929343461966
v_PlayingGuitar_g21_c03.avi,PlayingGuitar,10.0,0.26190929343461966
v_PlayingGuitar_g21_c04.avi,PlayingGuitar,10.0,0.26190929343461966
v_PlayingGuitar_g21_c05.avi,PlayingGuitar,10.0,0.26190929343461966
v_PlayingGuitar_g21_c06.avi,PlayingGuitar,10.0,0.26190929343461966
v_PlayingGuitar_g22_c01.avi,PlayingGuitar,10.0,0.26190929343461966
v_PlayingGuitar_g22_c02.avi,PlayingGuitar,10.0,0.26190929343461966
v_PlayingGuitar_g22_c03.avi,PlayingGuitar,10.0,0.26190929343461966
v_PlayingGuitar_g22_c04.avi,PlayingGuitar,10.0,0.26190929343461966
v_PlayingGuitar_g22_c05.avi,PlayingGuitar,10.0,0.26190929343461966
v_PlayingGuitar_g23_c01.avi,PlayingGuitar,10.0,0.26190929343461966
v_PlayingGuitar_g23_c02.avi,PlayingGuitar,10.0,0.26190929343461966
v_PlayingGuitar_g23_c03.avi,PlayingGuitar,10.0,0.26190929343461966
v_PlayingGuitar_g23_c04.avi,PlayingGuitar,10.0,0.26190929343461966
v_PlayingGuitar_g23_c05.avi,PlayingGuitar,10.0,0.26190929343461966
v_PlayingGuitar_g23_c06.avi,PlayingGuitar,10.0,0.26190929343461966
v_PlayingGuitar_g23_c07.avi,PlayingGuitar,10.0,0.26190929343461966
v_PlayingGuitar_g24_c01.avi,PlayingGuitar,10.0,0.26190929343461966
v_PlayingGuitar_g24_c02.avi,PlayingGuitar,10.0,0.26190929343461966
v_PlayingGuitar_g24_c03.avi,PlayingGuitar,10.0,0.26190929343461966
v_PlayingGuitar_g24_c04.avi,PlayingGuitar,10.0,0.26190929343461966
v_PlayingGuitar_g25_c01.avi,PlayingGuitar,10.0,0.26190929343461966
v_PlayingGuitar_g25_c02.avi,PlayingGuitar,10.0,0.26190929343461966
v_PlayingGuitar_g25_c03.avi,PlayingGuitar,10.0,0.26190929343461966
v_PlayingGuitar_g25_c04.avi,PlayingGuitar,10.0,0.26190929343461966
v_PlayingGuitar_g25_c05.avi,PlayingGuitar,10.0,0.26190929343461966
v_PlayingGuitar_g25_c06.avi,PlayingGuitar,10.0,0.26190929343461966
v_PlayingGuitar_g25_c07.avi,PlayingGuitar,10.0,0.26190929343461966
v_PlayingPiano_g01_c01.avi,PlayingPiano,7.273933333333334,0.35221677266201346
v_PlayingPiano_g01_c02.avi,PlayingPiano,7.374033333333333,0.35221677266201346
v_PlayingPiano_g01_c03.avi,PlayingPiano,7.140466666666667,0.35221677266201346
v_PlayingPiano_g01_c04.avi,PlayingPiano,7.1738333333333335,0.35221677266201346
v_PlayingPiano_g02_c01.avi,PlayingPiano,7.5075,0.35221677266201346
v_PlayingPiano_g02_c02.avi,PlayingPiano,7.240566666666667,0.35221677266201346
v_PlayingPiano_g02_c03.avi,PlayingPiano,7.240566666666667,0.35221677266201346
v_PlayingPiano_g02_c04.avi,PlayingPiano,7.007000000000001,0.35221677266201346
v_PlayingPiano_g03_c01.avi,PlayingPiano,7.6076,0.35221677266201346
v_PlayingPiano_g03_c02.avi,PlayingPiano,6.9069,0.35221677266201346
v_PlayingPiano_g03_c03.avi,PlayingPiano,7.6076,0.35221677266201346
v_PlayingPiano_g03_c04.avi,PlayingPiano,8.274933333333333,0.35221677266201346
v_PlayingPiano_g04_c01.avi,PlayingPiano,7.073733333333333,0.35221677266201346
v_PlayingPiano_g04_c02.avi,PlayingPiano,6.840166666666667,0.35221677266201346
v_PlayingPiano_g04_c03.avi,PlayingPiano,6.840166666666667,0.35221677266201346
v_PlayingPiano_g04_c04.avi,PlayingPiano,7.540866666666667,0.35221677266201346
v_PlayingPiano_g05_c01.avi,PlayingPiano,7.073733333333333,0.35221677266201346
v_PlayingPiano_g05_c02.avi,PlayingPiano,7.5075,0.35221677266201346
v_PlayingPiano_g05_c03.avi,PlayingPiano,7.9412666666666665,0.35221677266201346
v_PlayingPiano_g05_c04.avi,PlayingPiano,7.9412666666666665,0.35221677266201346
v_PlayingPiano_g06_c01.avi,PlayingPiano,7.4074,0.35221677266201346
v_PlayingPiano_g06_c02.avi,PlayingPiano,7.4074,0.35221677266201346
v_PlayingPiano_g06_c03.avi,PlayingPiano,7.4074,0.35221677266201346
v_PlayingPiano_g06_c04.avi,PlayingPiano,7.374033333333333,0.35221677266201346
v_PlayingPiano_g07_c01.avi,PlayingPiano,7.073733333333333,0.35221677266201346
v_PlayingPiano_g07_c02.avi,PlayingPiano,7.3406666666666665,0.35221677266201346
v_PlayingPiano_g07_c03.avi,PlayingPiano,7.6076,0.35221677266201346
v_PlayingPiano_g07_c04.avi,PlayingPiano,6.840166666666667,0.35221677266201346
v_PlayingPiano_g08_c01.avi,PlayingPiano,6.973633333333334,0.35221677266201346
v_PlayingPiano_g08_c02.avi,PlayingPiano,7.2072,0.35221677266201346
v_PlayingPiano_g08_c03.avi,PlayingPiano,6.973633333333334,0.35221677266201346
v_PlayingPiano_g08_c04.avi,PlayingPiano,7.1738333333333335,0.35221677266201346
v_PlayingPiano_g09_c01.avi,PlayingPiano,7.007000000000001,0.35221677266201346
v_PlayingPiano_g09_c02.avi,PlayingPiano,7.5075,0.35221677266201346
v_PlayingPiano_g09_c03.avi,PlayingPiano,7.5075,0.35221677266201346
v_PlayingPiano_g09_c04.avi,PlayingPiano,8.008000000000001,0.35221677266201346
v_PlayingPiano_g10_c01.avi,PlayingPiano,6.773433333333333,0.35221677266201346
v_PlayingPiano_g10_c02.avi,PlayingPiano,7.240566666666667,0.35221677266201346
v_PlayingPiano_g10_c03.avi,PlayingPiano,7.240566666666667,0.35221677266201346
v_PlayingPiano_g10_c04.avi,PlayingPiano,7.4741333333333335,0.35221677266201346
v_PlayingPiano_g11_c01.avi,PlayingPiano,7.040366666666666,0.35221677266201346
v_PlayingPiano_g11_c02.avi,PlayingPiano,7.4741333333333335,0.35221677266201346
v_PlayingPiano_g11_c03.avi,PlayingPiano,7.040366666666666,0.35221677266201346
v_PlayingPiano_g11_c04.avi,PlayingPiano,7.4741333333333335,0.35221677266201346
v_PlayingPiano_g12_c01.avi,PlayingPiano,7.1738333333333335,0.35221677266201346
v_PlayingPiano_g12_c02.avi,PlayingPiano,7.140466666666667,0.35221677266201346
v_PlayingPiano_g12_c03.avi,PlayingPiano,7.374033333333333,0.35221677266201346
v_PlayingPiano_g12_c04.avi,PlayingPiano,7.140466666666667,0.35221677266201346
v_PlayingPiano_g13_c01.avi,PlayingPiano,7.2072,0.35221677266201346
v_PlayingPiano_g13_c02.avi,PlayingPiano,7.1738333333333335,0.35221677266201346
v_PlayingPiano_g13_c03.avi,PlayingPiano,7.2072,0.35221677266201346
v_PlayingPiano_g13_c04.avi,PlayingPiano,7.1738333333333335,0.35221677266201346
v_PlayingPiano_g14_c01.avi,PlayingPiano,7.240566666666667,0.35221677266201346
v_PlayingPiano_g14_c02.avi,PlayingPiano,7.240566666666667,0.35221677266201346
v_PlayingPiano_g14_c03.avi,PlayingPiano,6.973633333333334,0.35221677266201346
v_PlayingPiano_g14_c04.avi,PlayingPiano,7.741066666666667,0.35221677266201346
v_PlayingPiano_g15_c01.avi,PlayingPiano,7.4741333333333335,0.35221677266201346
v_PlayingPiano_g15_c02.avi,PlayingPiano,6.840166666666667,0.35221677266201346
v_PlayingPiano_g15_c03.avi,PlayingPiano,7.1738333333333335,0.35221677266201346
v_PlayingPiano_g15_c04.avi,PlayingPiano,7.8078,0.35221677266201346
v_PlayingPiano_g16_c01.avi,PlayingPiano,7.040366666666666,0.35221677266201346
v_PlayingPiano_g16_c02.avi,PlayingPiano,7.540866666666667,0.35221677266201346
v_PlayingPiano_g16_c03.avi,PlayingPiano,7.540866666666667,0.35221677266201346
v_PlayingPiano_g16_c04.avi,PlayingPiano,8.041366666666667,0.35221677266201346
v_PlayingPiano_g16_c05.avi,PlayingPiano,8.008000000000001,0.35221677266201346
v_PlayingPiano_g16_c06.avi,PlayingPiano,7.040366666666666,0.35221677266201346
v_PlayingPiano_g16_c07.avi,PlayingPiano,7.540866666666667,0.35221677266201346
v_PlayingPiano_g17_c01.avi,PlayingPiano,7.5075,0.35221677266201346
v_PlayingPiano_g17_c02.avi,PlayingPiano,7.5075,0.35221677266201346
v_PlayingPiano_g17_c03.avi,PlayingPiano,7.5075,0.35221677266201346
v_PlayingPiano_g17_c04.avi,PlayingPiano,7.5075,0.35221677266201346
v_PlayingPiano_g17_c05.avi,PlayingPiano,8.274933333333333,0.35221677266201346
v_PlayingPiano_g17_c06.avi,PlayingPiano,7.5075,0.35221677266201346
v_PlayingPiano_g18_c01.avi,PlayingPiano,7.1738333333333335,0.35221677266201346
v_PlayingPiano_g18_c02.avi,PlayingPiano,7.1738333333333335,0.35221677266201346
v_PlayingPiano_g18_c03.avi,PlayingPiano,8.074733333333333,0.35221677266201346
v_PlayingPiano_g18_c04.avi,PlayingPiano,8.1081,0.35221677266201346
v_PlayingPiano_g19_c01.avi,PlayingPiano,7.140466666666667,0.35221677266201346
v_PlayingPiano_g19_c02.avi,PlayingPiano,7.540866666666667,0.35221677266201346
v_PlayingPiano_g19_c03.avi,PlayingPiano,6.7067000000000005,0.35221677266201346
v_PlayingPiano_g19_c04.avi,PlayingPiano,7.540866666666667,0.35221677266201346
v_PlayingPiano_g20_c01.avi,PlayingPiano,7.307300000000001,0.35221677266201346
v_PlayingPiano_g20_c02.avi,PlayingPiano,7.307300000000001,0.35221677266201346
v_PlayingPiano_g20_c03.avi,PlayingPiano,7.307300000000001,0.35221677266201346
v_PlayingPiano_g20_c04.avi,PlayingPiano,7.307300000000001,0.35221677266201346
v_PlayingPiano_g21_c01.avi,PlayingPiano,7.240566666666667,0.35221677266201346
v_PlayingPiano_g21_c02.avi,PlayingPiano,6.8068,0.35221677266201346
v_PlayingPiano_g21_c03.avi,PlayingPiano,7.7077,0.35221677266201346
v_PlayingPiano_g21_c04.avi,PlayingPiano,7.240566666666667,0.35221677266201346
v_PlayingPiano_g22_c01.avi,PlayingPiano,7.307300000000001,0.35221677266201346
v_PlayingPiano_g22_c02.avi,PlayingPiano,7.741066666666667,0.35221677266201346
v_PlayingPiano_g22_c03.avi,PlayingPiano,7.1071,0.35221677266201346
v_PlayingPiano_g22_c04.avi,PlayingPiano,7.540866666666667,0.35221677266201346
v_PlayingPiano_g23_c01.avi,PlayingPiano,7.3406666666666665,0.35221677266201346
v_PlayingPiano_g23_c02.avi,PlayingPiano,7.1071,0.35221677266201346
v_PlayingPiano_g23_c03.avi,PlayingPiano,7.140466666666667,0.35221677266201346
v_PlayingPiano_g23_c04.avi,PlayingPiano,8.274933333333333,0.35221677266201346
v_PlayingPiano_g24_c01.avi,PlayingPiano,7.741066666666667,0.35221677266201346
v_PlayingPiano_g24_c02.avi,PlayingPiano,6.840166666666667,0.35221677266201346
v_PlayingPiano_g24_c03.avi,PlayingPiano,7.273933333333334,0.35221677266201346
v_PlayingPiano_g24_c04.avi,PlayingPiano,6.8735333333333335,0.35221677266201346
v_PlayingPiano_g25_c01.avi,PlayingPiano,6.773433333333333,0.35221677266201346
v_PlayingPiano_g25_c02.avi,PlayingPiano,6.8735333333333335,0.35221677266201346
v_PlayingPiano_g25_c03.avi,PlayingPiano,7.2072,0.35221677266201346
v_PlayingPiano_g25_c04.avi,PlayingPiano,6.8068,0.35221677266201346
v_PlayingSitar_g01_c01.avi,PlayingSitar,4.12,4.847198267749366
v_PlayingSitar_g01_c02.avi,PlayingSitar,5.64,4.847198267749366
v_PlayingSitar_g01_c03.avi,PlayingSitar,5.16,4.847198267749366
v_PlayingSitar_g01_c04.avi,PlayingSitar,5.2,4.847198267749366
v_PlayingSitar_g02_c01.avi,PlayingSitar,10.0,4.847198267749366
v_PlayingSitar_g02_c02.avi,PlayingSitar,10.12,4.847198267749366
v_PlayingSitar_g02_c03.avi,PlayingSitar,10.2,4.847198267749366
v_PlayingSitar_g02_c04.avi,PlayingSitar,10.72,4.847198267749366
v_PlayingSitar_g02_c05.avi,PlayingSitar,10.0,4.847198267749366
v_PlayingSitar_g02_c06.avi,PlayingSitar,9.12,4.847198267749366
v_PlayingSitar_g03_c01.avi,PlayingSitar,14.2,4.847198267749366
v_PlayingSitar_g03_c02.avi,PlayingSitar,16.44,4.847198267749366
v_PlayingSitar_g03_c03.avi,PlayingSitar,16.92,4.847198267749366
v_PlayingSitar_g03_c04.avi,PlayingSitar,16.88,4.847198267749366
v_PlayingSitar_g03_c05.avi,PlayingSitar,16.76,4.847198267749366
v_PlayingSitar_g03_c06.avi,PlayingSitar,17.04,4.847198267749366
v_PlayingSitar_g03_c07.avi,PlayingSitar,16.84,4.847198267749366
v_PlayingSitar_g04_c01.avi,PlayingSitar,17.36,4.847198267749366
v_PlayingSitar_g04_c02.avi,PlayingSitar,16.8,4.847198267749366
v_PlayingSitar_g04_c03.avi,PlayingSitar,16.88,4.847198267749366
v_PlayingSitar_g04_c04.avi,PlayingSitar,17.08,4.847198267749366
v_PlayingSitar_g04_c05.avi,PlayingSitar,16.8,4.847198267749366
v_PlayingSitar_g04_c06.avi,PlayingSitar,16.6,4.847198267749366
v_PlayingSitar_g04_c07.avi,PlayingSitar,17.0,4.847198267749366
v_PlayingSitar_g05_c01.avi,PlayingSitar,16.24,4.847198267749366
v_PlayingSitar_g05_c02.avi,PlayingSitar,16.56,4.847198267749366
v_PlayingSitar_g05_c03.avi,PlayingSitar,17.12,4.847198267749366
v_PlayingSitar_g05_c04.avi,PlayingSitar,15.84,4.847198267749366
v_PlayingSitar_g05_c05.avi,PlayingSitar,17.44,4.847198267749366
v_PlayingSitar_g05_c06.avi,PlayingSitar,17.36,4.847198267749366
v_PlayingSitar_g05_c07.avi,PlayingSitar,12.84,4.847198267749366
v_PlayingSitar_g06_c01.avi,PlayingSitar,6.04,4.847198267749366
v_PlayingSitar_g06_c02.avi,PlayingSitar,6.0,4.847198267749366
v_PlayingSitar_g06_c03.avi,PlayingSitar,5.76,4.847198267749366
v_PlayingSitar_g06_c04.avi,PlayingSitar,5.76,4.847198267749366
v_PlayingSitar_g06_c05.avi,PlayingSitar,4.6,4.847198267749366
v_PlayingSitar_g06_c06.avi,PlayingSitar,4.52,4.847198267749366
v_PlayingSitar_g07_c01.avi,PlayingSitar,15.44,4.847198267749366
v_PlayingSitar_g07_c02.avi,PlayingSitar,10.96,4.847198267749366
v_PlayingSitar_g07_c03.avi,PlayingSitar,14.48,4.847198267749366
v_PlayingSitar_g07_c04.avi,PlayingSitar,15.4,4.847198267749366
v_PlayingSitar_g07_c05.avi,PlayingSitar,14.88,4.847198267749366
v_PlayingSitar_g07_c06.avi,PlayingSitar,16.4,4.847198267749366
v_PlayingSitar_g07_c07.avi,PlayingSitar,9.84,4.847198267749366
v_PlayingSitar_g08_c01.avi,PlayingSitar,14.2,4.847198267749366
v_PlayingSitar_g08_c02.avi,PlayingSitar,19.64,4.847198267749366
v_PlayingSitar_g08_c03.avi,PlayingSitar,22.76,4.847198267749366
v_PlayingSitar_g08_c04.avi,PlayingSitar,22.36,4.847198267749366
v_PlayingSitar_g08_c05.avi,PlayingSitar,21.4,4.847198267749366
v_PlayingSitar_g08_c06.avi,PlayingSitar,23.92,4.847198267749366
v_PlayingSitar_g08_c07.avi,PlayingSitar,25.64,4.847198267749366
v_PlayingSitar_g09_c01.avi,PlayingSitar,6.0,4.847198267749366
v_PlayingSitar_g09_c02.avi,PlayingSitar,6.0,4.847198267749366
v_PlayingSitar_g09_c03.avi,PlayingSitar,6.16,4.847198267749366
v_PlayingSitar_g09_c04.avi,PlayingSitar,6.24,4.847198267749366
v_PlayingSitar_g09_c05.avi,PlayingSitar,6.16,4.847198267749366
v_PlayingSitar_g09_c06.avi,PlayingSitar,5.92,4.847198267749366
v_PlayingSitar_g09_c07.avi,PlayingSitar,5.12,4.847198267749366
v_PlayingSitar_g10_c01.avi,PlayingSitar,14.96,4.847198267749366
v_PlayingSitar_g10_c02.avi,PlayingSitar,16.56,4.847198267749366
v_PlayingSitar_g10_c03.avi,PlayingSitar,15.6,4.847198267749366
v_PlayingSitar_g10_c04.avi,PlayingSitar,15.96,4.847198267749366
v_PlayingSitar_g10_c05.avi,PlayingSitar,15.6,4.847198267749366
v_PlayingSitar_g10_c06.avi,PlayingSitar,17.2,4.847198267749366
v_PlayingSitar_g10_c07.avi,PlayingSitar,18.92,4.847198267749366
v_PlayingSitar_g11_c01.avi,PlayingSitar,10.28,4.847198267749366
v_PlayingSitar_g11_c02.avi,PlayingSitar,16.04,4.847198267749366
v_PlayingSitar_g11_c03.avi,PlayingSitar,15.92,4.847198267749366
v_PlayingSitar_g11_c04.avi,PlayingSitar,16.92,4.847198267749366
v_PlayingSitar_g11_c05.avi,PlayingSitar,17.0,4.847198267749366
v_PlayingSitar_g11_c06.avi,PlayingSitar,17.44,4.847198267749366
v_PlayingSitar_g11_c07.avi,PlayingSitar,18.04,4.847198267749366
v_PlayingSitar_g12_c01.avi,PlayingSitar,6.12,4.847198267749366
v_PlayingSitar_g12_c02.avi,PlayingSitar,7.56,4.847198267749366
v_PlayingSitar_g12_c03.avi,PlayingSitar,6.24,4.847198267749366
v_PlayingSitar_g12_c04.avi,PlayingSitar,6.6,4.847198267749366
v_PlayingSitar_g13_c01.avi,PlayingSitar,18.96,4.847198267749366
v_PlayingSitar_g13_c02.avi,PlayingSitar,17.4,4.847198267749366
v_PlayingSitar_g13_c03.avi,PlayingSitar,11.76,4.847198267749366
v_PlayingSitar_g13_c04.avi,PlayingSitar,10.8,4.847198267749366
v_PlayingSitar_g14_c01.avi,PlayingSitar,18.56,4.847198267749366
v_PlayingSitar_g14_c02.avi,PlayingSitar,16.8,4.847198267749366
v_PlayingSitar_g14_c03.avi,PlayingSitar,19.4,4.847198267749366
v_PlayingSitar_g14_c04.avi,PlayingSitar,18.56,4.847198267749366
v_PlayingSitar_g14_c05.avi,PlayingSitar,18.4,4.847198267749366
v_PlayingSitar_g14_c06.avi,PlayingSitar,19.48,4.847198267749366
v_PlayingSitar_g14_c07.avi,PlayingSitar,19.4,4.847198267749366
v_PlayingSitar_g15_c01.avi,PlayingSitar,3.84,4.847198267749366
v_PlayingSitar_g15_c02.avi,PlayingSitar,4.12,4.847198267749366
v_PlayingSitar_g15_c03.avi,PlayingSitar,4.04,4.847198267749366
v_PlayingSitar_g15_c04.avi,PlayingSitar,4.0,4.847198267749366
v_PlayingSitar_g16_c01.avi,PlayingSitar,17.64,4.847198267749366
v_PlayingSitar_g16_c02.avi,PlayingSitar,16.52,4.847198267749366
v_PlayingSitar_g16_c03.avi,PlayingSitar,14.32,4.847198267749366
v_PlayingSitar_g16_c04.avi,PlayingSitar,16.52,4.847198267749366
v_PlayingSitar_g16_c05.avi,PlayingSitar,17.04,4.847198267749366
v_PlayingSitar_g16_c06.avi,PlayingSitar,17.64,4.847198267749366
v_PlayingSitar_g16_c07.avi,PlayingSitar,18.68,4.847198267749366
v_PlayingSitar_g17_c01.avi,PlayingSitar,17.2,4.847198267749366
v_PlayingSitar_g17_c02.avi,PlayingSitar,17.92,4.847198267749366
v_PlayingSitar_g17_c03.avi,PlayingSitar,17.16,4.847198267749366
v_PlayingSitar_g17_c04.avi,PlayingSitar,16.16,4.847198267749366
v_PlayingSitar_g17_c05.avi,PlayingSitar,18.6,4.847198267749366
v_PlayingSitar_g17_c06.avi,PlayingSitar,18.12,4.847198267749366
v_PlayingSitar_g17_c07.avi,PlayingSitar,18.52,4.847198267749366
v_PlayingSitar_g18_c01.avi,PlayingSitar,16.96,4.847198267749366
v_PlayingSitar_g18_c02.avi,PlayingSitar,19.48,4.847198267749366
v_PlayingSitar_g18_c03.avi,PlayingSitar,18.44,4.847198267749366
v_PlayingSitar_g18_c04.avi,PlayingSitar,18.72,4.847198267749366
v_PlayingSitar_g18_c05.avi,PlayingSitar,18.12,4.847198267749366
v_PlayingSitar_g18_c06.avi,PlayingSitar,17.08,4.847198267749366
v_PlayingSitar_g18_c07.avi,PlayingSitar,17.0,4.847198267749366
v_PlayingSitar_g19_c01.avi,PlayingSitar,16.72,4.847198267749366
v_PlayingSitar_g19_c02.avi,PlayingSitar,17.0,4.847198267749366
v_PlayingSitar_g19_c03.avi,PlayingSitar,15.96,4.847198267749366
v_PlayingSitar_g19_c04.avi,PlayingSitar,16.92,4.847198267749366
v_PlayingSitar_g19_c05.avi,PlayingSitar,17.4,4.847198267749366
v_PlayingSitar_g19_c06.avi,PlayingSitar,17.8,4.847198267749366
v_PlayingSitar_g19_c07.avi,PlayingSitar,19.32,4.847198267749366
v_PlayingSitar_g20_c01.avi,PlayingSitar,15.8,4.847198267749366
v_PlayingSitar_g20_c02.avi,PlayingSitar,17.56,4.847198267749366
v_PlayingSitar_g20_c03.avi,PlayingSitar,16.68,4.847198267749366
v_PlayingSitar_g20_c04.avi,PlayingSitar,16.28,4.847198267749366
v_PlayingSitar_g20_c05.avi,PlayingSitar,16.96,4.847198267749366
v_PlayingSitar_g20_c06.avi,PlayingSitar,16.36,4.847198267749366
v_PlayingSitar_g20_c07.avi,PlayingSitar,16.32,4.847198267749366
v_PlayingSitar_g21_c01.avi,PlayingSitar,13.2,4.847198267749366
v_PlayingSitar_g21_c02.avi,PlayingSitar,15.32,4.847198267749366
v_PlayingSitar_g21_c03.avi,PlayingSitar,13.12,4.847198267749366
v_PlayingSitar_g21_c04.avi,PlayingSitar,13.64,4.847198267749366
v_PlayingSitar_g21_c05.avi,PlayingSitar,13.52,4.847198267749366
v_PlayingSitar_g21_c06.avi,PlayingSitar,14.68,4.847198267749366
v_PlayingSitar_g21_c07.avi,PlayingSitar,14.96,4.847198267749366
v_PlayingSitar_g22_c01.avi,PlayingSitar,10.24,4.847198267749366
v_PlayingSitar_g22_c02.avi,PlayingSitar,10.0,4.847198267749366
v_PlayingSitar_g22_c03.avi,PlayingSitar,10.08,4.847198267749366
v_PlayingSitar_g22_c04.avi,PlayingSitar,10.08,4.847198267749366
v_PlayingSitar_g22_c05.avi,PlayingSitar,10.44,4.847198267749366
v_PlayingSitar_g22_c06.avi,PlayingSitar,10.08,4.847198267749366
v_PlayingSitar_g23_c01.avi,PlayingSitar,15.76,4.847198267749366
v_PlayingSitar_g23_c02.avi,PlayingSitar,17.64,4.847198267749366
v_PlayingSitar_g23_c03.avi,PlayingSitar,18.16,4.847198267749366
v_PlayingSitar_g23_c04.avi,PlayingSitar,17.88,4.847198267749366
v_PlayingSitar_g23_c05.avi,PlayingSitar,17.44,4.847198267749366
v_PlayingSitar_g23_c06.avi,PlayingSitar,16.76,4.847198267749366
v_PlayingSitar_g23_c07.avi,PlayingSitar,18.4,4.847198267749366
v_PlayingSitar_g24_c01.avi,PlayingSitar,16.88,4.847198267749366
v_PlayingSitar_g24_c02.avi,PlayingSitar,17.68,4.847198267749366
v_PlayingSitar_g24_c03.avi,PlayingSitar,18.2,4.847198267749366
v_PlayingSitar_g24_c04.avi,PlayingSitar,17.24,4.847198267749366
v_PlayingSitar_g24_c05.avi,PlayingSitar,16.72,4.847198267749366
v_PlayingSitar_g24_c06.avi,PlayingSitar,16.68,4.847198267749366
v_PlayingSitar_g24_c07.avi,PlayingSitar,16.24,4.847198267749366
v_PlayingSitar_g25_c01.avi,PlayingSitar,9.44,4.847198267749366
v_PlayingSitar_g25_c02.avi,PlayingSitar,8.92,4.847198267749366
v_PlayingSitar_g25_c03.avi,PlayingSitar,8.4,4.847198267749366
v_PlayingSitar_g25_c04.avi,PlayingSitar,10.24,4.847198267749366
v_PlayingTabla_g01_c01.avi,PlayingTabla,9.92,1.9504882775562948
v_PlayingTabla_g01_c02.avi,PlayingTabla,10.04,1.9504882775562948
v_PlayingTabla_g01_c03.avi,PlayingTabla,10.04,1.9504882775562948
v_PlayingTabla_g01_c04.avi,PlayingTabla,10.2,1.9504882775562948
v_PlayingTabla_g02_c01.avi,PlayingTabla,12.72,1.9504882775562948
v_PlayingTabla_g02_c02.avi,PlayingTabla,11.6,1.9504882775562948
v_PlayingTabla_g02_c03.avi,PlayingTabla,11.92,1.9504882775562948
v_PlayingTabla_g02_c04.avi,PlayingTabla,12.52,1.9504882775562948
v_PlayingTabla_g03_c01.avi,PlayingTabla,11.72,1.9504882775562948
v_PlayingTabla_g03_c02.avi,PlayingTabla,12.52,1.9504882775562948
v_PlayingTabla_g03_c03.avi,PlayingTabla,10.2,1.9504882775562948
v_PlayingTabla_g03_c04.avi,PlayingTabla,9.44,1.9504882775562948
v_PlayingTabla_g03_c05.avi,PlayingTabla,10.16,1.9504882775562948
v_PlayingTabla_g04_c01.avi,PlayingTabla,9.96,1.9504882775562948
v_PlayingTabla_g04_c02.avi,PlayingTabla,12.08,1.9504882775562948
v_PlayingTabla_g04_c03.avi,PlayingTabla,11.88,1.9504882775562948
v_PlayingTabla_g04_c04.avi,PlayingTabla,15.24,1.9504882775562948
v_PlayingTabla_g04_c05.avi,PlayingTabla,12.76,1.9504882775562948
v_PlayingTabla_g04_c06.avi,PlayingTabla,12.8,1.9504882775562948
v_PlayingTabla_g05_c01.avi,PlayingTabla,10.8,1.9504882775562948
v_PlayingTabla_g05_c02.avi,PlayingTabla,9.88,1.9504882775562948
v_PlayingTabla_g05_c03.avi,PlayingTabla,10.4,1.9504882775562948
v_PlayingTabla_g05_c04.avi,PlayingTabla,10.68,1.9504882775562948
v_PlayingTabla_g06_c01.avi,PlayingTabla,8.36,1.9504882775562948
v_PlayingTabla_g06_c02.avi,PlayingTabla,8.24,1.9504882775562948
v_PlayingTabla_g06_c03.avi,PlayingTabla,9.76,1.9504882775562948
v_PlayingTabla_g06_c04.avi,PlayingTabla,9.36,1.9504882775562948
v_PlayingTabla_g07_c01.avi,PlayingTabla,10.04,1.9504882775562948
v_PlayingTabla_g07_c02.avi,PlayingTabla,9.8,1.9504882775562948
v_PlayingTabla_g07_c03.avi,PlayingTabla,10.64,1.9504882775562948
v_PlayingTabla_g07_c04.avi,PlayingTabla,10.04,1.9504882775562948
v_PlayingTabla_g08_c01.avi,PlayingTabla,9.64,1.9504882775562948
v_PlayingTabla_g08_c02.avi,PlayingTabla,8.56,1.9504882775562948
v_PlayingTabla_g08_c03.avi,PlayingTabla,15.84,1.9504882775562948
v_PlayingTabla_g08_c04.avi,PlayingTabla,15.24,1.9504882775562948
v_PlayingTabla_g09_c01.avi,PlayingTabla,10.28,1.9504882775562948
v_PlayingTabla_g09_c02.avi,PlayingTabla,9.8,1.9504882775562948
v_PlayingTabla_g09_c03.avi,PlayingTabla,9.96,1.9504882775562948
v_PlayingTabla_g09_c04.avi,PlayingTabla,9.92,1.9504882775562948
v_PlayingTabla_g09_c05.avi,PlayingTabla,10.28,1.9504882775562948
v_PlayingTabla_g10_c01.avi,PlayingTabla,10.96,1.9504882775562948
v_PlayingTabla_g10_c02.avi,PlayingTabla,10.16,1.9504882775562948
v_PlayingTabla_g10_c03.avi,PlayingTabla,10.44,1.9504882775562948
v_PlayingTabla_g10_c04.avi,PlayingTabla,9.88,1.9504882775562948
v_PlayingTabla_g10_c05.avi,PlayingTabla,10.96,1.9504882775562948
v_PlayingTabla_g11_c01.avi,PlayingTabla,9.32,1.9504882775562948
v_PlayingTabla_g11_c02.avi,PlayingTabla,15.64,1.9504882775562948
v_PlayingTabla_g11_c03.avi,PlayingTabla,11.4,1.9504882775562948
v_PlayingTabla_g11_c04.avi,PlayingTabla,11.24,1.9504882775562948
v_PlayingTabla_g12_c01.avi,PlayingTabla,10.24,1.9504882775562948
v_PlayingTabla_g12_c02.avi,PlayingTabla,9.68,1.9504882775562948
v_PlayingTabla_g12_c03.avi,PlayingTabla,10.64,1.9504882775562948
v_PlayingTabla_g12_c04.avi,PlayingTabla,9.44,1.9504882775562948
v_PlayingTabla_g12_c05.avi,PlayingTabla,9.84,1.9504882775562948
v_PlayingTabla_g13_c01.avi,PlayingTabla,10.8,1.9504882775562948
v_PlayingTabla_g13_c02.avi,PlayingTabla,11.64,1.9504882775562948
v_PlayingTabla_g13_c03.avi,PlayingTabla,11.4,1.9504882775562948
v_PlayingTabla_g13_c04.avi,PlayingTabla,11.64,1.9504882775562948
v_PlayingTabla_g13_c05.avi,PlayingTabla,11.84,1.9504882775562948
v_PlayingTabla_g14_c01.avi,PlayingTabla,11.16,1.9504882775562948
v_PlayingTabla_g14_c02.avi,PlayingTabla,12.4,1.9504882775562948
v_PlayingTabla_g14_c03.avi,PlayingTabla,12.44,1.9504882775562948
v_PlayingTabla_g14_c04.avi,PlayingTabla,12.4,1.9504882775562948
v_PlayingTabla_g15_c01.avi,PlayingTabla,9.64,1.9504882775562948
v_PlayingTabla_g15_c02.avi,PlayingTabla,10.24,1.9504882775562948
v_PlayingTabla_g15_c03.avi,PlayingTabla,10.12,1.9504882775562948
v_PlayingTabla_g15_c04.avi,PlayingTabla,11.32,1.9504882775562948
v_PlayingTabla_g16_c01.avi,PlayingTabla,4.52,1.9504882775562948
v_PlayingTabla_g16_c02.avi,PlayingTabla,4.72,1.9504882775562948
v_PlayingTabla_g16_c03.avi,PlayingTabla,8.32,1.9504882775562948
v_PlayingTabla_g16_c04.avi,PlayingTabla,5.44,1.9504882775562948
v_PlayingTabla_g16_c05.avi,PlayingTabla,5.68,1.9504882775562948
v_PlayingTabla_g17_c01.avi,PlayingTabla,9.36,1.9504882775562948
v_PlayingTabla_g17_c02.avi,PlayingTabla,10.4,1.9504882775562948
v_PlayingTabla_g17_c03.avi,PlayingTabla,11.08,1.9504882775562948
v_PlayingTabla_g17_c04.avi,PlayingTabla,11.76,1.9504882775562948
v_PlayingTabla_g18_c01.avi,PlayingTabla,12.2,1.9504882775562948
v_PlayingTabla_g18_c02.avi,PlayingTabla,11.32,1.9504882775562948
v_PlayingTabla_g18_c03.avi,PlayingTabla,12.2,1.9504882775562948
v_PlayingTabla_g18_c04.avi,PlayingTabla,11.0,1.9504882775562948
v_PlayingTabla_g18_c05.avi,PlayingTabla,11.36,1.9504882775562948
v_PlayingTabla_g18_c06.avi,PlayingTabla,11.92,1.9504882775562948
v_PlayingTabla_g19_c01.avi,PlayingTabla,7.6,1.9504882775562948
v_PlayingTabla_g19_c02.avi,PlayingTabla,11.8,1.9504882775562948
v_PlayingTabla_g19_c03.avi,PlayingTabla,8.64,1.9504882775562948
v_PlayingTabla_g19_c04.avi,PlayingTabla,13.24,1.9504882775562948
v_PlayingTabla_g20_c01.avi,PlayingTabla,10.4,1.9504882775562948
v_PlayingTabla_g20_c02.avi,PlayingTabla,10.12,1.9504882775562948
v_PlayingTabla_g20_c03.avi,PlayingTabla,9.84,1.9504882775562948
v_PlayingTabla_g20_c04.avi,PlayingTabla,9.84,1.9504882775562948
v_PlayingTabla_g21_c01.avi,PlayingTabla,11.24,1.9504882775562948
v_PlayingTabla_g21_c02.avi,PlayingTabla,11.76,1.9504882775562948
v_PlayingTabla_g21_c03.avi,PlayingTabla,12.32,1.9504882775562948
v_PlayingTabla_g21_c04.avi,PlayingTabla,11.52,1.9504882775562948
v_PlayingTabla_g22_c01.avi,PlayingTabla,12.72,1.9504882775562948
v_PlayingTabla_g22_c02.avi,PlayingTabla,13.8,1.9504882775562948
v_PlayingTabla_g22_c03.avi,PlayingTabla,12.72,1.9504882775562948
v_PlayingTabla_g22_c04.avi,PlayingTabla,13.84,1.9504882775562948
v_PlayingTabla_g23_c01.avi,PlayingTabla,9.28,1.9504882775562948
v_PlayingTabla_g23_c02.avi,PlayingTabla,10.24,1.9504882775562948
v_PlayingTabla_g23_c03.avi,PlayingTabla,10.0,1.9504882775562948
v_PlayingTabla_g23_c04.avi,PlayingTabla,10.0,1.9504882775562948
v_PlayingTabla_g24_c01.avi,PlayingTabla,11.48,1.9504882775562948
v_PlayingTabla_g24_c02.avi,PlayingTabla,11.12,1.9504882775562948
v_PlayingTabla_g24_c03.avi,PlayingTabla,10.92,1.9504882775562948
v_PlayingTabla_g24_c04.avi,PlayingTabla,12.56,1.9504882775562948
v_PlayingTabla_g25_c01.avi,PlayingTabla,12.84,1.9504882775562948
v_PlayingTabla_g25_c02.avi,PlayingTabla,13.64,1.9504882775562948
v_PlayingTabla_g25_c03.avi,PlayingTabla,12.84,1.9504882775562948
v_PlayingTabla_g25_c04.avi,PlayingTabla,13.64,1.9504882775562948
v_PlayingTabla_g25_c05.avi,PlayingTabla,15.28,1.9504882775562948
v_PlayingViolin_g01_c01.avi,PlayingViolin,7.44,1.5396082933557147
v_PlayingViolin_g01_c02.avi,PlayingViolin,6.76,1.5396082933557147
v_PlayingViolin_g01_c03.avi,PlayingViolin,6.8,1.5396082933557147
v_PlayingViolin_g01_c04.avi,PlayingViolin,7.12,1.5396082933557147
v_PlayingViolin_g02_c01.avi,PlayingViolin,6.76,1.5396082933557147
v_PlayingViolin_g02_c02.avi,PlayingViolin,13.56,1.5396082933557147
v_PlayingViolin_g02_c03.avi,PlayingViolin,20.36,1.5396082933557147
v_PlayingViolin_g02_c04.avi,PlayingViolin,7.2,1.5396082933557147
v_PlayingViolin_g03_c01.avi,PlayingViolin,7.24,1.5396082933557147
v_PlayingViolin_g03_c02.avi,PlayingViolin,7.24,1.5396082933557147
v_PlayingViolin_g03_c03.avi,PlayingViolin,7.24,1.5396082933557147
v_PlayingViolin_g03_c04.avi,PlayingViolin,7.96,1.5396082933557147
v_PlayingViolin_g04_c01.avi,PlayingViolin,7.04,1.5396082933557147
v_PlayingViolin_g04_c02.avi,PlayingViolin,6.96,1.5396082933557147
v_PlayingViolin_g04_c03.avi,PlayingViolin,6.76,1.5396082933557147
v_PlayingViolin_g04_c04.avi,PlayingViolin,7.04,1.5396082933557147
v_PlayingViolin_g05_c01.avi,PlayingViolin,7.04,1.5396082933557147
v_PlayingViolin_g05_c02.avi,PlayingViolin,7.04,1.5396082933557147
v_PlayingViolin_g05_c03.avi,PlayingViolin,6.76,1.5396082933557147
v_PlayingViolin_g05_c04.avi,PlayingViolin,7.36,1.5396082933557147
v_PlayingViolin_g06_c01.avi,PlayingViolin,7.08,1.5396082933557147
v_PlayingViolin_g06_c02.avi,PlayingViolin,7.04,1.5396082933557147
v_PlayingViolin_g06_c03.avi,PlayingViolin,7.08,1.5396082933557147
v_PlayingViolin_g06_c04.avi,PlayingViolin,7.48,1.5396082933557147
v_PlayingViolin_g07_c01.avi,PlayingViolin,7.12,1.5396082933557147
v_PlayingViolin_g07_c02.avi,PlayingViolin,6.96,1.5396082933557147
v_PlayingViolin_g07_c03.avi,PlayingViolin,6.72,1.5396082933557147
v_PlayingViolin_g07_c04.avi,PlayingViolin,6.92,1.5396082933557147
v_PlayingViolin_g08_c01.avi,PlayingViolin,7.64,1.5396082933557147
v_PlayingViolin_g08_c02.avi,PlayingViolin,7.36,1.5396082933557147
v_PlayingViolin_g08_c03.avi,PlayingViolin,8.04,1.5396082933557147
v_PlayingViolin_g08_c04.avi,PlayingViolin,7.24,1.5396082933557147
v_PlayingViolin_g09_c01.avi,PlayingViolin,6.8,1.5396082933557147
v_PlayingViolin_g09_c02.avi,PlayingViolin,7.04,1.5396082933557147
v_PlayingViolin_g09_c03.avi,PlayingViolin,7.0,1.5396082933557147
v_PlayingViolin_g09_c04.avi,PlayingViolin,7.48,1.5396082933557147
v_PlayingViolin_g10_c01.avi,PlayingViolin,6.96,1.5396082933557147
v_PlayingViolin_g10_c02.avi,PlayingViolin,6.96,1.5396082933557147
v_PlayingViolin_g10_c03.avi,PlayingViolin,6.52,1.5396082933557147
v_PlayingViolin_g10_c04.avi,PlayingViolin,6.92,1.5396082933557147
v_PlayingViolin_g11_c01.avi,PlayingViolin,7.92,1.5396082933557147
v_PlayingViolin_g11_c02.avi,PlayingViolin,7.6,1.5396082933557147
v_PlayingViolin_g11_c03.avi,PlayingViolin,7.6,1.5396082933557147
v_PlayingViolin_g11_c04.avi,PlayingViolin,6.92,1.5396082933557147
v_PlayingViolin_g12_c01.avi,PlayingViolin,8.6,1.5396082933557147
v_PlayingViolin_g12_c02.avi,PlayingViolin,7.24,1.5396082933557147
v_PlayingViolin_g12_c03.avi,PlayingViolin,7.88,1.5396082933557147
v_PlayingViolin_g12_c04.avi,PlayingViolin,6.84,1.5396082933557147
v_PlayingViolin_g13_c01.avi,PlayingViolin,7.2,1.5396082933557147
v_PlayingViolin_g13_c02.avi,PlayingViolin,6.84,1.5396082933557147
v_PlayingViolin_g13_c03.avi,PlayingViolin,6.88,1.5396082933557147
v_PlayingViolin_g13_c04.avi,PlayingViolin,6.84,1.5396082933557147
v_PlayingViolin_g14_c01.avi,PlayingViolin,6.44,1.5396082933557147
v_PlayingViolin_g14_c02.avi,PlayingViolin,6.76,1.5396082933557147
v_PlayingViolin_g14_c03.avi,PlayingViolin,6.88,1.5396082933557147
v_PlayingViolin_g14_c04.avi,PlayingViolin,7.04,1.5396082933557147
v_PlayingViolin_g15_c01.avi,PlayingViolin,5.64,1.5396082933557147
v_PlayingViolin_g15_c02.avi,PlayingViolin,6.72,1.5396082933557147
v_PlayingViolin_g15_c03.avi,PlayingViolin,6.72,1.5396082933557147
v_PlayingViolin_g15_c04.avi,PlayingViolin,6.72,1.5396082933557147
v_PlayingViolin_g16_c01.avi,PlayingViolin,6.68,1.5396082933557147
v_PlayingViolin_g16_c02.avi,PlayingViolin,7.32,1.5396082933557147
v_PlayingViolin_g16_c03.avi,PlayingViolin,6.84,1.5396082933557147
v_PlayingViolin_g16_c04.avi,PlayingViolin,7.32,1.5396082933557147
v_PlayingViolin_g17_c01.avi,PlayingViolin,7.04,1.5396082933557147
v_PlayingViolin_g17_c02.avi,PlayingViolin,7.4,1.5396082933557147
v_PlayingViolin_g17_c03.avi,PlayingViolin,6.68,1.5396082933557147
v_PlayingViolin_g17_c04.avi,PlayingViolin,7.04,1.5396082933557147
v_PlayingViolin_g18_c01.avi,PlayingViolin,6.92,1.5396082933557147
v_PlayingViolin_g18_c02.avi,PlayingViolin,7.28,1.5396082933557147
v_PlayingViolin_g18_c03.avi,PlayingViolin,7.52,1.5396082933557147
v_PlayingViolin_g18_c04.avi,PlayingViolin,6.16,1.5396082933557147
v_PlayingViolin_g19_c01.avi,PlayingViolin,8.16,1.5396082933557147
v_PlayingViolin_g19_c02.avi,PlayingViolin,8.16,1.5396082933557147
v_PlayingViolin_g19_c03.avi,PlayingViolin,8.96,1.5396082933557147
v_PlayingViolin_g19_c04.avi,PlayingViolin,8.16,1.5396082933557147
v_PlayingViolin_g20_c01.avi,PlayingViolin,6.68,1.5396082933557147
v_PlayingViolin_g20_c02.avi,PlayingViolin,6.92,1.5396082933557147
v_PlayingViolin_g20_c03.avi,PlayingViolin,6.8,1.5396082933557147
v_PlayingViolin_g20_c04.avi,PlayingViolin,7.16,1.5396082933557147
v_PlayingViolin_g21_c01.avi,PlayingViolin,7.32,1.5396082933557147
v_PlayingViolin_g21_c02.avi,PlayingViolin,6.96,1.5396082933557147
v_PlayingViolin_g21_c03.avi,PlayingViolin,6.92,1.5396082933557147
v_PlayingViolin_g21_c04.avi,PlayingViolin,6.96,1.5396082933557147
v_PlayingViolin_g22_c01.avi,PlayingViolin,6.8,1.5396082933557147
v_PlayingViolin_g22_c02.avi,PlayingViolin,6.96,1.5396082933557147
v_PlayingViolin_g22_c03.avi,PlayingViolin,6.84,1.5396082933557147
v_PlayingViolin_g22_c04.avi,PlayingViolin,6.8,1.5396082933557147
v_PlayingViolin_g23_c01.avi,PlayingViolin,7.2,1.5396082933557147
v_PlayingViolin_g23_c02.avi,PlayingViolin,6.84,1.5396082933557147
v_PlayingViolin_g23_c03.avi,PlayingViolin,7.84,1.5396082933557147
v_PlayingViolin_g23_c04.avi,PlayingViolin,7.52,1.5396082933557147
v_PlayingViolin_g24_c01.avi,PlayingViolin,7.64,1.5396082933557147
v_PlayingViolin_g24_c02.avi,PlayingViolin,7.12,1.5396082933557147
v_PlayingViolin_g24_c03.avi,PlayingViolin,7.64,1.5396082933557147
v_PlayingViolin_g24_c04.avi,PlayingViolin,7.08,1.5396082933557147
v_PlayingViolin_g25_c01.avi,PlayingViolin,7.68,1.5396082933557147
v_PlayingViolin_g25_c02.avi,PlayingViolin,7.64,1.5396082933557147
v_PlayingViolin_g25_c03.avi,PlayingViolin,8.04,1.5396082933557147
v_PlayingViolin_g25_c04.avi,PlayingViolin,7.0,1.5396082933557147
v_PoleVault_g01_c01.avi,PoleVault,6.539866666666667,2.1677664586793974
v_PoleVault_g01_c02.avi,PoleVault,8.041366666666667,2.1677664586793974
v_PoleVault_g01_c03.avi,PoleVault,6.973633333333334,2.1677664586793974
v_PoleVault_g01_c04.avi,PoleVault,6.7067000000000005,2.1677664586793974
v_PoleVault_g01_c05.avi,PoleVault,6.5065,2.1677664586793974
v_PoleVault_g02_c01.avi,PoleVault,3.937266666666667,2.1677664586793974
v_PoleVault_g02_c02.avi,PoleVault,2.6693333333333333,2.1677664586793974
v_PoleVault_g02_c03.avi,PoleVault,3.9039,2.1677664586793974
v_PoleVault_g02_c04.avi,PoleVault,3.370033333333333,2.1677664586793974
v_PoleVault_g02_c05.avi,PoleVault,3.336666666666667,2.1677664586793974
v_PoleVault_g02_c06.avi,PoleVault,3.2365666666666666,2.1677664586793974
v_PoleVault_g02_c07.avi,PoleVault,3.6036,2.1677664586793974
v_PoleVault_g03_c01.avi,PoleVault,6.039366666666667,2.1677664586793974
v_PoleVault_g03_c02.avi,PoleVault,6.5732333333333335,2.1677664586793974
v_PoleVault_g03_c03.avi,PoleVault,7.4074,2.1677664586793974
v_PoleVault_g03_c04.avi,PoleVault,8.5085,2.1677664586793974
v_PoleVault_g03_c05.avi,PoleVault,5.872533333333333,2.1677664586793974
v_PoleVault_g03_c06.avi,PoleVault,7.574233333333334,2.1677664586793974
v_PoleVault_g03_c07.avi,PoleVault,9.075733333333334,2.1677664586793974
v_PoleVault_g04_c01.avi,PoleVault,7.007000000000001,2.1677664586793974
v_PoleVault_g04_c02.avi,PoleVault,7.273933333333334,2.1677664586793974
v_PoleVault_g04_c03.avi,PoleVault,7.307300000000001,2.1677664586793974
v_PoleVault_g04_c04.avi,PoleVault,6.2062,2.1677664586793974
v_PoleVault_g04_c05.avi,PoleVault,8.5085,2.1677664586793974
v_PoleVault_g04_c06.avi,PoleVault,6.2062,2.1677664586793974
v_PoleVault_g04_c07.avi,PoleVault,6.773433333333333,2.1677664586793974
v_PoleVault_g05_c01.avi,PoleVault,7.2072,2.1677664586793974
v_PoleVault_g05_c02.avi,PoleVault,10.5105,2.1677664586793974
v_PoleVault_g05_c03.avi,PoleVault,6.7067000000000005,2.1677664586793974
v_PoleVault_g05_c04.avi,PoleVault,8.908900000000001,2.1677664586793974
v_PoleVault_g05_c05.avi,PoleVault,5.372033333333333,2.1677664586793974
v_PoleVault_g06_c01.avi,PoleVault,4.3043000000000005,2.1677664586793974
v_PoleVault_g06_c02.avi,PoleVault,5.138466666666667,2.1677664586793974
v_PoleVault_g06_c03.avi,PoleVault,5.2052000000000005,2.1677664586793974
v_PoleVault_g06_c04.avi,PoleVault,9.275933333333333,2.1677664586793974
v_PoleVault_g06_c05.avi,PoleVault,8.675333333333333,2.1677664586793974
v_PoleVault_g07_c01.avi,PoleVault,8.675333333333333,2.1677664586793974
v_PoleVault_g07_c02.avi,PoleVault,6.639966666666667,2.1677664586793974
v_PoleVault_g07_c03.avi,PoleVault,7.374033333333333,2.1677664586793974
v_PoleVault_g07_c04.avi,PoleVault,10.6106,2.1677664586793974
v_PoleVault_g08_c01.avi,PoleVault,6.8735333333333335,2.1677664586793974
v_PoleVault_g08_c02.avi,PoleVault,6.339666666666667,2.1677664586793974
v_PoleVault_g08_c03.avi,PoleVault,5.7057,2.1677664586793974
v_PoleVault_g08_c04.avi,PoleVault,4.3043000000000005,2.1677664586793974
v_PoleVault_g09_c01.avi,PoleVault,5.171833333333334,2.1677664586793974
v_PoleVault_g09_c02.avi,PoleVault,4.471133333333333,2.1677664586793974
v_PoleVault_g09_c03.avi,PoleVault,4.671333333333333,2.1677664586793974
v_PoleVault_g09_c04.avi,PoleVault,7.7077,2.1677664586793974
v_PoleVault_g10_c01.avi,PoleVault,8.575233333333333,2.1677664586793974
v_PoleVault_g10_c02.avi,PoleVault,8.1081,2.1677664586793974
v_PoleVault_g10_c03.avi,PoleVault,10.043366666666667,2.1677664586793974
v_PoleVault_g10_c04.avi,PoleVault,7.240566666666667,2.1677664586793974
v_PoleVault_g10_c05.avi,PoleVault,4.8048,2.1677664586793974
v_PoleVault_g10_c06.avi,PoleVault,5.872533333333333,2.1677664586793974
v_PoleVault_g10_c07.avi,PoleVault,6.2062,2.1677664586793974
v_PoleVault_g11_c01.avi,PoleVault,5.6723333333333334,2.1677664586793974
v_PoleVault_g11_c02.avi,PoleVault,5.9059,2.1677664586793974
v_PoleVault_g11_c03.avi,PoleVault,7.007000000000001,2.1677664586793974
v_PoleVault_g11_c04.avi,PoleVault,6.639966666666667,2.1677664586793974
v_PoleVault_g11_c05.avi,PoleVault,6.172833333333333,2.1677664586793974
v_PoleVault_g12_c01.avi,PoleVault,3.1364666666666667,2.1677664586793974
v_PoleVault_g12_c02.avi,PoleVault,7.4741333333333335,2.1677664586793974
v_PoleVault_g12_c03.avi,PoleVault,2.8695333333333335,2.1677664586793974
v_PoleVault_g12_c04.avi,PoleVault,5.9059,2.1677664586793974
v_PoleVault_g12_c05.avi,PoleVault,3.937266666666667,2.1677664586793974
v_PoleVault_g12_c06.avi,PoleVault,3.8371666666666666,2.1677664586793974
v_PoleVault_g12_c07.avi,PoleVault,3.8705333333333334,2.1677664586793974
v_PoleVault_g13_c01.avi,PoleVault,9.743066666666667,2.1677664586793974
v_PoleVault_g13_c02.avi,PoleVault,5.3053,2.1677664586793974
v_PoleVault_g13_c03.avi,PoleVault,4.371033333333333,2.1677664586793974
v_PoleVault_g13_c04.avi,PoleVault,4.237566666666667,2.1677664586793974
v_PoleVault_g13_c05.avi,PoleVault,4.537866666666667,2.1677664586793974
v_PoleVault_g14_c01.avi,PoleVault,5.138466666666667,2.1677664586793974
v_PoleVault_g14_c02.avi,PoleVault,5.9726333333333335,2.1677664586793974
v_PoleVault_g14_c03.avi,PoleVault,5.5055000000000005,2.1677664586793974
v_PoleVault_g14_c04.avi,PoleVault,16.983633333333334,2.1677664586793974
v_PoleVault_g14_c05.avi,PoleVault,7.874533333333334,2.1677664586793974
v_PoleVault_g14_c06.avi,PoleVault,7.4074,2.1677664586793974
v_PoleVault_g14_c07.avi,PoleVault,9.009,2.1677664586793974
v_PoleVault_g15_c01.avi,PoleVault,5.1051,2.1677664586793974
v_PoleVault_g15_c02.avi,PoleVault,7.007000000000001,2.1677664586793974
v_PoleVault_g15_c03.avi,PoleVault,5.7057,2.1677664586793974
v_PoleVault_g15_c04.avi,PoleVault,7.7077,2.1677664586793974
v_PoleVault_g16_c01.avi,PoleVault,8.942266666666667,2.1677664586793974
v_PoleVault_g16_c02.avi,PoleVault,6.339666666666667,2.1677664586793974
v_PoleVault_g16_c03.avi,PoleVault,6.8735333333333335,2.1677664586793974
v_PoleVault_g16_c04.avi,PoleVault,8.241566666666667,2.1677664586793974
v_PoleVault_g16_c05.avi,PoleVault,5.5055000000000005,2.1677664586793974
v_PoleVault_g16_c06.avi,PoleVault,5.6723333333333334,2.1677664586793974
v_PoleVault_g16_c07.avi,PoleVault,7.741066666666667,2.1677664586793974
v_PoleVault_g17_c01.avi,PoleVault,5.438766666666667,2.1677664586793974
v_PoleVault_g17_c02.avi,PoleVault,5.572233333333333,2.1677664586793974
v_PoleVault_g17_c03.avi,PoleVault,3.5368666666666666,2.1677664586793974
v_PoleVault_g17_c04.avi,PoleVault,4.437766666666667,2.1677664586793974
v_PoleVault_g17_c05.avi,PoleVault,7.8078,2.1677664586793974
v_PoleVault_g17_c06.avi,PoleVault,5.438766666666667,2.1677664586793974
v_PoleVault_g17_c07.avi,PoleVault,5.772433333333334,2.1677664586793974
v_PoleVault_g18_c01.avi,PoleVault,4.270933333333334,2.1677664586793974
v_PoleVault_g18_c02.avi,PoleVault,3.8038,2.1677664586793974
v_PoleVault_g18_c03.avi,PoleVault,6.3063,2.1677664586793974
v_PoleVault_g18_c04.avi,PoleVault,4.237566666666667,2.1677664586793974
v_PoleVault_g18_c05.avi,PoleVault,3.7037,2.1677664586793974
v_PoleVault_g18_c06.avi,PoleVault,4.771433333333333,2.1677664586793974
v_PoleVault_g18_c07.avi,PoleVault,6.773433333333333,2.1677664586793974
v_PoleVault_g19_c01.avi,PoleVault,2.3023000000000002,2.1677664586793974
v_PoleVault_g19_c02.avi,PoleVault,2.3356666666666666,2.1677664586793974
v_PoleVault_g19_c03.avi,PoleVault,2.8361666666666667,2.1677664586793974
v_PoleVault_g19_c04.avi,PoleVault,2.8028,2.1677664586793974
v_PoleVault_g19_c05.avi,PoleVault,2.8028,2.1677664586793974
v_PoleVault_g19_c06.avi,PoleVault,2.5692333333333335,2.1677664586793974
v_PoleVault_g19_c07.avi,PoleVault,2.6693333333333333,2.1677664586793974
v_PoleVault_g20_c01.avi,PoleVault,8.375033333333333,2.1677664586793974
v_PoleVault_g20_c02.avi,PoleVault,7.1738333333333335,2.1677664586793974
v_PoleVault_g20_c03.avi,PoleVault,4.971633333333333,2.1677664586793974
v_PoleVault_g20_c04.avi,PoleVault,5.9059,2.1677664586793974
v_PoleVault_g20_c05.avi,PoleVault,3.3033,2.1677664586793974
v_PoleVault_g20_c06.avi,PoleVault,4.270933333333334,2.1677664586793974
v_PoleVault_g21_c01.avi,PoleVault,3.2365666666666666,2.1677664586793974
v_PoleVault_g21_c02.avi,PoleVault,3.1364666666666667,2.1677664586793974
v_PoleVault_g21_c03.avi,PoleVault,3.1364666666666667,2.1677664586793974
v_PoleVault_g21_c04.avi,PoleVault,2.6359666666666666,2.1677664586793974
v_PoleVault_g21_c05.avi,PoleVault,4.471133333333333,2.1677664586793974
v_PoleVault_g21_c06.avi,PoleVault,3.8371666666666666,2.1677664586793974
v_PoleVault_g21_c07.avi,PoleVault,5.271933333333333,2.1677664586793974
v_PoleVault_g22_c01.avi,PoleVault,4.170833333333333,2.1677664586793974
v_PoleVault_g22_c02.avi,PoleVault,4.637966666666666,2.1677664586793974
v_PoleVault_g22_c03.avi,PoleVault,5.3053,2.1677664586793974
v_PoleVault_g22_c04.avi,PoleVault,6.639966666666667,2.1677664586793974
v_PoleVault_g23_c01.avi,PoleVault,2.9362666666666666,2.1677664586793974
v_PoleVault_g23_c02.avi,PoleVault,3.2032000000000003,2.1677664586793974
v_PoleVault_g23_c03.avi,PoleVault,2.736066666666667,2.1677664586793974
v_PoleVault_g23_c04.avi,PoleVault,3.6036,2.1677664586793974
v_PoleVault_g23_c05.avi,PoleVault,2.5358666666666667,2.1677664586793974
v_PoleVault_g23_c06.avi,PoleVault,3.3033,2.1677664586793974
v_PoleVault_g23_c07.avi,PoleVault,3.2365666666666666,2.1677664586793974
v_PoleVault_g24_c01.avi,PoleVault,5.9726333333333335,2.1677664586793974
v_PoleVault_g24_c02.avi,PoleVault,5.7057,2.1677664586793974
v_PoleVault_g24_c03.avi,PoleVault,6.639966666666667,2.1677664586793974
v_PoleVault_g24_c04.avi,PoleVault,4.938266666666666,2.1677664586793974
v_PoleVault_g24_c05.avi,PoleVault,4.537866666666667,2.1677664586793974
v_PoleVault_g24_c06.avi,PoleVault,4.771433333333333,2.1677664586793974
v_PoleVault_g24_c07.avi,PoleVault,5.271933333333333,2.1677664586793974
v_PoleVault_g25_c01.avi,PoleVault,4.0040000000000004,2.1677664586793974
v_PoleVault_g25_c02.avi,PoleVault,3.4034,2.1677664586793974
v_PoleVault_g25_c03.avi,PoleVault,3.1031,2.1677664586793974
v_PoleVault_g25_c04.avi,PoleVault,3.9039,2.1677664586793974
v_PoleVault_g25_c05.avi,PoleVault,3.7037,2.1677664586793974
v_PoleVault_g25_c06.avi,PoleVault,3.4367666666666667,2.1677664586793974
v_PoleVault_g25_c07.avi,PoleVault,3.1031,2.1677664586793974
v_PommelHorse_g01_c01.avi,PommelHorse,13.2132,2.978035788442151
v_PommelHorse_g01_c02.avi,PommelHorse,13.380033333333333,2.978035788442151
v_PommelHorse_g01_c03.avi,PommelHorse,12.479133333333333,2.978035788442151
v_PommelHorse_g01_c04.avi,PommelHorse,11.911900000000001,2.978035788442151
v_PommelHorse_g01_c05.avi,PommelHorse,10.176833333333333,2.978035788442151
v_PommelHorse_g01_c06.avi,PommelHorse,10.276933333333334,2.978035788442151
v_PommelHorse_g01_c07.avi,PommelHorse,16.8168,2.978035788442151
v_PommelHorse_g02_c01.avi,PommelHorse,10.577233333333334,2.978035788442151
v_PommelHorse_g02_c02.avi,PommelHorse,10.410400000000001,2.978035788442151
v_PommelHorse_g02_c03.avi,PommelHorse,10.410400000000001,2.978035788442151
v_PommelHorse_g02_c04.avi,PommelHorse,16.449766666666665,2.978035788442151
v_PommelHorse_g03_c01.avi,PommelHorse,7.721448467966574,2.978035788442151
v_PommelHorse_g03_c02.avi,PommelHorse,8.122562674094707,2.978035788442151
v_PommelHorse_g03_c03.avi,PommelHorse,8.389972144846796,2.978035788442151
v_PommelHorse_g03_c04.avi,PommelHorse,7.988857938718662,2.978035788442151
v_PommelHorse_g04_c01.avi,PommelHorse,9.943266666666666,2.978035788442151
v_PommelHorse_g04_c02.avi,PommelHorse,9.943266666666666,2.978035788442151
v_PommelHorse_g04_c03.avi,PommelHorse,10.276933333333334,2.978035788442151
v_PommelHorse_g04_c04.avi,PommelHorse,9.943266666666666,2.978035788442151
v_PommelHorse_g04_c05.avi,PommelHorse,13.279933333333334,2.978035788442151
v_PommelHorse_g05_c01.avi,PommelHorse,8.122562674094707,2.978035788442151
v_PommelHorse_g05_c02.avi,PommelHorse,8.389972144846796,2.978035788442151
v_PommelHorse_g05_c03.avi,PommelHorse,8.256267409470752,2.978035788442151
v_PommelHorse_g05_c04.avi,PommelHorse,9.827298050139275,2.978035788442151
v_PommelHorse_g06_c01.avi,PommelHorse,10.043366666666667,2.978035788442151
v_PommelHorse_g06_c02.avi,PommelHorse,9.943266666666666,2.978035788442151
v_PommelHorse_g06_c03.avi,PommelHorse,10.043366666666667,2.978035788442151
v_PommelHorse_g06_c04.avi,PommelHorse,10.276933333333334,2.978035788442151
v_PommelHorse_g07_c01.avi,PommelHorse,12.512500000000001,2.978035788442151
v_PommelHorse_g07_c02.avi,PommelHorse,17.1171,2.978035788442151
v_PommelHorse_g07_c03.avi,PommelHorse,14.5145,2.978035788442151
v_PommelHorse_g07_c04.avi,PommelHorse,15.248566666666667,2.978035788442151
v_PommelHorse_g07_c05.avi,PommelHorse,12.9129,2.978035788442151
v_PommelHorse_g07_c06.avi,PommelHorse,22.355666666666668,2.978035788442151
v_PommelHorse_g07_c07.avi,PommelHorse,21.087733333333333,2.978035788442151
v_PommelHorse_g08_c01.avi,PommelHorse,8.541866666666667,2.978035788442151
v_PommelHorse_g08_c02.avi,PommelHorse,8.308300000000001,2.978035788442151
v_PommelHorse_g08_c03.avi,PommelHorse,8.274933333333333,2.978035788442151
v_PommelHorse_g08_c04.avi,PommelHorse,8.375033333333333,2.978035788442151
v_PommelHorse_g09_c01.avi,PommelHorse,8.274933333333333,2.978035788442151
v_PommelHorse_g09_c02.avi,PommelHorse,8.174833333333334,2.978035788442151
v_PommelHorse_g09_c03.avi,PommelHorse,8.441766666666666,2.978035788442151
v_PommelHorse_g09_c04.avi,PommelHorse,10.977633333333333,2.978035788442151
v_PommelHorse_g10_c01.avi,PommelHorse,10.243566666666666,2.978035788442151
v_PommelHorse_g10_c02.avi,PommelHorse,10.243566666666666,2.978035788442151
v_PommelHorse_g10_c03.avi,PommelHorse,10.076733333333333,2.978035788442151
v_PommelHorse_g10_c04.avi,PommelHorse,14.581233333333333,2.978035788442151
v_PommelHorse_g11_c01.avi,PommelHorse,7.841166666666667,2.978035788442151
v_PommelHorse_g11_c02.avi,PommelHorse,8.375033333333333,2.978035788442151
v_PommelHorse_g11_c03.avi,PommelHorse,8.274933333333333,2.978035788442151
v_PommelHorse_g11_c04.avi,PommelHorse,9.809800000000001,2.978035788442151
v_PommelHorse_g12_c01.avi,PommelHorse,11.544866666666667,2.978035788442151
v_PommelHorse_g12_c02.avi,PommelHorse,11.1111,2.978035788442151
v_PommelHorse_g12_c03.avi,PommelHorse,9.843166666666667,2.978035788442151
v_PommelHorse_g12_c04.avi,PommelHorse,10.243566666666666,2.978035788442151
v_PommelHorse_g12_c05.avi,PommelHorse,19.085733333333334,2.978035788442151
v_PommelHorse_g12_c06.avi,PommelHorse,14.8148,2.978035788442151
v_PommelHorse_g12_c07.avi,PommelHorse,15.582233333333333,2.978035788442151
v_PommelHorse_g13_c01.avi,PommelHorse,10.01,2.978035788442151
v_PommelHorse_g13_c02.avi,PommelHorse,10.176833333333333,2.978035788442151
v_PommelHorse_g13_c03.avi,PommelHorse,10.176833333333333,2.978035788442151
v_PommelHorse_g13_c04.avi,PommelHorse,11.745066666666666,2.978035788442151
v_PommelHorse_g13_c05.avi,PommelHorse,10.2102,2.978035788442151
v_PommelHorse_g13_c06.avi,PommelHorse,10.143466666666667,2.978035788442151
v_PommelHorse_g13_c07.avi,PommelHorse,15.882533333333333,2.978035788442151
v_PommelHorse_g14_c01.avi,PommelHorse,12.012,2.978035788442151
v_PommelHorse_g14_c02.avi,PommelHorse,12.045366666666666,2.978035788442151
v_PommelHorse_g14_c03.avi,PommelHorse,11.911900000000001,2.978035788442151
v_PommelHorse_g14_c04.avi,PommelHorse,11.911900000000001,2.978035788442151
v_PommelHorse_g15_c01.avi,PommelHorse,8.4084,2.978035788442151
v_PommelHorse_g15_c02.avi,PommelHorse,8.441766666666666,2.978035788442151
v_PommelHorse_g15_c03.avi,PommelHorse,8.2082,2.978035788442151
v_PommelHorse_g15_c04.avi,PommelHorse,9.743066666666667,2.978035788442151
v_PommelHorse_g16_c01.avi,PommelHorse,9.976633333333334,2.978035788442151
v_PommelHorse_g16_c02.avi,PommelHorse,10.076733333333333,2.978035788442151
v_PommelHorse_g16_c03.avi,PommelHorse,6.740066666666666,2.978035788442151
v_PommelHorse_g16_c04.avi,PommelHorse,12.679333333333334,2.978035788442151
v_PommelHorse_g17_c01.avi,PommelHorse,10.043366666666667,2.978035788442151
v_PommelHorse_g17_c02.avi,PommelHorse,16.349666666666668,2.978035788442151
v_PommelHorse_g17_c03.avi,PommelHorse,17.450766666666667,2.978035788442151
v_PommelHorse_g17_c04.avi,PommelHorse,16.5165,2.978035788442151
v_PommelHorse_g17_c05.avi,PommelHorse,16.950266666666668,2.978035788442151
v_PommelHorse_g17_c06.avi,PommelHorse,16.049366666666668,2.978035788442151
v_PommelHorse_g18_c01.avi,PommelHorse,8.641966666666667,2.978035788442151
v_PommelHorse_g18_c02.avi,PommelHorse,8.541866666666667,2.978035788442151
v_PommelHorse_g18_c03.avi,PommelHorse,7.574233333333334,2.978035788442151
v_PommelHorse_g18_c04.avi,PommelHorse,9.275933333333333,2.978035788442151
v_PommelHorse_g19_c01.avi,PommelHorse,10.243566666666666,2.978035788442151
v_PommelHorse_g19_c02.avi,PommelHorse,11.277933333333333,2.978035788442151
v_PommelHorse_g19_c03.avi,PommelHorse,9.6096,2.978035788442151
v_PommelHorse_g19_c04.avi,PommelHorse,13.146466666666667,2.978035788442151
v_PommelHorse_g19_c05.avi,PommelHorse,14.1141,2.978035788442151
v_PommelHorse_g19_c06.avi,PommelHorse,11.644966666666667,2.978035788442151
v_PommelHorse_g20_c01.avi,PommelHorse,10.3103,2.978035788442151
v_PommelHorse_g20_c02.avi,PommelHorse,9.242566666666667,2.978035788442151
v_PommelHorse_g20_c03.avi,PommelHorse,10.710700000000001,2.978035788442151
v_PommelHorse_g20_c04.avi,PommelHorse,12.645966666666666,2.978035788442151
v_PommelHorse_g20_c05.avi,PommelHorse,10.043366666666667,2.978035788442151
v_PommelHorse_g20_c06.avi,PommelHorse,15.148466666666668,2.978035788442151
v_PommelHorse_g20_c07.avi,PommelHorse,16.349666666666668,2.978035788442151
v_PommelHorse_g21_c01.avi,PommelHorse,9.843166666666667,2.978035788442151
v_PommelHorse_g21_c02.avi,PommelHorse,10.076733333333333,2.978035788442151
v_PommelHorse_g21_c03.avi,PommelHorse,10.043366666666667,2.978035788442151
v_PommelHorse_g21_c04.avi,PommelHorse,10.643966666666667,2.978035788442151
v_PommelHorse_g22_c01.avi,PommelHorse,12.979633333333334,2.978035788442151
v_PommelHorse_g22_c02.avi,PommelHorse,14.447766666666666,2.978035788442151
v_PommelHorse_g22_c03.avi,PommelHorse,13.713700000000001,2.978035788442151
v_PommelHorse_g22_c04.avi,PommelHorse,11.911900000000001,2.978035788442151
v_PommelHorse_g22_c05.avi,PommelHorse,14.080733333333333,2.978035788442151
v_PommelHorse_g22_c06.avi,PommelHorse,15.148466666666668,2.978035788442151
v_PommelHorse_g22_c07.avi,PommelHorse,16.583233333333332,2.978035788442151
v_PommelHorse_g23_c01.avi,PommelHorse,8.241566666666667,2.978035788442151
v_PommelHorse_g23_c02.avi,PommelHorse,8.4084,2.978035788442151
v_PommelHorse_g23_c03.avi,PommelHorse,8.4084,2.978035788442151
v_PommelHorse_g23_c04.avi,PommelHorse,11.845166666666668,2.978035788442151
v_PommelHorse_g24_c01.avi,PommelHorse,10.6106,2.978035788442151
v_PommelHorse_g24_c02.avi,PommelHorse,10.143466666666667,2.978035788442151
v_PommelHorse_g24_c03.avi,PommelHorse,9.9099,2.978035788442151
v_PommelHorse_g24_c04.avi,PommelHorse,10.377033333333333,2.978035788442151
v_PommelHorse_g25_c01.avi,PommelHorse,10.143466666666667,2.978035788442151
v_PommelHorse_g25_c02.avi,PommelHorse,11.911900000000001,2.978035788442151
v_PommelHorse_g25_c03.avi,PommelHorse,10.944266666666667,2.978035788442151
v_PommelHorse_g25_c04.avi,PommelHorse,12.846166666666667,2.978035788442151
v_PullUps_g01_c01.avi,PullUps,5.572233333333333,1.4782635357864315
v_PullUps_g01_c02.avi,PullUps,4.6046000000000005,1.4782635357864315
v_PullUps_g01_c03.avi,PullUps,6.039366666666667,1.4782635357864315
v_PullUps_g01_c04.avi,PullUps,5.238566666666666,1.4782635357864315
v_PullUps_g02_c01.avi,PullUps,4.070733333333333,1.4782635357864315
v_PullUps_g02_c02.avi,PullUps,5.872533333333333,1.4782635357864315
v_PullUps_g02_c03.avi,PullUps,4.371033333333333,1.4782635357864315
v_PullUps_g02_c04.avi,PullUps,5.939266666666667,1.4782635357864315
v_PullUps_g03_c01.avi,PullUps,5.939266666666667,1.4782635357864315
v_PullUps_g03_c02.avi,PullUps,6.940266666666667,1.4782635357864315
v_PullUps_g03_c03.avi,PullUps,6.773433333333333,1.4782635357864315
v_PullUps_g03_c04.avi,PullUps,8.308300000000001,1.4782635357864315
v_PullUps_g04_c01.avi,PullUps,4.7047,1.4782635357864315
v_PullUps_g04_c02.avi,PullUps,4.738066666666667,1.4782635357864315
v_PullUps_g04_c03.avi,PullUps,5.138466666666667,1.4782635357864315
v_PullUps_g04_c04.avi,PullUps,4.6046000000000005,1.4782635357864315
v_PullUps_g05_c01.avi,PullUps,5.8058000000000005,1.4782635357864315
v_PullUps_g05_c02.avi,PullUps,4.037366666666666,1.4782635357864315
v_PullUps_g05_c03.avi,PullUps,3.6036,1.4782635357864315
v_PullUps_g05_c04.avi,PullUps,4.8048,1.4782635357864315
v_PullUps_g06_c01.avi,PullUps,2.8028,1.4782635357864315
v_PullUps_g06_c02.avi,PullUps,2.9029000000000003,1.4782635357864315
v_PullUps_g06_c03.avi,PullUps,3.2699333333333334,1.4782635357864315
v_PullUps_g06_c04.avi,PullUps,5.6723333333333334,1.4782635357864315
v_PullUps_g07_c01.avi,PullUps,3.2699333333333334,1.4782635357864315
v_PullUps_g07_c02.avi,PullUps,4.270933333333334,1.4782635357864315
v_PullUps_g07_c03.avi,PullUps,3.1031,1.4782635357864315
v_PullUps_g07_c04.avi,PullUps,3.1031,1.4782635357864315
v_PullUps_g08_c01.avi,PullUps,3.2032000000000003,1.4782635357864315
v_PullUps_g08_c02.avi,PullUps,3.4367666666666667,1.4782635357864315
v_PullUps_g08_c03.avi,PullUps,3.4701333333333335,1.4782635357864315
v_PullUps_g08_c04.avi,PullUps,3.5368666666666666,1.4782635357864315
v_PullUps_g09_c01.avi,PullUps,3.5702333333333334,1.4782635357864315
v_PullUps_g09_c02.avi,PullUps,3.370033333333333,1.4782635357864315
v_PullUps_g09_c03.avi,PullUps,3.5035000000000003,1.4782635357864315
v_PullUps_g09_c04.avi,PullUps,3.3033,1.4782635357864315
v_PullUps_g10_c01.avi,PullUps,4.738066666666667,1.4782635357864315
v_PullUps_g10_c02.avi,PullUps,5.772433333333334,1.4782635357864315
v_PullUps_g10_c03.avi,PullUps,6.639966666666667,1.4782635357864315
v_PullUps_g10_c04.avi,PullUps,3.4034,1.4782635357864315
v_PullUps_g11_c01.avi,PullUps,3.1698333333333335,1.4782635357864315
v_PullUps_g11_c02.avi,PullUps,3.8038,1.4782635357864315
v_PullUps_g11_c03.avi,PullUps,3.036366666666667,1.4782635357864315
v_PullUps_g11_c04.avi,PullUps,3.336666666666667,1.4782635357864315
v_PullUps_g12_c01.avi,PullUps,2.736066666666667,1.4782635357864315
v_PullUps_g12_c02.avi,PullUps,2.435766666666667,1.4782635357864315
v_PullUps_g12_c03.avi,PullUps,2.3023000000000002,1.4782635357864315
v_PullUps_g12_c04.avi,PullUps,2.6359666666666666,1.4782635357864315
v_PullUps_g13_c01.avi,PullUps,3.1031,1.4782635357864315
v_PullUps_g13_c02.avi,PullUps,2.736066666666667,1.4782635357864315
v_PullUps_g13_c03.avi,PullUps,2.6026000000000002,1.4782635357864315
v_PullUps_g13_c04.avi,PullUps,2.7027,1.4782635357864315
v_PullUps_g14_c01.avi,PullUps,2.6359666666666666,1.4782635357864315
v_PullUps_g14_c02.avi,PullUps,2.7027,1.4782635357864315
v_PullUps_g14_c03.avi,PullUps,2.8695333333333335,1.4782635357864315
v_PullUps_g14_c04.avi,PullUps,2.8695333333333335,1.4782635357864315
v_PullUps_g15_c01.avi,PullUps,5.5055000000000005,1.4782635357864315
v_PullUps_g15_c02.avi,PullUps,6.5732333333333335,1.4782635357864315
v_PullUps_g15_c03.avi,PullUps,6.9069,1.4782635357864315
v_PullUps_g15_c04.avi,PullUps,6.4064000000000005,1.4782635357864315
v_PullUps_g16_c01.avi,PullUps,4.4044,1.4782635357864315
v_PullUps_g16_c02.avi,PullUps,4.471133333333333,1.4782635357864315
v_PullUps_g16_c03.avi,PullUps,4.738066666666667,1.4782635357864315
v_PullUps_g16_c04.avi,PullUps,4.8048,1.4782635357864315
v_PullUps_g17_c01.avi,PullUps,5.472133333333334,1.4782635357864315
v_PullUps_g17_c02.avi,PullUps,6.2062,1.4782635357864315
v_PullUps_g17_c03.avi,PullUps,6.740066666666666,1.4782635357864315
v_PullUps_g17_c04.avi,PullUps,7.540866666666667,1.4782635357864315
v_PullUps_g18_c01.avi,PullUps,5.171833333333334,1.4782635357864315
v_PullUps_g18_c02.avi,PullUps,5.472133333333334,1.4782635357864315
v_PullUps_g18_c03.avi,PullUps,5.372033333333333,1.4782635357864315
v_PullUps_g18_c04.avi,PullUps,5.438766666666667,1.4782635357864315
v_PullUps_g19_c01.avi,PullUps,3.7037,1.4782635357864315
v_PullUps_g19_c02.avi,PullUps,3.4034,1.4782635357864315
v_PullUps_g19_c03.avi,PullUps,3.6036,1.4782635357864315
v_PullUps_g19_c04.avi,PullUps,3.4701333333333335,1.4782635357864315
v_PullUps_g20_c01.avi,PullUps,5.071733333333333,1.4782635357864315
v_PullUps_g20_c02.avi,PullUps,7.240566666666667,1.4782635357864315
v_PullUps_g20_c03.avi,PullUps,6.5732333333333335,1.4782635357864315
v_PullUps_g20_c04.avi,PullUps,6.3063,1.4782635357864315
v_PullUps_g21_c01.avi,PullUps,5.5055000000000005,1.4782635357864315
v_PullUps_g21_c02.avi,PullUps,5.9059,1.4782635357864315
v_PullUps_g21_c03.avi,PullUps,6.1061000000000005,1.4782635357864315
v_PullUps_g21_c04.avi,PullUps,6.439766666666666,1.4782635357864315
v_PullUps_g22_c01.avi,PullUps,3.5368666666666666,1.4782635357864315
v_PullUps_g22_c02.avi,PullUps,3.5035000000000003,1.4782635357864315
v_PullUps_g22_c03.avi,PullUps,3.5368666666666666,1.4782635357864315
v_PullUps_g22_c04.avi,PullUps,4.8048,1.4782635357864315
v_PullUps_g23_c01.avi,PullUps,5.939266666666667,1.4782635357864315
v_PullUps_g23_c02.avi,PullUps,6.339666666666667,1.4782635357864315
v_PullUps_g23_c03.avi,PullUps,6.2729333333333335,1.4782635357864315
v_PullUps_g23_c04.avi,PullUps,6.473133333333333,1.4782635357864315
v_PullUps_g24_c01.avi,PullUps,5.138466666666667,1.4782635357864315
v_PullUps_g24_c02.avi,PullUps,6.4064000000000005,1.4782635357864315
v_PullUps_g24_c03.avi,PullUps,6.039366666666667,1.4782635357864315
v_PullUps_g24_c04.avi,PullUps,6.6066,1.4782635357864315
v_PullUps_g25_c01.avi,PullUps,3.069733333333333,1.4782635357864315
v_PullUps_g25_c02.avi,PullUps,3.6703333333333332,1.4782635357864315
v_PullUps_g25_c03.avi,PullUps,2.2355666666666667,1.4782635357864315
v_PullUps_g25_c04.avi,PullUps,2.6359666666666666,1.4782635357864315
v_Punch_g01_c01.avi,Punch,4.84,2.530835793037698
v_Punch_g01_c02.avi,Punch,5.32,2.530835793037698
v_Punch_g01_c03.avi,Punch,1.92,2.530835793037698
v_Punch_g01_c04.avi,Punch,4.04,2.530835793037698
v_Punch_g01_c05.avi,Punch,2.84,2.530835793037698
v_Punch_g02_c01.avi,Punch,9.24,2.530835793037698
v_Punch_g02_c02.avi,Punch,4.4,2.530835793037698
v_Punch_g02_c03.avi,Punch,1.92,2.530835793037698
v_Punch_g02_c04.avi,Punch,2.2,2.530835793037698
v_Punch_g03_c01.avi,Punch,4.32,2.530835793037698
v_Punch_g03_c02.avi,Punch,11.76,2.530835793037698
v_Punch_g03_c03.avi,Punch,5.52,2.530835793037698
v_Punch_g03_c04.avi,Punch,5.92,2.530835793037698
v_Punch_g04_c01.avi,Punch,6.2,2.530835793037698
v_Punch_g04_c02.avi,Punch,12.0,2.530835793037698
v_Punch_g04_c03.avi,Punch,10.44,2.530835793037698
v_Punch_g04_c04.avi,Punch,12.0,2.530835793037698
v_Punch_g04_c05.avi,Punch,7.92,2.530835793037698
v_Punch_g05_c01.avi,Punch,12.0,2.530835793037698
v_Punch_g05_c02.avi,Punch,12.0,2.530835793037698
v_Punch_g05_c03.avi,Punch,12.0,2.530835793037698
v_Punch_g05_c04.avi,Punch,12.0,2.530835793037698
v_Punch_g05_c05.avi,Punch,12.0,2.530835793037698
v_Punch_g05_c06.avi,Punch,12.0,2.530835793037698
v_Punch_g05_c07.avi,Punch,12.0,2.530835793037698
v_Punch_g06_c01.avi,Punch,12.0,2.530835793037698
v_Punch_g06_c02.avi,Punch,12.0,2.530835793037698
v_Punch_g06_c03.avi,Punch,10.84,2.530835793037698
v_Punch_g06_c04.avi,Punch,12.0,2.530835793037698
v_Punch_g06_c05.avi,Punch,12.0,2.530835793037698
v_Punch_g06_c06.avi,Punch,11.68,2.530835793037698
v_Punch_g06_c07.avi,Punch,12.0,2.530835793037698
v_Punch_g07_c01.avi,Punch,12.0,2.530835793037698
v_Punch_g07_c02.avi,Punch,11.68,2.530835793037698
v_Punch_g07_c03.avi,Punch,12.0,2.530835793037698
v_Punch_g07_c04.avi,Punch,12.0,2.530835793037698
v_Punch_g07_c05.avi,Punch,12.0,2.530835793037698
v_Punch_g07_c06.avi,Punch,12.0,2.530835793037698
v_Punch_g07_c07.avi,Punch,12.0,2.530835793037698
v_Punch_g08_c01.avi,Punch,10.04,2.530835793037698
v_Punch_g08_c02.avi,Punch,10.04,2.530835793037698
v_Punch_g08_c03.avi,Punch,10.04,2.530835793037698
v_Punch_g08_c04.avi,Punch,10.04,2.530835793037698
v_Punch_g08_c05.avi,Punch,10.04,2.530835793037698
v_Punch_g08_c06.avi,Punch,10.04,2.530835793037698
v_Punch_g08_c07.avi,Punch,10.04,2.530835793037698
v_Punch_g09_c01.avi,Punch,12.0,2.530835793037698
v_Punch_g09_c02.avi,Punch,12.0,2.530835793037698
v_Punch_g09_c03.avi,Punch,12.0,2.530835793037698
v_Punch_g09_c04.avi,Punch,12.0,2.530835793037698
v_Punch_g09_c05.avi,Punch,12.0,2.530835793037698
v_Punch_g09_c06.avi,Punch,12.0,2.530835793037698
v_Punch_g09_c07.avi,Punch,12.0,2.530835793037698
v_Punch_g10_c01.avi,Punch,6.92,2.530835793037698
v_Punch_g10_c02.avi,Punch,5.72,2.530835793037698
v_Punch_g10_c03.avi,Punch,2.72,2.530835793037698
v_Punch_g10_c04.avi,Punch,4.0,2.530835793037698
v_Punch_g10_c05.avi,Punch,3.04,2.530835793037698
v_Punch_g10_c06.avi,Punch,5.24,2.530835793037698
v_Punch_g11_c01.avi,Punch,11.76,2.530835793037698
v_Punch_g11_c02.avi,Punch,12.0,2.530835793037698
v_Punch_g11_c03.avi,Punch,11.84,2.530835793037698
v_Punch_g11_c04.avi,Punch,12.0,2.530835793037698
v_Punch_g11_c05.avi,Punch,11.08,2.530835793037698
v_Punch_g11_c06.avi,Punch,12.0,2.530835793037698
v_Punch_g11_c07.avi,Punch,12.0,2.530835793037698
v_Punch_g12_c01.avi,Punch,12.0,2.530835793037698
v_Punch_g12_c02.avi,Punch,12.0,2.530835793037698
v_Punch_g12_c03.avi,Punch,11.56,2.530835793037698
v_Punch_g12_c04.avi,Punch,12.0,2.530835793037698
v_Punch_g12_c05.avi,Punch,12.0,2.530835793037698
v_Punch_g12_c06.avi,Punch,12.0,2.530835793037698
v_Punch_g12_c07.avi,Punch,12.0,2.530835793037698
v_Punch_g13_c01.avi,Punch,12.0,2.530835793037698
v_Punch_g13_c02.avi,Punch,12.0,2.530835793037698
v_Punch_g13_c03.avi,Punch,7.96,2.530835793037698
v_Punch_g13_c04.avi,Punch,12.0,2.530835793037698
v_Punch_g13_c05.avi,Punch,12.0,2.530835793037698
v_Punch_g13_c06.avi,Punch,12.0,2.530835793037698
v_Punch_g13_c07.avi,Punch,12.0,2.530835793037698
v_Punch_g14_c01.avi,Punch,12.0,2.530835793037698
v_Punch_g14_c02.avi,Punch,12.0,2.530835793037698
v_Punch_g14_c03.avi,Punch,11.0,2.530835793037698
v_Punch_g14_c04.avi,Punch,12.0,2.530835793037698
v_Punch_g14_c05.avi,Punch,12.0,2.530835793037698
v_Punch_g14_c06.avi,Punch,12.0,2.530835793037698
v_Punch_g14_c07.avi,Punch,12.0,2.530835793037698
v_Punch_g15_c01.avi,Punch,11.04,2.530835793037698
v_Punch_g15_c02.avi,Punch,12.0,2.530835793037698
v_Punch_g15_c03.avi,Punch,12.0,2.530835793037698
v_Punch_g15_c04.avi,Punch,12.0,2.530835793037698
v_Punch_g15_c05.avi,Punch,12.0,2.530835793037698
v_Punch_g15_c06.avi,Punch,6.0,2.530835793037698
v_Punch_g16_c01.avi,Punch,12.0,2.530835793037698
v_Punch_g16_c02.avi,Punch,12.0,2.530835793037698
v_Punch_g16_c03.avi,Punch,12.0,2.530835793037698
v_Punch_g16_c04.avi,Punch,12.0,2.530835793037698
v_Punch_g16_c05.avi,Punch,12.0,2.530835793037698
v_Punch_g16_c06.avi,Punch,12.0,2.530835793037698
v_Punch_g16_c07.avi,Punch,12.0,2.530835793037698
v_Punch_g17_c01.avi,Punch,12.0,2.530835793037698
v_Punch_g17_c02.avi,Punch,12.0,2.530835793037698
v_Punch_g17_c03.avi,Punch,10.6,2.530835793037698
v_Punch_g17_c04.avi,Punch,12.0,2.530835793037698
v_Punch_g17_c05.avi,Punch,12.0,2.530835793037698
v_Punch_g17_c06.avi,Punch,12.0,2.530835793037698
v_Punch_g17_c07.avi,Punch,12.0,2.530835793037698
v_Punch_g18_c01.avi,Punch,12.0,2.530835793037698
v_Punch_g18_c02.avi,Punch,12.0,2.530835793037698
v_Punch_g18_c03.avi,Punch,12.0,2.530835793037698
v_Punch_g18_c04.avi,Punch,11.36,2.530835793037698
v_Punch_g18_c05.avi,Punch,12.0,2.530835793037698
v_Punch_g18_c06.avi,Punch,12.0,2.530835793037698
v_Punch_g18_c07.avi,Punch,12.0,2.530835793037698
v_Punch_g19_c01.avi,Punch,12.0,2.530835793037698
v_Punch_g19_c02.avi,Punch,12.0,2.530835793037698
v_Punch_g19_c03.avi,Punch,12.0,2.530835793037698
v_Punch_g19_c04.avi,Punch,12.0,2.530835793037698
v_Punch_g19_c05.avi,Punch,12.0,2.530835793037698
v_Punch_g19_c06.avi,Punch,12.0,2.530835793037698
v_Punch_g19_c07.avi,Punch,12.0,2.530835793037698
v_Punch_g20_c01.avi,Punch,12.0,2.530835793037698
v_Punch_g20_c02.avi,Punch,11.56,2.530835793037698
v_Punch_g20_c03.avi,Punch,12.0,2.530835793037698
v_Punch_g20_c04.avi,Punch,12.0,2.530835793037698
v_Punch_g21_c01.avi,Punch,12.0,2.530835793037698
v_Punch_g21_c02.avi,Punch,12.0,2.530835793037698
v_Punch_g21_c03.avi,Punch,12.0,2.530835793037698
v_Punch_g21_c04.avi,Punch,12.0,2.530835793037698
v_Punch_g21_c05.avi,Punch,12.0,2.530835793037698
v_Punch_g21_c06.avi,Punch,12.0,2.530835793037698
v_Punch_g21_c07.avi,Punch,10.2,2.530835793037698
v_Punch_g22_c01.avi,Punch,12.0,2.530835793037698
v_Punch_g22_c02.avi,Punch,10.56,2.530835793037698
v_Punch_g22_c03.avi,Punch,12.0,2.530835793037698
v_Punch_g22_c04.avi,Punch,12.0,2.530835793037698
v_Punch_g22_c05.avi,Punch,11.16,2.530835793037698
v_Punch_g22_c06.avi,Punch,12.0,2.530835793037698
v_Punch_g22_c07.avi,Punch,12.0,2.530835793037698
v_Punch_g23_c01.avi,Punch,12.0,2.530835793037698
v_Punch_g23_c02.avi,Punch,12.0,2.530835793037698
v_Punch_g23_c03.avi,Punch,12.0,2.530835793037698
v_Punch_g23_c04.avi,Punch,12.0,2.530835793037698
v_Punch_g23_c05.avi,Punch,12.0,2.530835793037698
v_Punch_g23_c06.avi,Punch,12.0,2.530835793037698
v_Punch_g23_c07.avi,Punch,12.0,2.530835793037698
v_Punch_g24_c01.avi,Punch,12.0,2.530835793037698
v_Punch_g24_c02.avi,Punch,12.0,2.530835793037698
v_Punch_g24_c03.avi,Punch,11.4,2.530835793037698
v_Punch_g24_c04.avi,Punch,10.52,2.530835793037698
v_Punch_g24_c05.avi,Punch,12.0,2.530835793037698
v_Punch_g24_c06.avi,Punch,10.84,2.530835793037698
v_Punch_g24_c07.avi,Punch,12.0,2.530835793037698
v_Punch_g25_c01.avi,Punch,12.0,2.530835793037698
v_Punch_g25_c02.avi,Punch,12.0,2.530835793037698
v_Punch_g25_c03.avi,Punch,12.0,2.530835793037698
v_Punch_g25_c04.avi,Punch,12.0,2.530835793037698
v_Punch_g25_c05.avi,Punch,12.0,2.530835793037698
v_Punch_g25_c06.avi,Punch,12.0,2.530835793037698
v_Punch_g25_c07.avi,Punch,12.0,2.530835793037698
v_PushUps_g01_c01.avi,PushUps,2.24,0.9595074126129778
v_PushUps_g01_c02.avi,PushUps,2.12,0.9595074126129778
v_PushUps_g01_c03.avi,PushUps,2.04,0.9595074126129778
v_PushUps_g01_c04.avi,PushUps,4.16,0.9595074126129778
v_PushUps_g01_c05.avi,PushUps,2.52,0.9595074126129778
v_PushUps_g02_c01.avi,PushUps,2.68,0.9595074126129778
v_PushUps_g02_c02.avi,PushUps,2.92,0.9595074126129778
v_PushUps_g02_c03.avi,PushUps,3.16,0.9595074126129778
v_PushUps_g02_c04.avi,PushUps,3.36,0.9595074126129778
v_PushUps_g03_c01.avi,PushUps,2.88,0.9595074126129778
v_PushUps_g03_c02.avi,PushUps,2.52,0.9595074126129778
v_PushUps_g03_c03.avi,PushUps,2.52,0.9595074126129778
v_PushUps_g03_c04.avi,PushUps,2.88,0.9595074126129778
v_PushUps_g04_c01.avi,PushUps,3.64,0.9595074126129778
v_PushUps_g04_c02.avi,PushUps,3.88,0.9595074126129778
v_PushUps_g04_c03.avi,PushUps,4.44,0.9595074126129778
v_PushUps_g04_c04.avi,PushUps,5.2,0.9595074126129778
v_PushUps_g04_c05.avi,PushUps,5.36,0.9595074126129778
v_PushUps_g05_c01.avi,PushUps,6.0,0.9595074126129778
v_PushUps_g05_c02.avi,PushUps,6.0,0.9595074126129778
v_PushUps_g05_c03.avi,PushUps,6.0,0.9595074126129778
v_PushUps_g05_c04.avi,PushUps,6.0,0.9595074126129778
v_PushUps_g06_c01.avi,PushUps,3.4,0.9595074126129778
v_PushUps_g06_c02.avi,PushUps,3.24,0.9595074126129778
v_PushUps_g06_c03.avi,PushUps,3.44,0.9595074126129778
v_PushUps_g06_c04.avi,PushUps,2.72,0.9595074126129778
v_PushUps_g07_c01.avi,PushUps,2.96,0.9595074126129778
v_PushUps_g07_c02.avi,PushUps,3.08,0.9595074126129778
v_PushUps_g07_c03.avi,PushUps,3.12,0.9595074126129778
v_PushUps_g07_c04.avi,PushUps,3.08,0.9595074126129778
v_PushUps_g08_c01.avi,PushUps,3.36,0.9595074126129778
v_PushUps_g08_c02.avi,PushUps,3.36,0.9595074126129778
v_PushUps_g08_c03.avi,PushUps,3.36,0.9595074126129778
v_PushUps_g08_c04.avi,PushUps,3.36,0.9595074126129778
v_PushUps_g09_c01.avi,PushUps,3.36,0.9595074126129778
v_PushUps_g09_c02.avi,PushUps,3.36,0.9595074126129778
v_PushUps_g09_c03.avi,PushUps,3.36,0.9595074126129778
v_PushUps_g09_c04.avi,PushUps,3.36,0.9595074126129778
v_PushUps_g10_c01.avi,PushUps,2.76,0.9595074126129778
v_PushUps_g10_c02.avi,PushUps,2.48,0.9595074126129778
v_PushUps_g10_c03.avi,PushUps,2.64,0.9595074126129778
v_PushUps_g10_c04.avi,PushUps,2.84,0.9595074126129778
v_PushUps_g11_c01.avi,PushUps,2.64,0.9595074126129778
v_PushUps_g11_c02.avi,PushUps,2.36,0.9595074126129778
v_PushUps_g11_c03.avi,PushUps,2.2,0.9595074126129778
v_PushUps_g11_c04.avi,PushUps,2.52,0.9595074126129778
v_PushUps_g12_c01.avi,PushUps,2.96,0.9595074126129778
v_PushUps_g12_c02.avi,PushUps,2.96,0.9595074126129778
v_PushUps_g12_c03.avi,PushUps,2.8,0.9595074126129778
v_PushUps_g12_c04.avi,PushUps,2.88,0.9595074126129778
v_PushUps_g13_c01.avi,PushUps,2.88,0.9595074126129778
v_PushUps_g13_c02.avi,PushUps,2.88,0.9595074126129778
v_PushUps_g13_c03.avi,PushUps,2.04,0.9595074126129778
v_PushUps_g13_c04.avi,PushUps,2.36,0.9595074126129778
v_PushUps_g14_c01.avi,PushUps,4.12,0.9595074126129778
v_PushUps_g14_c02.avi,PushUps,3.92,0.9595074126129778
v_PushUps_g14_c03.avi,PushUps,4.0,0.9595074126129778
v_PushUps_g14_c04.avi,PushUps,3.76,0.9595074126129778
v_PushUps_g15_c01.avi,PushUps,4.2,0.9595074126129778
v_PushUps_g15_c02.avi,PushUps,3.44,0.9595074126129778
v_PushUps_g15_c03.avi,PushUps,3.4,0.9595074126129778
v_PushUps_g15_c04.avi,PushUps,3.6,0.9595074126129778
v_PushUps_g16_c01.avi,PushUps,2.84,0.9595074126129778
v_PushUps_g16_c02.avi,PushUps,3.04,0.9595074126129778
v_PushUps_g16_c03.avi,PushUps,1.32,0.9595074126129778
v_PushUps_g16_c04.avi,PushUps,1.16,0.9595074126129778
v_PushUps_g17_c01.avi,PushUps,3.2,0.9595074126129778
v_PushUps_g17_c02.avi,PushUps,3.24,0.9595074126129778
v_PushUps_g17_c03.avi,PushUps,2.96,0.9595074126129778
v_PushUps_g17_c04.avi,PushUps,3.16,0.9595074126129778
v_PushUps_g18_c01.avi,PushUps,2.88,0.9595074126129778
v_PushUps_g18_c02.avi,PushUps,2.84,0.9595074126129778
v_PushUps_g18_c03.avi,PushUps,3.0,0.9595074126129778
v_PushUps_g18_c04.avi,PushUps,2.84,0.9595074126129778
v_PushUps_g19_c01.avi,PushUps,2.88,0.9595074126129778
v_PushUps_g19_c02.avi,PushUps,3.0,0.9595074126129778
v_PushUps_g19_c03.avi,PushUps,3.04,0.9595074126129778
v_PushUps_g19_c04.avi,PushUps,3.04,0.9595074126129778
v_PushUps_g20_c01.avi,PushUps,3.76,0.9595074126129778
v_PushUps_g20_c02.avi,PushUps,3.52,0.9595074126129778
v_PushUps_g20_c03.avi,PushUps,3.8,0.9595074126129778
v_PushUps_g20_c04.avi,PushUps,3.76,0.9595074126129778
v_PushUps_g21_c01.avi,PushUps,3.6,0.9595074126129778
v_PushUps_g21_c02.avi,PushUps,6.64,0.9595074126129778
v_PushUps_g21_c03.avi,PushUps,4.96,0.9595074126129778
v_PushUps_g21_c04.avi,PushUps,4.08,0.9595074126129778
v_PushUps_g22_c01.avi,PushUps,2.28,0.9595074126129778
v_PushUps_g22_c02.avi,PushUps,4.32,0.9595074126129778
v_PushUps_g22_c03.avi,PushUps,2.68,0.9595074126129778
v_PushUps_g22_c04.avi,PushUps,3.84,0.9595074126129778
v_PushUps_g23_c01.avi,PushUps,2.52,0.9595074126129778
v_PushUps_g23_c02.avi,PushUps,2.44,0.9595074126129778
v_PushUps_g23_c03.avi,PushUps,2.48,0.9595074126129778
v_PushUps_g23_c04.avi,PushUps,2.4,0.9595074126129778
v_PushUps_g24_c01.avi,PushUps,2.84,0.9595074126129778
v_PushUps_g24_c02.avi,PushUps,2.72,0.9595074126129778
v_PushUps_g24_c03.avi,PushUps,2.76,0.9595074126129778
v_PushUps_g24_c04.avi,PushUps,2.8,0.9595074126129778
v_PushUps_g25_c01.avi,PushUps,3.6,0.9595074126129778
v_PushUps_g25_c02.avi,PushUps,4.36,0.9595074126129778
v_PushUps_g25_c03.avi,PushUps,4.44,0.9595074126129778
v_PushUps_g25_c04.avi,PushUps,4.04,0.9595074126129778
v_Rafting_g01_c01.avi,Rafting,9.32,2.4404939820312763
v_Rafting_g01_c02.avi,Rafting,8.52,2.4404939820312763
v_Rafting_g01_c03.avi,Rafting,9.92,2.4404939820312763
v_Rafting_g01_c04.avi,Rafting,10.2,2.4404939820312763
v_Rafting_g02_c01.avi,Rafting,9.6,2.4404939820312763
v_Rafting_g02_c02.avi,Rafting,10.04,2.4404939820312763
v_Rafting_g02_c03.avi,Rafting,9.32,2.4404939820312763
v_Rafting_g02_c04.avi,Rafting,9.0,2.4404939820312763
v_Rafting_g03_c01.avi,Rafting,4.48,2.4404939820312763
v_Rafting_g03_c02.avi,Rafting,4.72,2.4404939820312763
v_Rafting_g03_c03.avi,Rafting,4.48,2.4404939820312763
v_Rafting_g03_c04.avi,Rafting,4.72,2.4404939820312763
v_Rafting_g04_c01.avi,Rafting,7.4,2.4404939820312763
v_Rafting_g04_c02.avi,Rafting,10.8,2.4404939820312763
v_Rafting_g04_c03.avi,Rafting,5.76,2.4404939820312763
v_Rafting_g04_c04.avi,Rafting,8.88,2.4404939820312763
v_Rafting_g05_c01.avi,Rafting,4.04,2.4404939820312763
v_Rafting_g05_c02.avi,Rafting,4.96,2.4404939820312763
v_Rafting_g05_c03.avi,Rafting,4.32,2.4404939820312763
v_Rafting_g05_c04.avi,Rafting,9.56,2.4404939820312763
v_Rafting_g06_c01.avi,Rafting,10.12,2.4404939820312763
v_Rafting_g06_c02.avi,Rafting,4.2,2.4404939820312763
v_Rafting_g06_c03.avi,Rafting,10.52,2.4404939820312763
v_Rafting_g06_c04.avi,Rafting,5.12,2.4404939820312763
v_Rafting_g07_c01.avi,Rafting,9.44,2.4404939820312763
v_Rafting_g07_c02.avi,Rafting,9.8,2.4404939820312763
v_Rafting_g07_c03.avi,Rafting,7.28,2.4404939820312763
v_Rafting_g07_c04.avi,Rafting,10.88,2.4404939820312763
v_Rafting_g08_c01.avi,Rafting,7.36,2.4404939820312763
v_Rafting_g08_c02.avi,Rafting,9.36,2.4404939820312763
v_Rafting_g08_c03.avi,Rafting,10.44,2.4404939820312763
v_Rafting_g08_c04.avi,Rafting,8.92,2.4404939820312763
v_Rafting_g08_c05.avi,Rafting,9.16,2.4404939820312763
v_Rafting_g08_c06.avi,Rafting,9.8,2.4404939820312763
v_Rafting_g09_c01.avi,Rafting,7.92,2.4404939820312763
v_Rafting_g09_c02.avi,Rafting,7.44,2.4404939820312763
v_Rafting_g09_c03.avi,Rafting,3.0,2.4404939820312763
v_Rafting_g09_c04.avi,Rafting,4.4,2.4404939820312763
v_Rafting_g10_c01.avi,Rafting,10.68,2.4404939820312763
v_Rafting_g10_c02.avi,Rafting,10.92,2.4404939820312763
v_Rafting_g10_c03.avi,Rafting,9.72,2.4404939820312763
v_Rafting_g10_c04.avi,Rafting,10.04,2.4404939820312763
v_Rafting_g10_c05.avi,Rafting,8.12,2.4404939820312763
v_Rafting_g11_c01.avi,Rafting,10.44,2.4404939820312763
v_Rafting_g11_c02.avi,Rafting,10.28,2.4404939820312763
v_Rafting_g11_c03.avi,Rafting,10.72,2.4404939820312763
v_Rafting_g11_c04.avi,Rafting,10.24,2.4404939820312763
v_Rafting_g12_c01.avi,Rafting,6.0,2.4404939820312763
v_Rafting_g12_c02.avi,Rafting,6.2,2.4404939820312763
v_Rafting_g12_c03.avi,Rafting,7.0,2.4404939820312763
v_Rafting_g12_c04.avi,Rafting,7.24,2.4404939820312763
v_Rafting_g13_c01.avi,Rafting,9.68,2.4404939820312763
v_Rafting_g13_c02.avi,Rafting,10.36,2.4404939820312763
v_Rafting_g13_c03.avi,Rafting,9.56,2.4404939820312763
v_Rafting_g13_c04.avi,Rafting,10.76,2.4404939820312763
v_Rafting_g13_c05.avi,Rafting,9.6,2.4404939820312763
v_Rafting_g14_c01.avi,Rafting,6.84,2.4404939820312763
v_Rafting_g14_c02.avi,Rafting,6.6,2.4404939820312763
v_Rafting_g14_c03.avi,Rafting,8.0,2.4404939820312763
v_Rafting_g14_c04.avi,Rafting,4.8,2.4404939820312763
v_Rafting_g14_c05.avi,Rafting,5.56,2.4404939820312763
v_Rafting_g15_c01.avi,Rafting,10.32,2.4404939820312763
v_Rafting_g15_c02.avi,Rafting,9.6,2.4404939820312763
v_Rafting_g15_c03.avi,Rafting,9.84,2.4404939820312763
v_Rafting_g15_c04.avi,Rafting,9.16,2.4404939820312763
v_Rafting_g16_c01.avi,Rafting,5.76,2.4404939820312763
v_Rafting_g16_c02.avi,Rafting,9.72,2.4404939820312763
v_Rafting_g16_c03.avi,Rafting,11.32,2.4404939820312763
v_Rafting_g16_c04.avi,Rafting,9.8,2.4404939820312763
v_Rafting_g16_c05.avi,Rafting,10.12,2.4404939820312763
v_Rafting_g16_c06.avi,Rafting,10.12,2.4404939820312763
v_Rafting_g16_c07.avi,Rafting,7.52,2.4404939820312763
v_Rafting_g17_c01.avi,Rafting,9.6,2.4404939820312763
v_Rafting_g17_c02.avi,Rafting,11.16,2.4404939820312763
v_Rafting_g17_c03.avi,Rafting,9.28,2.4404939820312763
v_Rafting_g17_c04.avi,Rafting,7.68,2.4404939820312763
v_Rafting_g17_c05.avi,Rafting,10.28,2.4404939820312763
v_Rafting_g17_c06.avi,Rafting,10.08,2.4404939820312763
v_Rafting_g18_c01.avi,Rafting,3.0,2.4404939820312763
v_Rafting_g18_c02.avi,Rafting,3.12,2.4404939820312763
v_Rafting_g18_c03.avi,Rafting,4.04,2.4404939820312763
v_Rafting_g18_c04.avi,Rafting,5.12,2.4404939820312763
v_Rafting_g19_c01.avi,Rafting,6.84,2.4404939820312763
v_Rafting_g19_c02.avi,Rafting,5.16,2.4404939820312763
v_Rafting_g19_c03.avi,Rafting,7.28,2.4404939820312763
v_Rafting_g19_c04.avi,Rafting,9.4,2.4404939820312763
v_Rafting_g19_c05.avi,Rafting,10.56,2.4404939820312763
v_Rafting_g20_c01.avi,Rafting,9.36,2.4404939820312763
v_Rafting_g20_c02.avi,Rafting,9.32,2.4404939820312763
v_Rafting_g20_c03.avi,Rafting,6.96,2.4404939820312763
v_Rafting_g20_c04.avi,Rafting,9.6,2.4404939820312763
v_Rafting_g21_c01.avi,Rafting,5.0,2.4404939820312763
v_Rafting_g21_c02.avi,Rafting,4.68,2.4404939820312763
v_Rafting_g21_c03.avi,Rafting,5.04,2.4404939820312763
v_Rafting_g21_c04.avi,Rafting,5.6,2.4404939820312763
v_Rafting_g22_c01.avi,Rafting,5.0,2.4404939820312763
v_Rafting_g22_c02.avi,Rafting,6.36,2.4404939820312763
v_Rafting_g22_c03.avi,Rafting,5.0,2.4404939820312763
v_Rafting_g22_c04.avi,Rafting,4.28,2.4404939820312763
v_Rafting_g23_c01.avi,Rafting,4.04,2.4404939820312763
v_Rafting_g23_c02.avi,Rafting,6.12,2.4404939820312763
v_Rafting_g23_c03.avi,Rafting,5.0,2.4404939820312763
v_Rafting_g23_c04.avi,Rafting,6.0,2.4404939820312763
v_Rafting_g24_c01.avi,Rafting,4.04,2.4404939820312763
v_Rafting_g24_c02.avi,Rafting,5.28,2.4404939820312763
v_Rafting_g24_c03.avi,Rafting,4.04,2.4404939820312763
v_Rafting_g24_c04.avi,Rafting,4.08,2.4404939820312763
v_Rafting_g25_c01.avi,Rafting,5.0,2.4404939820312763
v_Rafting_g25_c02.avi,Rafting,5.4,2.4404939820312763
v_Rafting_g25_c03.avi,Rafting,5.0,2.4404939820312763
v_Rafting_g25_c04.avi,Rafting,5.16,2.4404939820312763
v_RockClimbingIndoor_g01_c01.avi,RockClimbingIndoor,21.16,4.885734900371233
v_RockClimbingIndoor_g01_c02.avi,RockClimbingIndoor,21.4,4.885734900371233
v_RockClimbingIndoor_g01_c03.avi,RockClimbingIndoor,20.16,4.885734900371233
v_RockClimbingIndoor_g01_c04.avi,RockClimbingIndoor,21.76,4.885734900371233
v_RockClimbingIndoor_g01_c05.avi,RockClimbingIndoor,18.56,4.885734900371233
v_RockClimbingIndoor_g02_c01.avi,RockClimbingIndoor,12.8,4.885734900371233
v_RockClimbingIndoor_g02_c02.avi,RockClimbingIndoor,14.16,4.885734900371233
v_RockClimbingIndoor_g02_c03.avi,RockClimbingIndoor,12.0,4.885734900371233
v_RockClimbingIndoor_g02_c04.avi,RockClimbingIndoor,11.6,4.885734900371233
v_RockClimbingIndoor_g02_c05.avi,RockClimbingIndoor,12.4,4.885734900371233
v_RockClimbingIndoor_g03_c01.avi,RockClimbingIndoor,13.76,4.885734900371233
v_RockClimbingIndoor_g03_c02.avi,RockClimbingIndoor,11.92,4.885734900371233
v_RockClimbingIndoor_g03_c03.avi,RockClimbingIndoor,12.0,4.885734900371233
v_RockClimbingIndoor_g03_c04.avi,RockClimbingIndoor,12.0,4.885734900371233
v_RockClimbingIndoor_g03_c05.avi,RockClimbingIndoor,11.72,4.885734900371233
v_RockClimbingIndoor_g03_c06.avi,RockClimbingIndoor,16.52,4.885734900371233
v_RockClimbingIndoor_g03_c07.avi,RockClimbingIndoor,16.48,4.885734900371233
v_RockClimbingIndoor_g04_c01.avi,RockClimbingIndoor,33.76,4.885734900371233
v_RockClimbingIndoor_g04_c02.avi,RockClimbingIndoor,32.56,4.885734900371233
v_RockClimbingIndoor_g04_c03.avi,RockClimbingIndoor,33.64,4.885734900371233
v_RockClimbingIndoor_g04_c04.avi,RockClimbingIndoor,33.36,4.885734900371233
v_RockClimbingIndoor_g05_c01.avi,RockClimbingIndoor,14.12,4.885734900371233
v_RockClimbingIndoor_g05_c02.avi,RockClimbingIndoor,13.76,4.885734900371233
v_RockClimbingIndoor_g05_c03.avi,RockClimbingIndoor,14.8,4.885734900371233
v_RockClimbingIndoor_g05_c04.avi,RockClimbingIndoor,15.28,4.885734900371233
v_RockClimbingIndoor_g05_c05.avi,RockClimbingIndoor,13.12,4.885734900371233
v_RockClimbingIndoor_g05_c06.avi,RockClimbingIndoor,13.28,4.885734900371233
v_RockClimbingIndoor_g06_c01.avi,RockClimbingIndoor,12.48,4.885734900371233
v_RockClimbingIndoor_g06_c02.avi,RockClimbingIndoor,12.32,4.885734900371233
v_RockClimbingIndoor_g06_c03.avi,RockClimbingIndoor,12.48,4.885734900371233
v_RockClimbingIndoor_g06_c04.avi,RockClimbingIndoor,12.52,4.885734900371233
v_RockClimbingIndoor_g06_c05.avi,RockClimbingIndoor,22.36,4.885734900371233
v_RockClimbingIndoor_g06_c06.avi,RockClimbingIndoor,20.08,4.885734900371233
v_RockClimbingIndoor_g06_c07.avi,RockClimbingIndoor,16.28,4.885734900371233
v_RockClimbingIndoor_g07_c01.avi,RockClimbingIndoor,16.72,4.885734900371233
v_RockClimbingIndoor_g07_c02.avi,RockClimbingIndoor,17.72,4.885734900371233
v_RockClimbingIndoor_g07_c03.avi,RockClimbingIndoor,18.32,4.885734900371233
v_RockClimbingIndoor_g07_c04.avi,RockClimbingIndoor,15.92,4.885734900371233
v_RockClimbingIndoor_g07_c05.avi,RockClimbingIndoor,17.68,4.885734900371233
v_RockClimbingIndoor_g07_c06.avi,RockClimbingIndoor,16.44,4.885734900371233
v_RockClimbingIndoor_g07_c07.avi,RockClimbingIndoor,17.12,4.885734900371233
v_RockClimbingIndoor_g08_c01.avi,RockClimbingIndoor,19.6,4.885734900371233
v_RockClimbingIndoor_g08_c02.avi,RockClimbingIndoor,21.6,4.885734900371233
v_RockClimbingIndoor_g08_c03.avi,RockClimbingIndoor,19.2,4.885734900371233
v_RockClimbingIndoor_g08_c04.avi,RockClimbingIndoor,20.8,4.885734900371233
v_RockClimbingIndoor_g08_c05.avi,RockClimbingIndoor,19.2,4.885734900371233
v_RockClimbingIndoor_g08_c06.avi,RockClimbingIndoor,20.0,4.885734900371233
v_RockClimbingIndoor_g08_c07.avi,RockClimbingIndoor,19.6,4.885734900371233
v_RockClimbingIndoor_g09_c01.avi,RockClimbingIndoor,10.08,4.885734900371233
v_RockClimbingIndoor_g09_c02.avi,RockClimbingIndoor,9.84,4.885734900371233
v_RockClimbingIndoor_g09_c03.avi,RockClimbingIndoor,9.84,4.885734900371233
v_RockClimbingIndoor_g09_c04.avi,RockClimbingIndoor,11.84,4.885734900371233
v_RockClimbingIndoor_g10_c01.avi,RockClimbingIndoor,16.72,4.885734900371233
v_RockClimbingIndoor_g10_c02.avi,RockClimbingIndoor,16.48,4.885734900371233
v_RockClimbingIndoor_g10_c03.avi,RockClimbingIndoor,17.64,4.885734900371233
v_RockClimbingIndoor_g10_c04.avi,RockClimbingIndoor,16.12,4.885734900371233
v_RockClimbingIndoor_g10_c05.avi,RockClimbingIndoor,17.04,4.885734900371233
v_RockClimbingIndoor_g10_c06.avi,RockClimbingIndoor,16.48,4.885734900371233
v_RockClimbingIndoor_g10_c07.avi,RockClimbingIndoor,17.04,4.885734900371233
v_RockClimbingIndoor_g11_c01.avi,RockClimbingIndoor,6.68,4.885734900371233
v_RockClimbingIndoor_g11_c02.avi,RockClimbingIndoor,6.64,4.885734900371233
v_RockClimbingIndoor_g11_c03.avi,RockClimbingIndoor,6.68,4.885734900371233
v_RockClimbingIndoor_g11_c04.avi,RockClimbingIndoor,6.76,4.885734900371233
v_RockClimbingIndoor_g12_c01.avi,RockClimbingIndoor,19.12,4.885734900371233
v_RockClimbingIndoor_g12_c02.avi,RockClimbingIndoor,19.64,4.885734900371233
v_RockClimbingIndoor_g12_c03.avi,RockClimbingIndoor,20.64,4.885734900371233
v_RockClimbingIndoor_g12_c04.avi,RockClimbingIndoor,19.72,4.885734900371233
v_RockClimbingIndoor_g12_c05.avi,RockClimbingIndoor,19.64,4.885734900371233
v_RockClimbingIndoor_g12_c06.avi,RockClimbingIndoor,20.04,4.885734900371233
v_RockClimbingIndoor_g13_c01.avi,RockClimbingIndoor,6.68,4.885734900371233
v_RockClimbingIndoor_g13_c02.avi,RockClimbingIndoor,6.28,4.885734900371233
v_RockClimbingIndoor_g13_c03.avi,RockClimbingIndoor,5.96,4.885734900371233
v_RockClimbingIndoor_g13_c04.avi,RockClimbingIndoor,8.96,4.885734900371233
v_RockClimbingIndoor_g13_c05.avi,RockClimbingIndoor,7.44,4.885734900371233
v_RockClimbingIndoor_g13_c06.avi,RockClimbingIndoor,9.96,4.885734900371233
v_RockClimbingIndoor_g14_c01.avi,RockClimbingIndoor,13.04,4.885734900371233
v_RockClimbingIndoor_g14_c02.avi,RockClimbingIndoor,12.24,4.885734900371233
v_RockClimbingIndoor_g14_c03.avi,RockClimbingIndoor,16.6,4.885734900371233
v_RockClimbingIndoor_g14_c04.avi,RockClimbingIndoor,16.88,4.885734900371233
v_RockClimbingIndoor_g14_c05.avi,RockClimbingIndoor,16.12,4.885734900371233
v_RockClimbingIndoor_g15_c01.avi,RockClimbingIndoor,13.68,4.885734900371233
v_RockClimbingIndoor_g15_c02.avi,RockClimbingIndoor,13.32,4.885734900371233
v_RockClimbingIndoor_g15_c03.avi,RockClimbingIndoor,13.32,4.885734900371233
v_RockClimbingIndoor_g15_c04.avi,RockClimbingIndoor,13.32,4.885734900371233
v_RockClimbingIndoor_g16_c01.avi,RockClimbingIndoor,9.88,4.885734900371233
v_RockClimbingIndoor_g16_c02.avi,RockClimbingIndoor,9.92,4.885734900371233
v_RockClimbingIndoor_g16_c03.avi,RockClimbingIndoor,10.0,4.885734900371233
v_RockClimbingIndoor_g16_c04.avi,RockClimbingIndoor,10.0,4.885734900371233
v_RockClimbingIndoor_g16_c05.avi,RockClimbingIndoor,10.08,4.885734900371233
v_RockClimbingIndoor_g17_c01.avi,RockClimbingIndoor,12.76,4.885734900371233
v_RockClimbingIndoor_g17_c02.avi,RockClimbingIndoor,16.16,4.885734900371233
v_RockClimbingIndoor_g17_c03.avi,RockClimbingIndoor,12.32,4.885734900371233
v_RockClimbingIndoor_g17_c04.avi,RockClimbingIndoor,9.48,4.885734900371233
v_RockClimbingIndoor_g17_c05.avi,RockClimbingIndoor,10.4,4.885734900371233
v_RockClimbingIndoor_g17_c06.avi,RockClimbingIndoor,16.72,4.885734900371233
v_RockClimbingIndoor_g17_c07.avi,RockClimbingIndoor,15.12,4.885734900371233
v_RockClimbingIndoor_g18_c01.avi,RockClimbingIndoor,6.68,4.885734900371233
v_RockClimbingIndoor_g18_c02.avi,RockClimbingIndoor,6.76,4.885734900371233
v_RockClimbingIndoor_g18_c03.avi,RockClimbingIndoor,6.64,4.885734900371233
v_RockClimbingIndoor_g18_c04.avi,RockClimbingIndoor,6.68,4.885734900371233
v_RockClimbingIndoor_g19_c01.avi,RockClimbingIndoor,17.84,4.885734900371233
v_RockClimbingIndoor_g19_c02.avi,RockClimbingIndoor,15.72,4.885734900371233
v_RockClimbingIndoor_g19_c03.avi,RockClimbingIndoor,16.28,4.885734900371233
v_RockClimbingIndoor_g19_c04.avi,RockClimbingIndoor,16.08,4.885734900371233
v_RockClimbingIndoor_g20_c01.avi,RockClimbingIndoor,16.0,4.885734900371233
v_RockClimbingIndoor_g20_c02.avi,RockClimbingIndoor,15.88,4.885734900371233
v_RockClimbingIndoor_g20_c03.avi,RockClimbingIndoor,16.16,4.885734900371233
v_RockClimbingIndoor_g20_c04.avi,RockClimbingIndoor,15.88,4.885734900371233
v_RockClimbingIndoor_g20_c05.avi,RockClimbingIndoor,15.88,4.885734900371233
v_RockClimbingIndoor_g20_c06.avi,RockClimbingIndoor,16.0,4.885734900371233
v_RockClimbingIndoor_g21_c01.avi,RockClimbingIndoor,14.68,4.885734900371233
v_RockClimbingIndoor_g21_c02.avi,RockClimbingIndoor,13.0,4.885734900371233
v_RockClimbingIndoor_g21_c03.avi,RockClimbingIndoor,16.32,4.885734900371233
v_RockClimbingIndoor_g21_c04.avi,RockClimbingIndoor,16.36,4.885734900371233
v_RockClimbingIndoor_g21_c05.avi,RockClimbingIndoor,17.52,4.885734900371233
v_RockClimbingIndoor_g21_c06.avi,RockClimbingIndoor,16.32,4.885734900371233
v_RockClimbingIndoor_g21_c07.avi,RockClimbingIndoor,18.0,4.885734900371233
v_RockClimbingIndoor_g22_c01.avi,RockClimbingIndoor,17.08,4.885734900371233
v_RockClimbingIndoor_g22_c02.avi,RockClimbingIndoor,16.24,4.885734900371233
v_RockClimbingIndoor_g22_c03.avi,RockClimbingIndoor,17.08,4.885734900371233
v_RockClimbingIndoor_g22_c04.avi,RockClimbingIndoor,16.52,4.885734900371233
v_RockClimbingIndoor_g22_c05.avi,RockClimbingIndoor,16.8,4.885734900371233
v_RockClimbingIndoor_g22_c06.avi,RockClimbingIndoor,16.52,4.885734900371233
v_RockClimbingIndoor_g22_c07.avi,RockClimbingIndoor,17.32,4.885734900371233
v_RockClimbingIndoor_g23_c01.avi,RockClimbingIndoor,12.96,4.885734900371233
v_RockClimbingIndoor_g23_c02.avi,RockClimbingIndoor,13.72,4.885734900371233
v_RockClimbingIndoor_g23_c03.avi,RockClimbingIndoor,13.44,4.885734900371233
v_RockClimbingIndoor_g23_c04.avi,RockClimbingIndoor,13.28,4.885734900371233
v_RockClimbingIndoor_g23_c05.avi,RockClimbingIndoor,13.6,4.885734900371233
v_RockClimbingIndoor_g23_c06.avi,RockClimbingIndoor,13.28,4.885734900371233
v_RockClimbingIndoor_g24_c01.avi,RockClimbingIndoor,18.32,4.885734900371233
v_RockClimbingIndoor_g24_c02.avi,RockClimbingIndoor,16.68,4.885734900371233
v_RockClimbingIndoor_g24_c03.avi,RockClimbingIndoor,15.88,4.885734900371233
v_RockClimbingIndoor_g24_c04.avi,RockClimbingIndoor,16.68,4.885734900371233
v_RockClimbingIndoor_g24_c05.avi,RockClimbingIndoor,17.52,4.885734900371233
v_RockClimbingIndoor_g24_c06.avi,RockClimbingIndoor,16.32,4.885734900371233
v_RockClimbingIndoor_g24_c07.avi,RockClimbingIndoor,17.52,4.885734900371233
v_RockClimbingIndoor_g25_c01.avi,RockClimbingIndoor,16.56,4.885734900371233
v_RockClimbingIndoor_g25_c02.avi,RockClimbingIndoor,17.52,4.885734900371233
v_RockClimbingIndoor_g25_c03.avi,RockClimbingIndoor,15.64,4.885734900371233
v_RockClimbingIndoor_g25_c04.avi,RockClimbingIndoor,16.56,4.885734900371233
v_RockClimbingIndoor_g25_c05.avi,RockClimbingIndoor,17.04,4.885734900371233
v_RockClimbingIndoor_g25_c06.avi,RockClimbingIndoor,17.08,4.885734900371233
v_RockClimbingIndoor_g25_c07.avi,RockClimbingIndoor,16.12,4.885734900371233
v_RopeClimbing_g01_c01.avi,RopeClimbing,6.44,1.488889259253702
v_RopeClimbing_g01_c02.avi,RopeClimbing,6.8,1.488889259253702
v_RopeClimbing_g01_c03.avi,RopeClimbing,6.36,1.488889259253702
v_RopeClimbing_g01_c04.avi,RopeClimbing,7.52,1.488889259253702
v_RopeClimbing_g02_c01.avi,RopeClimbing,6.08,1.488889259253702
v_RopeClimbing_g02_c02.avi,RopeClimbing,6.04,1.488889259253702
v_RopeClimbing_g02_c03.avi,RopeClimbing,6.8,1.488889259253702
v_RopeClimbing_g02_c04.avi,RopeClimbing,6.04,1.488889259253702
v_RopeClimbing_g02_c05.avi,RopeClimbing,6.16,1.488889259253702
v_RopeClimbing_g02_c06.avi,RopeClimbing,7.44,1.488889259253702
v_RopeClimbing_g03_c01.avi,RopeClimbing,6.12,1.488889259253702
v_RopeClimbing_g03_c02.avi,RopeClimbing,6.08,1.488889259253702
v_RopeClimbing_g03_c03.avi,RopeClimbing,6.64,1.488889259253702
v_RopeClimbing_g03_c04.avi,RopeClimbing,6.08,1.488889259253702
v_RopeClimbing_g04_c01.avi,RopeClimbing,6.2,1.488889259253702
v_RopeClimbing_g04_c02.avi,RopeClimbing,6.32,1.488889259253702
v_RopeClimbing_g04_c03.avi,RopeClimbing,6.2,1.488889259253702
v_RopeClimbing_g04_c04.avi,RopeClimbing,6.2,1.488889259253702
v_RopeClimbing_g05_c01.avi,RopeClimbing,6.24,1.488889259253702
v_RopeClimbing_g05_c02.avi,RopeClimbing,6.4,1.488889259253702
v_RopeClimbing_g05_c03.avi,RopeClimbing,6.64,1.488889259253702
v_RopeClimbing_g05_c04.avi,RopeClimbing,6.64,1.488889259253702
v_RopeClimbing_g05_c05.avi,RopeClimbing,7.0,1.488889259253702
v_RopeClimbing_g05_c06.avi,RopeClimbing,7.52,1.488889259253702
v_RopeClimbing_g05_c07.avi,RopeClimbing,6.28,1.488889259253702
v_RopeClimbing_g06_c01.avi,RopeClimbing,6.08,1.488889259253702
v_RopeClimbing_g06_c02.avi,RopeClimbing,6.44,1.488889259253702
v_RopeClimbing_g06_c03.avi,RopeClimbing,6.36,1.488889259253702
v_RopeClimbing_g06_c04.avi,RopeClimbing,7.56,1.488889259253702
v_RopeClimbing_g07_c01.avi,RopeClimbing,7.88,1.488889259253702
v_RopeClimbing_g07_c02.avi,RopeClimbing,8.24,1.488889259253702
v_RopeClimbing_g07_c03.avi,RopeClimbing,7.88,1.488889259253702
v_RopeClimbing_g07_c04.avi,RopeClimbing,7.24,1.488889259253702
v_RopeClimbing_g07_c05.avi,RopeClimbing,7.8,1.488889259253702
v_RopeClimbing_g08_c01.avi,RopeClimbing,7.16,1.488889259253702
v_RopeClimbing_g08_c02.avi,RopeClimbing,4.12,1.488889259253702
v_RopeClimbing_g08_c03.avi,RopeClimbing,4.72,1.488889259253702
v_RopeClimbing_g08_c04.avi,RopeClimbing,7.36,1.488889259253702
v_RopeClimbing_g09_c01.avi,RopeClimbing,6.08,1.488889259253702
v_RopeClimbing_g09_c02.avi,RopeClimbing,6.32,1.488889259253702
v_RopeClimbing_g09_c03.avi,RopeClimbing,6.16,1.488889259253702
v_RopeClimbing_g09_c04.avi,RopeClimbing,6.68,1.488889259253702
v_RopeClimbing_g10_c01.avi,RopeClimbing,6.04,1.488889259253702
v_RopeClimbing_g10_c02.avi,RopeClimbing,6.16,1.488889259253702
v_RopeClimbing_g10_c03.avi,RopeClimbing,6.24,1.488889259253702
v_RopeClimbing_g10_c04.avi,RopeClimbing,6.24,1.488889259253702
v_RopeClimbing_g10_c05.avi,RopeClimbing,6.04,1.488889259253702
v_RopeClimbing_g11_c01.avi,RopeClimbing,4.04,1.488889259253702
v_RopeClimbing_g11_c02.avi,RopeClimbing,4.28,1.488889259253702
v_RopeClimbing_g11_c03.avi,RopeClimbing,6.32,1.488889259253702
v_RopeClimbing_g11_c04.avi,RopeClimbing,4.04,1.488889259253702
v_RopeClimbing_g12_c01.avi,RopeClimbing,8.88,1.488889259253702
v_RopeClimbing_g12_c02.avi,RopeClimbing,5.36,1.488889259253702
v_RopeClimbing_g12_c03.avi,RopeClimbing,7.6,1.488889259253702
v_RopeClimbing_g12_c04.avi,RopeClimbing,2.88,1.488889259253702
v_RopeClimbing_g13_c01.avi,RopeClimbing,3.08,1.488889259253702
v_RopeClimbing_g13_c02.avi,RopeClimbing,3.08,1.488889259253702
v_RopeClimbing_g13_c03.avi,RopeClimbing,3.08,1.488889259253702
v_RopeClimbing_g13_c04.avi,RopeClimbing,3.56,1.488889259253702
v_RopeClimbing_g13_c05.avi,RopeClimbing,3.08,1.488889259253702
v_RopeClimbing_g13_c06.avi,RopeClimbing,3.92,1.488889259253702
v_RopeClimbing_g13_c07.avi,RopeClimbing,3.36,1.488889259253702
v_RopeClimbing_g14_c01.avi,RopeClimbing,7.28,1.488889259253702
v_RopeClimbing_g14_c02.avi,RopeClimbing,9.08,1.488889259253702
v_RopeClimbing_g14_c03.avi,RopeClimbing,8.68,1.488889259253702
v_RopeClimbing_g14_c04.avi,RopeClimbing,7.2,1.488889259253702
v_RopeClimbing_g14_c05.avi,RopeClimbing,7.24,1.488889259253702
v_RopeClimbing_g15_c01.avi,RopeClimbing,9.04,1.488889259253702
v_RopeClimbing_g15_c02.avi,RopeClimbing,9.12,1.488889259253702
v_RopeClimbing_g15_c03.avi,RopeClimbing,9.8,1.488889259253702
v_RopeClimbing_g15_c04.avi,RopeClimbing,9.12,1.488889259253702
v_RopeClimbing_g15_c05.avi,RopeClimbing,13.08,1.488889259253702
v_RopeClimbing_g16_c01.avi,RopeClimbing,8.76,1.488889259253702
v_RopeClimbing_g16_c02.avi,RopeClimbing,6.44,1.488889259253702
v_RopeClimbing_g16_c03.avi,RopeClimbing,6.72,1.488889259253702
v_RopeClimbing_g16_c04.avi,RopeClimbing,6.04,1.488889259253702
v_RopeClimbing_g16_c05.avi,RopeClimbing,6.04,1.488889259253702
v_RopeClimbing_g17_c01.avi,RopeClimbing,7.2,1.488889259253702
v_RopeClimbing_g17_c02.avi,RopeClimbing,7.4,1.488889259253702
v_RopeClimbing_g17_c03.avi,RopeClimbing,7.8,1.488889259253702
v_RopeClimbing_g17_c04.avi,RopeClimbing,7.76,1.488889259253702
v_RopeClimbing_g17_c05.avi,RopeClimbing,9.96,1.488889259253702
v_RopeClimbing_g18_c01.avi,RopeClimbing,7.52,1.488889259253702
v_RopeClimbing_g18_c02.avi,RopeClimbing,7.24,1.488889259253702
v_RopeClimbing_g18_c03.avi,RopeClimbing,8.12,1.488889259253702
v_RopeClimbing_g18_c04.avi,RopeClimbing,8.16,1.488889259253702
v_RopeClimbing_g18_c05.avi,RopeClimbing,7.32,1.488889259253702
v_RopeClimbing_g19_c01.avi,RopeClimbing,6.2,1.488889259253702
v_RopeClimbing_g19_c02.avi,RopeClimbing,6.84,1.488889259253702
v_RopeClimbing_g19_c03.avi,RopeClimbing,6.72,1.488889259253702
v_RopeClimbing_g19_c04.avi,RopeClimbing,6.84,1.488889259253702
v_RopeClimbing_g19_c05.avi,RopeClimbing,6.56,1.488889259253702
v_RopeClimbing_g19_c06.avi,RopeClimbing,7.6,1.488889259253702
v_RopeClimbing_g19_c07.avi,RopeClimbing,7.16,1.488889259253702
v_RopeClimbing_g20_c01.avi,RopeClimbing,6.28,1.488889259253702
v_RopeClimbing_g20_c02.avi,RopeClimbing,6.52,1.488889259253702
v_RopeClimbing_g20_c03.avi,RopeClimbing,7.0,1.488889259253702
v_RopeClimbing_g20_c04.avi,RopeClimbing,6.04,1.488889259253702
v_RopeClimbing_g21_c01.avi,RopeClimbing,6.12,1.488889259253702
v_RopeClimbing_g21_c02.avi,RopeClimbing,6.48,1.488889259253702
v_RopeClimbing_g21_c03.avi,RopeClimbing,6.8,1.488889259253702
v_RopeClimbing_g21_c04.avi,RopeClimbing,7.0,1.488889259253702
v_RopeClimbing_g22_c01.avi,RopeClimbing,6.2,1.488889259253702
v_RopeClimbing_g22_c02.avi,RopeClimbing,6.36,1.488889259253702
v_RopeClimbing_g22_c03.avi,RopeClimbing,6.4,1.488889259253702
v_RopeClimbing_g22_c04.avi,RopeClimbing,8.48,1.488889259253702
v_RopeClimbing_g23_c01.avi,RopeClimbing,6.08,1.488889259253702
v_RopeClimbing_g23_c02.avi,RopeClimbing,6.12,1.488889259253702
v_RopeClimbing_g23_c03.avi,RopeClimbing,6.04,1.488889259253702
v_RopeClimbing_g23_c04.avi,RopeClimbing,6.64,1.488889259253702
v_RopeClimbing_g24_c01.avi,RopeClimbing,6.28,1.488889259253702
v_RopeClimbing_g24_c02.avi,RopeClimbing,6.04,1.488889259253702
v_RopeClimbing_g24_c03.avi,RopeClimbing,6.04,1.488889259253702
v_RopeClimbing_g24_c04.avi,RopeClimbing,7.2,1.488889259253702
v_RopeClimbing_g25_c01.avi,RopeClimbing,6.08,1.488889259253702
v_RopeClimbing_g25_c02.avi,RopeClimbing,6.52,1.488889259253702
v_RopeClimbing_g25_c03.avi,RopeClimbing,6.6,1.488889259253702
v_RopeClimbing_g25_c04.avi,RopeClimbing,6.72,1.488889259253702
v_RopeClimbing_g25_c05.avi,RopeClimbing,6.28,1.488889259253702
v_Rowing_g01_c01.avi,Rowing,14.12,6.709752020522068
v_Rowing_g01_c02.avi,Rowing,12.04,6.709752020522068
v_Rowing_g01_c03.avi,Rowing,9.08,6.709752020522068
v_Rowing_g01_c04.avi,Rowing,8.12,6.709752020522068
v_Rowing_g02_c01.avi,Rowing,14.36,6.709752020522068
v_Rowing_g02_c02.avi,Rowing,14.96,6.709752020522068
v_Rowing_g02_c03.avi,Rowing,15.44,6.709752020522068
v_Rowing_g02_c04.avi,Rowing,16.56,6.709752020522068
v_Rowing_g02_c05.avi,Rowing,16.32,6.709752020522068
v_Rowing_g02_c06.avi,Rowing,11.6,6.709752020522068
v_Rowing_g03_c01.avi,Rowing,15.08,6.709752020522068
v_Rowing_g03_c02.avi,Rowing,19.24,6.709752020522068
v_Rowing_g03_c03.avi,Rowing,19.96,6.709752020522068
v_Rowing_g03_c04.avi,Rowing,20.0,6.709752020522068
v_Rowing_g03_c05.avi,Rowing,19.96,6.709752020522068
v_Rowing_g03_c06.avi,Rowing,14.68,6.709752020522068
v_Rowing_g03_c07.avi,Rowing,19.88,6.709752020522068
v_Rowing_g04_c01.avi,Rowing,10.48,6.709752020522068
v_Rowing_g04_c02.avi,Rowing,11.88,6.709752020522068
v_Rowing_g04_c03.avi,Rowing,12.28,6.709752020522068
v_Rowing_g04_c04.avi,Rowing,11.76,6.709752020522068
v_Rowing_g04_c05.avi,Rowing,12.0,6.709752020522068
v_Rowing_g04_c06.avi,Rowing,13.84,6.709752020522068
v_Rowing_g05_c01.avi,Rowing,13.04,6.709752020522068
v_Rowing_g05_c02.avi,Rowing,13.68,6.709752020522068
v_Rowing_g05_c03.avi,Rowing,16.56,6.709752020522068
v_Rowing_g05_c04.avi,Rowing,17.04,6.709752020522068
v_Rowing_g06_c01.avi,Rowing,13.0,6.709752020522068
v_Rowing_g06_c02.avi,Rowing,16.48,6.709752020522068
v_Rowing_g06_c03.avi,Rowing,12.28,6.709752020522068
v_Rowing_g06_c04.avi,Rowing,11.68,6.709752020522068
v_Rowing_g07_c01.avi,Rowing,7.52,6.709752020522068
v_Rowing_g07_c02.avi,Rowing,10.96,6.709752020522068
v_Rowing_g07_c03.avi,Rowing,10.64,6.709752020522068
v_Rowing_g07_c04.avi,Rowing,12.56,6.709752020522068
v_Rowing_g07_c05.avi,Rowing,13.8,6.709752020522068
v_Rowing_g08_c01.avi,Rowing,7.92,6.709752020522068
v_Rowing_g08_c02.avi,Rowing,7.0,6.709752020522068
v_Rowing_g08_c03.avi,Rowing,7.92,6.709752020522068
v_Rowing_g08_c04.avi,Rowing,11.24,6.709752020522068
v_Rowing_g09_c01.avi,Rowing,12.76,6.709752020522068
v_Rowing_g09_c02.avi,Rowing,12.16,6.709752020522068
v_Rowing_g09_c03.avi,Rowing,12.76,6.709752020522068
v_Rowing_g09_c04.avi,Rowing,17.04,6.709752020522068
v_Rowing_g09_c05.avi,Rowing,15.8,6.709752020522068
v_Rowing_g09_c06.avi,Rowing,17.64,6.709752020522068
v_Rowing_g10_c01.avi,Rowing,20.04,6.709752020522068
v_Rowing_g10_c02.avi,Rowing,19.68,6.709752020522068
v_Rowing_g10_c03.avi,Rowing,13.24,6.709752020522068
v_Rowing_g10_c04.avi,Rowing,20.28,6.709752020522068
v_Rowing_g10_c05.avi,Rowing,17.56,6.709752020522068
v_Rowing_g10_c06.avi,Rowing,19.24,6.709752020522068
v_Rowing_g10_c07.avi,Rowing,19.64,6.709752020522068
v_Rowing_g11_c01.avi,Rowing,10.88,6.709752020522068
v_Rowing_g11_c02.avi,Rowing,7.68,6.709752020522068
v_Rowing_g11_c03.avi,Rowing,13.6,6.709752020522068
v_Rowing_g11_c04.avi,Rowing,14.72,6.709752020522068
v_Rowing_g11_c05.avi,Rowing,13.0,6.709752020522068
v_Rowing_g11_c06.avi,Rowing,6.72,6.709752020522068
v_Rowing_g12_c01.avi,Rowing,10.0,6.709752020522068
v_Rowing_g12_c02.avi,Rowing,24.8,6.709752020522068
v_Rowing_g12_c03.avi,Rowing,9.72,6.709752020522068
v_Rowing_g12_c04.avi,Rowing,17.6,6.709752020522068
v_Rowing_g12_c05.avi,Rowing,30.12,6.709752020522068
v_Rowing_g12_c06.avi,Rowing,11.52,6.709752020522068
v_Rowing_g12_c07.avi,Rowing,33.32,6.709752020522068
v_Rowing_g13_c01.avi,Rowing,8.68,6.709752020522068
v_Rowing_g13_c02.avi,Rowing,5.56,6.709752020522068
v_Rowing_g13_c03.avi,Rowing,4.64,6.709752020522068
v_Rowing_g13_c04.avi,Rowing,8.64,6.709752020522068
v_Rowing_g13_c05.avi,Rowing,7.48,6.709752020522068
v_Rowing_g13_c06.avi,Rowing,7.12,6.709752020522068
v_Rowing_g13_c07.avi,Rowing,4.8,6.709752020522068
v_Rowing_g14_c01.avi,Rowing,8.4,6.709752020522068
v_Rowing_g14_c02.avi,Rowing,11.68,6.709752020522068
v_Rowing_g14_c03.avi,Rowing,10.48,6.709752020522068
v_Rowing_g14_c04.avi,Rowing,13.92,6.709752020522068
v_Rowing_g14_c05.avi,Rowing,15.0,6.709752020522068
v_Rowing_g14_c06.avi,Rowing,8.88,6.709752020522068
v_Rowing_g14_c07.avi,Rowing,16.64,6.709752020522068
v_Rowing_g15_c01.avi,Rowing,31.12,6.709752020522068
v_Rowing_g15_c02.avi,Rowing,32.92,6.709752020522068
v_Rowing_g15_c03.avi,Rowing,33.84,6.709752020522068
v_Rowing_g15_c04.avi,Rowing,33.8,6.709752020522068
v_Rowing_g15_c05.avi,Rowing,33.84,6.709752020522068
v_Rowing_g15_c06.avi,Rowing,32.0,6.709752020522068
v_Rowing_g15_c07.avi,Rowing,32.92,6.709752020522068
v_Rowing_g16_c01.avi,Rowing,6.72,6.709752020522068
v_Rowing_g16_c02.avi,Rowing,6.64,6.709752020522068
v_Rowing_g16_c03.avi,Rowing,5.4,6.709752020522068
v_Rowing_g16_c04.avi,Rowing,5.16,6.709752020522068
v_Rowing_g17_c01.avi,Rowing,12.08,6.709752020522068
v_Rowing_g17_c02.avi,Rowing,14.48,6.709752020522068
v_Rowing_g17_c03.avi,Rowing,10.92,6.709752020522068
v_Rowing_g17_c04.avi,Rowing,8.56,6.709752020522068
v_Rowing_g17_c05.avi,Rowing,6.8,6.709752020522068
v_Rowing_g17_c06.avi,Rowing,13.32,6.709752020522068
v_Rowing_g17_c07.avi,Rowing,15.32,6.709752020522068
v_Rowing_g18_c01.avi,Rowing,10.2,6.709752020522068
v_Rowing_g18_c02.avi,Rowing,10.28,6.709752020522068
v_Rowing_g18_c03.avi,Rowing,10.12,6.709752020522068
v_Rowing_g18_c04.avi,Rowing,14.64,6.709752020522068
v_Rowing_g19_c01.avi,Rowing,10.8,6.709752020522068
v_Rowing_g19_c02.avi,Rowing,13.88,6.709752020522068
v_Rowing_g19_c03.avi,Rowing,6.4,6.709752020522068
v_Rowing_g19_c04.avi,Rowing,14.8,6.709752020522068
v_Rowing_g19_c05.avi,Rowing,15.6,6.709752020522068
v_Rowing_g19_c06.avi,Rowing,8.16,6.709752020522068
v_Rowing_g20_c01.avi,Rowing,6.64,6.709752020522068
v_Rowing_g20_c02.avi,Rowing,8.36,6.709752020522068
v_Rowing_g20_c03.avi,Rowing,6.72,6.709752020522068
v_Rowing_g20_c04.avi,Rowing,12.24,6.709752020522068
v_Rowing_g21_c01.avi,Rowing,6.84,6.709752020522068
v_Rowing_g21_c02.avi,Rowing,4.92,6.709752020522068
v_Rowing_g21_c03.avi,Rowing,11.88,6.709752020522068
v_Rowing_g21_c04.avi,Rowing,5.84,6.709752020522068
v_Rowing_g21_c05.avi,Rowing,4.52,6.709752020522068
v_Rowing_g22_c01.avi,Rowing,6.52,6.709752020522068
v_Rowing_g22_c02.avi,Rowing,5.6,6.709752020522068
v_Rowing_g22_c03.avi,Rowing,7.16,6.709752020522068
v_Rowing_g22_c04.avi,Rowing,4.56,6.709752020522068
v_Rowing_g23_c01.avi,Rowing,10.0,6.709752020522068
v_Rowing_g23_c02.avi,Rowing,8.64,6.709752020522068
v_Rowing_g23_c03.avi,Rowing,10.36,6.709752020522068
v_Rowing_g23_c04.avi,Rowing,6.36,6.709752020522068
v_Rowing_g23_c05.avi,Rowing,8.0,6.709752020522068
v_Rowing_g24_c01.avi,Rowing,15.56,6.709752020522068
v_Rowing_g24_c02.avi,Rowing,9.28,6.709752020522068
v_Rowing_g24_c03.avi,Rowing,5.84,6.709752020522068
v_Rowing_g24_c04.avi,Rowing,5.32,6.709752020522068
v_Rowing_g24_c05.avi,Rowing,7.96,6.709752020522068
v_Rowing_g25_c01.avi,Rowing,16.68,6.709752020522068
v_Rowing_g25_c02.avi,Rowing,16.68,6.709752020522068
v_Rowing_g25_c03.avi,Rowing,17.32,6.709752020522068
v_Rowing_g25_c04.avi,Rowing,13.48,6.709752020522068
v_Rowing_g25_c05.avi,Rowing,14.12,6.709752020522068
v_Rowing_g25_c06.avi,Rowing,14.64,6.709752020522068
v_SalsaSpin_g01_c01.avi,SalsaSpin,6.68,2.82541862120528
v_SalsaSpin_g01_c02.avi,SalsaSpin,6.68,2.82541862120528
v_SalsaSpin_g01_c03.avi,SalsaSpin,6.68,2.82541862120528
v_SalsaSpin_g01_c04.avi,SalsaSpin,6.68,2.82541862120528
v_SalsaSpin_g01_c05.avi,SalsaSpin,6.68,2.82541862120528
v_SalsaSpin_g01_c06.avi,SalsaSpin,6.68,2.82541862120528
v_SalsaSpin_g01_c07.avi,SalsaSpin,6.68,2.82541862120528
v_SalsaSpin_g02_c01.avi,SalsaSpin,13.32,2.82541862120528
v_SalsaSpin_g02_c02.avi,SalsaSpin,13.32,2.82541862120528
v_SalsaSpin_g02_c03.avi,SalsaSpin,13.32,2.82541862120528
v_SalsaSpin_g02_c04.avi,SalsaSpin,13.32,2.82541862120528
v_SalsaSpin_g02_c05.avi,SalsaSpin,13.32,2.82541862120528
v_SalsaSpin_g02_c06.avi,SalsaSpin,13.32,2.82541862120528
v_SalsaSpin_g02_c07.avi,SalsaSpin,13.32,2.82541862120528
v_SalsaSpin_g03_c01.avi,SalsaSpin,6.72,2.82541862120528
v_SalsaSpin_g03_c02.avi,SalsaSpin,6.72,2.82541862120528
v_SalsaSpin_g03_c03.avi,SalsaSpin,6.72,2.82541862120528
v_SalsaSpin_g03_c04.avi,SalsaSpin,6.72,2.82541862120528
v_SalsaSpin_g03_c05.avi,SalsaSpin,6.72,2.82541862120528
v_SalsaSpin_g03_c06.avi,SalsaSpin,6.72,2.82541862120528
v_SalsaSpin_g04_c01.avi,SalsaSpin,13.32,2.82541862120528
v_SalsaSpin_g04_c02.avi,SalsaSpin,13.32,2.82541862120528
v_SalsaSpin_g04_c03.avi,SalsaSpin,13.32,2.82541862120528
v_SalsaSpin_g04_c04.avi,SalsaSpin,13.32,2.82541862120528
v_SalsaSpin_g04_c05.avi,SalsaSpin,13.32,2.82541862120528
v_SalsaSpin_g04_c06.avi,SalsaSpin,13.32,2.82541862120528
v_SalsaSpin_g05_c01.avi,SalsaSpin,8.0,2.82541862120528
v_SalsaSpin_g05_c02.avi,SalsaSpin,8.0,2.82541862120528
v_SalsaSpin_g05_c03.avi,SalsaSpin,8.0,2.82541862120528
v_SalsaSpin_g05_c04.avi,SalsaSpin,8.0,2.82541862120528
v_SalsaSpin_g05_c05.avi,SalsaSpin,8.0,2.82541862120528
v_SalsaSpin_g05_c06.avi,SalsaSpin,8.0,2.82541862120528
v_SalsaSpin_g06_c01.avi,SalsaSpin,6.68,2.82541862120528
v_SalsaSpin_g06_c02.avi,SalsaSpin,6.68,2.82541862120528
v_SalsaSpin_g06_c03.avi,SalsaSpin,6.68,2.82541862120528
v_SalsaSpin_g06_c04.avi,SalsaSpin,6.68,2.82541862120528
v_SalsaSpin_g06_c05.avi,SalsaSpin,6.68,2.82541862120528
v_SalsaSpin_g07_c01.avi,SalsaSpin,6.68,2.82541862120528
v_SalsaSpin_g07_c02.avi,SalsaSpin,6.68,2.82541862120528
v_SalsaSpin_g07_c03.avi,SalsaSpin,6.68,2.82541862120528
v_SalsaSpin_g07_c04.avi,SalsaSpin,6.68,2.82541862120528
v_SalsaSpin_g07_c05.avi,SalsaSpin,6.68,2.82541862120528
v_SalsaSpin_g07_c06.avi,SalsaSpin,6.68,2.82541862120528
v_SalsaSpin_g08_c01.avi,SalsaSpin,8.0,2.82541862120528
v_SalsaSpin_g08_c02.avi,SalsaSpin,8.0,2.82541862120528
v_SalsaSpin_g08_c03.avi,SalsaSpin,8.0,2.82541862120528
v_SalsaSpin_g08_c04.avi,SalsaSpin,8.0,2.82541862120528
v_SalsaSpin_g08_c05.avi,SalsaSpin,8.0,2.82541862120528
v_SalsaSpin_g09_c01.avi,SalsaSpin,6.68,2.82541862120528
v_SalsaSpin_g09_c02.avi,SalsaSpin,6.68,2.82541862120528
v_SalsaSpin_g09_c03.avi,SalsaSpin,6.68,2.82541862120528
v_SalsaSpin_g09_c04.avi,SalsaSpin,6.68,2.82541862120528
v_SalsaSpin_g09_c05.avi,SalsaSpin,6.68,2.82541862120528
v_SalsaSpin_g09_c06.avi,SalsaSpin,6.68,2.82541862120528
v_SalsaSpin_g10_c01.avi,SalsaSpin,6.72,2.82541862120528
v_SalsaSpin_g10_c02.avi,SalsaSpin,6.72,2.82541862120528
v_SalsaSpin_g10_c03.avi,SalsaSpin,6.72,2.82541862120528
v_SalsaSpin_g10_c04.avi,SalsaSpin,6.72,2.82541862120528
v_SalsaSpin_g10_c05.avi,SalsaSpin,6.72,2.82541862120528
v_SalsaSpin_g10_c06.avi,SalsaSpin,6.72,2.82541862120528
v_SalsaSpin_g11_c01.avi,SalsaSpin,6.68,2.82541862120528
v_SalsaSpin_g11_c02.avi,SalsaSpin,6.68,2.82541862120528
v_SalsaSpin_g11_c03.avi,SalsaSpin,6.68,2.82541862120528
v_SalsaSpin_g11_c04.avi,SalsaSpin,6.68,2.82541862120528
v_SalsaSpin_g11_c05.avi,SalsaSpin,6.68,2.82541862120528
v_SalsaSpin_g11_c06.avi,SalsaSpin,6.68,2.82541862120528
v_SalsaSpin_g12_c01.avi,SalsaSpin,8.0,2.82541862120528
v_SalsaSpin_g12_c02.avi,SalsaSpin,8.0,2.82541862120528
v_SalsaSpin_g12_c03.avi,SalsaSpin,8.0,2.82541862120528
v_SalsaSpin_g12_c04.avi,SalsaSpin,8.0,2.82541862120528
v_SalsaSpin_g12_c05.avi,SalsaSpin,8.0,2.82541862120528
v_SalsaSpin_g12_c06.avi,SalsaSpin,8.0,2.82541862120528
v_SalsaSpin_g13_c01.avi,SalsaSpin,8.0,2.82541862120528
v_SalsaSpin_g13_c02.avi,SalsaSpin,8.0,2.82541862120528
v_SalsaSpin_g13_c03.avi,SalsaSpin,8.0,2.82541862120528
v_SalsaSpin_g13_c04.avi,SalsaSpin,7.48,2.82541862120528
v_SalsaSpin_g14_c01.avi,SalsaSpin,13.32,2.82541862120528
v_SalsaSpin_g14_c02.avi,SalsaSpin,13.32,2.82541862120528
v_SalsaSpin_g14_c03.avi,SalsaSpin,13.32,2.82541862120528
v_SalsaSpin_g14_c04.avi,SalsaSpin,13.32,2.82541862120528
v_SalsaSpin_g14_c05.avi,SalsaSpin,13.32,2.82541862120528
v_SalsaSpin_g14_c06.avi,SalsaSpin,13.32,2.82541862120528
v_SalsaSpin_g15_c01.avi,SalsaSpin,6.68,2.82541862120528
v_SalsaSpin_g15_c02.avi,SalsaSpin,6.68,2.82541862120528
v_SalsaSpin_g15_c03.avi,SalsaSpin,6.68,2.82541862120528
v_SalsaSpin_g15_c04.avi,SalsaSpin,6.68,2.82541862120528
v_SalsaSpin_g15_c05.avi,SalsaSpin,6.68,2.82541862120528
v_SalsaSpin_g15_c06.avi,SalsaSpin,6.68,2.82541862120528
v_SalsaSpin_g16_c01.avi,SalsaSpin,13.32,2.82541862120528
v_SalsaSpin_g16_c02.avi,SalsaSpin,13.32,2.82541862120528
v_SalsaSpin_g16_c03.avi,SalsaSpin,13.32,2.82541862120528
v_SalsaSpin_g16_c04.avi,SalsaSpin,13.32,2.82541862120528
v_SalsaSpin_g16_c05.avi,SalsaSpin,13.32,2.82541862120528
v_SalsaSpin_g17_c01.avi,SalsaSpin,6.72,2.82541862120528
v_SalsaSpin_g17_c02.avi,SalsaSpin,6.72,2.82541862120528
v_SalsaSpin_g17_c03.avi,SalsaSpin,6.72,2.82541862120528
v_SalsaSpin_g17_c04.avi,SalsaSpin,6.72,2.82541862120528
v_SalsaSpin_g18_c01.avi,SalsaSpin,6.72,2.82541862120528
v_SalsaSpin_g18_c02.avi,SalsaSpin,6.72,2.82541862120528
v_SalsaSpin_g18_c03.avi,SalsaSpin,6.72,2.82541862120528
v_SalsaSpin_g18_c04.avi,SalsaSpin,6.72,2.82541862120528
v_SalsaSpin_g19_c01.avi,SalsaSpin,13.32,2.82541862120528
v_SalsaSpin_g19_c02.avi,SalsaSpin,13.32,2.82541862120528
v_SalsaSpin_g19_c03.avi,SalsaSpin,13.32,2.82541862120528
v_SalsaSpin_g19_c04.avi,SalsaSpin,11.04,2.82541862120528
v_SalsaSpin_g20_c01.avi,SalsaSpin,6.68,2.82541862120528
v_SalsaSpin_g20_c02.avi,SalsaSpin,6.68,2.82541862120528
v_SalsaSpin_g20_c03.avi,SalsaSpin,6.68,2.82541862120528
v_SalsaSpin_g20_c04.avi,SalsaSpin,6.68,2.82541862120528
v_SalsaSpin_g20_c05.avi,SalsaSpin,6.68,2.82541862120528
v_SalsaSpin_g21_c01.avi,SalsaSpin,8.0,2.82541862120528
v_SalsaSpin_g21_c02.avi,SalsaSpin,8.0,2.82541862120528
v_SalsaSpin_g21_c03.avi,SalsaSpin,8.0,2.82541862120528
v_SalsaSpin_g21_c04.avi,SalsaSpin,8.0,2.82541862120528
v_SalsaSpin_g21_c05.avi,SalsaSpin,8.0,2.82541862120528
v_SalsaSpin_g22_c01.avi,SalsaSpin,13.32,2.82541862120528
v_SalsaSpin_g22_c02.avi,SalsaSpin,13.32,2.82541862120528
v_SalsaSpin_g22_c03.avi,SalsaSpin,13.32,2.82541862120528
v_SalsaSpin_g22_c04.avi,SalsaSpin,13.32,2.82541862120528
v_SalsaSpin_g22_c05.avi,SalsaSpin,13.32,2.82541862120528
v_SalsaSpin_g23_c01.avi,SalsaSpin,6.72,2.82541862120528
v_SalsaSpin_g23_c02.avi,SalsaSpin,6.72,2.82541862120528
v_SalsaSpin_g23_c03.avi,SalsaSpin,6.72,2.82541862120528
v_SalsaSpin_g23_c04.avi,SalsaSpin,6.72,2.82541862120528
v_SalsaSpin_g24_c01.avi,SalsaSpin,6.72,2.82541862120528
v_SalsaSpin_g24_c02.avi,SalsaSpin,6.72,2.82541862120528
v_SalsaSpin_g24_c03.avi,SalsaSpin,6.72,2.82541862120528
v_SalsaSpin_g24_c04.avi,SalsaSpin,6.72,2.82541862120528
v_SalsaSpin_g24_c05.avi,SalsaSpin,6.12,2.82541862120528
v_SalsaSpin_g25_c01.avi,SalsaSpin,13.32,2.82541862120528
v_SalsaSpin_g25_c02.avi,SalsaSpin,13.32,2.82541862120528
v_SalsaSpin_g25_c03.avi,SalsaSpin,13.32,2.82541862120528
v_SalsaSpin_g25_c04.avi,SalsaSpin,10.72,2.82541862120528
v_ShavingBeard_g01_c01.avi,ShavingBeard,5.08,3.4554482140886513
v_ShavingBeard_g01_c02.avi,ShavingBeard,5.48,3.4554482140886513
v_ShavingBeard_g01_c03.avi,ShavingBeard,5.2,3.4554482140886513
v_ShavingBeard_g01_c04.avi,ShavingBeard,3.64,3.4554482140886513
v_ShavingBeard_g02_c01.avi,ShavingBeard,7.16,3.4554482140886513
v_ShavingBeard_g02_c02.avi,ShavingBeard,7.72,3.4554482140886513
v_ShavingBeard_g02_c03.avi,ShavingBeard,7.64,3.4554482140886513
v_ShavingBeard_g02_c04.avi,ShavingBeard,5.88,3.4554482140886513
v_ShavingBeard_g02_c05.avi,ShavingBeard,7.16,3.4554482140886513
v_ShavingBeard_g02_c06.avi,ShavingBeard,8.12,3.4554482140886513
v_ShavingBeard_g02_c07.avi,ShavingBeard,10.0,3.4554482140886513
v_ShavingBeard_g03_c01.avi,ShavingBeard,3.92,3.4554482140886513
v_ShavingBeard_g03_c02.avi,ShavingBeard,3.92,3.4554482140886513
v_ShavingBeard_g03_c03.avi,ShavingBeard,4.2,3.4554482140886513
v_ShavingBeard_g03_c04.avi,ShavingBeard,4.24,3.4554482140886513
v_ShavingBeard_g03_c05.avi,ShavingBeard,7.32,3.4554482140886513
v_ShavingBeard_g03_c06.avi,ShavingBeard,5.96,3.4554482140886513
v_ShavingBeard_g03_c07.avi,ShavingBeard,6.28,3.4554482140886513
v_ShavingBeard_g04_c01.avi,ShavingBeard,8.88,3.4554482140886513
v_ShavingBeard_g04_c02.avi,ShavingBeard,7.12,3.4554482140886513
v_ShavingBeard_g04_c03.avi,ShavingBeard,7.64,3.4554482140886513
v_ShavingBeard_g04_c04.avi,ShavingBeard,8.44,3.4554482140886513
v_ShavingBeard_g05_c01.avi,ShavingBeard,20.0,3.4554482140886513
v_ShavingBeard_g05_c02.avi,ShavingBeard,20.28,3.4554482140886513
v_ShavingBeard_g05_c03.avi,ShavingBeard,20.32,3.4554482140886513
v_ShavingBeard_g05_c04.avi,ShavingBeard,20.0,3.4554482140886513
v_ShavingBeard_g05_c05.avi,ShavingBeard,20.84,3.4554482140886513
v_ShavingBeard_g05_c06.avi,ShavingBeard,20.84,3.4554482140886513
v_ShavingBeard_g05_c07.avi,ShavingBeard,21.12,3.4554482140886513
v_ShavingBeard_g06_c01.avi,ShavingBeard,7.24,3.4554482140886513
v_ShavingBeard_g06_c02.avi,ShavingBeard,8.16,3.4554482140886513
v_ShavingBeard_g06_c03.avi,ShavingBeard,7.52,3.4554482140886513
v_ShavingBeard_g06_c04.avi,ShavingBeard,11.16,3.4554482140886513
v_ShavingBeard_g06_c05.avi,ShavingBeard,14.36,3.4554482140886513
v_ShavingBeard_g06_c06.avi,ShavingBeard,7.2,3.4554482140886513
v_ShavingBeard_g06_c07.avi,ShavingBeard,10.04,3.4554482140886513
v_ShavingBeard_g07_c01.avi,ShavingBeard,9.16,3.4554482140886513
v_ShavingBeard_g07_c02.avi,ShavingBeard,9.24,3.4554482140886513
v_ShavingBeard_g07_c03.avi,ShavingBeard,10.6,3.4554482140886513
v_ShavingBeard_g07_c04.avi,ShavingBeard,9.2,3.4554482140886513
v_ShavingBeard_g07_c05.avi,ShavingBeard,12.56,3.4554482140886513
v_ShavingBeard_g07_c06.avi,ShavingBeard,15.44,3.4554482140886513
v_ShavingBeard_g07_c07.avi,ShavingBeard,15.44,3.4554482140886513
v_ShavingBeard_g08_c01.avi,ShavingBeard,6.0,3.4554482140886513
v_ShavingBeard_g08_c02.avi,ShavingBeard,5.84,3.4554482140886513
v_ShavingBeard_g08_c03.avi,ShavingBeard,4.08,3.4554482140886513
v_ShavingBeard_g08_c04.avi,ShavingBeard,6.2,3.4554482140886513
v_ShavingBeard_g08_c05.avi,ShavingBeard,6.12,3.4554482140886513
v_ShavingBeard_g08_c06.avi,ShavingBeard,4.16,3.4554482140886513
v_ShavingBeard_g08_c07.avi,ShavingBeard,6.28,3.4554482140886513
v_ShavingBeard_g09_c01.avi,ShavingBeard,6.4,3.4554482140886513
v_ShavingBeard_g09_c02.avi,ShavingBeard,5.32,3.4554482140886513
v_ShavingBeard_g09_c03.avi,ShavingBeard,8.04,3.4554482140886513
v_ShavingBeard_g09_c04.avi,ShavingBeard,5.44,3.4554482140886513
v_ShavingBeard_g09_c05.avi,ShavingBeard,7.68,3.4554482140886513
v_ShavingBeard_g09_c06.avi,ShavingBeard,8.32,3.4554482140886513
v_ShavingBeard_g09_c07.avi,ShavingBeard,11.68,3.4554482140886513
v_ShavingBeard_g10_c01.avi,ShavingBeard,11.0,3.4554482140886513
v_ShavingBeard_g10_c02.avi,ShavingBeard,7.52,3.4554482140886513
v_ShavingBeard_g10_c03.avi,ShavingBeard,11.12,3.4554482140886513
v_ShavingBeard_g10_c04.avi,ShavingBeard,5.12,3.4554482140886513
v_ShavingBeard_g10_c05.avi,ShavingBeard,9.0,3.4554482140886513
v_ShavingBeard_g10_c06.avi,ShavingBeard,7.28,3.4554482140886513
v_ShavingBeard_g10_c07.avi,ShavingBeard,9.48,3.4554482140886513
v_ShavingBeard_g11_c01.avi,ShavingBeard,6.36,3.4554482140886513
v_ShavingBeard_g11_c02.avi,ShavingBeard,5.84,3.4554482140886513
v_ShavingBeard_g11_c03.avi,ShavingBeard,6.2,3.4554482140886513
v_ShavingBeard_g11_c04.avi,ShavingBeard,6.64,3.4554482140886513
v_ShavingBeard_g12_c01.avi,ShavingBeard,6.04,3.4554482140886513
v_ShavingBeard_g12_c02.avi,ShavingBeard,6.24,3.4554482140886513
v_ShavingBeard_g12_c03.avi,ShavingBeard,6.04,3.4554482140886513
v_ShavingBeard_g12_c04.avi,ShavingBeard,7.4,3.4554482140886513
v_ShavingBeard_g12_c05.avi,ShavingBeard,5.92,3.4554482140886513
v_ShavingBeard_g12_c06.avi,ShavingBeard,6.52,3.4554482140886513
v_ShavingBeard_g13_c01.avi,ShavingBeard,6.8,3.4554482140886513
v_ShavingBeard_g13_c02.avi,ShavingBeard,7.2,3.4554482140886513
v_ShavingBeard_g13_c03.avi,ShavingBeard,6.88,3.4554482140886513
v_ShavingBeard_g13_c04.avi,ShavingBeard,6.72,3.4554482140886513
v_ShavingBeard_g13_c05.avi,ShavingBeard,6.56,3.4554482140886513
v_ShavingBeard_g13_c06.avi,ShavingBeard,6.92,3.4554482140886513
v_ShavingBeard_g14_c01.avi,ShavingBeard,8.28,3.4554482140886513
v_ShavingBeard_g14_c02.avi,ShavingBeard,8.28,3.4554482140886513
v_ShavingBeard_g14_c03.avi,ShavingBeard,10.52,3.4554482140886513
v_ShavingBeard_g14_c04.avi,ShavingBeard,8.88,3.4554482140886513
v_ShavingBeard_g14_c05.avi,ShavingBeard,9.64,3.4554482140886513
v_ShavingBeard_g14_c06.avi,ShavingBeard,8.8,3.4554482140886513
v_ShavingBeard_g15_c01.avi,ShavingBeard,8.36,3.4554482140886513
v_ShavingBeard_g15_c02.avi,ShavingBeard,8.36,3.4554482140886513
v_ShavingBeard_g15_c03.avi,ShavingBeard,8.2,3.4554482140886513
v_ShavingBeard_g15_c04.avi,ShavingBeard,7.88,3.4554482140886513
v_ShavingBeard_g15_c05.avi,ShavingBeard,8.36,3.4554482140886513
v_ShavingBeard_g15_c06.avi,ShavingBeard,8.04,3.4554482140886513
v_ShavingBeard_g15_c07.avi,ShavingBeard,9.32,3.4554482140886513
v_ShavingBeard_g16_c01.avi,ShavingBeard,8.76,3.4554482140886513
v_ShavingBeard_g16_c02.avi,ShavingBeard,10.56,3.4554482140886513
v_ShavingBeard_g16_c03.avi,ShavingBeard,9.08,3.4554482140886513
v_ShavingBeard_g16_c04.avi,ShavingBeard,10.08,3.4554482140886513
v_ShavingBeard_g16_c05.avi,ShavingBeard,9.6,3.4554482140886513
v_ShavingBeard_g16_c06.avi,ShavingBeard,10.44,3.4554482140886513
v_ShavingBeard_g17_c01.avi,ShavingBeard,10.76,3.4554482140886513
v_ShavingBeard_g17_c02.avi,ShavingBeard,12.32,3.4554482140886513
v_ShavingBeard_g17_c03.avi,ShavingBeard,12.4,3.4554482140886513
v_ShavingBeard_g17_c04.avi,ShavingBeard,11.88,3.4554482140886513
v_ShavingBeard_g17_c05.avi,ShavingBeard,12.12,3.4554482140886513
v_ShavingBeard_g17_c06.avi,ShavingBeard,12.12,3.4554482140886513
v_ShavingBeard_g17_c07.avi,ShavingBeard,12.92,3.4554482140886513
v_ShavingBeard_g18_c01.avi,ShavingBeard,13.44,3.4554482140886513
v_ShavingBeard_g18_c02.avi,ShavingBeard,11.88,3.4554482140886513
v_ShavingBeard_g18_c03.avi,ShavingBeard,12.28,3.4554482140886513
v_ShavingBeard_g18_c04.avi,ShavingBeard,10.8,3.4554482140886513
v_ShavingBeard_g18_c05.avi,ShavingBeard,11.6,3.4554482140886513
v_ShavingBeard_g18_c06.avi,ShavingBeard,12.04,3.4554482140886513
v_ShavingBeard_g18_c07.avi,ShavingBeard,12.44,3.4554482140886513
v_ShavingBeard_g19_c01.avi,ShavingBeard,6.44,3.4554482140886513
v_ShavingBeard_g19_c02.avi,ShavingBeard,8.12,3.4554482140886513
v_ShavingBeard_g19_c03.avi,ShavingBeard,8.16,3.4554482140886513
v_ShavingBeard_g19_c04.avi,ShavingBeard,8.56,3.4554482140886513
v_ShavingBeard_g19_c05.avi,ShavingBeard,9.6,3.4554482140886513
v_ShavingBeard_g19_c06.avi,ShavingBeard,8.84,3.4554482140886513
v_ShavingBeard_g19_c07.avi,ShavingBeard,10.88,3.4554482140886513
v_ShavingBeard_g20_c01.avi,ShavingBeard,9.52,3.4554482140886513
v_ShavingBeard_g20_c02.avi,ShavingBeard,9.84,3.4554482140886513
v_ShavingBeard_g20_c03.avi,ShavingBeard,11.2,3.4554482140886513
v_ShavingBeard_g20_c04.avi,ShavingBeard,9.96,3.4554482140886513
v_ShavingBeard_g20_c05.avi,ShavingBeard,9.92,3.4554482140886513
v_ShavingBeard_g20_c06.avi,ShavingBeard,10.28,3.4554482140886513
v_ShavingBeard_g20_c07.avi,ShavingBeard,11.76,3.4554482140886513
v_ShavingBeard_g21_c01.avi,ShavingBeard,6.48,3.4554482140886513
v_ShavingBeard_g21_c02.avi,ShavingBeard,6.96,3.4554482140886513
v_ShavingBeard_g21_c03.avi,ShavingBeard,3.6,3.4554482140886513
v_ShavingBeard_g21_c04.avi,ShavingBeard,6.96,3.4554482140886513
v_ShavingBeard_g21_c05.avi,ShavingBeard,8.2,3.4554482140886513
v_ShavingBeard_g21_c06.avi,ShavingBeard,8.36,3.4554482140886513
v_ShavingBeard_g21_c07.avi,ShavingBeard,8.28,3.4554482140886513
v_ShavingBeard_g22_c01.avi,ShavingBeard,12.0,3.4554482140886513
v_ShavingBeard_g22_c02.avi,ShavingBeard,10.64,3.4554482140886513
v_ShavingBeard_g22_c03.avi,ShavingBeard,8.12,3.4554482140886513
v_ShavingBeard_g22_c04.avi,ShavingBeard,10.16,3.4554482140886513
v_ShavingBeard_g22_c05.avi,ShavingBeard,8.28,3.4554482140886513
v_ShavingBeard_g22_c06.avi,ShavingBeard,8.4,3.4554482140886513
v_ShavingBeard_g22_c07.avi,ShavingBeard,8.08,3.4554482140886513
v_ShavingBeard_g23_c01.avi,ShavingBeard,6.44,3.4554482140886513
v_ShavingBeard_g23_c02.avi,ShavingBeard,7.16,3.4554482140886513
v_ShavingBeard_g23_c03.avi,ShavingBeard,7.4,3.4554482140886513
v_ShavingBeard_g23_c04.avi,ShavingBeard,7.72,3.4554482140886513
v_ShavingBeard_g23_c05.avi,ShavingBeard,7.4,3.4554482140886513
v_ShavingBeard_g23_c06.avi,ShavingBeard,11.4,3.4554482140886513
v_ShavingBeard_g23_c07.avi,ShavingBeard,5.76,3.4554482140886513
v_ShavingBeard_g24_c01.avi,ShavingBeard,6.04,3.4554482140886513
v_ShavingBeard_g24_c02.avi,ShavingBeard,4.0,3.4554482140886513
v_ShavingBeard_g24_c03.avi,ShavingBeard,3.72,3.4554482140886513
v_ShavingBeard_g24_c04.avi,ShavingBeard,10.72,3.4554482140886513
v_ShavingBeard_g24_c05.avi,ShavingBeard,5.0,3.4554482140886513
v_ShavingBeard_g24_c06.avi,ShavingBeard,8.12,3.4554482140886513
v_ShavingBeard_g24_c07.avi,ShavingBeard,7.24,3.4554482140886513
v_ShavingBeard_g25_c01.avi,ShavingBeard,8.4,3.4554482140886513
v_ShavingBeard_g25_c02.avi,ShavingBeard,9.04,3.4554482140886513
v_ShavingBeard_g25_c03.avi,ShavingBeard,9.2,3.4554482140886513
v_ShavingBeard_g25_c04.avi,ShavingBeard,6.44,3.4554482140886513
v_ShavingBeard_g25_c05.avi,ShavingBeard,9.68,3.4554482140886513
v_ShavingBeard_g25_c06.avi,ShavingBeard,9.4,3.4554482140886513
v_Shotput_g01_c01.avi,Shotput,2.44,0.9094780216972106
v_Shotput_g01_c02.avi,Shotput,4.04,0.9094780216972106
v_Shotput_g01_c03.avi,Shotput,3.76,0.9094780216972106
v_Shotput_g01_c04.avi,Shotput,3.64,0.9094780216972106
v_Shotput_g01_c05.avi,Shotput,3.88,0.9094780216972106
v_Shotput_g01_c06.avi,Shotput,4.04,0.9094780216972106
v_Shotput_g01_c07.avi,Shotput,4.04,0.9094780216972106
v_Shotput_g02_c01.avi,Shotput,3.4,0.9094780216972106
v_Shotput_g02_c02.avi,Shotput,3.6,0.9094780216972106
v_Shotput_g02_c03.avi,Shotput,2.92,0.9094780216972106
v_Shotput_g02_c04.avi,Shotput,3.04,0.9094780216972106
v_Shotput_g02_c05.avi,Shotput,3.76,0.9094780216972106
v_Shotput_g02_c06.avi,Shotput,2.84,0.9094780216972106
v_Shotput_g02_c07.avi,Shotput,3.52,0.9094780216972106
v_Shotput_g03_c01.avi,Shotput,2.84,0.9094780216972106
v_Shotput_g03_c02.avi,Shotput,3.4,0.9094780216972106
v_Shotput_g03_c03.avi,Shotput,2.8,0.9094780216972106
v_Shotput_g03_c04.avi,Shotput,3.64,0.9094780216972106
v_Shotput_g03_c05.avi,Shotput,2.64,0.9094780216972106
v_Shotput_g03_c06.avi,Shotput,3.4,0.9094780216972106
v_Shotput_g04_c01.avi,Shotput,3.2,0.9094780216972106
v_Shotput_g04_c02.avi,Shotput,3.08,0.9094780216972106
v_Shotput_g04_c03.avi,Shotput,3.44,0.9094780216972106
v_Shotput_g04_c04.avi,Shotput,3.64,0.9094780216972106
v_Shotput_g04_c05.avi,Shotput,2.92,0.9094780216972106
v_Shotput_g05_c01.avi,Shotput,2.68,0.9094780216972106
v_Shotput_g05_c02.avi,Shotput,5.2,0.9094780216972106
v_Shotput_g05_c03.avi,Shotput,5.2,0.9094780216972106
v_Shotput_g05_c04.avi,Shotput,5.0,0.9094780216972106
v_Shotput_g05_c05.avi,Shotput,5.28,0.9094780216972106
v_Shotput_g05_c06.avi,Shotput,5.0,0.9094780216972106
v_Shotput_g05_c07.avi,Shotput,6.0,0.9094780216972106
v_Shotput_g06_c01.avi,Shotput,4.04,0.9094780216972106
v_Shotput_g06_c02.avi,Shotput,4.04,0.9094780216972106
v_Shotput_g06_c03.avi,Shotput,3.52,0.9094780216972106
v_Shotput_g06_c04.avi,Shotput,3.8,0.9094780216972106
v_Shotput_g06_c05.avi,Shotput,3.44,0.9094780216972106
v_Shotput_g06_c06.avi,Shotput,3.6,0.9094780216972106
v_Shotput_g06_c07.avi,Shotput,4.04,0.9094780216972106
v_Shotput_g07_c01.avi,Shotput,3.16,0.9094780216972106
v_Shotput_g07_c02.avi,Shotput,2.6,0.9094780216972106
v_Shotput_g07_c03.avi,Shotput,2.84,0.9094780216972106
v_Shotput_g07_c04.avi,Shotput,3.24,0.9094780216972106
v_Shotput_g07_c05.avi,Shotput,3.24,0.9094780216972106
v_Shotput_g07_c06.avi,Shotput,2.4,0.9094780216972106
v_Shotput_g07_c07.avi,Shotput,3.12,0.9094780216972106
v_Shotput_g08_c01.avi,Shotput,5.8,0.9094780216972106
v_Shotput_g08_c02.avi,Shotput,4.44,0.9094780216972106
v_Shotput_g08_c03.avi,Shotput,4.24,0.9094780216972106
v_Shotput_g08_c04.avi,Shotput,5.0,0.9094780216972106
v_Shotput_g08_c05.avi,Shotput,5.0,0.9094780216972106
v_Shotput_g08_c06.avi,Shotput,4.04,0.9094780216972106
v_Shotput_g08_c07.avi,Shotput,4.6,0.9094780216972106
v_Shotput_g09_c01.avi,Shotput,2.6,0.9094780216972106
v_Shotput_g09_c02.avi,Shotput,2.88,0.9094780216972106
v_Shotput_g09_c03.avi,Shotput,3.28,0.9094780216972106
v_Shotput_g09_c04.avi,Shotput,3.08,0.9094780216972106
v_Shotput_g09_c05.avi,Shotput,3.36,0.9094780216972106
v_Shotput_g09_c06.avi,Shotput,3.08,0.9094780216972106
v_Shotput_g09_c07.avi,Shotput,3.04,0.9094780216972106
v_Shotput_g10_c01.avi,Shotput,2.24,0.9094780216972106
v_Shotput_g10_c02.avi,Shotput,3.44,0.9094780216972106
v_Shotput_g10_c03.avi,Shotput,2.88,0.9094780216972106
v_Shotput_g10_c04.avi,Shotput,3.84,0.9094780216972106
v_Shotput_g10_c05.avi,Shotput,3.28,0.9094780216972106
v_Shotput_g10_c06.avi,Shotput,2.84,0.9094780216972106
v_Shotput_g11_c01.avi,Shotput,3.36,0.9094780216972106
v_Shotput_g11_c02.avi,Shotput,3.36,0.9094780216972106
v_Shotput_g11_c03.avi,Shotput,3.48,0.9094780216972106
v_Shotput_g11_c04.avi,Shotput,3.16,0.9094780216972106
v_Shotput_g11_c05.avi,Shotput,3.72,0.9094780216972106
v_Shotput_g11_c06.avi,Shotput,3.04,0.9094780216972106
v_Shotput_g11_c07.avi,Shotput,3.56,0.9094780216972106
v_Shotput_g12_c01.avi,Shotput,3.28,0.9094780216972106
v_Shotput_g12_c02.avi,Shotput,3.48,0.9094780216972106
v_Shotput_g12_c03.avi,Shotput,3.16,0.9094780216972106
v_Shotput_g12_c04.avi,Shotput,3.16,0.9094780216972106
v_Shotput_g12_c05.avi,Shotput,3.0,0.9094780216972106
v_Shotput_g12_c06.avi,Shotput,2.68,0.9094780216972106
v_Shotput_g12_c07.avi,Shotput,2.96,0.9094780216972106
v_Shotput_g13_c01.avi,Shotput,2.72,0.9094780216972106
v_Shotput_g13_c02.avi,Shotput,3.16,0.9094780216972106
v_Shotput_g13_c03.avi,Shotput,3.32,0.9094780216972106
v_Shotput_g13_c04.avi,Shotput,3.0,0.9094780216972106
v_Shotput_g14_c01.avi,Shotput,2.88,0.9094780216972106
v_Shotput_g14_c02.avi,Shotput,3.48,0.9094780216972106
v_Shotput_g14_c03.avi,Shotput,3.0,0.9094780216972106
v_Shotput_g14_c04.avi,Shotput,2.8,0.9094780216972106
v_Shotput_g15_c01.avi,Shotput,2.64,0.9094780216972106
v_Shotput_g15_c02.avi,Shotput,2.92,0.9094780216972106
v_Shotput_g15_c03.avi,Shotput,3.28,0.9094780216972106
v_Shotput_g15_c04.avi,Shotput,2.76,0.9094780216972106
v_Shotput_g15_c05.avi,Shotput,3.56,0.9094780216972106
v_Shotput_g15_c06.avi,Shotput,2.64,0.9094780216972106
v_Shotput_g15_c07.avi,Shotput,2.92,0.9094780216972106
v_Shotput_g16_c01.avi,Shotput,6.0,0.9094780216972106
v_Shotput_g16_c02.avi,Shotput,2.56,0.9094780216972106
v_Shotput_g16_c03.avi,Shotput,5.44,0.9094780216972106
v_Shotput_g16_c04.avi,Shotput,3.8,0.9094780216972106
v_Shotput_g16_c05.avi,Shotput,3.04,0.9094780216972106
v_Shotput_g16_c06.avi,Shotput,4.76,0.9094780216972106
v_Shotput_g16_c07.avi,Shotput,3.36,0.9094780216972106
v_Shotput_g17_c01.avi,Shotput,8.16,0.9094780216972106
v_Shotput_g17_c02.avi,Shotput,4.04,0.9094780216972106
v_Shotput_g17_c03.avi,Shotput,3.64,0.9094780216972106
v_Shotput_g17_c04.avi,Shotput,3.44,0.9094780216972106
v_Shotput_g17_c05.avi,Shotput,3.0,0.9094780216972106
v_Shotput_g18_c01.avi,Shotput,4.08,0.9094780216972106
v_Shotput_g18_c02.avi,Shotput,5.4,0.9094780216972106
v_Shotput_g18_c03.avi,Shotput,4.4,0.9094780216972106
v_Shotput_g18_c04.avi,Shotput,4.64,0.9094780216972106
v_Shotput_g19_c01.avi,Shotput,3.16,0.9094780216972106
v_Shotput_g19_c02.avi,Shotput,2.84,0.9094780216972106
v_Shotput_g19_c03.avi,Shotput,3.44,0.9094780216972106
v_Shotput_g19_c04.avi,Shotput,6.28,0.9094780216972106
v_Shotput_g20_c01.avi,Shotput,4.6,0.9094780216972106
v_Shotput_g20_c02.avi,Shotput,3.84,0.9094780216972106
v_Shotput_g20_c03.avi,Shotput,3.4,0.9094780216972106
v_Shotput_g20_c04.avi,Shotput,4.52,0.9094780216972106
v_Shotput_g21_c01.avi,Shotput,3.24,0.9094780216972106
v_Shotput_g21_c02.avi,Shotput,5.04,0.9094780216972106
v_Shotput_g21_c03.avi,Shotput,4.32,0.9094780216972106
v_Shotput_g21_c04.avi,Shotput,3.04,0.9094780216972106
v_Shotput_g22_c01.avi,Shotput,4.08,0.9094780216972106
v_Shotput_g22_c02.avi,Shotput,4.56,0.9094780216972106
v_Shotput_g22_c03.avi,Shotput,2.56,0.9094780216972106
v_Shotput_g22_c04.avi,Shotput,3.04,0.9094780216972106
v_Shotput_g22_c05.avi,Shotput,2.8,0.9094780216972106
v_Shotput_g23_c01.avi,Shotput,3.4,0.9094780216972106
v_Shotput_g23_c02.avi,Shotput,2.2,0.9094780216972106
v_Shotput_g23_c03.avi,Shotput,5.36,0.9094780216972106
v_Shotput_g23_c04.avi,Shotput,3.12,0.9094780216972106
v_Shotput_g23_c05.avi,Shotput,3.36,0.9094780216972106
v_Shotput_g23_c06.avi,Shotput,3.0,0.9094780216972106
v_Shotput_g23_c07.avi,Shotput,3.2,0.9094780216972106
v_Shotput_g24_c01.avi,Shotput,4.44,0.9094780216972106
v_Shotput_g24_c02.avi,Shotput,3.04,0.9094780216972106
v_Shotput_g24_c03.avi,Shotput,4.12,0.9094780216972106
v_Shotput_g24_c04.avi,Shotput,4.4,0.9094780216972106
v_Shotput_g25_c01.avi,Shotput,3.76,0.9094780216972106
v_Shotput_g25_c02.avi,Shotput,3.16,0.9094780216972106
v_Shotput_g25_c03.avi,Shotput,3.44,0.9094780216972106
v_Shotput_g25_c04.avi,Shotput,3.52,0.9094780216972106
v_Shotput_g25_c05.avi,Shotput,3.32,0.9094780216972106
v_SkateBoarding_g01_c01.avi,SkateBoarding,8.08,1.928100442540951
v_SkateBoarding_g01_c02.avi,SkateBoarding,7.0,1.928100442540951
v_SkateBoarding_g01_c03.avi,SkateBoarding,4.48,1.928100442540951
v_SkateBoarding_g01_c04.avi,SkateBoarding,6.72,1.928100442540951
v_SkateBoarding_g02_c01.avi,SkateBoarding,14.76,1.928100442540951
v_SkateBoarding_g02_c02.avi,SkateBoarding,5.12,1.928100442540951
v_SkateBoarding_g02_c03.avi,SkateBoarding,4.44,1.928100442540951
v_SkateBoarding_g02_c04.avi,SkateBoarding,3.08,1.928100442540951
v_SkateBoarding_g02_c05.avi,SkateBoarding,4.48,1.928100442540951
v_SkateBoarding_g02_c06.avi,SkateBoarding,12.0,1.928100442540951
v_SkateBoarding_g03_c01.avi,SkateBoarding,5.04,1.928100442540951
v_SkateBoarding_g03_c02.avi,SkateBoarding,5.04,1.928100442540951
v_SkateBoarding_g03_c03.avi,SkateBoarding,5.04,1.928100442540951
v_SkateBoarding_g03_c04.avi,SkateBoarding,5.12,1.928100442540951
v_SkateBoarding_g04_c01.avi,SkateBoarding,4.24,1.928100442540951
v_SkateBoarding_g04_c02.avi,SkateBoarding,5.8,1.928100442540951
v_SkateBoarding_g04_c03.avi,SkateBoarding,3.64,1.928100442540951
v_SkateBoarding_g04_c04.avi,SkateBoarding,5.4,1.928100442540951
v_SkateBoarding_g04_c05.avi,SkateBoarding,4.12,1.928100442540951
v_SkateBoarding_g05_c01.avi,SkateBoarding,5.6,1.928100442540951
v_SkateBoarding_g05_c02.avi,SkateBoarding,4.16,1.928100442540951
v_SkateBoarding_g05_c03.avi,SkateBoarding,6.4,1.928100442540951
v_SkateBoarding_g05_c04.avi,SkateBoarding,7.4,1.928100442540951
v_SkateBoarding_g06_c01.avi,SkateBoarding,5.16,1.928100442540951
v_SkateBoarding_g06_c02.avi,SkateBoarding,6.0,1.928100442540951
v_SkateBoarding_g06_c03.avi,SkateBoarding,4.92,1.928100442540951
v_SkateBoarding_g06_c04.avi,SkateBoarding,6.0,1.928100442540951
v_SkateBoarding_g07_c01.avi,SkateBoarding,5.84,1.928100442540951
v_SkateBoarding_g07_c02.avi,SkateBoarding,7.96,1.928100442540951
v_SkateBoarding_g07_c03.avi,SkateBoarding,7.4,1.928100442540951
v_SkateBoarding_g07_c04.avi,SkateBoarding,6.88,1.928100442540951
v_SkateBoarding_g07_c05.avi,SkateBoarding,5.96,1.928100442540951
v_SkateBoarding_g08_c01.avi,SkateBoarding,5.48,1.928100442540951
v_SkateBoarding_g08_c02.avi,SkateBoarding,4.36,1.928100442540951
v_SkateBoarding_g08_c03.avi,SkateBoarding,3.52,1.928100442540951
v_SkateBoarding_g08_c04.avi,SkateBoarding,3.52,1.928100442540951
v_SkateBoarding_g08_c05.avi,SkateBoarding,4.32,1.928100442540951
v_SkateBoarding_g09_c01.avi,SkateBoarding,5.6,1.928100442540951
v_SkateBoarding_g09_c02.avi,SkateBoarding,7.44,1.928100442540951
v_SkateBoarding_g09_c03.avi,SkateBoarding,3.64,1.928100442540951
v_SkateBoarding_g09_c04.avi,SkateBoarding,4.56,1.928100442540951
v_SkateBoarding_g10_c01.avi,SkateBoarding,5.8,1.928100442540951
v_SkateBoarding_g10_c02.avi,SkateBoarding,3.8,1.928100442540951
v_SkateBoarding_g10_c03.avi,SkateBoarding,2.36,1.928100442540951
v_SkateBoarding_g10_c04.avi,SkateBoarding,4.6,1.928100442540951
v_SkateBoarding_g10_c05.avi,SkateBoarding,3.96,1.928100442540951
v_SkateBoarding_g10_c06.avi,SkateBoarding,5.64,1.928100442540951
v_SkateBoarding_g10_c07.avi,SkateBoarding,5.28,1.928100442540951
v_SkateBoarding_g11_c01.avi,SkateBoarding,5.04,1.928100442540951
v_SkateBoarding_g11_c02.avi,SkateBoarding,6.6,1.928100442540951
v_SkateBoarding_g11_c03.avi,SkateBoarding,4.96,1.928100442540951
v_SkateBoarding_g11_c04.avi,SkateBoarding,3.76,1.928100442540951
v_SkateBoarding_g11_c05.avi,SkateBoarding,6.56,1.928100442540951
v_SkateBoarding_g12_c01.avi,SkateBoarding,8.92,1.928100442540951
v_SkateBoarding_g12_c02.avi,SkateBoarding,5.12,1.928100442540951
v_SkateBoarding_g12_c03.avi,SkateBoarding,3.28,1.928100442540951
v_SkateBoarding_g12_c04.avi,SkateBoarding,6.68,1.928100442540951
v_SkateBoarding_g12_c05.avi,SkateBoarding,6.68,1.928100442540951
v_SkateBoarding_g12_c06.avi,SkateBoarding,5.16,1.928100442540951
v_SkateBoarding_g13_c01.avi,SkateBoarding,4.0,1.928100442540951
v_SkateBoarding_g13_c02.avi,SkateBoarding,4.44,1.928100442540951
v_SkateBoarding_g13_c03.avi,SkateBoarding,5.04,1.928100442540951
v_SkateBoarding_g13_c04.avi,SkateBoarding,3.72,1.928100442540951
v_SkateBoarding_g14_c01.avi,SkateBoarding,7.6,1.928100442540951
v_SkateBoarding_g14_c02.avi,SkateBoarding,14.28,1.928100442540951
v_SkateBoarding_g14_c03.avi,SkateBoarding,4.68,1.928100442540951
v_SkateBoarding_g14_c04.avi,SkateBoarding,4.48,1.928100442540951
v_SkateBoarding_g15_c01.avi,SkateBoarding,4.24,1.928100442540951
v_SkateBoarding_g15_c02.avi,SkateBoarding,5.2,1.928100442540951
v_SkateBoarding_g15_c03.avi,SkateBoarding,3.36,1.928100442540951
v_SkateBoarding_g15_c04.avi,SkateBoarding,5.04,1.928100442540951
v_SkateBoarding_g15_c05.avi,SkateBoarding,3.84,1.928100442540951
v_SkateBoarding_g15_c06.avi,SkateBoarding,5.24,1.928100442540951
v_SkateBoarding_g16_c01.avi,SkateBoarding,8.0,1.928100442540951
v_SkateBoarding_g16_c02.avi,SkateBoarding,8.0,1.928100442540951
v_SkateBoarding_g16_c03.avi,SkateBoarding,5.04,1.928100442540951
v_SkateBoarding_g16_c04.avi,SkateBoarding,4.88,1.928100442540951
v_SkateBoarding_g17_c01.avi,SkateBoarding,4.16,1.928100442540951
v_SkateBoarding_g17_c02.avi,SkateBoarding,6.24,1.928100442540951
v_SkateBoarding_g17_c03.avi,SkateBoarding,6.04,1.928100442540951
v_SkateBoarding_g17_c04.avi,SkateBoarding,6.12,1.928100442540951
v_SkateBoarding_g18_c01.avi,SkateBoarding,5.92,1.928100442540951
v_SkateBoarding_g18_c02.avi,SkateBoarding,3.08,1.928100442540951
v_SkateBoarding_g18_c03.avi,SkateBoarding,4.64,1.928100442540951
v_SkateBoarding_g18_c04.avi,SkateBoarding,4.92,1.928100442540951
v_SkateBoarding_g18_c05.avi,SkateBoarding,3.64,1.928100442540951
v_SkateBoarding_g18_c06.avi,SkateBoarding,6.08,1.928100442540951
v_SkateBoarding_g19_c01.avi,SkateBoarding,4.6,1.928100442540951
v_SkateBoarding_g19_c02.avi,SkateBoarding,3.84,1.928100442540951
v_SkateBoarding_g19_c03.avi,SkateBoarding,4.56,1.928100442540951
v_SkateBoarding_g19_c04.avi,SkateBoarding,4.48,1.928100442540951
v_SkateBoarding_g19_c05.avi,SkateBoarding,6.52,1.928100442540951
v_SkateBoarding_g20_c01.avi,SkateBoarding,8.32,1.928100442540951
v_SkateBoarding_g20_c02.avi,SkateBoarding,6.84,1.928100442540951
v_SkateBoarding_g20_c03.avi,SkateBoarding,8.44,1.928100442540951
v_SkateBoarding_g20_c04.avi,SkateBoarding,6.84,1.928100442540951
v_SkateBoarding_g20_c05.avi,SkateBoarding,6.08,1.928100442540951
v_SkateBoarding_g21_c01.avi,SkateBoarding,3.92,1.928100442540951
v_SkateBoarding_g21_c02.avi,SkateBoarding,4.28,1.928100442540951
v_SkateBoarding_g21_c03.avi,SkateBoarding,4.44,1.928100442540951
v_SkateBoarding_g21_c04.avi,SkateBoarding,7.6,1.928100442540951
v_SkateBoarding_g22_c01.avi,SkateBoarding,3.76,1.928100442540951
v_SkateBoarding_g22_c02.avi,SkateBoarding,3.56,1.928100442540951
v_SkateBoarding_g22_c03.avi,SkateBoarding,5.72,1.928100442540951
v_SkateBoarding_g22_c04.avi,SkateBoarding,3.44,1.928100442540951
v_SkateBoarding_g22_c05.avi,SkateBoarding,6.64,1.928100442540951
v_SkateBoarding_g23_c01.avi,SkateBoarding,7.24,1.928100442540951
v_SkateBoarding_g23_c02.avi,SkateBoarding,6.6,1.928100442540951
v_SkateBoarding_g23_c03.avi,SkateBoarding,5.64,1.928100442540951
v_SkateBoarding_g23_c04.avi,SkateBoarding,3.48,1.928100442540951
v_SkateBoarding_g24_c01.avi,SkateBoarding,6.4,1.928100442540951
v_SkateBoarding_g24_c02.avi,SkateBoarding,4.0,1.928100442540951
v_SkateBoarding_g24_c03.avi,SkateBoarding,4.0,1.928100442540951
v_SkateBoarding_g24_c04.avi,SkateBoarding,4.0,1.928100442540951
v_SkateBoarding_g24_c05.avi,SkateBoarding,6.08,1.928100442540951
v_SkateBoarding_g25_c01.avi,SkateBoarding,6.96,1.928100442540951
v_SkateBoarding_g25_c02.avi,SkateBoarding,3.52,1.928100442540951
v_SkateBoarding_g25_c03.avi,SkateBoarding,4.04,1.928100442540951
v_SkateBoarding_g25_c04.avi,SkateBoarding,7.84,1.928100442540951
v_SkateBoarding_g25_c05.avi,SkateBoarding,3.92,1.928100442540951
v_Skiing_g01_c01.avi,Skiing,9.6,2.35269435417289
v_Skiing_g01_c02.avi,Skiing,9.76,2.35269435417289
v_Skiing_g01_c03.avi,Skiing,9.8,2.35269435417289
v_Skiing_g01_c04.avi,Skiing,10.08,2.35269435417289
v_Skiing_g01_c05.avi,Skiing,10.4,2.35269435417289
v_Skiing_g01_c06.avi,Skiing,6.96,2.35269435417289
v_Skiing_g02_c01.avi,Skiing,7.0,2.35269435417289
v_Skiing_g02_c02.avi,Skiing,8.08,2.35269435417289
v_Skiing_g02_c03.avi,Skiing,8.0,2.35269435417289
v_Skiing_g02_c04.avi,Skiing,7.08,2.35269435417289
v_Skiing_g02_c05.avi,Skiing,4.72,2.35269435417289
v_Skiing_g03_c01.avi,Skiing,8.32,2.35269435417289
v_Skiing_g03_c02.avi,Skiing,4.4,2.35269435417289
v_Skiing_g03_c03.avi,Skiing,8.24,2.35269435417289
v_Skiing_g03_c04.avi,Skiing,12.32,2.35269435417289
v_Skiing_g03_c05.avi,Skiing,9.2,2.35269435417289
v_Skiing_g03_c06.avi,Skiing,12.0,2.35269435417289
v_Skiing_g03_c07.avi,Skiing,12.0,2.35269435417289
v_Skiing_g04_c01.avi,Skiing,9.2,2.35269435417289
v_Skiing_g04_c02.avi,Skiing,10.08,2.35269435417289
v_Skiing_g04_c03.avi,Skiing,6.16,2.35269435417289
v_Skiing_g04_c04.avi,Skiing,8.0,2.35269435417289
v_Skiing_g04_c05.avi,Skiing,7.96,2.35269435417289
v_Skiing_g04_c06.avi,Skiing,7.48,2.35269435417289
v_Skiing_g04_c07.avi,Skiing,11.16,2.35269435417289
v_Skiing_g05_c01.avi,Skiing,7.36,2.35269435417289
v_Skiing_g05_c02.avi,Skiing,4.32,2.35269435417289
v_Skiing_g05_c03.avi,Skiing,11.12,2.35269435417289
v_Skiing_g05_c04.avi,Skiing,10.16,2.35269435417289
v_Skiing_g06_c01.avi,Skiing,12.0,2.35269435417289
v_Skiing_g06_c02.avi,Skiing,12.0,2.35269435417289
v_Skiing_g06_c03.avi,Skiing,12.0,2.35269435417289
v_Skiing_g06_c04.avi,Skiing,12.0,2.35269435417289
v_Skiing_g06_c05.avi,Skiing,12.0,2.35269435417289
v_Skiing_g06_c06.avi,Skiing,12.0,2.35269435417289
v_Skiing_g06_c07.avi,Skiing,12.0,2.35269435417289
v_Skiing_g07_c01.avi,Skiing,9.44,2.35269435417289
v_Skiing_g07_c02.avi,Skiing,7.16,2.35269435417289
v_Skiing_g07_c03.avi,Skiing,4.12,2.35269435417289
v_Skiing_g07_c04.avi,Skiing,3.4,2.35269435417289
v_Skiing_g08_c01.avi,Skiing,8.0,2.35269435417289
v_Skiing_g08_c02.avi,Skiing,8.12,2.35269435417289
v_Skiing_g08_c03.avi,Skiing,7.92,2.35269435417289
v_Skiing_g08_c04.avi,Skiing,8.0,2.35269435417289
v_Skiing_g08_c05.avi,Skiing,8.0,2.35269435417289
v_Skiing_g08_c06.avi,Skiing,8.0,2.35269435417289
v_Skiing_g08_c07.avi,Skiing,8.0,2.35269435417289
v_Skiing_g09_c01.avi,Skiing,6.4,2.35269435417289
v_Skiing_g09_c02.avi,Skiing,7.68,2.35269435417289
v_Skiing_g09_c03.avi,Skiing,6.04,2.35269435417289
v_Skiing_g09_c04.avi,Skiing,11.16,2.35269435417289
v_Skiing_g09_c05.avi,Skiing,12.48,2.35269435417289
v_Skiing_g09_c06.avi,Skiing,9.76,2.35269435417289
v_Skiing_g10_c01.avi,Skiing,6.2,2.35269435417289
v_Skiing_g10_c02.avi,Skiing,7.8,2.35269435417289
v_Skiing_g10_c03.avi,Skiing,7.64,2.35269435417289
v_Skiing_g10_c04.avi,Skiing,8.0,2.35269435417289
v_Skiing_g10_c05.avi,Skiing,9.32,2.35269435417289
v_Skiing_g11_c01.avi,Skiing,12.0,2.35269435417289
v_Skiing_g11_c02.avi,Skiing,11.96,2.35269435417289
v_Skiing_g11_c03.avi,Skiing,11.96,2.35269435417289
v_Skiing_g11_c04.avi,Skiing,13.36,2.35269435417289
v_Skiing_g12_c01.avi,Skiing,14.0,2.35269435417289
v_Skiing_g12_c02.avi,Skiing,13.16,2.35269435417289
v_Skiing_g12_c03.avi,Skiing,12.76,2.35269435417289
v_Skiing_g12_c04.avi,Skiing,11.24,2.35269435417289
v_Skiing_g13_c01.avi,Skiing,8.8,2.35269435417289
v_Skiing_g13_c02.avi,Skiing,6.68,2.35269435417289
v_Skiing_g13_c03.avi,Skiing,7.36,2.35269435417289
v_Skiing_g13_c04.avi,Skiing,9.16,2.35269435417289
v_Skiing_g13_c05.avi,Skiing,7.4,2.35269435417289
v_Skiing_g13_c06.avi,Skiing,6.72,2.35269435417289
v_Skiing_g13_c07.avi,Skiing,6.72,2.35269435417289
v_Skiing_g14_c01.avi,Skiing,8.32,2.35269435417289
v_Skiing_g14_c02.avi,Skiing,7.28,2.35269435417289
v_Skiing_g14_c03.avi,Skiing,7.68,2.35269435417289
v_Skiing_g14_c04.avi,Skiing,8.36,2.35269435417289
v_Skiing_g15_c01.avi,Skiing,9.44,2.35269435417289
v_Skiing_g15_c02.avi,Skiing,8.16,2.35269435417289
v_Skiing_g15_c03.avi,Skiing,10.08,2.35269435417289
v_Skiing_g15_c04.avi,Skiing,7.48,2.35269435417289
v_Skiing_g15_c05.avi,Skiing,8.28,2.35269435417289
v_Skiing_g16_c01.avi,Skiing,4.56,2.35269435417289
v_Skiing_g16_c02.avi,Skiing,8.12,2.35269435417289
v_Skiing_g16_c03.avi,Skiing,8.2,2.35269435417289
v_Skiing_g16_c04.avi,Skiing,7.2,2.35269435417289
v_Skiing_g16_c05.avi,Skiing,7.68,2.35269435417289
v_Skiing_g17_c01.avi,Skiing,8.0,2.35269435417289
v_Skiing_g17_c02.avi,Skiing,8.76,2.35269435417289
v_Skiing_g17_c03.avi,Skiing,8.24,2.35269435417289
v_Skiing_g17_c04.avi,Skiing,13.96,2.35269435417289
v_Skiing_g18_c01.avi,Skiing,5.4,2.35269435417289
v_Skiing_g18_c02.avi,Skiing,5.84,2.35269435417289
v_Skiing_g18_c03.avi,Skiing,8.0,2.35269435417289
v_Skiing_g18_c04.avi,Skiing,8.12,2.35269435417289
v_Skiing_g19_c01.avi,Skiing,5.96,2.35269435417289
v_Skiing_g19_c02.avi,Skiing,7.36,2.35269435417289
v_Skiing_g19_c03.avi,Skiing,11.48,2.35269435417289
v_Skiing_g19_c04.avi,Skiing,11.56,2.35269435417289
v_Skiing_g19_c05.avi,Skiing,6.36,2.35269435417289
v_Skiing_g19_c06.avi,Skiing,7.16,2.35269435417289
v_Skiing_g20_c01.avi,Skiing,10.0,2.35269435417289
v_Skiing_g20_c02.avi,Skiing,9.8,2.35269435417289
v_Skiing_g20_c03.avi,Skiing,7.96,2.35269435417289
v_Skiing_g20_c04.avi,Skiing,7.48,2.35269435417289
v_Skiing_g20_c05.avi,Skiing,7.08,2.35269435417289
v_Skiing_g20_c06.avi,Skiing,8.88,2.35269435417289
v_Skiing_g20_c07.avi,Skiing,8.8,2.35269435417289
v_Skiing_g21_c01.avi,Skiing,14.16,2.35269435417289
v_Skiing_g21_c02.avi,Skiing,7.92,2.35269435417289
v_Skiing_g21_c03.avi,Skiing,7.88,2.35269435417289
v_Skiing_g21_c04.avi,Skiing,9.44,2.35269435417289
v_Skiing_g21_c05.avi,Skiing,7.96,2.35269435417289
v_Skiing_g21_c06.avi,Skiing,7.96,2.35269435417289
v_Skiing_g21_c07.avi,Skiing,8.24,2.35269435417289
v_Skiing_g22_c01.avi,Skiing,6.8,2.35269435417289
v_Skiing_g22_c02.avi,Skiing,8.96,2.35269435417289
v_Skiing_g22_c03.avi,Skiing,10.24,2.35269435417289
v_Skiing_g22_c04.avi,Skiing,10.56,2.35269435417289
v_Skiing_g22_c05.avi,Skiing,13.16,2.35269435417289
v_Skiing_g23_c01.avi,Skiing,4.36,2.35269435417289
v_Skiing_g23_c02.avi,Skiing,4.28,2.35269435417289
v_Skiing_g23_c03.avi,Skiing,6.68,2.35269435417289
v_Skiing_g23_c04.avi,Skiing,10.48,2.35269435417289
v_Skiing_g24_c01.avi,Skiing,5.36,2.35269435417289
v_Skiing_g24_c02.avi,Skiing,5.84,2.35269435417289
v_Skiing_g24_c03.avi,Skiing,6.44,2.35269435417289
v_Skiing_g24_c04.avi,Skiing,6.68,2.35269435417289
v_Skiing_g24_c05.avi,Skiing,10.2,2.35269435417289
v_Skiing_g24_c06.avi,Skiing,8.04,2.35269435417289
v_Skiing_g25_c01.avi,Skiing,8.88,2.35269435417289
v_Skiing_g25_c02.avi,Skiing,8.92,2.35269435417289
v_Skiing_g25_c03.avi,Skiing,4.2,2.35269435417289
v_Skiing_g25_c04.avi,Skiing,9.48,2.35269435417289
v_Skiing_g25_c05.avi,Skiing,4.8,2.35269435417289
v_Skijet_g01_c01.avi,Skijet,13.947266666666668,1.8032781125056598
v_Skijet_g01_c02.avi,Skijet,13.880533333333334,1.8032781125056598
v_Skijet_g01_c03.avi,Skijet,13.880533333333334,1.8032781125056598
v_Skijet_g01_c04.avi,Skijet,13.880533333333334,1.8032781125056598
v_Skijet_g02_c01.avi,Skijet,7.007000000000001,1.8032781125056598
v_Skijet_g02_c02.avi,Skijet,6.1061000000000005,1.8032781125056598
v_Skijet_g02_c03.avi,Skijet,7.007000000000001,1.8032781125056598
v_Skijet_g02_c04.avi,Skijet,7.007000000000001,1.8032781125056598
v_Skijet_g03_c01.avi,Skijet,10.543866666666666,1.8032781125056598
v_Skijet_g03_c02.avi,Skijet,10.543866666666666,1.8032781125056598
v_Skijet_g03_c03.avi,Skijet,10.543866666666666,1.8032781125056598
v_Skijet_g03_c04.avi,Skijet,10.343666666666667,1.8032781125056598
v_Skijet_g04_c01.avi,Skijet,8.375033333333333,1.8032781125056598
v_Skijet_g04_c02.avi,Skijet,8.375033333333333,1.8032781125056598
v_Skijet_g04_c03.avi,Skijet,8.375033333333333,1.8032781125056598
v_Skijet_g04_c04.avi,Skijet,8.375033333333333,1.8032781125056598
v_Skijet_g05_c01.avi,Skijet,7.007000000000001,1.8032781125056598
v_Skijet_g05_c02.avi,Skijet,7.007000000000001,1.8032781125056598
v_Skijet_g05_c03.avi,Skijet,7.007000000000001,1.8032781125056598
v_Skijet_g05_c04.avi,Skijet,7.007000000000001,1.8032781125056598
v_Skijet_g06_c01.avi,Skijet,8.375033333333333,1.8032781125056598
v_Skijet_g06_c02.avi,Skijet,8.375033333333333,1.8032781125056598
v_Skijet_g06_c03.avi,Skijet,8.375033333333333,1.8032781125056598
v_Skijet_g06_c04.avi,Skijet,8.375033333333333,1.8032781125056598
v_Skijet_g07_c01.avi,Skijet,6.639966666666667,1.8032781125056598
v_Skijet_g07_c02.avi,Skijet,6.5732333333333335,1.8032781125056598
v_Skijet_g07_c03.avi,Skijet,6.5732333333333335,1.8032781125056598
v_Skijet_g07_c04.avi,Skijet,6.773433333333333,1.8032781125056598
v_Skijet_g08_c01.avi,Skijet,7.007000000000001,1.8032781125056598
v_Skijet_g08_c02.avi,Skijet,6.973633333333334,1.8032781125056598
v_Skijet_g08_c03.avi,Skijet,6.973633333333334,1.8032781125056598
v_Skijet_g08_c04.avi,Skijet,6.973633333333334,1.8032781125056598
v_Skijet_g09_c01.avi,Skijet,5.005,1.8032781125056598
v_Skijet_g09_c02.avi,Skijet,4.971633333333333,1.8032781125056598
v_Skijet_g09_c03.avi,Skijet,4.971633333333333,1.8032781125056598
v_Skijet_g09_c04.avi,Skijet,5.171833333333334,1.8032781125056598
v_Skijet_g10_c01.avi,Skijet,5.171833333333334,1.8032781125056598
v_Skijet_g10_c02.avi,Skijet,5.1051,1.8032781125056598
v_Skijet_g10_c03.avi,Skijet,5.1051,1.8032781125056598
v_Skijet_g10_c04.avi,Skijet,5.472133333333334,1.8032781125056598
v_Skijet_g11_c01.avi,Skijet,7.007000000000001,1.8032781125056598
v_Skijet_g11_c02.avi,Skijet,7.007000000000001,1.8032781125056598
v_Skijet_g11_c03.avi,Skijet,7.007000000000001,1.8032781125056598
v_Skijet_g11_c04.avi,Skijet,7.007000000000001,1.8032781125056598
v_Skijet_g12_c01.avi,Skijet,7.007000000000001,1.8032781125056598
v_Skijet_g12_c02.avi,Skijet,7.007000000000001,1.8032781125056598
v_Skijet_g12_c03.avi,Skijet,7.007000000000001,1.8032781125056598
v_Skijet_g12_c04.avi,Skijet,7.007000000000001,1.8032781125056598
v_Skijet_g13_c01.avi,Skijet,7.007000000000001,1.8032781125056598
v_Skijet_g13_c02.avi,Skijet,7.007000000000001,1.8032781125056598
v_Skijet_g13_c03.avi,Skijet,7.007000000000001,1.8032781125056598
v_Skijet_g13_c04.avi,Skijet,7.007000000000001,1.8032781125056598
v_Skijet_g14_c01.avi,Skijet,7.007000000000001,1.8032781125056598
v_Skijet_g14_c02.avi,Skijet,7.007000000000001,1.8032781125056598
v_Skijet_g14_c03.avi,Skijet,7.007000000000001,1.8032781125056598
v_Skijet_g14_c04.avi,Skijet,6.973633333333334,1.8032781125056598
v_Skijet_g15_c01.avi,Skijet,8.375033333333333,1.8032781125056598
v_Skijet_g15_c02.avi,Skijet,8.308300000000001,1.8032781125056598
v_Skijet_g15_c03.avi,Skijet,8.308300000000001,1.8032781125056598
v_Skijet_g15_c04.avi,Skijet,8.308300000000001,1.8032781125056598
v_Skijet_g16_c01.avi,Skijet,7.007000000000001,1.8032781125056598
v_Skijet_g16_c02.avi,Skijet,6.973633333333334,1.8032781125056598
v_Skijet_g16_c03.avi,Skijet,7.007000000000001,1.8032781125056598
v_Skijet_g16_c04.avi,Skijet,7.007000000000001,1.8032781125056598
v_Skijet_g17_c01.avi,Skijet,8.375033333333333,1.8032781125056598
v_Skijet_g17_c02.avi,Skijet,8.375033333333333,1.8032781125056598
v_Skijet_g17_c03.avi,Skijet,8.375033333333333,1.8032781125056598
v_Skijet_g17_c04.avi,Skijet,7.841166666666667,1.8032781125056598
v_Skijet_g18_c01.avi,Skijet,7.1071,1.8032781125056598
v_Skijet_g18_c02.avi,Skijet,7.1071,1.8032781125056598
v_Skijet_g18_c03.avi,Skijet,7.1071,1.8032781125056598
v_Skijet_g18_c04.avi,Skijet,7.1071,1.8032781125056598
v_Skijet_g19_c01.avi,Skijet,8.375033333333333,1.8032781125056598
v_Skijet_g19_c02.avi,Skijet,8.375033333333333,1.8032781125056598
v_Skijet_g19_c03.avi,Skijet,8.375033333333333,1.8032781125056598
v_Skijet_g19_c04.avi,Skijet,8.375033333333333,1.8032781125056598
v_Skijet_g20_c01.avi,Skijet,6.973633333333334,1.8032781125056598
v_Skijet_g20_c02.avi,Skijet,6.973633333333334,1.8032781125056598
v_Skijet_g20_c03.avi,Skijet,6.973633333333334,1.8032781125056598
v_Skijet_g20_c04.avi,Skijet,7.007000000000001,1.8032781125056598
v_Skijet_g21_c01.avi,Skijet,6.2729333333333335,1.8032781125056598
v_Skijet_g21_c02.avi,Skijet,6.2062,1.8032781125056598
v_Skijet_g21_c03.avi,Skijet,6.2062,1.8032781125056598
v_Skijet_g21_c04.avi,Skijet,6.2729333333333335,1.8032781125056598
v_Skijet_g22_c01.avi,Skijet,7.007000000000001,1.8032781125056598
v_Skijet_g22_c02.avi,Skijet,6.973633333333334,1.8032781125056598
v_Skijet_g22_c03.avi,Skijet,6.973633333333334,1.8032781125056598
v_Skijet_g22_c04.avi,Skijet,6.973633333333334,1.8032781125056598
v_Skijet_g23_c01.avi,Skijet,8.375033333333333,1.8032781125056598
v_Skijet_g23_c02.avi,Skijet,8.375033333333333,1.8032781125056598
v_Skijet_g23_c03.avi,Skijet,8.375033333333333,1.8032781125056598
v_Skijet_g23_c04.avi,Skijet,8.375033333333333,1.8032781125056598
v_Skijet_g24_c01.avi,Skijet,7.007000000000001,1.8032781125056598
v_Skijet_g24_c02.avi,Skijet,6.973633333333334,1.8032781125056598
v_Skijet_g24_c03.avi,Skijet,6.973633333333334,1.8032781125056598
v_Skijet_g24_c04.avi,Skijet,7.007000000000001,1.8032781125056598
v_Skijet_g25_c01.avi,Skijet,10.243566666666666,1.8032781125056598
v_Skijet_g25_c02.avi,Skijet,8.441766666666666,1.8032781125056598
v_Skijet_g25_c03.avi,Skijet,11.745066666666666,1.8032781125056598
v_Skijet_g25_c04.avi,Skijet,11.144466666666666,1.8032781125056598
v_SkyDiving_g01_c01.avi,SkyDiving,7.48,2.1512321972857475
v_SkyDiving_g01_c02.avi,SkyDiving,7.76,2.1512321972857475
v_SkyDiving_g01_c03.avi,SkyDiving,5.04,2.1512321972857475
v_SkyDiving_g01_c04.avi,SkyDiving,3.88,2.1512321972857475
v_SkyDiving_g02_c01.avi,SkyDiving,1.2,2.1512321972857475
v_SkyDiving_g02_c02.avi,SkyDiving,5.08,2.1512321972857475
v_SkyDiving_g02_c03.avi,SkyDiving,5.44,2.1512321972857475
v_SkyDiving_g02_c04.avi,SkyDiving,4.56,2.1512321972857475
v_SkyDiving_g03_c01.avi,SkyDiving,7.48,2.1512321972857475
v_SkyDiving_g03_c02.avi,SkyDiving,8.08,2.1512321972857475
v_SkyDiving_g03_c03.avi,SkyDiving,7.76,2.1512321972857475
v_SkyDiving_g03_c04.avi,SkyDiving,9.28,2.1512321972857475
v_SkyDiving_g03_c05.avi,SkyDiving,9.88,2.1512321972857475
v_SkyDiving_g04_c01.avi,SkyDiving,5.96,2.1512321972857475
v_SkyDiving_g04_c02.avi,SkyDiving,5.64,2.1512321972857475
v_SkyDiving_g04_c03.avi,SkyDiving,5.08,2.1512321972857475
v_SkyDiving_g04_c04.avi,SkyDiving,4.08,2.1512321972857475
v_SkyDiving_g05_c01.avi,SkyDiving,7.44,2.1512321972857475
v_SkyDiving_g05_c02.avi,SkyDiving,6.8,2.1512321972857475
v_SkyDiving_g05_c03.avi,SkyDiving,8.0,2.1512321972857475
v_SkyDiving_g05_c04.avi,SkyDiving,8.44,2.1512321972857475
v_SkyDiving_g05_c05.avi,SkyDiving,8.8,2.1512321972857475
v_SkyDiving_g06_c01.avi,SkyDiving,3.36,2.1512321972857475
v_SkyDiving_g06_c02.avi,SkyDiving,6.12,2.1512321972857475
v_SkyDiving_g06_c03.avi,SkyDiving,6.4,2.1512321972857475
v_SkyDiving_g06_c04.avi,SkyDiving,6.16,2.1512321972857475
v_SkyDiving_g07_c01.avi,SkyDiving,6.68,2.1512321972857475
v_SkyDiving_g07_c02.avi,SkyDiving,7.16,2.1512321972857475
v_SkyDiving_g07_c03.avi,SkyDiving,8.12,2.1512321972857475
v_SkyDiving_g07_c04.avi,SkyDiving,3.68,2.1512321972857475
v_SkyDiving_g07_c05.avi,SkyDiving,6.24,2.1512321972857475
v_SkyDiving_g08_c01.avi,SkyDiving,7.2,2.1512321972857475
v_SkyDiving_g08_c02.avi,SkyDiving,9.76,2.1512321972857475
v_SkyDiving_g08_c03.avi,SkyDiving,8.28,2.1512321972857475
v_SkyDiving_g08_c04.avi,SkyDiving,8.44,2.1512321972857475
v_SkyDiving_g09_c01.avi,SkyDiving,7.92,2.1512321972857475
v_SkyDiving_g09_c02.avi,SkyDiving,8.32,2.1512321972857475
v_SkyDiving_g09_c03.avi,SkyDiving,8.12,2.1512321972857475
v_SkyDiving_g09_c04.avi,SkyDiving,8.6,2.1512321972857475
v_SkyDiving_g10_c01.avi,SkyDiving,7.84,2.1512321972857475
v_SkyDiving_g10_c02.avi,SkyDiving,8.0,2.1512321972857475
v_SkyDiving_g10_c03.avi,SkyDiving,7.56,2.1512321972857475
v_SkyDiving_g10_c04.avi,SkyDiving,7.16,2.1512321972857475
v_SkyDiving_g10_c05.avi,SkyDiving,6.64,2.1512321972857475
v_SkyDiving_g11_c01.avi,SkyDiving,8.36,2.1512321972857475
v_SkyDiving_g11_c02.avi,SkyDiving,8.0,2.1512321972857475
v_SkyDiving_g11_c03.avi,SkyDiving,8.48,2.1512321972857475
v_SkyDiving_g11_c04.avi,SkyDiving,8.12,2.1512321972857475
v_SkyDiving_g12_c01.avi,SkyDiving,9.12,2.1512321972857475
v_SkyDiving_g12_c02.avi,SkyDiving,6.0,2.1512321972857475
v_SkyDiving_g12_c03.avi,SkyDiving,12.48,2.1512321972857475
v_SkyDiving_g12_c04.avi,SkyDiving,14.24,2.1512321972857475
v_SkyDiving_g13_c01.avi,SkyDiving,4.64,2.1512321972857475
v_SkyDiving_g13_c02.avi,SkyDiving,8.64,2.1512321972857475
v_SkyDiving_g13_c03.avi,SkyDiving,7.84,2.1512321972857475
v_SkyDiving_g13_c04.avi,SkyDiving,4.88,2.1512321972857475
v_SkyDiving_g14_c01.avi,SkyDiving,8.4,2.1512321972857475
v_SkyDiving_g14_c02.avi,SkyDiving,7.92,2.1512321972857475
v_SkyDiving_g14_c03.avi,SkyDiving,8.04,2.1512321972857475
v_SkyDiving_g14_c04.avi,SkyDiving,6.68,2.1512321972857475
v_SkyDiving_g15_c01.avi,SkyDiving,8.24,2.1512321972857475
v_SkyDiving_g15_c02.avi,SkyDiving,6.88,2.1512321972857475
v_SkyDiving_g15_c03.avi,SkyDiving,7.92,2.1512321972857475
v_SkyDiving_g15_c04.avi,SkyDiving,8.88,2.1512321972857475
v_SkyDiving_g15_c05.avi,SkyDiving,1.92,2.1512321972857475
v_SkyDiving_g16_c01.avi,SkyDiving,7.92,2.1512321972857475
v_SkyDiving_g16_c02.avi,SkyDiving,8.52,2.1512321972857475
v_SkyDiving_g16_c03.avi,SkyDiving,8.0,2.1512321972857475
v_SkyDiving_g16_c04.avi,SkyDiving,10.52,2.1512321972857475
v_SkyDiving_g17_c01.avi,SkyDiving,7.92,2.1512321972857475
v_SkyDiving_g17_c02.avi,SkyDiving,7.24,2.1512321972857475
v_SkyDiving_g17_c03.avi,SkyDiving,8.0,2.1512321972857475
v_SkyDiving_g17_c04.avi,SkyDiving,8.32,2.1512321972857475
v_SkyDiving_g17_c05.avi,SkyDiving,7.28,2.1512321972857475
v_SkyDiving_g18_c01.avi,SkyDiving,7.0,2.1512321972857475
v_SkyDiving_g18_c02.avi,SkyDiving,10.6,2.1512321972857475
v_SkyDiving_g18_c03.avi,SkyDiving,6.92,2.1512321972857475
v_SkyDiving_g18_c04.avi,SkyDiving,7.04,2.1512321972857475
v_SkyDiving_g18_c05.avi,SkyDiving,8.96,2.1512321972857475
v_SkyDiving_g18_c06.avi,SkyDiving,6.88,2.1512321972857475
v_SkyDiving_g19_c01.avi,SkyDiving,3.24,2.1512321972857475
v_SkyDiving_g19_c02.avi,SkyDiving,3.84,2.1512321972857475
v_SkyDiving_g19_c03.avi,SkyDiving,6.68,2.1512321972857475
v_SkyDiving_g19_c04.avi,SkyDiving,7.08,2.1512321972857475
v_SkyDiving_g20_c01.avi,SkyDiving,5.44,2.1512321972857475
v_SkyDiving_g20_c02.avi,SkyDiving,7.92,2.1512321972857475
v_SkyDiving_g20_c03.avi,SkyDiving,9.04,2.1512321972857475
v_SkyDiving_g20_c04.avi,SkyDiving,9.92,2.1512321972857475
v_SkyDiving_g20_c05.avi,SkyDiving,8.88,2.1512321972857475
v_SkyDiving_g20_c06.avi,SkyDiving,9.92,2.1512321972857475
v_SkyDiving_g21_c01.avi,SkyDiving,8.36,2.1512321972857475
v_SkyDiving_g21_c02.avi,SkyDiving,8.32,2.1512321972857475
v_SkyDiving_g21_c03.avi,SkyDiving,8.12,2.1512321972857475
v_SkyDiving_g21_c04.avi,SkyDiving,8.36,2.1512321972857475
v_SkyDiving_g22_c01.avi,SkyDiving,13.16,2.1512321972857475
v_SkyDiving_g22_c02.avi,SkyDiving,12.88,2.1512321972857475
v_SkyDiving_g22_c03.avi,SkyDiving,11.92,2.1512321972857475
v_SkyDiving_g22_c04.avi,SkyDiving,12.16,2.1512321972857475
v_SkyDiving_g23_c01.avi,SkyDiving,6.64,2.1512321972857475
v_SkyDiving_g23_c02.avi,SkyDiving,7.28,2.1512321972857475
v_SkyDiving_g23_c03.avi,SkyDiving,7.4,2.1512321972857475
v_SkyDiving_g23_c04.avi,SkyDiving,6.68,2.1512321972857475
v_SkyDiving_g24_c01.avi,SkyDiving,5.4,2.1512321972857475
v_SkyDiving_g24_c02.avi,SkyDiving,9.16,2.1512321972857475
v_SkyDiving_g24_c03.avi,SkyDiving,7.52,2.1512321972857475
v_SkyDiving_g24_c04.avi,SkyDiving,11.44,2.1512321972857475
v_SkyDiving_g25_c01.avi,SkyDiving,5.32,2.1512321972857475
v_SkyDiving_g25_c02.avi,SkyDiving,7.2,2.1512321972857475
v_SkyDiving_g25_c03.avi,SkyDiving,7.68,2.1512321972857475
v_SkyDiving_g25_c04.avi,SkyDiving,8.04,2.1512321972857475
v_SoccerJuggling_g01_c01.avi,SoccerJuggling,30.03,4.224558181465191
v_SoccerJuggling_g01_c02.avi,SoccerJuggling,16.750066666666665,4.224558181465191
v_SoccerJuggling_g01_c03.avi,SoccerJuggling,29.362666666666666,4.224558181465191
v_SoccerJuggling_g01_c04.avi,SoccerJuggling,23.523500000000002,4.224558181465191
v_SoccerJuggling_g01_c05.avi,SoccerJuggling,9.676333333333334,4.224558181465191
v_SoccerJuggling_g02_c01.avi,SoccerJuggling,8.008000000000001,4.224558181465191
v_SoccerJuggling_g02_c02.avi,SoccerJuggling,8.008000000000001,4.224558181465191
v_SoccerJuggling_g02_c03.avi,SoccerJuggling,8.008000000000001,4.224558181465191
v_SoccerJuggling_g02_c04.avi,SoccerJuggling,8.008000000000001,4.224558181465191
v_SoccerJuggling_g02_c05.avi,SoccerJuggling,8.008000000000001,4.224558181465191
v_SoccerJuggling_g02_c06.avi,SoccerJuggling,8.008000000000001,4.224558181465191
v_SoccerJuggling_g03_c01.avi,SoccerJuggling,7.674333333333333,4.224558181465191
v_SoccerJuggling_g03_c02.avi,SoccerJuggling,7.674333333333333,4.224558181465191
v_SoccerJuggling_g03_c03.avi,SoccerJuggling,7.674333333333333,4.224558181465191
v_SoccerJuggling_g03_c04.avi,SoccerJuggling,7.674333333333333,4.224558181465191
v_SoccerJuggling_g04_c01.avi,SoccerJuggling,12.012,4.224558181465191
v_SoccerJuggling_g04_c02.avi,SoccerJuggling,12.012,4.224558181465191
v_SoccerJuggling_g04_c03.avi,SoccerJuggling,12.012,4.224558181465191
v_SoccerJuggling_g04_c04.avi,SoccerJuggling,12.012,4.224558181465191
v_SoccerJuggling_g04_c05.avi,SoccerJuggling,12.012,4.224558181465191
v_SoccerJuggling_g04_c06.avi,SoccerJuggling,12.012,4.224558181465191
v_SoccerJuggling_g05_c01.avi,SoccerJuggling,8.008000000000001,4.224558181465191
v_SoccerJuggling_g05_c02.avi,SoccerJuggling,8.008000000000001,4.224558181465191
v_SoccerJuggling_g05_c03.avi,SoccerJuggling,8.008000000000001,4.224558181465191
v_SoccerJuggling_g05_c04.avi,SoccerJuggling,8.008000000000001,4.224558181465191
v_SoccerJuggling_g05_c05.avi,SoccerJuggling,8.008000000000001,4.224558181465191
v_SoccerJuggling_g05_c06.avi,SoccerJuggling,8.008000000000001,4.224558181465191
v_SoccerJuggling_g06_c01.avi,SoccerJuggling,8.375033333333333,4.224558181465191
v_SoccerJuggling_g06_c02.avi,SoccerJuggling,4.5045,4.224558181465191
v_SoccerJuggling_g06_c03.avi,SoccerJuggling,7.6409666666666665,4.224558181465191
v_SoccerJuggling_g06_c04.avi,SoccerJuggling,3.069733333333333,4.224558181465191
v_SoccerJuggling_g06_c05.avi,SoccerJuggling,10.01,4.224558181465191
v_SoccerJuggling_g07_c01.avi,SoccerJuggling,10.043366666666667,4.224558181465191
v_SoccerJuggling_g07_c02.avi,SoccerJuggling,10.043366666666667,4.224558181465191
v_SoccerJuggling_g07_c03.avi,SoccerJuggling,10.043366666666667,4.224558181465191
v_SoccerJuggling_g07_c04.avi,SoccerJuggling,10.043366666666667,4.224558181465191
v_SoccerJuggling_g07_c05.avi,SoccerJuggling,12.012,4.224558181465191
v_SoccerJuggling_g07_c06.avi,SoccerJuggling,12.012,4.224558181465191
v_SoccerJuggling_g07_c07.avi,SoccerJuggling,12.012,4.224558181465191
v_SoccerJuggling_g08_c01.avi,SoccerJuggling,10.043366666666667,4.224558181465191
v_SoccerJuggling_g08_c02.avi,SoccerJuggling,10.043366666666667,4.224558181465191
v_SoccerJuggling_g08_c03.avi,SoccerJuggling,10.043366666666667,4.224558181465191
v_SoccerJuggling_g08_c04.avi,SoccerJuggling,10.043366666666667,4.224558181465191
v_SoccerJuggling_g09_c01.avi,SoccerJuggling,3.7037,4.224558181465191
v_SoccerJuggling_g09_c02.avi,SoccerJuggling,8.375033333333333,4.224558181465191
v_SoccerJuggling_g09_c03.avi,SoccerJuggling,8.375033333333333,4.224558181465191
v_SoccerJuggling_g09_c04.avi,SoccerJuggling,6.2062,4.224558181465191
v_SoccerJuggling_g09_c05.avi,SoccerJuggling,8.008000000000001,4.224558181465191
v_SoccerJuggling_g09_c06.avi,SoccerJuggling,8.008000000000001,4.224558181465191
v_SoccerJuggling_g09_c07.avi,SoccerJuggling,10.543866666666666,4.224558181465191
v_SoccerJuggling_g10_c01.avi,SoccerJuggling,6.7067000000000005,4.224558181465191
v_SoccerJuggling_g10_c02.avi,SoccerJuggling,6.7067000000000005,4.224558181465191
v_SoccerJuggling_g10_c03.avi,SoccerJuggling,6.7067000000000005,4.224558181465191
v_SoccerJuggling_g10_c04.avi,SoccerJuggling,4.637966666666666,4.224558181465191
v_SoccerJuggling_g11_c01.avi,SoccerJuggling,10.043366666666667,4.224558181465191
v_SoccerJuggling_g11_c02.avi,SoccerJuggling,10.043366666666667,4.224558181465191
v_SoccerJuggling_g11_c03.avi,SoccerJuggling,11.011000000000001,4.224558181465191
v_SoccerJuggling_g11_c04.avi,SoccerJuggling,7.9412666666666665,4.224558181465191
v_SoccerJuggling_g11_c05.avi,SoccerJuggling,9.009,4.224558181465191
v_SoccerJuggling_g11_c06.avi,SoccerJuggling,10.243566666666666,4.224558181465191
v_SoccerJuggling_g12_c01.avi,SoccerJuggling,10.043366666666667,4.224558181465191
v_SoccerJuggling_g12_c02.avi,SoccerJuggling,10.043366666666667,4.224558181465191
v_SoccerJuggling_g12_c03.avi,SoccerJuggling,10.043366666666667,4.224558181465191
v_SoccerJuggling_g12_c04.avi,SoccerJuggling,10.043366666666667,4.224558181465191
v_SoccerJuggling_g12_c05.avi,SoccerJuggling,12.012,4.224558181465191
v_SoccerJuggling_g12_c06.avi,SoccerJuggling,12.012,4.224558181465191
v_SoccerJuggling_g13_c01.avi,SoccerJuggling,8.375033333333333,4.224558181465191
v_SoccerJuggling_g13_c02.avi,SoccerJuggling,8.375033333333333,4.224558181465191
v_SoccerJuggling_g13_c03.avi,SoccerJuggling,8.375033333333333,4.224558181465191
v_SoccerJuggling_g13_c04.avi,SoccerJuggling,8.375033333333333,4.224558181465191
v_SoccerJuggling_g13_c05.avi,SoccerJuggling,10.01,4.224558181465191
v_SoccerJuggling_g14_c01.avi,SoccerJuggling,8.008000000000001,4.224558181465191
v_SoccerJuggling_g14_c02.avi,SoccerJuggling,8.008000000000001,4.224558181465191
v_SoccerJuggling_g14_c03.avi,SoccerJuggling,8.008000000000001,4.224558181465191
v_SoccerJuggling_g14_c04.avi,SoccerJuggling,8.008000000000001,4.224558181465191
v_SoccerJuggling_g14_c05.avi,SoccerJuggling,8.008000000000001,4.224558181465191
v_SoccerJuggling_g14_c06.avi,SoccerJuggling,8.008000000000001,4.224558181465191
v_SoccerJuggling_g14_c07.avi,SoccerJuggling,8.008000000000001,4.224558181465191
v_SoccerJuggling_g15_c01.avi,SoccerJuggling,19.986633333333334,4.224558181465191
v_SoccerJuggling_g15_c02.avi,SoccerJuggling,19.986633333333334,4.224558181465191
v_SoccerJuggling_g15_c03.avi,SoccerJuggling,19.986633333333334,4.224558181465191
v_SoccerJuggling_g15_c04.avi,SoccerJuggling,19.986633333333334,4.224558181465191
v_SoccerJuggling_g16_c01.avi,SoccerJuggling,19.986633333333334,4.224558181465191
v_SoccerJuggling_g16_c02.avi,SoccerJuggling,19.986633333333334,4.224558181465191
v_SoccerJuggling_g16_c03.avi,SoccerJuggling,19.986633333333334,4.224558181465191
v_SoccerJuggling_g16_c04.avi,SoccerJuggling,19.486133333333335,4.224558181465191
v_SoccerJuggling_g16_c05.avi,SoccerJuggling,6.7067000000000005,4.224558181465191
v_SoccerJuggling_g16_c06.avi,SoccerJuggling,10.276933333333334,4.224558181465191
v_SoccerJuggling_g16_c07.avi,SoccerJuggling,8.008000000000001,4.224558181465191
v_SoccerJuggling_g17_c01.avi,SoccerJuggling,6.7067000000000005,4.224558181465191
v_SoccerJuggling_g17_c02.avi,SoccerJuggling,6.7067000000000005,4.224558181465191
v_SoccerJuggling_g17_c03.avi,SoccerJuggling,6.7067000000000005,4.224558181465191
v_SoccerJuggling_g17_c04.avi,SoccerJuggling,6.7067000000000005,4.224558181465191
v_SoccerJuggling_g17_c05.avi,SoccerJuggling,10.01,4.224558181465191
v_SoccerJuggling_g17_c06.avi,SoccerJuggling,11.144466666666666,4.224558181465191
v_SoccerJuggling_g17_c07.avi,SoccerJuggling,10.01,4.224558181465191
v_SoccerJuggling_g18_c01.avi,SoccerJuggling,10.043366666666667,4.224558181465191
v_SoccerJuggling_g18_c02.avi,SoccerJuggling,10.043366666666667,4.224558181465191
v_SoccerJuggling_g18_c03.avi,SoccerJuggling,10.043366666666667,4.224558181465191
v_SoccerJuggling_g18_c04.avi,SoccerJuggling,10.043366666666667,4.224558181465191
v_SoccerJuggling_g18_c05.avi,SoccerJuggling,12.012,4.224558181465191
v_SoccerJuggling_g18_c06.avi,SoccerJuggling,12.012,4.224558181465191
v_SoccerJuggling_g18_c07.avi,SoccerJuggling,12.012,4.224558181465191
v_SoccerJuggling_g19_c01.avi,SoccerJuggling,12.579233333333333,4.224558181465191
v_SoccerJuggling_g19_c02.avi,SoccerJuggling,7.374033333333333,4.224558181465191
v_SoccerJuggling_g19_c03.avi,SoccerJuggling,9.776433333333333,4.224558181465191
v_SoccerJuggling_g19_c04.avi,SoccerJuggling,9.3093,4.224558181465191
v_SoccerJuggling_g19_c05.avi,SoccerJuggling,10.043366666666667,4.224558181465191
v_SoccerJuggling_g19_c06.avi,SoccerJuggling,10.01,4.224558181465191
v_SoccerJuggling_g19_c07.avi,SoccerJuggling,10.01,4.224558181465191
v_SoccerJuggling_g20_c01.avi,SoccerJuggling,10.043366666666667,4.224558181465191
v_SoccerJuggling_g20_c02.avi,SoccerJuggling,10.043366666666667,4.224558181465191
v_SoccerJuggling_g20_c03.avi,SoccerJuggling,6.7067000000000005,4.224558181465191
v_SoccerJuggling_g20_c04.avi,SoccerJuggling,6.7067000000000005,4.224558181465191
v_SoccerJuggling_g20_c05.avi,SoccerJuggling,8.008000000000001,4.224558181465191
v_SoccerJuggling_g20_c06.avi,SoccerJuggling,8.008000000000001,4.224558181465191
v_SoccerJuggling_g21_c01.avi,SoccerJuggling,13.880533333333334,4.224558181465191
v_SoccerJuggling_g21_c02.avi,SoccerJuggling,13.880533333333334,4.224558181465191
v_SoccerJuggling_g21_c03.avi,SoccerJuggling,2.769433333333333,4.224558181465191
v_SoccerJuggling_g21_c04.avi,SoccerJuggling,13.880533333333334,4.224558181465191
v_SoccerJuggling_g21_c05.avi,SoccerJuggling,8.008000000000001,4.224558181465191
v_SoccerJuggling_g22_c01.avi,SoccerJuggling,8.375033333333333,4.224558181465191
v_SoccerJuggling_g22_c02.avi,SoccerJuggling,8.375033333333333,4.224558181465191
v_SoccerJuggling_g22_c03.avi,SoccerJuggling,8.675333333333333,4.224558181465191
v_SoccerJuggling_g22_c04.avi,SoccerJuggling,6.7067000000000005,4.224558181465191
v_SoccerJuggling_g22_c05.avi,SoccerJuggling,6.7067000000000005,4.224558181465191
v_SoccerJuggling_g22_c06.avi,SoccerJuggling,6.7067000000000005,4.224558181465191
v_SoccerJuggling_g22_c07.avi,SoccerJuggling,6.7067000000000005,4.224558181465191
v_SoccerJuggling_g23_c01.avi,SoccerJuggling,8.008000000000001,4.224558181465191
v_SoccerJuggling_g23_c02.avi,SoccerJuggling,8.008000000000001,4.224558181465191
v_SoccerJuggling_g23_c03.avi,SoccerJuggling,8.008000000000001,4.224558181465191
v_SoccerJuggling_g23_c04.avi,SoccerJuggling,8.008000000000001,4.224558181465191
v_SoccerJuggling_g23_c05.avi,SoccerJuggling,8.008000000000001,4.224558181465191
v_SoccerJuggling_g23_c06.avi,SoccerJuggling,7.374033333333333,4.224558181465191
v_SoccerJuggling_g24_c01.avi,SoccerJuggling,8.375033333333333,4.224558181465191
v_SoccerJuggling_g24_c02.avi,SoccerJuggling,8.375033333333333,4.224558181465191
v_SoccerJuggling_g24_c03.avi,SoccerJuggling,8.375033333333333,4.224558181465191
v_SoccerJuggling_g24_c04.avi,SoccerJuggling,8.375033333333333,4.224558181465191
v_SoccerJuggling_g24_c05.avi,SoccerJuggling,12.012,4.224558181465191
v_SoccerJuggling_g24_c06.avi,SoccerJuggling,10.01,4.224558181465191
v_SoccerJuggling_g24_c07.avi,SoccerJuggling,10.01,4.224558181465191
v_SoccerJuggling_g25_c01.avi,SoccerJuggling,3.636966666666667,4.224558181465191
v_SoccerJuggling_g25_c02.avi,SoccerJuggling,7.574233333333334,4.224558181465191
v_SoccerJuggling_g25_c03.avi,SoccerJuggling,8.375033333333333,4.224558181465191
v_SoccerJuggling_g25_c04.avi,SoccerJuggling,4.571233333333334,4.224558181465191
v_SoccerJuggling_g25_c05.avi,SoccerJuggling,4.771433333333333,4.224558181465191
v_SoccerJuggling_g25_c06.avi,SoccerJuggling,4.671333333333333,4.224558181465191
v_SoccerPenalty_g01_c01.avi,SoccerPenalty,6.12,1.0122696823636206
v_SoccerPenalty_g01_c02.avi,SoccerPenalty,5.52,1.0122696823636206
v_SoccerPenalty_g01_c03.avi,SoccerPenalty,5.92,1.0122696823636206
v_SoccerPenalty_g01_c04.avi,SoccerPenalty,5.28,1.0122696823636206
v_SoccerPenalty_g01_c05.avi,SoccerPenalty,4.2,1.0122696823636206
v_SoccerPenalty_g01_c06.avi,SoccerPenalty,3.68,1.0122696823636206
v_SoccerPenalty_g02_c01.avi,SoccerPenalty,4.72,1.0122696823636206
v_SoccerPenalty_g02_c02.avi,SoccerPenalty,4.0,1.0122696823636206
v_SoccerPenalty_g02_c03.avi,SoccerPenalty,3.64,1.0122696823636206
v_SoccerPenalty_g02_c04.avi,SoccerPenalty,4.84,1.0122696823636206
v_SoccerPenalty_g02_c05.avi,SoccerPenalty,4.0,1.0122696823636206
v_SoccerPenalty_g03_c01.avi,SoccerPenalty,3.92,1.0122696823636206
v_SoccerPenalty_g03_c02.avi,SoccerPenalty,3.84,1.0122696823636206
v_SoccerPenalty_g03_c03.avi,SoccerPenalty,5.52,1.0122696823636206
v_SoccerPenalty_g03_c04.avi,SoccerPenalty,3.92,1.0122696823636206
v_SoccerPenalty_g03_c05.avi,SoccerPenalty,2.8,1.0122696823636206
v_SoccerPenalty_g04_c01.avi,SoccerPenalty,2.32,1.0122696823636206
v_SoccerPenalty_g04_c02.avi,SoccerPenalty,2.88,1.0122696823636206
v_SoccerPenalty_g04_c03.avi,SoccerPenalty,2.8,1.0122696823636206
v_SoccerPenalty_g04_c04.avi,SoccerPenalty,3.32,1.0122696823636206
v_SoccerPenalty_g04_c05.avi,SoccerPenalty,4.6,1.0122696823636206
v_SoccerPenalty_g05_c01.avi,SoccerPenalty,3.76,1.0122696823636206
v_SoccerPenalty_g05_c02.avi,SoccerPenalty,3.12,1.0122696823636206
v_SoccerPenalty_g05_c03.avi,SoccerPenalty,3.56,1.0122696823636206
v_SoccerPenalty_g05_c04.avi,SoccerPenalty,3.16,1.0122696823636206
v_SoccerPenalty_g05_c05.avi,SoccerPenalty,4.0,1.0122696823636206
v_SoccerPenalty_g05_c06.avi,SoccerPenalty,3.0,1.0122696823636206
v_SoccerPenalty_g05_c07.avi,SoccerPenalty,5.48,1.0122696823636206
v_SoccerPenalty_g06_c01.avi,SoccerPenalty,4.04,1.0122696823636206
v_SoccerPenalty_g06_c02.avi,SoccerPenalty,2.0,1.0122696823636206
v_SoccerPenalty_g06_c03.avi,SoccerPenalty,2.6,1.0122696823636206
v_SoccerPenalty_g06_c04.avi,SoccerPenalty,2.2,1.0122696823636206
v_SoccerPenalty_g06_c05.avi,SoccerPenalty,2.4,1.0122696823636206
v_SoccerPenalty_g06_c06.avi,SoccerPenalty,3.44,1.0122696823636206
v_SoccerPenalty_g06_c07.avi,SoccerPenalty,2.48,1.0122696823636206
v_SoccerPenalty_g07_c01.avi,SoccerPenalty,2.4,1.0122696823636206
v_SoccerPenalty_g07_c02.avi,SoccerPenalty,5.84,1.0122696823636206
v_SoccerPenalty_g07_c03.avi,SoccerPenalty,2.92,1.0122696823636206
v_SoccerPenalty_g07_c04.avi,SoccerPenalty,2.84,1.0122696823636206
v_SoccerPenalty_g07_c05.avi,SoccerPenalty,2.8,1.0122696823636206
v_SoccerPenalty_g07_c06.avi,SoccerPenalty,3.84,1.0122696823636206
v_SoccerPenalty_g08_c01.avi,SoccerPenalty,4.4,1.0122696823636206
v_SoccerPenalty_g08_c02.avi,SoccerPenalty,3.48,1.0122696823636206
v_SoccerPenalty_g08_c03.avi,SoccerPenalty,5.16,1.0122696823636206
v_SoccerPenalty_g08_c04.avi,SoccerPenalty,6.76,1.0122696823636206
v_SoccerPenalty_g08_c05.avi,SoccerPenalty,5.0,1.0122696823636206
v_SoccerPenalty_g08_c06.avi,SoccerPenalty,3.28,1.0122696823636206
v_SoccerPenalty_g09_c01.avi,SoccerPenalty,4.12,1.0122696823636206
v_SoccerPenalty_g09_c02.avi,SoccerPenalty,3.68,1.0122696823636206
v_SoccerPenalty_g09_c03.avi,SoccerPenalty,4.76,1.0122696823636206
v_SoccerPenalty_g09_c04.avi,SoccerPenalty,3.64,1.0122696823636206
v_SoccerPenalty_g09_c05.avi,SoccerPenalty,5.84,1.0122696823636206
v_SoccerPenalty_g10_c01.avi,SoccerPenalty,3.6,1.0122696823636206
v_SoccerPenalty_g10_c02.avi,SoccerPenalty,2.84,1.0122696823636206
v_SoccerPenalty_g10_c03.avi,SoccerPenalty,4.76,1.0122696823636206
v_SoccerPenalty_g10_c04.avi,SoccerPenalty,5.6,1.0122696823636206
v_SoccerPenalty_g10_c05.avi,SoccerPenalty,5.24,1.0122696823636206
v_SoccerPenalty_g11_c01.avi,SoccerPenalty,4.6,1.0122696823636206
v_SoccerPenalty_g11_c02.avi,SoccerPenalty,5.52,1.0122696823636206
v_SoccerPenalty_g11_c03.avi,SoccerPenalty,3.88,1.0122696823636206
v_SoccerPenalty_g11_c04.avi,SoccerPenalty,3.08,1.0122696823636206
v_SoccerPenalty_g11_c05.avi,SoccerPenalty,4.2,1.0122696823636206
v_SoccerPenalty_g12_c01.avi,SoccerPenalty,3.24,1.0122696823636206
v_SoccerPenalty_g12_c02.avi,SoccerPenalty,3.76,1.0122696823636206
v_SoccerPenalty_g12_c03.avi,SoccerPenalty,2.4,1.0122696823636206
v_SoccerPenalty_g12_c04.avi,SoccerPenalty,3.04,1.0122696823636206
v_SoccerPenalty_g12_c05.avi,SoccerPenalty,3.0,1.0122696823636206
v_SoccerPenalty_g12_c06.avi,SoccerPenalty,1.8,1.0122696823636206
v_SoccerPenalty_g12_c07.avi,SoccerPenalty,2.6,1.0122696823636206
v_SoccerPenalty_g13_c01.avi,SoccerPenalty,3.92,1.0122696823636206
v_SoccerPenalty_g13_c02.avi,SoccerPenalty,3.48,1.0122696823636206
v_SoccerPenalty_g13_c03.avi,SoccerPenalty,3.16,1.0122696823636206
v_SoccerPenalty_g13_c04.avi,SoccerPenalty,3.08,1.0122696823636206
v_SoccerPenalty_g13_c05.avi,SoccerPenalty,4.08,1.0122696823636206
v_SoccerPenalty_g13_c06.avi,SoccerPenalty,3.04,1.0122696823636206
v_SoccerPenalty_g14_c01.avi,SoccerPenalty,5.6,1.0122696823636206
v_SoccerPenalty_g14_c02.avi,SoccerPenalty,5.4,1.0122696823636206
v_SoccerPenalty_g14_c03.avi,SoccerPenalty,3.48,1.0122696823636206
v_SoccerPenalty_g14_c04.avi,SoccerPenalty,3.44,1.0122696823636206
v_SoccerPenalty_g14_c05.avi,SoccerPenalty,4.68,1.0122696823636206
v_SoccerPenalty_g14_c06.avi,SoccerPenalty,5.32,1.0122696823636206
v_SoccerPenalty_g15_c01.avi,SoccerPenalty,4.0,1.0122696823636206
v_SoccerPenalty_g15_c02.avi,SoccerPenalty,4.08,1.0122696823636206
v_SoccerPenalty_g15_c03.avi,SoccerPenalty,4.4,1.0122696823636206
v_SoccerPenalty_g15_c04.avi,SoccerPenalty,3.16,1.0122696823636206
v_SoccerPenalty_g15_c05.avi,SoccerPenalty,3.12,1.0122696823636206
v_SoccerPenalty_g15_c06.avi,SoccerPenalty,3.04,1.0122696823636206
v_SoccerPenalty_g15_c07.avi,SoccerPenalty,3.44,1.0122696823636206
v_SoccerPenalty_g16_c01.avi,SoccerPenalty,5.36,1.0122696823636206
v_SoccerPenalty_g16_c02.avi,SoccerPenalty,3.56,1.0122696823636206
v_SoccerPenalty_g16_c03.avi,SoccerPenalty,5.12,1.0122696823636206
v_SoccerPenalty_g16_c04.avi,SoccerPenalty,3.6,1.0122696823636206
v_SoccerPenalty_g16_c05.avi,SoccerPenalty,4.56,1.0122696823636206
v_SoccerPenalty_g17_c01.avi,SoccerPenalty,4.0,1.0122696823636206
v_SoccerPenalty_g17_c02.avi,SoccerPenalty,3.72,1.0122696823636206
v_SoccerPenalty_g17_c03.avi,SoccerPenalty,3.92,1.0122696823636206
v_SoccerPenalty_g17_c04.avi,SoccerPenalty,3.36,1.0122696823636206
v_SoccerPenalty_g18_c01.avi,SoccerPenalty,2.84,1.0122696823636206
v_SoccerPenalty_g18_c02.avi,SoccerPenalty,4.92,1.0122696823636206
v_SoccerPenalty_g18_c03.avi,SoccerPenalty,3.2,1.0122696823636206
v_SoccerPenalty_g18_c04.avi,SoccerPenalty,2.92,1.0122696823636206
v_SoccerPenalty_g18_c05.avi,SoccerPenalty,3.64,1.0122696823636206
v_SoccerPenalty_g19_c01.avi,SoccerPenalty,3.72,1.0122696823636206
v_SoccerPenalty_g19_c02.avi,SoccerPenalty,3.88,1.0122696823636206
v_SoccerPenalty_g19_c03.avi,SoccerPenalty,3.36,1.0122696823636206
v_SoccerPenalty_g19_c04.avi,SoccerPenalty,3.6,1.0122696823636206
v_SoccerPenalty_g20_c01.avi,SoccerPenalty,5.52,1.0122696823636206
v_SoccerPenalty_g20_c02.avi,SoccerPenalty,2.8,1.0122696823636206
v_SoccerPenalty_g20_c03.avi,SoccerPenalty,7.32,1.0122696823636206
v_SoccerPenalty_g20_c04.avi,SoccerPenalty,3.44,1.0122696823636206
v_SoccerPenalty_g20_c05.avi,SoccerPenalty,4.92,1.0122696823636206
v_SoccerPenalty_g21_c01.avi,SoccerPenalty,4.92,1.0122696823636206
v_SoccerPenalty_g21_c02.avi,SoccerPenalty,2.88,1.0122696823636206
v_SoccerPenalty_g21_c03.avi,SoccerPenalty,3.84,1.0122696823636206
v_SoccerPenalty_g21_c04.avi,SoccerPenalty,2.8,1.0122696823636206
v_SoccerPenalty_g21_c05.avi,SoccerPenalty,3.28,1.0122696823636206
v_SoccerPenalty_g22_c01.avi,SoccerPenalty,2.52,1.0122696823636206
v_SoccerPenalty_g22_c02.avi,SoccerPenalty,2.84,1.0122696823636206
v_SoccerPenalty_g22_c03.avi,SoccerPenalty,3.08,1.0122696823636206
v_SoccerPenalty_g22_c04.avi,SoccerPenalty,4.04,1.0122696823636206
v_SoccerPenalty_g22_c05.avi,SoccerPenalty,3.6,1.0122696823636206
v_SoccerPenalty_g23_c01.avi,SoccerPenalty,3.08,1.0122696823636206
v_SoccerPenalty_g23_c02.avi,SoccerPenalty,4.2,1.0122696823636206
v_SoccerPenalty_g23_c03.avi,SoccerPenalty,3.36,1.0122696823636206
v_SoccerPenalty_g23_c04.avi,SoccerPenalty,3.56,1.0122696823636206
v_SoccerPenalty_g23_c05.avi,SoccerPenalty,3.84,1.0122696823636206
v_SoccerPenalty_g23_c06.avi,SoccerPenalty,4.16,1.0122696823636206
v_SoccerPenalty_g24_c01.avi,SoccerPenalty,3.28,1.0122696823636206
v_SoccerPenalty_g24_c02.avi,SoccerPenalty,3.64,1.0122696823636206
v_SoccerPenalty_g24_c03.avi,SoccerPenalty,4.64,1.0122696823636206
v_SoccerPenalty_g24_c04.avi,SoccerPenalty,3.0,1.0122696823636206
v_SoccerPenalty_g24_c05.avi,SoccerPenalty,3.48,1.0122696823636206
v_SoccerPenalty_g24_c06.avi,SoccerPenalty,3.76,1.0122696823636206
v_SoccerPenalty_g25_c01.avi,SoccerPenalty,2.56,1.0122696823636206
v_SoccerPenalty_g25_c02.avi,SoccerPenalty,4.4,1.0122696823636206
v_SoccerPenalty_g25_c03.avi,SoccerPenalty,3.92,1.0122696823636206
v_SoccerPenalty_g25_c04.avi,SoccerPenalty,3.48,1.0122696823636206
v_StillRings_g01_c01.avi,StillRings,5.0,6.549340619349597
v_StillRings_g01_c02.avi,StillRings,8.28,6.549340619349597
v_StillRings_g01_c03.avi,StillRings,5.84,6.549340619349597
v_StillRings_g01_c04.avi,StillRings,5.52,6.549340619349597
v_StillRings_g01_c05.avi,StillRings,9.44,6.549340619349597
v_StillRings_g02_c01.avi,StillRings,7.52,6.549340619349597
v_StillRings_g02_c02.avi,StillRings,3.76,6.549340619349597
v_StillRings_g02_c03.avi,StillRings,6.36,6.549340619349597
v_StillRings_g02_c04.avi,StillRings,6.24,6.549340619349597
v_StillRings_g03_c01.avi,StillRings,4.64,6.549340619349597
v_StillRings_g03_c02.avi,StillRings,4.52,6.549340619349597
v_StillRings_g03_c03.avi,StillRings,5.84,6.549340619349597
v_StillRings_g03_c04.avi,StillRings,4.92,6.549340619349597
v_StillRings_g03_c05.avi,StillRings,7.84,6.549340619349597
v_StillRings_g03_c06.avi,StillRings,10.44,6.549340619349597
v_StillRings_g03_c07.avi,StillRings,5.56,6.549340619349597
v_StillRings_g04_c01.avi,StillRings,4.52,6.549340619349597
v_StillRings_g04_c02.avi,StillRings,7.32,6.549340619349597
v_StillRings_g04_c03.avi,StillRings,7.08,6.549340619349597
v_StillRings_g04_c04.avi,StillRings,3.08,6.549340619349597
v_StillRings_g05_c01.avi,StillRings,3.44,6.549340619349597
v_StillRings_g05_c02.avi,StillRings,6.64,6.549340619349597
v_StillRings_g05_c03.avi,StillRings,4.88,6.549340619349597
v_StillRings_g05_c04.avi,StillRings,4.24,6.549340619349597
v_StillRings_g06_c01.avi,StillRings,6.2,6.549340619349597
v_StillRings_g06_c02.avi,StillRings,3.12,6.549340619349597
v_StillRings_g06_c03.avi,StillRings,5.12,6.549340619349597
v_StillRings_g06_c04.avi,StillRings,5.0,6.549340619349597
v_StillRings_g07_c01.avi,StillRings,6.48,6.549340619349597
v_StillRings_g07_c02.avi,StillRings,10.84,6.549340619349597
v_StillRings_g07_c03.avi,StillRings,9.48,6.549340619349597
v_StillRings_g07_c04.avi,StillRings,8.64,6.549340619349597
v_StillRings_g08_c01.avi,StillRings,8.28,6.549340619349597
v_StillRings_g08_c02.avi,StillRings,5.64,6.549340619349597
v_StillRings_g08_c03.avi,StillRings,7.88,6.549340619349597
v_StillRings_g08_c04.avi,StillRings,5.36,6.549340619349597
v_StillRings_g09_c01.avi,StillRings,5.92,6.549340619349597
v_StillRings_g09_c02.avi,StillRings,4.76,6.549340619349597
v_StillRings_g09_c03.avi,StillRings,4.28,6.549340619349597
v_StillRings_g09_c04.avi,StillRings,4.8,6.549340619349597
v_StillRings_g10_c01.avi,StillRings,5.48,6.549340619349597
v_StillRings_g10_c02.avi,StillRings,4.04,6.549340619349597
v_StillRings_g10_c03.avi,StillRings,4.88,6.549340619349597
v_StillRings_g10_c04.avi,StillRings,6.32,6.549340619349597
v_StillRings_g10_c05.avi,StillRings,4.36,6.549340619349597
v_StillRings_g10_c06.avi,StillRings,6.48,6.549340619349597
v_StillRings_g11_c01.avi,StillRings,6.44,6.549340619349597
v_StillRings_g11_c02.avi,StillRings,15.88,6.549340619349597
v_StillRings_g11_c03.avi,StillRings,5.4,6.549340619349597
v_StillRings_g11_c04.avi,StillRings,3.8,6.549340619349597
v_StillRings_g12_c01.avi,StillRings,8.68,6.549340619349597
v_StillRings_g12_c02.avi,StillRings,10.32,6.549340619349597
v_StillRings_g12_c03.avi,StillRings,6.68,6.549340619349597
v_StillRings_g12_c04.avi,StillRings,5.48,6.549340619349597
v_StillRings_g13_c01.avi,StillRings,13.48,6.549340619349597
v_StillRings_g13_c02.avi,StillRings,9.04,6.549340619349597
v_StillRings_g13_c03.avi,StillRings,7.52,6.549340619349597
v_StillRings_g13_c04.avi,StillRings,5.6,6.549340619349597
v_StillRings_g14_c01.avi,StillRings,6.28,6.549340619349597
v_StillRings_g14_c02.avi,StillRings,6.72,6.549340619349597
v_StillRings_g14_c03.avi,StillRings,5.56,6.549340619349597
v_StillRings_g14_c04.avi,StillRings,5.56,6.549340619349597
v_StillRings_g15_c01.avi,StillRings,6.64,6.549340619349597
v_StillRings_g15_c02.avi,StillRings,7.0,6.549340619349597
v_StillRings_g15_c03.avi,StillRings,4.12,6.549340619349597
v_StillRings_g15_c04.avi,StillRings,3.32,6.549340619349597
v_StillRings_g16_c01.avi,StillRings,4.28,6.549340619349597
v_StillRings_g16_c02.avi,StillRings,7.8,6.549340619349597
v_StillRings_g16_c03.avi,StillRings,7.2,6.549340619349597
v_StillRings_g16_c04.avi,StillRings,8.88,6.549340619349597
v_StillRings_g17_c01.avi,StillRings,8.56,6.549340619349597
v_StillRings_g17_c02.avi,StillRings,5.2,6.549340619349597
v_StillRings_g17_c03.avi,StillRings,5.28,6.549340619349597
v_StillRings_g17_c04.avi,StillRings,8.28,6.549340619349597
v_StillRings_g18_c01.avi,StillRings,8.52,6.549340619349597
v_StillRings_g18_c02.avi,StillRings,7.72,6.549340619349597
v_StillRings_g18_c03.avi,StillRings,5.88,6.549340619349597
v_StillRings_g18_c04.avi,StillRings,7.56,6.549340619349597
v_StillRings_g19_c01.avi,StillRings,7.8,6.549340619349597
v_StillRings_g19_c02.avi,StillRings,5.12,6.549340619349597
v_StillRings_g19_c03.avi,StillRings,5.2,6.549340619349597
v_StillRings_g19_c04.avi,StillRings,7.16,6.549340619349597
v_StillRings_g20_c01.avi,StillRings,7.52,6.549340619349597
v_StillRings_g20_c02.avi,StillRings,8.48,6.549340619349597
v_StillRings_g20_c03.avi,StillRings,5.92,6.549340619349597
v_StillRings_g20_c04.avi,StillRings,6.76,6.549340619349597
v_StillRings_g21_c01.avi,StillRings,8.0,6.549340619349597
v_StillRings_g21_c02.avi,StillRings,11.2,6.549340619349597
v_StillRings_g21_c03.avi,StillRings,11.04,6.549340619349597
v_StillRings_g21_c04.avi,StillRings,6.44,6.549340619349597
v_StillRings_g21_c05.avi,StillRings,71.04,6.549340619349597
v_StillRings_g21_c06.avi,StillRings,14.16,6.549340619349597
v_StillRings_g21_c07.avi,StillRings,15.8,6.549340619349597
v_StillRings_g22_c01.avi,StillRings,8.72,6.549340619349597
v_StillRings_g22_c02.avi,StillRings,10.84,6.549340619349597
v_StillRings_g22_c03.avi,StillRings,5.04,6.549340619349597
v_StillRings_g22_c04.avi,StillRings,10.84,6.549340619349597
v_StillRings_g23_c01.avi,StillRings,9.64,6.549340619349597
v_StillRings_g23_c02.avi,StillRings,10.0,6.549340619349597
v_StillRings_g23_c03.avi,StillRings,9.4,6.549340619349597
v_StillRings_g23_c04.avi,StillRings,6.0,6.549340619349597
v_StillRings_g24_c01.avi,StillRings,5.2,6.549340619349597
v_StillRings_g24_c02.avi,StillRings,5.24,6.549340619349597
v_StillRings_g24_c03.avi,StillRings,3.24,6.549340619349597
v_StillRings_g24_c04.avi,StillRings,7.36,6.549340619349597
v_StillRings_g25_c01.avi,StillRings,5.24,6.549340619349597
v_StillRings_g25_c02.avi,StillRings,7.48,6.549340619349597
v_StillRings_g25_c03.avi,StillRings,5.6,6.549340619349597
v_StillRings_g25_c04.avi,StillRings,5.32,6.549340619349597
v_StillRings_g25_c05.avi,StillRings,5.0,6.549340619349597
v_StillRings_g25_c06.avi,StillRings,6.52,6.549340619349597
v_StillRings_g25_c07.avi,StillRings,6.16,6.549340619349597
v_SumoWrestling_g01_c01.avi,SumoWrestling,9.64,2.8205779496434755
v_SumoWrestling_g01_c02.avi,SumoWrestling,6.2,2.8205779496434755
v_SumoWrestling_g01_c03.avi,SumoWrestling,4.48,2.8205779496434755
v_SumoWrestling_g01_c04.avi,SumoWrestling,6.92,2.8205779496434755
v_SumoWrestling_g02_c01.avi,SumoWrestling,10.52,2.8205779496434755
v_SumoWrestling_g02_c02.avi,SumoWrestling,4.44,2.8205779496434755
v_SumoWrestling_g02_c03.avi,SumoWrestling,7.48,2.8205779496434755
v_SumoWrestling_g02_c04.avi,SumoWrestling,11.08,2.8205779496434755
v_SumoWrestling_g03_c01.avi,SumoWrestling,4.64,2.8205779496434755
v_SumoWrestling_g03_c02.avi,SumoWrestling,9.24,2.8205779496434755
v_SumoWrestling_g03_c03.avi,SumoWrestling,10.04,2.8205779496434755
v_SumoWrestling_g03_c04.avi,SumoWrestling,10.92,2.8205779496434755
v_SumoWrestling_g04_c01.avi,SumoWrestling,6.84,2.8205779496434755
v_SumoWrestling_g04_c02.avi,SumoWrestling,10.2,2.8205779496434755
v_SumoWrestling_g04_c03.avi,SumoWrestling,9.92,2.8205779496434755
v_SumoWrestling_g04_c04.avi,SumoWrestling,4.92,2.8205779496434755
v_SumoWrestling_g05_c01.avi,SumoWrestling,5.04,2.8205779496434755
v_SumoWrestling_g05_c02.avi,SumoWrestling,11.56,2.8205779496434755
v_SumoWrestling_g05_c03.avi,SumoWrestling,8.76,2.8205779496434755
v_SumoWrestling_g05_c04.avi,SumoWrestling,9.04,2.8205779496434755
v_SumoWrestling_g06_c01.avi,SumoWrestling,9.64,2.8205779496434755
v_SumoWrestling_g06_c02.avi,SumoWrestling,6.0,2.8205779496434755
v_SumoWrestling_g06_c03.avi,SumoWrestling,2.88,2.8205779496434755
v_SumoWrestling_g06_c04.avi,SumoWrestling,12.12,2.8205779496434755
v_SumoWrestling_g06_c05.avi,SumoWrestling,4.84,2.8205779496434755
v_SumoWrestling_g06_c06.avi,SumoWrestling,9.12,2.8205779496434755
v_SumoWrestling_g06_c07.avi,SumoWrestling,10.56,2.8205779496434755
v_SumoWrestling_g07_c01.avi,SumoWrestling,4.36,2.8205779496434755
v_SumoWrestling_g07_c02.avi,SumoWrestling,10.44,2.8205779496434755
v_SumoWrestling_g07_c03.avi,SumoWrestling,6.28,2.8205779496434755
v_SumoWrestling_g07_c04.avi,SumoWrestling,4.12,2.8205779496434755
v_SumoWrestling_g07_c05.avi,SumoWrestling,9.88,2.8205779496434755
v_SumoWrestling_g07_c06.avi,SumoWrestling,9.36,2.8205779496434755
v_SumoWrestling_g07_c07.avi,SumoWrestling,7.48,2.8205779496434755
v_SumoWrestling_g08_c01.avi,SumoWrestling,5.8,2.8205779496434755
v_SumoWrestling_g08_c02.avi,SumoWrestling,7.04,2.8205779496434755
v_SumoWrestling_g08_c03.avi,SumoWrestling,3.68,2.8205779496434755
v_SumoWrestling_g08_c04.avi,SumoWrestling,2.44,2.8205779496434755
v_SumoWrestling_g08_c05.avi,SumoWrestling,10.08,2.8205779496434755
v_SumoWrestling_g08_c06.avi,SumoWrestling,9.8,2.8205779496434755
v_SumoWrestling_g08_c07.avi,SumoWrestling,9.8,2.8205779496434755
v_SumoWrestling_g09_c01.avi,SumoWrestling,9.72,2.8205779496434755
v_SumoWrestling_g09_c02.avi,SumoWrestling,6.04,2.8205779496434755
v_SumoWrestling_g09_c03.avi,SumoWrestling,5.0,2.8205779496434755
v_SumoWrestling_g09_c04.avi,SumoWrestling,6.96,2.8205779496434755
v_SumoWrestling_g10_c01.avi,SumoWrestling,12.28,2.8205779496434755
v_SumoWrestling_g10_c02.avi,SumoWrestling,12.68,2.8205779496434755
v_SumoWrestling_g10_c03.avi,SumoWrestling,7.2,2.8205779496434755
v_SumoWrestling_g10_c04.avi,SumoWrestling,10.64,2.8205779496434755
v_SumoWrestling_g11_c01.avi,SumoWrestling,5.4,2.8205779496434755
v_SumoWrestling_g11_c02.avi,SumoWrestling,10.28,2.8205779496434755
v_SumoWrestling_g11_c03.avi,SumoWrestling,10.28,2.8205779496434755
v_SumoWrestling_g11_c04.avi,SumoWrestling,4.8,2.8205779496434755
v_SumoWrestling_g12_c01.avi,SumoWrestling,10.04,2.8205779496434755
v_SumoWrestling_g12_c02.avi,SumoWrestling,9.72,2.8205779496434755
v_SumoWrestling_g12_c03.avi,SumoWrestling,10.56,2.8205779496434755
v_SumoWrestling_g12_c04.avi,SumoWrestling,10.44,2.8205779496434755
v_SumoWrestling_g12_c05.avi,SumoWrestling,3.52,2.8205779496434755
v_SumoWrestling_g13_c01.avi,SumoWrestling,4.28,2.8205779496434755
v_SumoWrestling_g13_c02.avi,SumoWrestling,4.84,2.8205779496434755
v_SumoWrestling_g13_c03.avi,SumoWrestling,4.88,2.8205779496434755
v_SumoWrestling_g13_c04.avi,SumoWrestling,5.12,2.8205779496434755
v_SumoWrestling_g13_c05.avi,SumoWrestling,8.64,2.8205779496434755
v_SumoWrestling_g14_c01.avi,SumoWrestling,4.36,2.8205779496434755
v_SumoWrestling_g14_c02.avi,SumoWrestling,5.04,2.8205779496434755
v_SumoWrestling_g14_c03.avi,SumoWrestling,11.68,2.8205779496434755
v_SumoWrestling_g14_c04.avi,SumoWrestling,4.48,2.8205779496434755
v_SumoWrestling_g15_c01.avi,SumoWrestling,10.44,2.8205779496434755
v_SumoWrestling_g15_c02.avi,SumoWrestling,8.48,2.8205779496434755
v_SumoWrestling_g15_c03.avi,SumoWrestling,10.64,2.8205779496434755
v_SumoWrestling_g15_c04.avi,SumoWrestling,9.76,2.8205779496434755
v_SumoWrestling_g16_c01.avi,SumoWrestling,7.92,2.8205779496434755
v_SumoWrestling_g16_c02.avi,SumoWrestling,9.92,2.8205779496434755
v_SumoWrestling_g16_c03.avi,SumoWrestling,5.92,2.8205779496434755
v_SumoWrestling_g16_c04.avi,SumoWrestling,11.0,2.8205779496434755
v_SumoWrestling_g17_c01.avi,SumoWrestling,4.48,2.8205779496434755
v_SumoWrestling_g17_c02.avi,SumoWrestling,3.48,2.8205779496434755
v_SumoWrestling_g17_c03.avi,SumoWrestling,6.16,2.8205779496434755
v_SumoWrestling_g17_c04.avi,SumoWrestling,3.56,2.8205779496434755
v_SumoWrestling_g17_c05.avi,SumoWrestling,9.88,2.8205779496434755
v_SumoWrestling_g18_c01.avi,SumoWrestling,5.12,2.8205779496434755
v_SumoWrestling_g18_c02.avi,SumoWrestling,3.0,2.8205779496434755
v_SumoWrestling_g18_c03.avi,SumoWrestling,6.84,2.8205779496434755
v_SumoWrestling_g18_c04.avi,SumoWrestling,8.04,2.8205779496434755
v_SumoWrestling_g18_c05.avi,SumoWrestling,9.4,2.8205779496434755
v_SumoWrestling_g18_c06.avi,SumoWrestling,12.04,2.8205779496434755
v_SumoWrestling_g18_c07.avi,SumoWrestling,4.44,2.8205779496434755
v_SumoWrestling_g19_c01.avi,SumoWrestling,4.04,2.8205779496434755
v_SumoWrestling_g19_c02.avi,SumoWrestling,9.24,2.8205779496434755
v_SumoWrestling_g19_c03.avi,SumoWrestling,9.0,2.8205779496434755
v_SumoWrestling_g19_c04.avi,SumoWrestling,8.0,2.8205779496434755
v_SumoWrestling_g19_c05.avi,SumoWrestling,13.0,2.8205779496434755
v_SumoWrestling_g20_c01.avi,SumoWrestling,9.12,2.8205779496434755
v_SumoWrestling_g20_c02.avi,SumoWrestling,3.0,2.8205779496434755
v_SumoWrestling_g20_c03.avi,SumoWrestling,9.0,2.8205779496434755
v_SumoWrestling_g20_c04.avi,SumoWrestling,11.0,2.8205779496434755
v_SumoWrestling_g21_c01.avi,SumoWrestling,3.68,2.8205779496434755
v_SumoWrestling_g21_c02.avi,SumoWrestling,6.2,2.8205779496434755
v_SumoWrestling_g21_c03.avi,SumoWrestling,11.08,2.8205779496434755
v_SumoWrestling_g21_c04.avi,SumoWrestling,7.0,2.8205779496434755
v_SumoWrestling_g22_c01.avi,SumoWrestling,12.08,2.8205779496434755
v_SumoWrestling_g22_c02.avi,SumoWrestling,12.0,2.8205779496434755
v_SumoWrestling_g22_c03.avi,SumoWrestling,11.0,2.8205779496434755
v_SumoWrestling_g22_c04.avi,SumoWrestling,10.0,2.8205779496434755
v_SumoWrestling_g23_c01.avi,SumoWrestling,8.6,2.8205779496434755
v_SumoWrestling_g23_c02.avi,SumoWrestling,4.6,2.8205779496434755
v_SumoWrestling_g23_c03.avi,SumoWrestling,10.0,2.8205779496434755
v_SumoWrestling_g23_c04.avi,SumoWrestling,4.6,2.8205779496434755
v_SumoWrestling_g24_c01.avi,SumoWrestling,11.12,2.8205779496434755
v_SumoWrestling_g24_c02.avi,SumoWrestling,10.08,2.8205779496434755
v_SumoWrestling_g24_c03.avi,SumoWrestling,10.0,2.8205779496434755
v_SumoWrestling_g24_c04.avi,SumoWrestling,5.0,2.8205779496434755
v_SumoWrestling_g25_c01.avi,SumoWrestling,5.4,2.8205779496434755
v_SumoWrestling_g25_c02.avi,SumoWrestling,7.0,2.8205779496434755
v_SumoWrestling_g25_c03.avi,SumoWrestling,5.0,2.8205779496434755
v_SumoWrestling_g25_c04.avi,SumoWrestling,12.0,2.8205779496434755
v_Surfing_g01_c01.avi,Surfing,10.16,2.5151310786631265
v_Surfing_g01_c02.avi,Surfing,8.12,2.5151310786631265
v_Surfing_g01_c03.avi,Surfing,8.8,2.5151310786631265
v_Surfing_g01_c04.avi,Surfing,11.32,2.5151310786631265
v_Surfing_g01_c05.avi,Surfing,4.72,2.5151310786631265
v_Surfing_g01_c06.avi,Surfing,8.52,2.5151310786631265
v_Surfing_g01_c07.avi,Surfing,9.4,2.5151310786631265
v_Surfing_g02_c01.avi,Surfing,6.32,2.5151310786631265
v_Surfing_g02_c02.avi,Surfing,3.76,2.5151310786631265
v_Surfing_g02_c03.avi,Surfing,11.16,2.5151310786631265
v_Surfing_g02_c04.avi,Surfing,9.72,2.5151310786631265
v_Surfing_g02_c05.avi,Surfing,6.72,2.5151310786631265
v_Surfing_g02_c06.avi,Surfing,11.12,2.5151310786631265
v_Surfing_g03_c01.avi,Surfing,5.0,2.5151310786631265
v_Surfing_g03_c02.avi,Surfing,5.08,2.5151310786631265
v_Surfing_g03_c03.avi,Surfing,5.0,2.5151310786631265
v_Surfing_g03_c04.avi,Surfing,5.36,2.5151310786631265
v_Surfing_g04_c01.avi,Surfing,4.52,2.5151310786631265
v_Surfing_g04_c02.avi,Surfing,7.04,2.5151310786631265
v_Surfing_g04_c03.avi,Surfing,5.76,2.5151310786631265
v_Surfing_g04_c04.avi,Surfing,5.28,2.5151310786631265
v_Surfing_g05_c01.avi,Surfing,9.48,2.5151310786631265
v_Surfing_g05_c02.avi,Surfing,11.88,2.5151310786631265
v_Surfing_g05_c03.avi,Surfing,11.08,2.5151310786631265
v_Surfing_g05_c04.avi,Surfing,9.64,2.5151310786631265
v_Surfing_g06_c01.avi,Surfing,10.6,2.5151310786631265
v_Surfing_g06_c02.avi,Surfing,10.6,2.5151310786631265
v_Surfing_g06_c03.avi,Surfing,5.0,2.5151310786631265
v_Surfing_g06_c04.avi,Surfing,5.56,2.5151310786631265
v_Surfing_g07_c01.avi,Surfing,10.56,2.5151310786631265
v_Surfing_g07_c02.avi,Surfing,9.64,2.5151310786631265
v_Surfing_g07_c03.avi,Surfing,7.84,2.5151310786631265
v_Surfing_g07_c04.avi,Surfing,8.52,2.5151310786631265
v_Surfing_g08_c01.avi,Surfing,7.68,2.5151310786631265
v_Surfing_g08_c02.avi,Surfing,13.0,2.5151310786631265
v_Surfing_g08_c03.avi,Surfing,13.48,2.5151310786631265
v_Surfing_g08_c04.avi,Surfing,9.48,2.5151310786631265
v_Surfing_g08_c05.avi,Surfing,10.68,2.5151310786631265
v_Surfing_g08_c06.avi,Surfing,9.96,2.5151310786631265
v_Surfing_g08_c07.avi,Surfing,10.56,2.5151310786631265
v_Surfing_g09_c01.avi,Surfing,8.24,2.5151310786631265
v_Surfing_g09_c02.avi,Surfing,10.24,2.5151310786631265
v_Surfing_g09_c03.avi,Surfing,8.76,2.5151310786631265
v_Surfing_g09_c04.avi,Surfing,5.68,2.5151310786631265
v_Surfing_g09_c05.avi,Surfing,10.2,2.5151310786631265
v_Surfing_g10_c01.avi,Surfing,9.76,2.5151310786631265
v_Surfing_g10_c02.avi,Surfing,9.6,2.5151310786631265
v_Surfing_g10_c03.avi,Surfing,5.04,2.5151310786631265
v_Surfing_g10_c04.avi,Surfing,10.64,2.5151310786631265
v_Surfing_g10_c05.avi,Surfing,10.12,2.5151310786631265
v_Surfing_g10_c06.avi,Surfing,7.64,2.5151310786631265
v_Surfing_g11_c01.avi,Surfing,7.84,2.5151310786631265
v_Surfing_g11_c02.avi,Surfing,10.2,2.5151310786631265
v_Surfing_g11_c03.avi,Surfing,6.0,2.5151310786631265
v_Surfing_g11_c04.avi,Surfing,7.12,2.5151310786631265
v_Surfing_g12_c01.avi,Surfing,14.56,2.5151310786631265
v_Surfing_g12_c02.avi,Surfing,10.04,2.5151310786631265
v_Surfing_g12_c03.avi,Surfing,8.4,2.5151310786631265
v_Surfing_g12_c04.avi,Surfing,9.04,2.5151310786631265
v_Surfing_g12_c05.avi,Surfing,8.4,2.5151310786631265
v_Surfing_g12_c06.avi,Surfing,6.72,2.5151310786631265
v_Surfing_g12_c07.avi,Surfing,10.68,2.5151310786631265
v_Surfing_g13_c01.avi,Surfing,8.16,2.5151310786631265
v_Surfing_g13_c02.avi,Surfing,9.84,2.5151310786631265
v_Surfing_g13_c03.avi,Surfing,7.0,2.5151310786631265
v_Surfing_g13_c04.avi,Surfing,5.04,2.5151310786631265
v_Surfing_g13_c05.avi,Surfing,9.96,2.5151310786631265
v_Surfing_g14_c01.avi,Surfing,7.08,2.5151310786631265
v_Surfing_g14_c02.avi,Surfing,8.2,2.5151310786631265
v_Surfing_g14_c03.avi,Surfing,6.0,2.5151310786631265
v_Surfing_g14_c04.avi,Surfing,8.44,2.5151310786631265
v_Surfing_g15_c01.avi,Surfing,6.2,2.5151310786631265
v_Surfing_g15_c02.avi,Surfing,6.52,2.5151310786631265
v_Surfing_g15_c03.avi,Surfing,4.36,2.5151310786631265
v_Surfing_g15_c04.avi,Surfing,5.08,2.5151310786631265
v_Surfing_g15_c05.avi,Surfing,5.68,2.5151310786631265
v_Surfing_g15_c06.avi,Surfing,7.12,2.5151310786631265
v_Surfing_g15_c07.avi,Surfing,6.32,2.5151310786631265
v_Surfing_g16_c01.avi,Surfing,10.36,2.5151310786631265
v_Surfing_g16_c02.avi,Surfing,9.56,2.5151310786631265
v_Surfing_g16_c03.avi,Surfing,10.04,2.5151310786631265
v_Surfing_g16_c04.avi,Surfing,9.92,2.5151310786631265
v_Surfing_g16_c05.avi,Surfing,10.12,2.5151310786631265
v_Surfing_g16_c06.avi,Surfing,9.92,2.5151310786631265
v_Surfing_g16_c07.avi,Surfing,9.44,2.5151310786631265
v_Surfing_g17_c01.avi,Surfing,9.28,2.5151310786631265
v_Surfing_g17_c02.avi,Surfing,10.0,2.5151310786631265
v_Surfing_g17_c03.avi,Surfing,10.04,2.5151310786631265
v_Surfing_g17_c04.avi,Surfing,6.88,2.5151310786631265
v_Surfing_g17_c05.avi,Surfing,7.72,2.5151310786631265
v_Surfing_g17_c06.avi,Surfing,9.84,2.5151310786631265
v_Surfing_g17_c07.avi,Surfing,9.16,2.5151310786631265
v_Surfing_g18_c01.avi,Surfing,5.0,2.5151310786631265
v_Surfing_g18_c02.avi,Surfing,6.2,2.5151310786631265
v_Surfing_g18_c03.avi,Surfing,3.0,2.5151310786631265
v_Surfing_g18_c04.avi,Surfing,4.76,2.5151310786631265
v_Surfing_g19_c01.avi,Surfing,13.2,2.5151310786631265
v_Surfing_g19_c02.avi,Surfing,9.28,2.5151310786631265
v_Surfing_g19_c03.avi,Surfing,6.96,2.5151310786631265
v_Surfing_g19_c04.avi,Surfing,10.64,2.5151310786631265
v_Surfing_g20_c01.avi,Surfing,10.88,2.5151310786631265
v_Surfing_g20_c02.avi,Surfing,9.72,2.5151310786631265
v_Surfing_g20_c03.avi,Surfing,6.56,2.5151310786631265
v_Surfing_g20_c04.avi,Surfing,10.28,2.5151310786631265
v_Surfing_g20_c05.avi,Surfing,9.84,2.5151310786631265
v_Surfing_g20_c06.avi,Surfing,10.36,2.5151310786631265
v_Surfing_g21_c01.avi,Surfing,5.2,2.5151310786631265
v_Surfing_g21_c02.avi,Surfing,7.44,2.5151310786631265
v_Surfing_g21_c03.avi,Surfing,5.48,2.5151310786631265
v_Surfing_g21_c04.avi,Surfing,6.08,2.5151310786631265
v_Surfing_g22_c01.avi,Surfing,3.0,2.5151310786631265
v_Surfing_g22_c02.avi,Surfing,3.0,2.5151310786631265
v_Surfing_g22_c03.avi,Surfing,3.0,2.5151310786631265
v_Surfing_g22_c04.avi,Surfing,3.0,2.5151310786631265
v_Surfing_g23_c01.avi,Surfing,5.16,2.5151310786631265
v_Surfing_g23_c02.avi,Surfing,4.04,2.5151310786631265
v_Surfing_g23_c03.avi,Surfing,4.56,2.5151310786631265
v_Surfing_g23_c04.avi,Surfing,7.44,2.5151310786631265
v_Surfing_g24_c01.avi,Surfing,9.96,2.5151310786631265
v_Surfing_g24_c02.avi,Surfing,9.88,2.5151310786631265
v_Surfing_g24_c03.avi,Surfing,9.8,2.5151310786631265
v_Surfing_g24_c04.avi,Surfing,10.0,2.5151310786631265
v_Surfing_g25_c01.avi,Surfing,4.44,2.5151310786631265
v_Surfing_g25_c02.avi,Surfing,6.12,2.5151310786631265
v_Surfing_g25_c03.avi,Surfing,5.12,2.5151310786631265
v_Surfing_g25_c04.avi,Surfing,7.08,2.5151310786631265
v_Swing_g01_c01.avi,Swing,6.72,2.460352532875048
v_Swing_g01_c02.avi,Swing,6.72,2.460352532875048
v_Swing_g01_c03.avi,Swing,6.72,2.460352532875048
v_Swing_g01_c04.avi,Swing,5.04,2.460352532875048
v_Swing_g01_c05.avi,Swing,8.04,2.460352532875048
v_Swing_g02_c01.avi,Swing,5.44,2.460352532875048
v_Swing_g02_c02.avi,Swing,13.4,2.460352532875048
v_Swing_g02_c03.avi,Swing,12.0,2.460352532875048
v_Swing_g02_c04.avi,Swing,13.4,2.460352532875048
v_Swing_g02_c05.avi,Swing,8.04,2.460352532875048
v_Swing_g03_c01.avi,Swing,5.8,2.460352532875048
v_Swing_g03_c02.avi,Swing,5.8,2.460352532875048
v_Swing_g03_c03.avi,Swing,5.8,2.460352532875048
v_Swing_g03_c04.avi,Swing,5.8,2.460352532875048
v_Swing_g04_c01.avi,Swing,5.04,2.460352532875048
v_Swing_g04_c02.avi,Swing,5.04,2.460352532875048
v_Swing_g04_c03.avi,Swing,6.72,2.460352532875048
v_Swing_g04_c04.avi,Swing,6.72,2.460352532875048
v_Swing_g04_c05.avi,Swing,6.04,2.460352532875048
v_Swing_g04_c06.avi,Swing,8.04,2.460352532875048
v_Swing_g04_c07.avi,Swing,8.04,2.460352532875048
v_Swing_g05_c01.avi,Swing,4.36,2.460352532875048
v_Swing_g05_c02.avi,Swing,4.36,2.460352532875048
v_Swing_g05_c03.avi,Swing,4.36,2.460352532875048
v_Swing_g05_c04.avi,Swing,4.36,2.460352532875048
v_Swing_g05_c05.avi,Swing,8.04,2.460352532875048
v_Swing_g05_c06.avi,Swing,8.04,2.460352532875048
v_Swing_g05_c07.avi,Swing,8.04,2.460352532875048
v_Swing_g06_c01.avi,Swing,5.04,2.460352532875048
v_Swing_g06_c02.avi,Swing,5.04,2.460352532875048
v_Swing_g06_c03.avi,Swing,5.04,2.460352532875048
v_Swing_g06_c04.avi,Swing,5.04,2.460352532875048
v_Swing_g06_c05.avi,Swing,6.04,2.460352532875048
v_Swing_g06_c06.avi,Swing,6.04,2.460352532875048
v_Swing_g06_c07.avi,Swing,2.04,2.460352532875048
v_Swing_g07_c01.avi,Swing,5.04,2.460352532875048
v_Swing_g07_c02.avi,Swing,10.04,2.460352532875048
v_Swing_g07_c03.avi,Swing,10.04,2.460352532875048
v_Swing_g07_c04.avi,Swing,8.04,2.460352532875048
v_Swing_g07_c05.avi,Swing,6.04,2.460352532875048
v_Swing_g07_c06.avi,Swing,6.44,2.460352532875048
v_Swing_g07_c07.avi,Swing,6.04,2.460352532875048
v_Swing_g08_c01.avi,Swing,6.4,2.460352532875048
v_Swing_g08_c02.avi,Swing,6.4,2.460352532875048
v_Swing_g08_c03.avi,Swing,6.4,2.460352532875048
v_Swing_g08_c04.avi,Swing,6.4,2.460352532875048
v_Swing_g08_c05.avi,Swing,6.76,2.460352532875048
v_Swing_g09_c01.avi,Swing,5.04,2.460352532875048
v_Swing_g09_c02.avi,Swing,5.04,2.460352532875048
v_Swing_g09_c03.avi,Swing,5.04,2.460352532875048
v_Swing_g09_c04.avi,Swing,5.04,2.460352532875048
v_Swing_g09_c05.avi,Swing,6.04,2.460352532875048
v_Swing_g09_c06.avi,Swing,5.6,2.460352532875048
v_Swing_g10_c01.avi,Swing,10.04,2.460352532875048
v_Swing_g10_c02.avi,Swing,10.04,2.460352532875048
v_Swing_g10_c03.avi,Swing,10.04,2.460352532875048
v_Swing_g10_c04.avi,Swing,9.24,2.460352532875048
v_Swing_g11_c01.avi,Swing,5.04,2.460352532875048
v_Swing_g11_c02.avi,Swing,5.04,2.460352532875048
v_Swing_g11_c03.avi,Swing,5.04,2.460352532875048
v_Swing_g11_c04.avi,Swing,5.04,2.460352532875048
v_Swing_g11_c05.avi,Swing,6.04,2.460352532875048
v_Swing_g11_c06.avi,Swing,10.04,2.460352532875048
v_Swing_g12_c01.avi,Swing,5.04,2.460352532875048
v_Swing_g12_c02.avi,Swing,5.04,2.460352532875048
v_Swing_g12_c03.avi,Swing,5.04,2.460352532875048
v_Swing_g12_c04.avi,Swing,5.04,2.460352532875048
v_Swing_g13_c01.avi,Swing,6.4,2.460352532875048
v_Swing_g13_c02.avi,Swing,6.4,2.460352532875048
v_Swing_g13_c03.avi,Swing,6.4,2.460352532875048
v_Swing_g13_c04.avi,Swing,6.4,2.460352532875048
v_Swing_g14_c01.avi,Swing,4.52,2.460352532875048
v_Swing_g14_c02.avi,Swing,6.04,2.460352532875048
v_Swing_g14_c03.avi,Swing,6.04,2.460352532875048
v_Swing_g14_c04.avi,Swing,6.04,2.460352532875048
v_Swing_g14_c05.avi,Swing,6.04,2.460352532875048
v_Swing_g15_c01.avi,Swing,3.52,2.460352532875048
v_Swing_g15_c02.avi,Swing,3.52,2.460352532875048
v_Swing_g15_c03.avi,Swing,3.52,2.460352532875048
v_Swing_g15_c04.avi,Swing,3.52,2.460352532875048
v_Swing_g15_c05.avi,Swing,8.04,2.460352532875048
v_Swing_g15_c06.avi,Swing,8.04,2.460352532875048
v_Swing_g15_c07.avi,Swing,8.04,2.460352532875048
v_Swing_g16_c01.avi,Swing,5.04,2.460352532875048
v_Swing_g16_c02.avi,Swing,5.04,2.460352532875048
v_Swing_g16_c03.avi,Swing,4.36,2.460352532875048
v_Swing_g16_c04.avi,Swing,4.36,2.460352532875048
v_Swing_g16_c05.avi,Swing,6.04,2.460352532875048
v_Swing_g17_c01.avi,Swing,6.4,2.460352532875048
v_Swing_g17_c02.avi,Swing,6.72,2.460352532875048
v_Swing_g17_c03.avi,Swing,6.4,2.460352532875048
v_Swing_g17_c04.avi,Swing,6.4,2.460352532875048
v_Swing_g18_c01.avi,Swing,13.4,2.460352532875048
v_Swing_g18_c02.avi,Swing,13.4,2.460352532875048
v_Swing_g18_c03.avi,Swing,13.4,2.460352532875048
v_Swing_g18_c04.avi,Swing,9.92,2.460352532875048
v_Swing_g19_c01.avi,Swing,11.04,2.460352532875048
v_Swing_g19_c02.avi,Swing,11.04,2.460352532875048
v_Swing_g19_c03.avi,Swing,11.04,2.460352532875048
v_Swing_g19_c04.avi,Swing,6.4,2.460352532875048
v_Swing_g20_c01.avi,Swing,6.04,2.460352532875048
v_Swing_g20_c02.avi,Swing,6.04,2.460352532875048
v_Swing_g20_c03.avi,Swing,3.52,2.460352532875048
v_Swing_g20_c04.avi,Swing,3.52,2.460352532875048
v_Swing_g20_c05.avi,Swing,6.04,2.460352532875048
v_Swing_g20_c06.avi,Swing,6.04,2.460352532875048
v_Swing_g21_c01.avi,Swing,6.72,2.460352532875048
v_Swing_g21_c02.avi,Swing,6.72,2.460352532875048
v_Swing_g21_c03.avi,Swing,6.72,2.460352532875048
v_Swing_g21_c04.avi,Swing,6.04,2.460352532875048
v_Swing_g21_c05.avi,Swing,8.04,2.460352532875048
v_Swing_g21_c06.avi,Swing,8.04,2.460352532875048
v_Swing_g22_c01.avi,Swing,6.04,2.460352532875048
v_Swing_g22_c02.avi,Swing,8.04,2.460352532875048
v_Swing_g22_c03.avi,Swing,7.64,2.460352532875048
v_Swing_g22_c04.avi,Swing,4.04,2.460352532875048
v_Swing_g22_c05.avi,Swing,6.28,2.460352532875048
v_Swing_g23_c01.avi,Swing,5.04,2.460352532875048
v_Swing_g23_c02.avi,Swing,5.04,2.460352532875048
v_Swing_g23_c03.avi,Swing,5.04,2.460352532875048
v_Swing_g23_c04.avi,Swing,5.04,2.460352532875048
v_Swing_g23_c05.avi,Swing,6.04,2.460352532875048
v_Swing_g24_c01.avi,Swing,5.04,2.460352532875048
v_Swing_g24_c02.avi,Swing,6.04,2.460352532875048
v_Swing_g24_c03.avi,Swing,5.04,2.460352532875048
v_Swing_g24_c04.avi,Swing,5.04,2.460352532875048
v_Swing_g24_c05.avi,Swing,6.04,2.460352532875048
v_Swing_g25_c01.avi,Swing,12.72,2.460352532875048
v_Swing_g25_c02.avi,Swing,12.72,2.460352532875048
v_Swing_g25_c03.avi,Swing,12.72,2.460352532875048
v_Swing_g25_c04.avi,Swing,12.72,2.460352532875048
v_TableTennisShot_g01_c01.avi,TableTennisShot,6.28,2.5640983862616498
v_TableTennisShot_g01_c02.avi,TableTennisShot,6.76,2.5640983862616498
v_TableTennisShot_g01_c03.avi,TableTennisShot,5.04,2.5640983862616498
v_TableTennisShot_g01_c04.avi,TableTennisShot,6.52,2.5640983862616498
v_TableTennisShot_g01_c05.avi,TableTennisShot,6.56,2.5640983862616498
v_TableTennisShot_g01_c06.avi,TableTennisShot,7.76,2.5640983862616498
v_TableTennisShot_g02_c01.avi,TableTennisShot,9.0,2.5640983862616498
v_TableTennisShot_g02_c02.avi,TableTennisShot,9.0,2.5640983862616498
v_TableTennisShot_g02_c03.avi,TableTennisShot,5.8,2.5640983862616498
v_TableTennisShot_g02_c04.avi,TableTennisShot,4.76,2.5640983862616498
v_TableTennisShot_g03_c01.avi,TableTennisShot,5.0,2.5640983862616498
v_TableTennisShot_g03_c02.avi,TableTennisShot,3.56,2.5640983862616498
v_TableTennisShot_g03_c03.avi,TableTennisShot,4.2,2.5640983862616498
v_TableTennisShot_g03_c04.avi,TableTennisShot,5.24,2.5640983862616498
v_TableTennisShot_g03_c05.avi,TableTennisShot,4.24,2.5640983862616498
v_TableTennisShot_g04_c01.avi,TableTennisShot,8.4,2.5640983862616498
v_TableTennisShot_g04_c02.avi,TableTennisShot,5.36,2.5640983862616498
v_TableTennisShot_g04_c03.avi,TableTennisShot,5.36,2.5640983862616498
v_TableTennisShot_g04_c04.avi,TableTennisShot,7.64,2.5640983862616498
v_TableTennisShot_g04_c05.avi,TableTennisShot,4.16,2.5640983862616498
v_TableTennisShot_g04_c06.avi,TableTennisShot,8.44,2.5640983862616498
v_TableTennisShot_g04_c07.avi,TableTennisShot,5.68,2.5640983862616498
v_TableTennisShot_g05_c01.avi,TableTennisShot,8.16,2.5640983862616498
v_TableTennisShot_g05_c02.avi,TableTennisShot,6.92,2.5640983862616498
v_TableTennisShot_g05_c03.avi,TableTennisShot,8.84,2.5640983862616498
v_TableTennisShot_g05_c04.avi,TableTennisShot,7.04,2.5640983862616498
v_TableTennisShot_g05_c05.avi,TableTennisShot,5.36,2.5640983862616498
v_TableTennisShot_g05_c06.avi,TableTennisShot,7.44,2.5640983862616498
v_TableTennisShot_g05_c07.avi,TableTennisShot,6.28,2.5640983862616498
v_TableTennisShot_g06_c01.avi,TableTennisShot,8.28,2.5640983862616498
v_TableTennisShot_g06_c02.avi,TableTennisShot,7.0,2.5640983862616498
v_TableTennisShot_g06_c03.avi,TableTennisShot,5.44,2.5640983862616498
v_TableTennisShot_g06_c04.avi,TableTennisShot,4.44,2.5640983862616498
v_TableTennisShot_g06_c05.avi,TableTennisShot,6.8,2.5640983862616498
v_TableTennisShot_g06_c06.avi,TableTennisShot,4.92,2.5640983862616498
v_TableTennisShot_g07_c01.avi,TableTennisShot,3.0,2.5640983862616498
v_TableTennisShot_g07_c02.avi,TableTennisShot,4.04,2.5640983862616498
v_TableTennisShot_g07_c03.avi,TableTennisShot,3.04,2.5640983862616498
v_TableTennisShot_g07_c04.avi,TableTennisShot,3.2,2.5640983862616498
v_TableTennisShot_g08_c01.avi,TableTennisShot,3.44,2.5640983862616498
v_TableTennisShot_g08_c02.avi,TableTennisShot,2.04,2.5640983862616498
v_TableTennisShot_g08_c03.avi,TableTennisShot,2.6,2.5640983862616498
v_TableTennisShot_g08_c04.avi,TableTennisShot,2.56,2.5640983862616498
v_TableTennisShot_g09_c01.avi,TableTennisShot,4.0,2.5640983862616498
v_TableTennisShot_g09_c02.avi,TableTennisShot,3.04,2.5640983862616498
v_TableTennisShot_g09_c03.avi,TableTennisShot,3.08,2.5640983862616498
v_TableTennisShot_g09_c04.avi,TableTennisShot,6.0,2.5640983862616498
v_TableTennisShot_g09_c05.avi,TableTennisShot,6.56,2.5640983862616498
v_TableTennisShot_g09_c06.avi,TableTennisShot,4.72,2.5640983862616498
v_TableTennisShot_g09_c07.avi,TableTennisShot,3.04,2.5640983862616498
v_TableTennisShot_g10_c01.avi,TableTennisShot,7.08,2.5640983862616498
v_TableTennisShot_g10_c02.avi,TableTennisShot,8.28,2.5640983862616498
v_TableTennisShot_g10_c03.avi,TableTennisShot,5.72,2.5640983862616498
v_TableTennisShot_g10_c04.avi,TableTennisShot,5.32,2.5640983862616498
v_TableTennisShot_g11_c01.avi,TableTennisShot,3.88,2.5640983862616498
v_TableTennisShot_g11_c02.avi,TableTennisShot,3.96,2.5640983862616498
v_TableTennisShot_g11_c03.avi,TableTennisShot,5.4,2.5640983862616498
v_TableTennisShot_g11_c04.avi,TableTennisShot,6.84,2.5640983862616498
v_TableTennisShot_g11_c05.avi,TableTennisShot,6.12,2.5640983862616498
v_TableTennisShot_g12_c01.avi,TableTennisShot,5.76,2.5640983862616498
v_TableTennisShot_g12_c02.avi,TableTennisShot,3.48,2.5640983862616498
v_TableTennisShot_g12_c03.avi,TableTennisShot,4.08,2.5640983862616498
v_TableTennisShot_g12_c04.avi,TableTennisShot,5.12,2.5640983862616498
v_TableTennisShot_g13_c01.avi,TableTennisShot,6.0,2.5640983862616498
v_TableTennisShot_g13_c02.avi,TableTennisShot,5.36,2.5640983862616498
v_TableTennisShot_g13_c03.avi,TableTennisShot,5.0,2.5640983862616498
v_TableTennisShot_g13_c04.avi,TableTennisShot,5.24,2.5640983862616498
v_TableTennisShot_g14_c01.avi,TableTennisShot,9.48,2.5640983862616498
v_TableTennisShot_g14_c02.avi,TableTennisShot,8.8,2.5640983862616498
v_TableTennisShot_g14_c03.avi,TableTennisShot,7.44,2.5640983862616498
v_TableTennisShot_g14_c04.avi,TableTennisShot,10.0,2.5640983862616498
v_TableTennisShot_g14_c05.avi,TableTennisShot,6.4,2.5640983862616498
v_TableTennisShot_g15_c01.avi,TableTennisShot,3.8,2.5640983862616498
v_TableTennisShot_g15_c02.avi,TableTennisShot,7.08,2.5640983862616498
v_TableTennisShot_g15_c03.avi,TableTennisShot,4.2,2.5640983862616498
v_TableTennisShot_g15_c04.avi,TableTennisShot,3.0,2.5640983862616498
v_TableTennisShot_g15_c05.avi,TableTennisShot,4.2,2.5640983862616498
v_TableTennisShot_g15_c06.avi,TableTennisShot,3.44,2.5640983862616498
v_TableTennisShot_g15_c07.avi,TableTennisShot,7.08,2.5640983862616498
v_TableTennisShot_g16_c01.avi,TableTennisShot,8.28,2.5640983862616498
v_TableTennisShot_g16_c02.avi,TableTennisShot,10.76,2.5640983862616498
v_TableTennisShot_g16_c03.avi,TableTennisShot,10.16,2.5640983862616498
v_TableTennisShot_g16_c04.avi,TableTennisShot,10.36,2.5640983862616498
v_TableTennisShot_g16_c05.avi,TableTennisShot,10.4,2.5640983862616498
v_TableTennisShot_g16_c06.avi,TableTennisShot,9.36,2.5640983862616498
v_TableTennisShot_g16_c07.avi,TableTennisShot,2.8,2.5640983862616498
v_TableTennisShot_g17_c01.avi,TableTennisShot,5.08,2.5640983862616498
v_TableTennisShot_g17_c02.avi,TableTennisShot,3.0,2.5640983862616498
v_TableTennisShot_g17_c03.avi,TableTennisShot,3.32,2.5640983862616498
v_TableTennisShot_g17_c04.avi,TableTennisShot,4.24,2.5640983862616498
v_TableTennisShot_g18_c01.avi,TableTennisShot,8.04,2.5640983862616498
v_TableTennisShot_g18_c02.avi,TableTennisShot,5.8,2.5640983862616498
v_TableTennisShot_g18_c03.avi,TableTennisShot,6.84,2.5640983862616498
v_TableTennisShot_g18_c04.avi,TableTennisShot,6.8,2.5640983862616498
v_TableTennisShot_g19_c01.avi,TableTennisShot,9.0,2.5640983862616498
v_TableTennisShot_g19_c02.avi,TableTennisShot,10.16,2.5640983862616498
v_TableTennisShot_g19_c03.avi,TableTennisShot,8.64,2.5640983862616498
v_TableTennisShot_g19_c04.avi,TableTennisShot,8.6,2.5640983862616498
v_TableTennisShot_g19_c05.avi,TableTennisShot,9.24,2.5640983862616498
v_TableTennisShot_g19_c06.avi,TableTennisShot,10.36,2.5640983862616498
v_TableTennisShot_g19_c07.avi,TableTennisShot,11.64,2.5640983862616498
v_TableTennisShot_g20_c01.avi,TableTennisShot,3.88,2.5640983862616498
v_TableTennisShot_g20_c02.avi,TableTennisShot,6.04,2.5640983862616498
v_TableTennisShot_g20_c03.avi,TableTennisShot,5.64,2.5640983862616498
v_TableTennisShot_g20_c04.avi,TableTennisShot,6.0,2.5640983862616498
v_TableTennisShot_g20_c05.avi,TableTennisShot,4.68,2.5640983862616498
v_TableTennisShot_g20_c06.avi,TableTennisShot,4.36,2.5640983862616498
v_TableTennisShot_g20_c07.avi,TableTennisShot,5.88,2.5640983862616498
v_TableTennisShot_g21_c01.avi,TableTennisShot,3.0,2.5640983862616498
v_TableTennisShot_g21_c02.avi,TableTennisShot,3.0,2.5640983862616498
v_TableTennisShot_g21_c03.avi,TableTennisShot,3.0,2.5640983862616498
v_TableTennisShot_g21_c04.avi,TableTennisShot,2.28,2.5640983862616498
v_TableTennisShot_g22_c01.avi,TableTennisShot,10.0,2.5640983862616498
v_TableTennisShot_g22_c02.avi,TableTennisShot,8.12,2.5640983862616498
v_TableTennisShot_g22_c03.avi,TableTennisShot,8.2,2.5640983862616498
v_TableTennisShot_g22_c04.avi,TableTennisShot,8.6,2.5640983862616498
v_TableTennisShot_g22_c05.avi,TableTennisShot,9.2,2.5640983862616498
v_TableTennisShot_g22_c06.avi,TableTennisShot,10.0,2.5640983862616498
v_TableTennisShot_g22_c07.avi,TableTennisShot,9.4,2.5640983862616498
v_TableTennisShot_g23_c01.avi,TableTennisShot,8.92,2.5640983862616498
v_TableTennisShot_g23_c02.avi,TableTennisShot,9.08,2.5640983862616498
v_TableTennisShot_g23_c03.avi,TableTennisShot,10.2,2.5640983862616498
v_TableTennisShot_g23_c04.avi,TableTennisShot,11.6,2.5640983862616498
v_TableTennisShot_g23_c05.avi,TableTennisShot,5.12,2.5640983862616498
v_TableTennisShot_g23_c06.avi,TableTennisShot,12.0,2.5640983862616498
v_TableTennisShot_g23_c07.avi,TableTennisShot,11.0,2.5640983862616498
v_TableTennisShot_g24_c01.avi,TableTennisShot,9.0,2.5640983862616498
v_TableTennisShot_g24_c02.avi,TableTennisShot,9.0,2.5640983862616498
v_TableTennisShot_g24_c03.avi,TableTennisShot,10.0,2.5640983862616498
v_TableTennisShot_g24_c04.avi,TableTennisShot,10.36,2.5640983862616498
v_TableTennisShot_g24_c05.avi,TableTennisShot,8.28,2.5640983862616498
v_TableTennisShot_g24_c06.avi,TableTennisShot,9.0,2.5640983862616498
v_TableTennisShot_g24_c07.avi,TableTennisShot,11.24,2.5640983862616498
v_TableTennisShot_g25_c01.avi,TableTennisShot,7.0,2.5640983862616498
v_TableTennisShot_g25_c02.avi,TableTennisShot,9.2,2.5640983862616498
v_TableTennisShot_g25_c03.avi,TableTennisShot,9.24,2.5640983862616498
v_TableTennisShot_g25_c04.avi,TableTennisShot,8.32,2.5640983862616498
v_TableTennisShot_g25_c05.avi,TableTennisShot,8.12,2.5640983862616498
v_TableTennisShot_g25_c06.avi,TableTennisShot,8.68,2.5640983862616498
v_TableTennisShot_g25_c07.avi,TableTennisShot,14.04,2.5640983862616498
v_TaiChi_g01_c01.avi,TaiChi,6.72,0.7480359738554142
v_TaiChi_g01_c02.avi,TaiChi,6.72,0.7480359738554142
v_TaiChi_g01_c03.avi,TaiChi,6.76,0.7480359738554142
v_TaiChi_g01_c04.avi,TaiChi,6.72,0.7480359738554142
v_TaiChi_g02_c01.avi,TaiChi,7.04,0.7480359738554142
v_TaiChi_g02_c02.avi,TaiChi,6.84,0.7480359738554142
v_TaiChi_g02_c03.avi,TaiChi,7.04,0.7480359738554142
v_TaiChi_g02_c04.avi,TaiChi,6.84,0.7480359738554142
v_TaiChi_g03_c01.avi,TaiChi,7.2,0.7480359738554142
v_TaiChi_g03_c02.avi,TaiChi,6.8,0.7480359738554142
v_TaiChi_g03_c03.avi,TaiChi,7.0,0.7480359738554142
v_TaiChi_g03_c04.avi,TaiChi,6.84,0.7480359738554142
v_TaiChi_g04_c01.avi,TaiChi,7.2,0.7480359738554142
v_TaiChi_g04_c02.avi,TaiChi,7.2,0.7480359738554142
v_TaiChi_g04_c03.avi,TaiChi,7.2,0.7480359738554142
v_TaiChi_g04_c04.avi,TaiChi,6.96,0.7480359738554142
v_TaiChi_g05_c01.avi,TaiChi,6.76,0.7480359738554142
v_TaiChi_g05_c02.avi,TaiChi,6.84,0.7480359738554142
v_TaiChi_g05_c03.avi,TaiChi,6.8,0.7480359738554142
v_TaiChi_g05_c04.avi,TaiChi,6.76,0.7480359738554142
v_TaiChi_g06_c01.avi,TaiChi,7.32,0.7480359738554142
v_TaiChi_g06_c02.avi,TaiChi,6.88,0.7480359738554142
v_TaiChi_g06_c03.avi,TaiChi,7.16,0.7480359738554142
v_TaiChi_g06_c04.avi,TaiChi,7.08,0.7480359738554142
v_TaiChi_g07_c01.avi,TaiChi,7.68,0.7480359738554142
v_TaiChi_g07_c02.avi,TaiChi,7.08,0.7480359738554142
v_TaiChi_g07_c03.avi,TaiChi,6.84,0.7480359738554142
v_TaiChi_g07_c04.avi,TaiChi,6.84,0.7480359738554142
v_TaiChi_g08_c01.avi,TaiChi,6.76,0.7480359738554142
v_TaiChi_g08_c02.avi,TaiChi,7.44,0.7480359738554142
v_TaiChi_g08_c03.avi,TaiChi,7.44,0.7480359738554142
v_TaiChi_g08_c04.avi,TaiChi,6.72,0.7480359738554142
v_TaiChi_g09_c01.avi,TaiChi,6.8,0.7480359738554142
v_TaiChi_g09_c02.avi,TaiChi,6.76,0.7480359738554142
v_TaiChi_g09_c03.avi,TaiChi,6.92,0.7480359738554142
v_TaiChi_g09_c04.avi,TaiChi,6.8,0.7480359738554142
v_TaiChi_g10_c01.avi,TaiChi,7.0,0.7480359738554142
v_TaiChi_g10_c02.avi,TaiChi,6.88,0.7480359738554142
v_TaiChi_g10_c03.avi,TaiChi,7.24,0.7480359738554142
v_TaiChi_g10_c04.avi,TaiChi,6.88,0.7480359738554142
v_TaiChi_g11_c01.avi,TaiChi,7.56,0.7480359738554142
v_TaiChi_g11_c02.avi,TaiChi,6.8,0.7480359738554142
v_TaiChi_g11_c03.avi,TaiChi,7.28,0.7480359738554142
v_TaiChi_g11_c04.avi,TaiChi,6.8,0.7480359738554142
v_TaiChi_g12_c01.avi,TaiChi,7.28,0.7480359738554142
v_TaiChi_g12_c02.avi,TaiChi,7.04,0.7480359738554142
v_TaiChi_g12_c03.avi,TaiChi,7.04,0.7480359738554142
v_TaiChi_g12_c04.avi,TaiChi,7.28,0.7480359738554142
v_TaiChi_g13_c01.avi,TaiChi,6.84,0.7480359738554142
v_TaiChi_g13_c02.avi,TaiChi,8.08,0.7480359738554142
v_TaiChi_g13_c03.avi,TaiChi,6.84,0.7480359738554142
v_TaiChi_g13_c04.avi,TaiChi,6.8,0.7480359738554142
v_TaiChi_g14_c01.avi,TaiChi,6.8,0.7480359738554142
v_TaiChi_g14_c02.avi,TaiChi,6.8,0.7480359738554142
v_TaiChi_g14_c03.avi,TaiChi,7.24,0.7480359738554142
v_TaiChi_g14_c04.avi,TaiChi,7.24,0.7480359738554142
v_TaiChi_g15_c01.avi,TaiChi,6.92,0.7480359738554142
v_TaiChi_g15_c02.avi,TaiChi,6.92,0.7480359738554142
v_TaiChi_g15_c03.avi,TaiChi,7.08,0.7480359738554142
v_TaiChi_g15_c04.avi,TaiChi,7.08,0.7480359738554142
v_TaiChi_g16_c01.avi,TaiChi,6.88,0.7480359738554142
v_TaiChi_g16_c02.avi,TaiChi,7.96,0.7480359738554142
v_TaiChi_g16_c03.avi,TaiChi,7.64,0.7480359738554142
v_TaiChi_g16_c04.avi,TaiChi,7.28,0.7480359738554142
v_TaiChi_g17_c01.avi,TaiChi,7.6,0.7480359738554142
v_TaiChi_g17_c02.avi,TaiChi,6.96,0.7480359738554142
v_TaiChi_g17_c03.avi,TaiChi,7.04,0.7480359738554142
v_TaiChi_g17_c04.avi,TaiChi,7.28,0.7480359738554142
v_TaiChi_g18_c01.avi,TaiChi,8.48,0.7480359738554142
v_TaiChi_g18_c02.avi,TaiChi,7.16,0.7480359738554142
v_TaiChi_g18_c03.avi,TaiChi,6.8,0.7480359738554142
v_TaiChi_g18_c04.avi,TaiChi,6.84,0.7480359738554142
v_TaiChi_g19_c01.avi,TaiChi,6.72,0.7480359738554142
v_TaiChi_g19_c02.avi,TaiChi,7.2,0.7480359738554142
v_TaiChi_g19_c03.avi,TaiChi,6.96,0.7480359738554142
v_TaiChi_g19_c04.avi,TaiChi,7.36,0.7480359738554142
v_TaiChi_g20_c01.avi,TaiChi,6.92,0.7480359738554142
v_TaiChi_g20_c02.avi,TaiChi,7.12,0.7480359738554142
v_TaiChi_g20_c03.avi,TaiChi,6.92,0.7480359738554142
v_TaiChi_g20_c04.avi,TaiChi,6.8,0.7480359738554142
v_TaiChi_g21_c01.avi,TaiChi,6.84,0.7480359738554142
v_TaiChi_g21_c02.avi,TaiChi,7.28,0.7480359738554142
v_TaiChi_g21_c03.avi,TaiChi,6.84,0.7480359738554142
v_TaiChi_g21_c04.avi,TaiChi,6.84,0.7480359738554142
v_TaiChi_g22_c01.avi,TaiChi,8.6,0.7480359738554142
v_TaiChi_g22_c02.avi,TaiChi,8.6,0.7480359738554142
v_TaiChi_g22_c03.avi,TaiChi,8.88,0.7480359738554142
v_TaiChi_g22_c04.avi,TaiChi,8.6,0.7480359738554142
v_TaiChi_g23_c01.avi,TaiChi,9.24,0.7480359738554142
v_TaiChi_g23_c02.avi,TaiChi,9.96,0.7480359738554142
v_TaiChi_g23_c03.avi,TaiChi,9.2,0.7480359738554142
v_TaiChi_g23_c04.avi,TaiChi,10.68,0.7480359738554142
v_TaiChi_g24_c01.avi,TaiChi,8.56,0.7480359738554142
v_TaiChi_g24_c02.avi,TaiChi,8.56,0.7480359738554142
v_TaiChi_g24_c03.avi,TaiChi,8.84,0.7480359738554142
v_TaiChi_g24_c04.avi,TaiChi,8.84,0.7480359738554142
v_TaiChi_g25_c01.avi,TaiChi,7.6,0.7480359738554142
v_TaiChi_g25_c02.avi,TaiChi,7.28,0.7480359738554142
v_TaiChi_g25_c03.avi,TaiChi,7.32,0.7480359738554142
v_TaiChi_g25_c04.avi,TaiChi,7.28,0.7480359738554142
v_TennisSwing_g01_c01.avi,TennisSwing,2.5692333333333335,2.333480329466798
v_TennisSwing_g01_c02.avi,TennisSwing,2.8361666666666667,2.333480329466798
v_TennisSwing_g01_c03.avi,TennisSwing,2.8028,2.333480329466798
v_TennisSwing_g01_c04.avi,TennisSwing,3.003,2.333480329466798
v_TennisSwing_g01_c05.avi,TennisSwing,2.8361666666666667,2.333480329466798
v_TennisSwing_g01_c06.avi,TennisSwing,3.003,2.333480329466798
v_TennisSwing_g01_c07.avi,TennisSwing,2.8695333333333335,2.333480329466798
v_TennisSwing_g02_c01.avi,TennisSwing,2.469133333333333,2.333480329466798
v_TennisSwing_g02_c02.avi,TennisSwing,3.1698333333333335,2.333480329466798
v_TennisSwing_g02_c03.avi,TennisSwing,2.469133333333333,2.333480329466798
v_TennisSwing_g02_c04.avi,TennisSwing,2.8361666666666667,2.333480329466798
v_TennisSwing_g02_c05.avi,TennisSwing,5.939266666666667,2.333480329466798
v_TennisSwing_g02_c06.avi,TennisSwing,3.1698333333333335,2.333480329466798
v_TennisSwing_g02_c07.avi,TennisSwing,7.240566666666667,2.333480329466798
v_TennisSwing_g03_c01.avi,TennisSwing,2.6693333333333333,2.333480329466798
v_TennisSwing_g03_c02.avi,TennisSwing,2.0687333333333333,2.333480329466798
v_TennisSwing_g03_c03.avi,TennisSwing,2.7027,2.333480329466798
v_TennisSwing_g03_c04.avi,TennisSwing,2.6359666666666666,2.333480329466798
v_TennisSwing_g03_c05.avi,TennisSwing,3.2365666666666666,2.333480329466798
v_TennisSwing_g03_c06.avi,TennisSwing,2.8361666666666667,2.333480329466798
v_TennisSwing_g03_c07.avi,TennisSwing,2.469133333333333,2.333480329466798
v_TennisSwing_g04_c01.avi,TennisSwing,4.871533333333334,2.333480329466798
v_TennisSwing_g04_c02.avi,TennisSwing,3.2699333333333334,2.333480329466798
v_TennisSwing_g04_c03.avi,TennisSwing,2.8695333333333335,2.333480329466798
v_TennisSwing_g04_c04.avi,TennisSwing,3.2365666666666666,2.333480329466798
v_TennisSwing_g04_c05.avi,TennisSwing,4.070733333333333,2.333480329466798
v_TennisSwing_g04_c06.avi,TennisSwing,3.2699333333333334,2.333480329466798
v_TennisSwing_g04_c07.avi,TennisSwing,4.371033333333333,2.333480329466798
v_TennisSwing_g05_c01.avi,TennisSwing,4.070733333333333,2.333480329466798
v_TennisSwing_g05_c02.avi,TennisSwing,5.8058000000000005,2.333480329466798
v_TennisSwing_g05_c03.avi,TennisSwing,5.6056,2.333480329466798
v_TennisSwing_g05_c04.avi,TennisSwing,4.738066666666667,2.333480329466798
v_TennisSwing_g05_c05.avi,TennisSwing,5.138466666666667,2.333480329466798
v_TennisSwing_g05_c06.avi,TennisSwing,5.538866666666666,2.333480329466798
v_TennisSwing_g05_c07.avi,TennisSwing,3.2032000000000003,2.333480329466798
v_TennisSwing_g06_c01.avi,TennisSwing,4.637966666666666,2.333480329466798
v_TennisSwing_g06_c02.avi,TennisSwing,7.040366666666666,2.333480329466798
v_TennisSwing_g06_c03.avi,TennisSwing,8.174833333333334,2.333480329466798
v_TennisSwing_g06_c04.avi,TennisSwing,7.7077,2.333480329466798
v_TennisSwing_g06_c05.avi,TennisSwing,8.174833333333334,2.333480329466798
v_TennisSwing_g06_c06.avi,TennisSwing,6.840166666666667,2.333480329466798
v_TennisSwing_g06_c07.avi,TennisSwing,6.2062,2.333480329466798
v_TennisSwing_g07_c01.avi,TennisSwing,6.8068,2.333480329466798
v_TennisSwing_g07_c02.avi,TennisSwing,8.274933333333333,2.333480329466798
v_TennisSwing_g07_c03.avi,TennisSwing,4.337666666666666,2.333480329466798
v_TennisSwing_g07_c04.avi,TennisSwing,4.070733333333333,2.333480329466798
v_TennisSwing_g07_c05.avi,TennisSwing,5.772433333333334,2.333480329466798
v_TennisSwing_g07_c06.avi,TennisSwing,5.638966666666667,2.333480329466798
v_TennisSwing_g07_c07.avi,TennisSwing,4.8048,2.333480329466798
v_TennisSwing_g08_c01.avi,TennisSwing,6.4064000000000005,2.333480329466798
v_TennisSwing_g08_c02.avi,TennisSwing,7.8078,2.333480329466798
v_TennisSwing_g08_c03.avi,TennisSwing,7.007000000000001,2.333480329466798
v_TennisSwing_g08_c04.avi,TennisSwing,9.476133333333333,2.333480329466798
v_TennisSwing_g08_c05.avi,TennisSwing,3.9706333333333332,2.333480329466798
v_TennisSwing_g08_c06.avi,TennisSwing,6.006,2.333480329466798
v_TennisSwing_g09_c01.avi,TennisSwing,3.4034,2.333480329466798
v_TennisSwing_g09_c02.avi,TennisSwing,4.0040000000000004,2.333480329466798
v_TennisSwing_g09_c03.avi,TennisSwing,4.437766666666667,2.333480329466798
v_TennisSwing_g09_c04.avi,TennisSwing,3.7704333333333335,2.333480329466798
v_TennisSwing_g09_c05.avi,TennisSwing,3.8705333333333334,2.333480329466798
v_TennisSwing_g09_c06.avi,TennisSwing,4.0040000000000004,2.333480329466798
v_TennisSwing_g09_c07.avi,TennisSwing,4.1041,2.333480329466798
v_TennisSwing_g10_c01.avi,TennisSwing,4.571233333333334,2.333480329466798
v_TennisSwing_g10_c02.avi,TennisSwing,11.177833333333334,2.333480329466798
v_TennisSwing_g10_c03.avi,TennisSwing,3.336666666666667,2.333480329466798
v_TennisSwing_g10_c04.avi,TennisSwing,4.137466666666667,2.333480329466798
v_TennisSwing_g10_c05.avi,TennisSwing,3.7370666666666668,2.333480329466798
v_TennisSwing_g10_c06.avi,TennisSwing,3.3033,2.333480329466798
v_TennisSwing_g10_c07.avi,TennisSwing,6.4064000000000005,2.333480329466798
v_TennisSwing_g11_c01.avi,TennisSwing,4.170833333333333,2.333480329466798
v_TennisSwing_g11_c02.avi,TennisSwing,3.036366666666667,2.333480329466798
v_TennisSwing_g11_c03.avi,TennisSwing,6.773433333333333,2.333480329466798
v_TennisSwing_g11_c04.avi,TennisSwing,7.841166666666667,2.333480329466798
v_TennisSwing_g11_c05.avi,TennisSwing,9.876533333333333,2.333480329466798
v_TennisSwing_g11_c06.avi,TennisSwing,6.2729333333333335,2.333480329466798
v_TennisSwing_g11_c07.avi,TennisSwing,3.1364666666666667,2.333480329466798
v_TennisSwing_g12_c01.avi,TennisSwing,7.5075,2.333480329466798
v_TennisSwing_g12_c02.avi,TennisSwing,8.308300000000001,2.333480329466798
v_TennisSwing_g12_c03.avi,TennisSwing,12.278933333333333,2.333480329466798
v_TennisSwing_g12_c04.avi,TennisSwing,8.274933333333333,2.333480329466798
v_TennisSwing_g12_c05.avi,TennisSwing,6.239566666666667,2.333480329466798
v_TennisSwing_g12_c06.avi,TennisSwing,3.069733333333333,2.333480329466798
v_TennisSwing_g12_c07.avi,TennisSwing,6.2729333333333335,2.333480329466798
v_TennisSwing_g13_c01.avi,TennisSwing,2.3023000000000002,2.333480329466798
v_TennisSwing_g13_c02.avi,TennisSwing,2.3023000000000002,2.333480329466798
v_TennisSwing_g13_c03.avi,TennisSwing,2.9362666666666666,2.333480329466798
v_TennisSwing_g13_c04.avi,TennisSwing,2.9362666666666666,2.333480329466798
v_TennisSwing_g13_c05.avi,TennisSwing,2.7027,2.333480329466798
v_TennisSwing_g13_c06.avi,TennisSwing,5.739066666666667,2.333480329466798
v_TennisSwing_g13_c07.avi,TennisSwing,7.4741333333333335,2.333480329466798
v_TennisSwing_g14_c01.avi,TennisSwing,4.037366666666666,2.333480329466798
v_TennisSwing_g14_c02.avi,TennisSwing,3.7704333333333335,2.333480329466798
v_TennisSwing_g14_c03.avi,TennisSwing,3.7704333333333335,2.333480329466798
v_TennisSwing_g14_c04.avi,TennisSwing,3.036366666666667,2.333480329466798
v_TennisSwing_g14_c05.avi,TennisSwing,3.036366666666667,2.333480329466798
v_TennisSwing_g14_c06.avi,TennisSwing,3.7704333333333335,2.333480329466798
v_TennisSwing_g14_c07.avi,TennisSwing,6.006,2.333480329466798
v_TennisSwing_g15_c01.avi,TennisSwing,5.372033333333333,2.333480329466798
v_TennisSwing_g15_c02.avi,TennisSwing,4.537866666666667,2.333480329466798
v_TennisSwing_g15_c03.avi,TennisSwing,6.2062,2.333480329466798
v_TennisSwing_g15_c04.avi,TennisSwing,6.2062,2.333480329466798
v_TennisSwing_g15_c05.avi,TennisSwing,8.7087,2.333480329466798
v_TennisSwing_g15_c06.avi,TennisSwing,2.5025,2.333480329466798
v_TennisSwing_g15_c07.avi,TennisSwing,3.336666666666667,2.333480329466798
v_TennisSwing_g16_c01.avi,TennisSwing,10.343666666666667,2.333480329466798
v_TennisSwing_g16_c02.avi,TennisSwing,9.943266666666666,2.333480329466798
v_TennisSwing_g16_c03.avi,TennisSwing,9.6096,2.333480329466798
v_TennisSwing_g16_c04.avi,TennisSwing,10.744066666666667,2.333480329466798
v_TennisSwing_g16_c05.avi,TennisSwing,10.276933333333334,2.333480329466798
v_TennisSwing_g16_c06.avi,TennisSwing,8.4084,2.333480329466798
v_TennisSwing_g16_c07.avi,TennisSwing,5.872533333333333,2.333480329466798
v_TennisSwing_g17_c01.avi,TennisSwing,8.441766666666666,2.333480329466798
v_TennisSwing_g17_c02.avi,TennisSwing,6.439766666666666,2.333480329466798
v_TennisSwing_g17_c03.avi,TennisSwing,9.275933333333333,2.333480329466798
v_TennisSwing_g17_c04.avi,TennisSwing,8.675333333333333,2.333480329466798
v_TennisSwing_g17_c05.avi,TennisSwing,6.7067000000000005,2.333480329466798
v_TennisSwing_g17_c06.avi,TennisSwing,6.7067000000000005,2.333480329466798
v_TennisSwing_g17_c07.avi,TennisSwing,5.9059,2.333480329466798
v_TennisSwing_g18_c01.avi,TennisSwing,4.771433333333333,2.333480329466798
v_TennisSwing_g18_c02.avi,TennisSwing,4.938266666666666,2.333480329466798
v_TennisSwing_g18_c03.avi,TennisSwing,5.005,2.333480329466798
v_TennisSwing_g18_c04.avi,TennisSwing,4.838166666666667,2.333480329466798
v_TennisSwing_g18_c05.avi,TennisSwing,5.138466666666667,2.333480329466798
v_TennisSwing_g18_c06.avi,TennisSwing,5.472133333333334,2.333480329466798
v_TennisSwing_g19_c01.avi,TennisSwing,4.1041,2.333480329466798
v_TennisSwing_g19_c02.avi,TennisSwing,2.6359666666666666,2.333480329466798
v_TennisSwing_g19_c03.avi,TennisSwing,5.772433333333334,2.333480329466798
v_TennisSwing_g19_c04.avi,TennisSwing,5.839166666666666,2.333480329466798
v_TennisSwing_g19_c05.avi,TennisSwing,5.5055000000000005,2.333480329466798
v_TennisSwing_g19_c06.avi,TennisSwing,4.7047,2.333480329466798
v_TennisSwing_g20_c01.avi,TennisSwing,2.4024,2.333480329466798
v_TennisSwing_g20_c02.avi,TennisSwing,4.7047,2.333480329466798
v_TennisSwing_g20_c03.avi,TennisSwing,4.371033333333333,2.333480329466798
v_TennisSwing_g20_c04.avi,TennisSwing,5.7057,2.333480329466798
v_TennisSwing_g20_c05.avi,TennisSwing,4.037366666666666,2.333480329466798
v_TennisSwing_g20_c06.avi,TennisSwing,5.739066666666667,2.333480329466798
v_TennisSwing_g21_c01.avi,TennisSwing,3.4034,2.333480329466798
v_TennisSwing_g21_c02.avi,TennisSwing,3.6036,2.333480329466798
v_TennisSwing_g21_c03.avi,TennisSwing,3.4701333333333335,2.333480329466798
v_TennisSwing_g21_c04.avi,TennisSwing,3.8371666666666666,2.333480329466798
v_TennisSwing_g21_c05.avi,TennisSwing,4.871533333333334,2.333480329466798
v_TennisSwing_g21_c06.avi,TennisSwing,5.138466666666667,2.333480329466798
v_TennisSwing_g22_c01.avi,TennisSwing,7.273933333333334,2.333480329466798
v_TennisSwing_g22_c02.avi,TennisSwing,6.4064000000000005,2.333480329466798
v_TennisSwing_g22_c03.avi,TennisSwing,7.440766666666667,2.333480329466798
v_TennisSwing_g22_c04.avi,TennisSwing,6.673333333333334,2.333480329466798
v_TennisSwing_g22_c05.avi,TennisSwing,8.174833333333334,2.333480329466798
v_TennisSwing_g22_c06.avi,TennisSwing,7.273933333333334,2.333480329466798
v_TennisSwing_g23_c01.avi,TennisSwing,9.009,2.333480329466798
v_TennisSwing_g23_c02.avi,TennisSwing,2.6359666666666666,2.333480329466798
v_TennisSwing_g23_c03.avi,TennisSwing,4.4044,2.333480329466798
v_TennisSwing_g23_c04.avi,TennisSwing,4.0040000000000004,2.333480329466798
v_TennisSwing_g23_c05.avi,TennisSwing,3.1698333333333335,2.333480329466798
v_TennisSwing_g23_c06.avi,TennisSwing,2.469133333333333,2.333480329466798
v_TennisSwing_g24_c01.avi,TennisSwing,6.239566666666667,2.333480329466798
v_TennisSwing_g24_c02.avi,TennisSwing,3.6036,2.333480329466798
v_TennisSwing_g24_c03.avi,TennisSwing,3.4367666666666667,2.333480329466798
v_TennisSwing_g24_c04.avi,TennisSwing,3.2032000000000003,2.333480329466798
v_TennisSwing_g24_c05.avi,TennisSwing,2.3356666666666666,2.333480329466798
v_TennisSwing_g24_c06.avi,TennisSwing,9.376033333333334,2.333480329466798
v_TennisSwing_g25_c01.avi,TennisSwing,8.608600000000001,2.333480329466798
v_TennisSwing_g25_c02.avi,TennisSwing,10.410400000000001,2.333480329466798
v_TennisSwing_g25_c03.avi,TennisSwing,7.6076,2.333480329466798
v_TennisSwing_g25_c04.avi,TennisSwing,11.1111,2.333480329466798
v_TennisSwing_g25_c05.avi,TennisSwing,8.375033333333333,2.333480329466798
v_TennisSwing_g25_c06.avi,TennisSwing,9.1091,2.333480329466798
v_ThrowDiscus_g01_c01.avi,ThrowDiscus,2.64,0.982457653614089
v_ThrowDiscus_g01_c02.avi,ThrowDiscus,3.76,0.982457653614089
v_ThrowDiscus_g01_c03.avi,ThrowDiscus,3.28,0.982457653614089
v_ThrowDiscus_g01_c04.avi,ThrowDiscus,3.12,0.982457653614089
v_ThrowDiscus_g02_c01.avi,ThrowDiscus,3.36,0.982457653614089
v_ThrowDiscus_g02_c02.avi,ThrowDiscus,3.6,0.982457653614089
v_ThrowDiscus_g02_c03.avi,ThrowDiscus,3.6,0.982457653614089
v_ThrowDiscus_g02_c04.avi,ThrowDiscus,5.04,0.982457653614089
v_ThrowDiscus_g02_c05.avi,ThrowDiscus,3.36,0.982457653614089
v_ThrowDiscus_g02_c06.avi,ThrowDiscus,3.6,0.982457653614089
v_ThrowDiscus_g02_c07.avi,ThrowDiscus,3.36,0.982457653614089
v_ThrowDiscus_g03_c01.avi,ThrowDiscus,4.76,0.982457653614089
v_ThrowDiscus_g03_c02.avi,ThrowDiscus,3.64,0.982457653614089
v_ThrowDiscus_g03_c03.avi,ThrowDiscus,5.92,0.982457653614089
v_ThrowDiscus_g03_c04.avi,ThrowDiscus,4.4,0.982457653614089
v_ThrowDiscus_g04_c01.avi,ThrowDiscus,2.44,0.982457653614089
v_ThrowDiscus_g04_c02.avi,ThrowDiscus,6.32,0.982457653614089
v_ThrowDiscus_g04_c03.avi,ThrowDiscus,4.84,0.982457653614089
v_ThrowDiscus_g04_c04.avi,ThrowDiscus,4.92,0.982457653614089
v_ThrowDiscus_g05_c01.avi,ThrowDiscus,3.04,0.982457653614089
v_ThrowDiscus_g05_c02.avi,ThrowDiscus,2.84,0.982457653614089
v_ThrowDiscus_g05_c03.avi,ThrowDiscus,2.64,0.982457653614089
v_ThrowDiscus_g05_c04.avi,ThrowDiscus,3.12,0.982457653614089
v_ThrowDiscus_g05_c05.avi,ThrowDiscus,2.44,0.982457653614089
v_ThrowDiscus_g06_c01.avi,ThrowDiscus,3.52,0.982457653614089
v_ThrowDiscus_g06_c02.avi,ThrowDiscus,2.48,0.982457653614089
v_ThrowDiscus_g06_c03.avi,ThrowDiscus,3.88,0.982457653614089
v_ThrowDiscus_g06_c04.avi,ThrowDiscus,5.32,0.982457653614089
v_ThrowDiscus_g06_c05.avi,ThrowDiscus,5.32,0.982457653614089
v_ThrowDiscus_g06_c06.avi,ThrowDiscus,4.24,0.982457653614089
v_ThrowDiscus_g06_c07.avi,ThrowDiscus,2.84,0.982457653614089
v_ThrowDiscus_g07_c01.avi,ThrowDiscus,4.56,0.982457653614089
v_ThrowDiscus_g07_c02.avi,ThrowDiscus,4.2,0.982457653614089
v_ThrowDiscus_g07_c03.avi,ThrowDiscus,6.2,0.982457653614089
v_ThrowDiscus_g07_c04.avi,ThrowDiscus,4.92,0.982457653614089
v_ThrowDiscus_g07_c05.avi,ThrowDiscus,4.4,0.982457653614089
v_ThrowDiscus_g07_c06.avi,ThrowDiscus,4.2,0.982457653614089
v_ThrowDiscus_g07_c07.avi,ThrowDiscus,4.36,0.982457653614089
v_ThrowDiscus_g08_c01.avi,ThrowDiscus,2.68,0.982457653614089
v_ThrowDiscus_g08_c02.avi,ThrowDiscus,3.92,0.982457653614089
v_ThrowDiscus_g08_c03.avi,ThrowDiscus,4.6,0.982457653614089
v_ThrowDiscus_g08_c04.avi,ThrowDiscus,3.84,0.982457653614089
v_ThrowDiscus_g09_c01.avi,ThrowDiscus,3.32,0.982457653614089
v_ThrowDiscus_g09_c02.avi,ThrowDiscus,4.48,0.982457653614089
v_ThrowDiscus_g09_c03.avi,ThrowDiscus,3.76,0.982457653614089
v_ThrowDiscus_g09_c04.avi,ThrowDiscus,2.84,0.982457653614089
v_ThrowDiscus_g09_c05.avi,ThrowDiscus,4.24,0.982457653614089
v_ThrowDiscus_g09_c06.avi,ThrowDiscus,4.0,0.982457653614089
v_ThrowDiscus_g10_c01.avi,ThrowDiscus,3.16,0.982457653614089
v_ThrowDiscus_g10_c02.avi,ThrowDiscus,6.12,0.982457653614089
v_ThrowDiscus_g10_c03.avi,ThrowDiscus,4.44,0.982457653614089
v_ThrowDiscus_g10_c04.avi,ThrowDiscus,5.24,0.982457653614089
v_ThrowDiscus_g10_c05.avi,ThrowDiscus,5.48,0.982457653614089
v_ThrowDiscus_g11_c01.avi,ThrowDiscus,3.56,0.982457653614089
v_ThrowDiscus_g11_c02.avi,ThrowDiscus,2.92,0.982457653614089
v_ThrowDiscus_g11_c03.avi,ThrowDiscus,2.56,0.982457653614089
v_ThrowDiscus_g11_c04.avi,ThrowDiscus,3.4,0.982457653614089
v_ThrowDiscus_g11_c05.avi,ThrowDiscus,2.6,0.982457653614089
v_ThrowDiscus_g11_c06.avi,ThrowDiscus,2.56,0.982457653614089
v_ThrowDiscus_g11_c07.avi,ThrowDiscus,2.56,0.982457653614089
v_ThrowDiscus_g12_c01.avi,ThrowDiscus,4.64,0.982457653614089
v_ThrowDiscus_g12_c02.avi,ThrowDiscus,3.4,0.982457653614089
v_ThrowDiscus_g12_c03.avi,ThrowDiscus,5.84,0.982457653614089
v_ThrowDiscus_g12_c04.avi,ThrowDiscus,3.4,0.982457653614089
v_ThrowDiscus_g12_c05.avi,ThrowDiscus,4.32,0.982457653614089
v_ThrowDiscus_g12_c06.avi,ThrowDiscus,3.36,0.982457653614089
v_ThrowDiscus_g13_c01.avi,ThrowDiscus,4.16,0.982457653614089
v_ThrowDiscus_g13_c02.avi,ThrowDiscus,5.4,0.982457653614089
v_ThrowDiscus_g13_c03.avi,ThrowDiscus,4.56,0.982457653614089
v_ThrowDiscus_g13_c04.avi,ThrowDiscus,5.4,0.982457653614089
v_ThrowDiscus_g13_c05.avi,ThrowDiscus,6.6,0.982457653614089
v_ThrowDiscus_g14_c01.avi,ThrowDiscus,4.08,0.982457653614089
v_ThrowDiscus_g14_c02.avi,ThrowDiscus,2.84,0.982457653614089
v_ThrowDiscus_g14_c03.avi,ThrowDiscus,4.4,0.982457653614089
v_ThrowDiscus_g14_c04.avi,ThrowDiscus,3.16,0.982457653614089
v_ThrowDiscus_g15_c01.avi,ThrowDiscus,3.96,0.982457653614089
v_ThrowDiscus_g15_c02.avi,ThrowDiscus,3.52,0.982457653614089
v_ThrowDiscus_g15_c03.avi,ThrowDiscus,3.96,0.982457653614089
v_ThrowDiscus_g15_c04.avi,ThrowDiscus,3.08,0.982457653614089
v_ThrowDiscus_g15_c05.avi,ThrowDiscus,4.4,0.982457653614089
v_ThrowDiscus_g16_c01.avi,ThrowDiscus,4.28,0.982457653614089
v_ThrowDiscus_g16_c02.avi,ThrowDiscus,4.24,0.982457653614089
v_ThrowDiscus_g16_c03.avi,ThrowDiscus,2.32,0.982457653614089
v_ThrowDiscus_g16_c04.avi,ThrowDiscus,5.64,0.982457653614089
v_ThrowDiscus_g17_c01.avi,ThrowDiscus,4.12,0.982457653614089
v_ThrowDiscus_g17_c02.avi,ThrowDiscus,2.24,0.982457653614089
v_ThrowDiscus_g17_c03.avi,ThrowDiscus,4.12,0.982457653614089
v_ThrowDiscus_g17_c04.avi,ThrowDiscus,2.52,0.982457653614089
v_ThrowDiscus_g17_c05.avi,ThrowDiscus,3.56,0.982457653614089
v_ThrowDiscus_g18_c01.avi,ThrowDiscus,5.96,0.982457653614089
v_ThrowDiscus_g18_c02.avi,ThrowDiscus,5.24,0.982457653614089
v_ThrowDiscus_g18_c03.avi,ThrowDiscus,3.68,0.982457653614089
v_ThrowDiscus_g18_c04.avi,ThrowDiscus,4.68,0.982457653614089
v_ThrowDiscus_g18_c05.avi,ThrowDiscus,5.24,0.982457653614089
v_ThrowDiscus_g18_c06.avi,ThrowDiscus,3.88,0.982457653614089
v_ThrowDiscus_g18_c07.avi,ThrowDiscus,4.16,0.982457653614089
v_ThrowDiscus_g19_c01.avi,ThrowDiscus,2.72,0.982457653614089
v_ThrowDiscus_g19_c02.avi,ThrowDiscus,3.24,0.982457653614089
v_ThrowDiscus_g19_c03.avi,ThrowDiscus,2.84,0.982457653614089
v_ThrowDiscus_g19_c04.avi,ThrowDiscus,4.12,0.982457653614089
v_ThrowDiscus_g20_c01.avi,ThrowDiscus,4.08,0.982457653614089
v_ThrowDiscus_g20_c02.avi,ThrowDiscus,3.2,0.982457653614089
v_ThrowDiscus_g20_c03.avi,ThrowDiscus,3.56,0.982457653614089
v_ThrowDiscus_g20_c04.avi,ThrowDiscus,3.68,0.982457653614089
v_ThrowDiscus_g21_c01.avi,ThrowDiscus,2.2,0.982457653614089
v_ThrowDiscus_g21_c02.avi,ThrowDiscus,4.64,0.982457653614089
v_ThrowDiscus_g21_c03.avi,ThrowDiscus,2.76,0.982457653614089
v_ThrowDiscus_g21_c04.avi,ThrowDiscus,3.56,0.982457653614089
v_ThrowDiscus_g21_c05.avi,ThrowDiscus,4.4,0.982457653614089
v_ThrowDiscus_g21_c06.avi,ThrowDiscus,3.28,0.982457653614089
v_ThrowDiscus_g21_c07.avi,ThrowDiscus,2.76,0.982457653614089
v_ThrowDiscus_g22_c01.avi,ThrowDiscus,3.04,0.982457653614089
v_ThrowDiscus_g22_c02.avi,ThrowDiscus,3.68,0.982457653614089
v_ThrowDiscus_g22_c03.avi,ThrowDiscus,3.48,0.982457653614089
v_ThrowDiscus_g22_c04.avi,ThrowDiscus,2.92,0.982457653614089
v_ThrowDiscus_g23_c01.avi,ThrowDiscus,4.36,0.982457653614089
v_ThrowDiscus_g23_c02.avi,ThrowDiscus,2.2,0.982457653614089
v_ThrowDiscus_g23_c03.avi,ThrowDiscus,3.76,0.982457653614089
v_ThrowDiscus_g23_c04.avi,ThrowDiscus,4.04,0.982457653614089
v_ThrowDiscus_g23_c05.avi,ThrowDiscus,2.84,0.982457653614089
v_ThrowDiscus_g24_c01.avi,ThrowDiscus,2.68,0.982457653614089
v_ThrowDiscus_g24_c02.avi,ThrowDiscus,3.72,0.982457653614089
v_ThrowDiscus_g24_c03.avi,ThrowDiscus,3.44,0.982457653614089
v_ThrowDiscus_g24_c04.avi,ThrowDiscus,3.44,0.982457653614089
v_ThrowDiscus_g24_c05.avi,ThrowDiscus,2.68,0.982457653614089
v_ThrowDiscus_g25_c01.avi,ThrowDiscus,3.52,0.982457653614089
v_ThrowDiscus_g25_c02.avi,ThrowDiscus,3.84,0.982457653614089
v_ThrowDiscus_g25_c03.avi,ThrowDiscus,4.48,0.982457653614089
v_ThrowDiscus_g25_c04.avi,ThrowDiscus,4.84,0.982457653614089
v_ThrowDiscus_g25_c05.avi,ThrowDiscus,3.84,0.982457653614089
v_TrampolineJumping_g01_c01.avi,TrampolineJumping,8.008000000000001,1.9791376147409308
v_TrampolineJumping_g01_c02.avi,TrampolineJumping,8.008000000000001,1.9791376147409308
v_TrampolineJumping_g01_c03.avi,TrampolineJumping,3.5368666666666666,1.9791376147409308
v_TrampolineJumping_g01_c04.avi,TrampolineJumping,3.5368666666666666,1.9791376147409308
v_TrampolineJumping_g02_c01.avi,TrampolineJumping,6.7067000000000005,1.9791376147409308
v_TrampolineJumping_g02_c02.avi,TrampolineJumping,6.7067000000000005,1.9791376147409308
v_TrampolineJumping_g02_c03.avi,TrampolineJumping,6.7067000000000005,1.9791376147409308
v_TrampolineJumping_g02_c04.avi,TrampolineJumping,6.7067000000000005,1.9791376147409308
v_TrampolineJumping_g02_c05.avi,TrampolineJumping,8.008000000000001,1.9791376147409308
v_TrampolineJumping_g02_c06.avi,TrampolineJumping,8.008000000000001,1.9791376147409308
v_TrampolineJumping_g03_c01.avi,TrampolineJumping,6.7067000000000005,1.9791376147409308
v_TrampolineJumping_g03_c02.avi,TrampolineJumping,6.7067000000000005,1.9791376147409308
v_TrampolineJumping_g03_c03.avi,TrampolineJumping,8.541866666666667,1.9791376147409308
v_TrampolineJumping_g03_c04.avi,TrampolineJumping,6.7067000000000005,1.9791376147409308
v_TrampolineJumping_g04_c01.avi,TrampolineJumping,8.341666666666667,1.9791376147409308
v_TrampolineJumping_g04_c02.avi,TrampolineJumping,8.341666666666667,1.9791376147409308
v_TrampolineJumping_g04_c03.avi,TrampolineJumping,8.341666666666667,1.9791376147409308
v_TrampolineJumping_g04_c04.avi,TrampolineJumping,8.341666666666667,1.9791376147409308
v_TrampolineJumping_g04_c05.avi,TrampolineJumping,8.008000000000001,1.9791376147409308
v_TrampolineJumping_g05_c01.avi,TrampolineJumping,5.038366666666667,1.9791376147409308
v_TrampolineJumping_g05_c02.avi,TrampolineJumping,5.038366666666667,1.9791376147409308
v_TrampolineJumping_g05_c03.avi,TrampolineJumping,5.038366666666667,1.9791376147409308
v_TrampolineJumping_g05_c04.avi,TrampolineJumping,5.038366666666667,1.9791376147409308
v_TrampolineJumping_g06_c01.avi,TrampolineJumping,6.7067000000000005,1.9791376147409308
v_TrampolineJumping_g06_c02.avi,TrampolineJumping,15.015,1.9791376147409308
v_TrampolineJumping_g06_c03.avi,TrampolineJumping,15.015,1.9791376147409308
v_TrampolineJumping_g06_c04.avi,TrampolineJumping,11.011000000000001,1.9791376147409308
v_TrampolineJumping_g07_c01.avi,TrampolineJumping,6.7067000000000005,1.9791376147409308
v_TrampolineJumping_g07_c02.avi,TrampolineJumping,13.380033333333333,1.9791376147409308
v_TrampolineJumping_g07_c03.avi,TrampolineJumping,6.7067000000000005,1.9791376147409308
v_TrampolineJumping_g07_c04.avi,TrampolineJumping,6.7067000000000005,1.9791376147409308
v_TrampolineJumping_g07_c05.avi,TrampolineJumping,8.008000000000001,1.9791376147409308
v_TrampolineJumping_g08_c01.avi,TrampolineJumping,6.006,1.9791376147409308
v_TrampolineJumping_g08_c02.avi,TrampolineJumping,9.876533333333333,1.9791376147409308
v_TrampolineJumping_g08_c03.avi,TrampolineJumping,7.240566666666667,1.9791376147409308
v_TrampolineJumping_g08_c04.avi,TrampolineJumping,9.876533333333333,1.9791376147409308
v_TrampolineJumping_g09_c01.avi,TrampolineJumping,5.8058000000000005,1.9791376147409308
v_TrampolineJumping_g09_c02.avi,TrampolineJumping,6.7067000000000005,1.9791376147409308
v_TrampolineJumping_g09_c03.avi,TrampolineJumping,6.7067000000000005,1.9791376147409308
v_TrampolineJumping_g09_c04.avi,TrampolineJumping,6.7067000000000005,1.9791376147409308
v_TrampolineJumping_g09_c05.avi,TrampolineJumping,8.008000000000001,1.9791376147409308
v_TrampolineJumping_g09_c06.avi,TrampolineJumping,6.4064000000000005,1.9791376147409308
v_TrampolineJumping_g10_c01.avi,TrampolineJumping,6.7067000000000005,1.9791376147409308
v_TrampolineJumping_g10_c02.avi,TrampolineJumping,6.7067000000000005,1.9791376147409308
v_TrampolineJumping_g10_c03.avi,TrampolineJumping,6.7067000000000005,1.9791376147409308
v_TrampolineJumping_g10_c04.avi,TrampolineJumping,6.7067000000000005,1.9791376147409308
v_TrampolineJumping_g10_c05.avi,TrampolineJumping,8.008000000000001,1.9791376147409308
v_TrampolineJumping_g10_c06.avi,TrampolineJumping,8.008000000000001,1.9791376147409308
v_TrampolineJumping_g11_c01.avi,TrampolineJumping,6.7067000000000005,1.9791376147409308
v_TrampolineJumping_g11_c02.avi,TrampolineJumping,5.038366666666667,1.9791376147409308
v_TrampolineJumping_g11_c03.avi,TrampolineJumping,6.7067000000000005,1.9791376147409308
v_TrampolineJumping_g11_c04.avi,TrampolineJumping,6.7067000000000005,1.9791376147409308
v_TrampolineJumping_g11_c05.avi,TrampolineJumping,10.2102,1.9791376147409308
v_TrampolineJumping_g11_c06.avi,TrampolineJumping,8.008000000000001,1.9791376147409308
v_TrampolineJumping_g12_c01.avi,TrampolineJumping,6.006,1.9791376147409308
v_TrampolineJumping_g12_c02.avi,TrampolineJumping,6.006,1.9791376147409308
v_TrampolineJumping_g12_c03.avi,TrampolineJumping,6.006,1.9791376147409308
v_TrampolineJumping_g12_c04.avi,TrampolineJumping,6.006,1.9791376147409308
v_TrampolineJumping_g12_c05.avi,TrampolineJumping,6.006,1.9791376147409308
v_TrampolineJumping_g13_c01.avi,TrampolineJumping,6.239566666666667,1.9791376147409308
v_TrampolineJumping_g13_c02.avi,TrampolineJumping,6.239566666666667,1.9791376147409308
v_TrampolineJumping_g13_c03.avi,TrampolineJumping,6.239566666666667,1.9791376147409308
v_TrampolineJumping_g13_c04.avi,TrampolineJumping,4.170833333333333,1.9791376147409308
v_TrampolineJumping_g14_c01.avi,TrampolineJumping,11.644966666666667,1.9791376147409308
v_TrampolineJumping_g14_c02.avi,TrampolineJumping,7.6409666666666665,1.9791376147409308
v_TrampolineJumping_g14_c03.avi,TrampolineJumping,6.7067000000000005,1.9791376147409308
v_TrampolineJumping_g14_c04.avi,TrampolineJumping,6.7067000000000005,1.9791376147409308
v_TrampolineJumping_g15_c01.avi,TrampolineJumping,5.038366666666667,1.9791376147409308
v_TrampolineJumping_g15_c02.avi,TrampolineJumping,5.038366666666667,1.9791376147409308
v_TrampolineJumping_g15_c03.avi,TrampolineJumping,5.038366666666667,1.9791376147409308
v_TrampolineJumping_g15_c04.avi,TrampolineJumping,5.038366666666667,1.9791376147409308
v_TrampolineJumping_g15_c05.avi,TrampolineJumping,6.006,1.9791376147409308
v_TrampolineJumping_g16_c01.avi,TrampolineJumping,4.8048,1.9791376147409308
v_TrampolineJumping_g16_c02.avi,TrampolineJumping,5.7057,1.9791376147409308
v_TrampolineJumping_g16_c03.avi,TrampolineJumping,3.8705333333333334,1.9791376147409308
v_TrampolineJumping_g16_c04.avi,TrampolineJumping,5.038366666666667,1.9791376147409308
v_TrampolineJumping_g16_c05.avi,TrampolineJumping,6.006,1.9791376147409308
v_TrampolineJumping_g16_c06.avi,TrampolineJumping,6.006,1.9791376147409308
v_TrampolineJumping_g17_c01.avi,TrampolineJumping,6.7067000000000005,1.9791376147409308
v_TrampolineJumping_g17_c02.avi,TrampolineJumping,8.375033333333333,1.9791376147409308
v_TrampolineJumping_g17_c03.avi,TrampolineJumping,6.7067000000000005,1.9791376147409308
v_TrampolineJumping_g17_c04.avi,TrampolineJumping,6.7067000000000005,1.9791376147409308
v_TrampolineJumping_g18_c01.avi,TrampolineJumping,6.7067000000000005,1.9791376147409308
v_TrampolineJumping_g18_c02.avi,TrampolineJumping,5.038366666666667,1.9791376147409308
v_TrampolineJumping_g18_c03.avi,TrampolineJumping,6.7067000000000005,1.9791376147409308
v_TrampolineJumping_g18_c04.avi,TrampolineJumping,5.038366666666667,1.9791376147409308
v_TrampolineJumping_g19_c01.avi,TrampolineJumping,3.5368666666666666,1.9791376147409308
v_TrampolineJumping_g19_c02.avi,TrampolineJumping,3.5368666666666666,1.9791376147409308
v_TrampolineJumping_g19_c03.avi,TrampolineJumping,3.5368666666666666,1.9791376147409308
v_TrampolineJumping_g19_c04.avi,TrampolineJumping,3.5368666666666666,1.9791376147409308
v_TrampolineJumping_g19_c05.avi,TrampolineJumping,8.008000000000001,1.9791376147409308
v_TrampolineJumping_g19_c06.avi,TrampolineJumping,8.008000000000001,1.9791376147409308
v_TrampolineJumping_g20_c01.avi,TrampolineJumping,6.7067000000000005,1.9791376147409308
v_TrampolineJumping_g20_c02.avi,TrampolineJumping,6.7067000000000005,1.9791376147409308
v_TrampolineJumping_g20_c03.avi,TrampolineJumping,8.375033333333333,1.9791376147409308
v_TrampolineJumping_g20_c04.avi,TrampolineJumping,6.7067000000000005,1.9791376147409308
v_TrampolineJumping_g20_c05.avi,TrampolineJumping,8.008000000000001,1.9791376147409308
v_TrampolineJumping_g21_c01.avi,TrampolineJumping,6.7067000000000005,1.9791376147409308
v_TrampolineJumping_g21_c02.avi,TrampolineJumping,6.7067000000000005,1.9791376147409308
v_TrampolineJumping_g21_c03.avi,TrampolineJumping,6.7067000000000005,1.9791376147409308
v_TrampolineJumping_g21_c04.avi,TrampolineJumping,6.7067000000000005,1.9791376147409308
v_TrampolineJumping_g22_c01.avi,TrampolineJumping,8.008000000000001,1.9791376147409308
v_TrampolineJumping_g22_c02.avi,TrampolineJumping,6.006,1.9791376147409308
v_TrampolineJumping_g22_c03.avi,TrampolineJumping,8.008000000000001,1.9791376147409308
v_TrampolineJumping_g22_c04.avi,TrampolineJumping,6.006,1.9791376147409308
v_TrampolineJumping_g22_c05.avi,TrampolineJumping,8.008000000000001,1.9791376147409308
v_TrampolineJumping_g22_c06.avi,TrampolineJumping,6.006,1.9791376147409308
v_TrampolineJumping_g23_c01.avi,TrampolineJumping,5.038366666666667,1.9791376147409308
v_TrampolineJumping_g23_c02.avi,TrampolineJumping,5.038366666666667,1.9791376147409308
v_TrampolineJumping_g23_c03.avi,TrampolineJumping,5.038366666666667,1.9791376147409308
v_TrampolineJumping_g23_c04.avi,TrampolineJumping,5.038366666666667,1.9791376147409308
v_TrampolineJumping_g24_c01.avi,TrampolineJumping,7.5075,1.9791376147409308
v_TrampolineJumping_g24_c02.avi,TrampolineJumping,7.5075,1.9791376147409308
v_TrampolineJumping_g24_c03.avi,TrampolineJumping,4.371033333333333,1.9791376147409308
v_TrampolineJumping_g24_c04.avi,TrampolineJumping,7.5075,1.9791376147409308
v_TrampolineJumping_g25_c01.avi,TrampolineJumping,4.371033333333333,1.9791376147409308
v_TrampolineJumping_g25_c02.avi,TrampolineJumping,4.1041,1.9791376147409308
v_TrampolineJumping_g25_c03.avi,TrampolineJumping,5.038366666666667,1.9791376147409308
v_TrampolineJumping_g25_c04.avi,TrampolineJumping,5.038366666666667,1.9791376147409308
v_Typing_g01_c01.avi,Typing,5.08,2.404833114660598
v_Typing_g01_c02.avi,Typing,4.84,2.404833114660598
v_Typing_g01_c03.avi,Typing,5.68,2.404833114660598
v_Typing_g01_c04.avi,Typing,6.24,2.404833114660598
v_Typing_g01_c05.avi,Typing,4.96,2.404833114660598
v_Typing_g01_c06.avi,Typing,5.76,2.404833114660598
v_Typing_g01_c07.avi,Typing,5.08,2.404833114660598
v_Typing_g02_c01.avi,Typing,10.0,2.404833114660598
v_Typing_g02_c02.avi,Typing,10.0,2.404833114660598
v_Typing_g02_c03.avi,Typing,10.0,2.404833114660598
v_Typing_g02_c04.avi,Typing,10.0,2.404833114660598
v_Typing_g02_c05.avi,Typing,10.0,2.404833114660598
v_Typing_g02_c06.avi,Typing,10.0,2.404833114660598
v_Typing_g03_c01.avi,Typing,9.96,2.404833114660598
v_Typing_g03_c02.avi,Typing,9.96,2.404833114660598
v_Typing_g03_c03.avi,Typing,10.0,2.404833114660598
v_Typing_g03_c04.avi,Typing,10.0,2.404833114660598
v_Typing_g03_c05.avi,Typing,9.92,2.404833114660598
v_Typing_g03_c06.avi,Typing,10.44,2.404833114660598
v_Typing_g03_c07.avi,Typing,10.0,2.404833114660598
v_Typing_g04_c01.avi,Typing,10.0,2.404833114660598
v_Typing_g04_c02.avi,Typing,7.24,2.404833114660598
v_Typing_g04_c03.avi,Typing,6.0,2.404833114660598
v_Typing_g04_c04.avi,Typing,10.0,2.404833114660598
v_Typing_g05_c01.avi,Typing,10.0,2.404833114660598
v_Typing_g05_c02.avi,Typing,10.0,2.404833114660598
v_Typing_g05_c03.avi,Typing,10.0,2.404833114660598
v_Typing_g05_c04.avi,Typing,10.0,2.404833114660598
v_Typing_g05_c05.avi,Typing,10.0,2.404833114660598
v_Typing_g05_c06.avi,Typing,10.0,2.404833114660598
v_Typing_g06_c01.avi,Typing,5.64,2.404833114660598
v_Typing_g06_c02.avi,Typing,5.0,2.404833114660598
v_Typing_g06_c03.avi,Typing,5.04,2.404833114660598
v_Typing_g06_c04.avi,Typing,4.92,2.404833114660598
v_Typing_g06_c05.avi,Typing,5.0,2.404833114660598
v_Typing_g06_c06.avi,Typing,5.16,2.404833114660598
v_Typing_g06_c07.avi,Typing,4.76,2.404833114660598
v_Typing_g07_c01.avi,Typing,4.8,2.404833114660598
v_Typing_g07_c02.avi,Typing,4.96,2.404833114660598
v_Typing_g07_c03.avi,Typing,5.12,2.404833114660598
v_Typing_g07_c04.avi,Typing,4.84,2.404833114660598
v_Typing_g07_c05.avi,Typing,5.16,2.404833114660598
v_Typing_g07_c06.avi,Typing,4.4,2.404833114660598
v_Typing_g08_c01.avi,Typing,7.04,2.404833114660598
v_Typing_g08_c02.avi,Typing,10.0,2.404833114660598
v_Typing_g08_c03.avi,Typing,10.0,2.404833114660598
v_Typing_g08_c04.avi,Typing,10.0,2.404833114660598
v_Typing_g08_c05.avi,Typing,10.0,2.404833114660598
v_Typing_g08_c06.avi,Typing,10.0,2.404833114660598
v_Typing_g08_c07.avi,Typing,10.0,2.404833114660598
v_Typing_g09_c01.avi,Typing,7.56,2.404833114660598
v_Typing_g09_c02.avi,Typing,10.0,2.404833114660598
v_Typing_g09_c03.avi,Typing,10.0,2.404833114660598
v_Typing_g09_c04.avi,Typing,10.0,2.404833114660598
v_Typing_g09_c05.avi,Typing,10.0,2.404833114660598
v_Typing_g09_c06.avi,Typing,10.0,2.404833114660598
v_Typing_g09_c07.avi,Typing,10.0,2.404833114660598
v_Typing_g10_c01.avi,Typing,10.0,2.404833114660598
v_Typing_g10_c02.avi,Typing,10.4,2.404833114660598
v_Typing_g10_c03.avi,Typing,10.4,2.404833114660598
v_Typing_g10_c04.avi,Typing,10.24,2.404833114660598
v_Typing_g10_c05.avi,Typing,10.0,2.404833114660598
v_Typing_g10_c06.avi,Typing,10.0,2.404833114660598
v_Typing_g10_c07.avi,Typing,10.0,2.404833114660598
v_Typing_g11_c01.avi,Typing,5.28,2.404833114660598
v_Typing_g11_c02.avi,Typing,4.32,2.404833114660598
v_Typing_g11_c03.avi,Typing,5.68,2.404833114660598
v_Typing_g11_c04.avi,Typing,4.8,2.404833114660598
v_Typing_g11_c05.avi,Typing,5.2,2.404833114660598
v_Typing_g11_c06.avi,Typing,4.76,2.404833114660598
v_Typing_g11_c07.avi,Typing,5.24,2.404833114660598
v_Typing_g12_c01.avi,Typing,5.72,2.404833114660598
v_Typing_g12_c02.avi,Typing,5.48,2.404833114660598
v_Typing_g12_c03.avi,Typing,4.52,2.404833114660598
v_Typing_g12_c04.avi,Typing,5.6,2.404833114660598
v_Typing_g12_c05.avi,Typing,4.4,2.404833114660598
v_Typing_g12_c06.avi,Typing,5.56,2.404833114660598
v_Typing_g12_c07.avi,Typing,4.44,2.404833114660598
v_Typing_g13_c01.avi,Typing,6.84,2.404833114660598
v_Typing_g13_c02.avi,Typing,3.0,2.404833114660598
v_Typing_g13_c03.avi,Typing,3.0,2.404833114660598
v_Typing_g13_c04.avi,Typing,3.88,2.404833114660598
v_Typing_g14_c01.avi,Typing,10.04,2.404833114660598
v_Typing_g14_c02.avi,Typing,9.16,2.404833114660598
v_Typing_g14_c03.avi,Typing,9.96,2.404833114660598
v_Typing_g14_c04.avi,Typing,10.28,2.404833114660598
v_Typing_g14_c05.avi,Typing,10.28,2.404833114660598
v_Typing_g14_c06.avi,Typing,8.56,2.404833114660598
v_Typing_g14_c07.avi,Typing,9.12,2.404833114660598
v_Typing_g15_c01.avi,Typing,10.56,2.404833114660598
v_Typing_g15_c02.avi,Typing,10.0,2.404833114660598
v_Typing_g15_c03.avi,Typing,10.0,2.404833114660598
v_Typing_g15_c04.avi,Typing,10.0,2.404833114660598
v_Typing_g16_c01.avi,Typing,10.92,2.404833114660598
v_Typing_g16_c02.avi,Typing,10.04,2.404833114660598
v_Typing_g16_c03.avi,Typing,9.64,2.404833114660598
v_Typing_g16_c04.avi,Typing,10.36,2.404833114660598
v_Typing_g17_c01.avi,Typing,4.4,2.404833114660598
v_Typing_g17_c02.avi,Typing,5.0,2.404833114660598
v_Typing_g17_c03.avi,Typing,5.36,2.404833114660598
v_Typing_g17_c04.avi,Typing,4.04,2.404833114660598
v_Typing_g18_c01.avi,Typing,5.32,2.404833114660598
v_Typing_g18_c02.avi,Typing,4.88,2.404833114660598
v_Typing_g18_c03.avi,Typing,5.2,2.404833114660598
v_Typing_g18_c04.avi,Typing,4.6,2.404833114660598
v_Typing_g19_c01.avi,Typing,8.52,2.404833114660598
v_Typing_g19_c02.avi,Typing,10.0,2.404833114660598
v_Typing_g19_c03.avi,Typing,10.0,2.404833114660598
v_Typing_g19_c04.avi,Typing,10.0,2.404833114660598
v_Typing_g20_c01.avi,Typing,7.32,2.404833114660598
v_Typing_g20_c02.avi,Typing,7.6,2.404833114660598
v_Typing_g20_c03.avi,Typing,7.32,2.404833114660598
v_Typing_g20_c04.avi,Typing,7.36,2.404833114660598
v_Typing_g20_c05.avi,Typing,7.84,2.404833114660598
v_Typing_g20_c06.avi,Typing,8.0,2.404833114660598
v_Typing_g20_c07.avi,Typing,8.64,2.404833114660598
v_Typing_g21_c01.avi,Typing,5.64,2.404833114660598
v_Typing_g21_c02.avi,Typing,4.36,2.404833114660598
v_Typing_g21_c03.avi,Typing,5.56,2.404833114660598
v_Typing_g21_c04.avi,Typing,4.44,2.404833114660598
v_Typing_g22_c01.avi,Typing,10.12,2.404833114660598
v_Typing_g22_c02.avi,Typing,10.0,2.404833114660598
v_Typing_g22_c03.avi,Typing,10.0,2.404833114660598
v_Typing_g22_c04.avi,Typing,10.0,2.404833114660598
v_Typing_g23_c01.avi,Typing,8.12,2.404833114660598
v_Typing_g23_c02.avi,Typing,5.52,2.404833114660598
v_Typing_g23_c03.avi,Typing,7.04,2.404833114660598
v_Typing_g23_c04.avi,Typing,9.04,2.404833114660598
v_Typing_g24_c01.avi,Typing,7.8,2.404833114660598
v_Typing_g24_c02.avi,Typing,10.0,2.404833114660598
v_Typing_g24_c03.avi,Typing,11.52,2.404833114660598
v_Typing_g24_c04.avi,Typing,8.96,2.404833114660598
v_Typing_g25_c01.avi,Typing,10.0,2.404833114660598
v_Typing_g25_c02.avi,Typing,10.0,2.404833114660598
v_Typing_g25_c03.avi,Typing,10.0,2.404833114660598
v_Typing_g25_c04.avi,Typing,10.0,2.404833114660598
v_UnevenBars_g01_c01.avi,UnevenBars,6.44,2.006972163886903
v_UnevenBars_g01_c02.avi,UnevenBars,6.4,2.006972163886903
v_UnevenBars_g01_c03.avi,UnevenBars,6.12,2.006972163886903
v_UnevenBars_g01_c04.avi,UnevenBars,5.76,2.006972163886903
v_UnevenBars_g02_c01.avi,UnevenBars,5.84,2.006972163886903
v_UnevenBars_g02_c02.avi,UnevenBars,7.76,2.006972163886903
v_UnevenBars_g02_c03.avi,UnevenBars,6.24,2.006972163886903
v_UnevenBars_g02_c04.avi,UnevenBars,7.84,2.006972163886903
v_UnevenBars_g03_c01.avi,UnevenBars,5.16,2.006972163886903
v_UnevenBars_g03_c02.avi,UnevenBars,5.68,2.006972163886903
v_UnevenBars_g03_c03.avi,UnevenBars,6.0,2.006972163886903
v_UnevenBars_g03_c04.avi,UnevenBars,9.84,2.006972163886903
v_UnevenBars_g04_c01.avi,UnevenBars,5.68,2.006972163886903
v_UnevenBars_g04_c02.avi,UnevenBars,5.0,2.006972163886903
v_UnevenBars_g04_c03.avi,UnevenBars,4.8,2.006972163886903
v_UnevenBars_g04_c04.avi,UnevenBars,5.8,2.006972163886903
v_UnevenBars_g05_c01.avi,UnevenBars,4.88,2.006972163886903
v_UnevenBars_g05_c02.avi,UnevenBars,7.12,2.006972163886903
v_UnevenBars_g05_c03.avi,UnevenBars,6.64,2.006972163886903
v_UnevenBars_g05_c04.avi,UnevenBars,4.28,2.006972163886903
v_UnevenBars_g06_c01.avi,UnevenBars,3.92,2.006972163886903
v_UnevenBars_g06_c02.avi,UnevenBars,3.12,2.006972163886903
v_UnevenBars_g06_c03.avi,UnevenBars,3.16,2.006972163886903
v_UnevenBars_g06_c04.avi,UnevenBars,4.76,2.006972163886903
v_UnevenBars_g07_c01.avi,UnevenBars,6.0,2.006972163886903
v_UnevenBars_g07_c02.avi,UnevenBars,2.92,2.006972163886903
v_UnevenBars_g07_c03.avi,UnevenBars,4.92,2.006972163886903
v_UnevenBars_g07_c04.avi,UnevenBars,4.92,2.006972163886903
v_UnevenBars_g08_c01.avi,UnevenBars,4.44,2.006972163886903
v_UnevenBars_g08_c02.avi,UnevenBars,5.92,2.006972163886903
v_UnevenBars_g08_c03.avi,UnevenBars,6.72,2.006972163886903
v_UnevenBars_g08_c04.avi,UnevenBars,6.68,2.006972163886903
v_UnevenBars_g09_c01.avi,UnevenBars,6.68,2.006972163886903
v_UnevenBars_g09_c02.avi,UnevenBars,4.4,2.006972163886903
v_UnevenBars_g09_c03.avi,UnevenBars,5.88,2.006972163886903
v_UnevenBars_g09_c04.avi,UnevenBars,5.6,2.006972163886903
v_UnevenBars_g10_c01.avi,UnevenBars,7.56,2.006972163886903
v_UnevenBars_g10_c02.avi,UnevenBars,5.16,2.006972163886903
v_UnevenBars_g10_c03.avi,UnevenBars,3.96,2.006972163886903
v_UnevenBars_g10_c04.avi,UnevenBars,5.44,2.006972163886903
v_UnevenBars_g11_c01.avi,UnevenBars,7.6,2.006972163886903
v_UnevenBars_g11_c02.avi,UnevenBars,6.0,2.006972163886903
v_UnevenBars_g11_c03.avi,UnevenBars,6.56,2.006972163886903
v_UnevenBars_g11_c04.avi,UnevenBars,7.8,2.006972163886903
v_UnevenBars_g12_c01.avi,UnevenBars,5.2,2.006972163886903
v_UnevenBars_g12_c02.avi,UnevenBars,8.08,2.006972163886903
v_UnevenBars_g12_c03.avi,UnevenBars,4.88,2.006972163886903
v_UnevenBars_g12_c04.avi,UnevenBars,6.4,2.006972163886903
v_UnevenBars_g13_c01.avi,UnevenBars,4.64,2.006972163886903
v_UnevenBars_g13_c02.avi,UnevenBars,6.64,2.006972163886903
v_UnevenBars_g13_c03.avi,UnevenBars,6.92,2.006972163886903
v_UnevenBars_g13_c04.avi,UnevenBars,5.56,2.006972163886903
v_UnevenBars_g14_c01.avi,UnevenBars,4.84,2.006972163886903
v_UnevenBars_g14_c02.avi,UnevenBars,6.84,2.006972163886903
v_UnevenBars_g14_c03.avi,UnevenBars,7.4,2.006972163886903
v_UnevenBars_g14_c04.avi,UnevenBars,4.36,2.006972163886903
v_UnevenBars_g15_c01.avi,UnevenBars,2.52,2.006972163886903
v_UnevenBars_g15_c02.avi,UnevenBars,4.88,2.006972163886903
v_UnevenBars_g15_c03.avi,UnevenBars,7.92,2.006972163886903
v_UnevenBars_g15_c04.avi,UnevenBars,10.28,2.006972163886903
v_UnevenBars_g15_c05.avi,UnevenBars,6.52,2.006972163886903
v_UnevenBars_g15_c06.avi,UnevenBars,6.72,2.006972163886903
v_UnevenBars_g15_c07.avi,UnevenBars,5.84,2.006972163886903
v_UnevenBars_g16_c01.avi,UnevenBars,12.56,2.006972163886903
v_UnevenBars_g16_c02.avi,UnevenBars,12.08,2.006972163886903
v_UnevenBars_g16_c03.avi,UnevenBars,12.0,2.006972163886903
v_UnevenBars_g16_c04.avi,UnevenBars,12.0,2.006972163886903
v_UnevenBars_g16_c05.avi,UnevenBars,13.0,2.006972163886903
v_UnevenBars_g17_c01.avi,UnevenBars,5.08,2.006972163886903
v_UnevenBars_g17_c02.avi,UnevenBars,5.28,2.006972163886903
v_UnevenBars_g17_c03.avi,UnevenBars,5.4,2.006972163886903
v_UnevenBars_g17_c04.avi,UnevenBars,5.52,2.006972163886903
v_UnevenBars_g18_c01.avi,UnevenBars,6.64,2.006972163886903
v_UnevenBars_g18_c02.avi,UnevenBars,7.6,2.006972163886903
v_UnevenBars_g18_c03.avi,UnevenBars,5.12,2.006972163886903
v_UnevenBars_g18_c04.avi,UnevenBars,3.0,2.006972163886903
v_UnevenBars_g19_c01.avi,UnevenBars,6.68,2.006972163886903
v_UnevenBars_g19_c02.avi,UnevenBars,5.0,2.006972163886903
v_UnevenBars_g19_c03.avi,UnevenBars,4.6,2.006972163886903
v_UnevenBars_g19_c04.avi,UnevenBars,4.0,2.006972163886903
v_UnevenBars_g20_c01.avi,UnevenBars,6.28,2.006972163886903
v_UnevenBars_g20_c02.avi,UnevenBars,5.48,2.006972163886903
v_UnevenBars_g20_c03.avi,UnevenBars,4.0,2.006972163886903
v_UnevenBars_g20_c04.avi,UnevenBars,5.88,2.006972163886903
v_UnevenBars_g21_c01.avi,UnevenBars,7.48,2.006972163886903
v_UnevenBars_g21_c02.avi,UnevenBars,6.32,2.006972163886903
v_UnevenBars_g21_c03.avi,UnevenBars,9.0,2.006972163886903
v_UnevenBars_g21_c04.avi,UnevenBars,5.04,2.006972163886903
v_UnevenBars_g22_c01.avi,UnevenBars,9.64,2.006972163886903
v_UnevenBars_g22_c02.avi,UnevenBars,5.04,2.006972163886903
v_UnevenBars_g22_c03.avi,UnevenBars,5.56,2.006972163886903
v_UnevenBars_g22_c04.avi,UnevenBars,5.0,2.006972163886903
v_UnevenBars_g23_c01.avi,UnevenBars,7.4,2.006972163886903
v_UnevenBars_g23_c02.avi,UnevenBars,5.16,2.006972163886903
v_UnevenBars_g23_c03.avi,UnevenBars,6.64,2.006972163886903
v_UnevenBars_g23_c04.avi,UnevenBars,4.6,2.006972163886903
v_UnevenBars_g24_c01.avi,UnevenBars,4.2,2.006972163886903
v_UnevenBars_g24_c02.avi,UnevenBars,7.44,2.006972163886903
v_UnevenBars_g24_c03.avi,UnevenBars,4.72,2.006972163886903
v_UnevenBars_g24_c04.avi,UnevenBars,3.76,2.006972163886903
v_UnevenBars_g25_c01.avi,UnevenBars,3.8,2.006972163886903
v_UnevenBars_g25_c02.avi,UnevenBars,6.36,2.006972163886903
v_UnevenBars_g25_c03.avi,UnevenBars,4.96,2.006972163886903
v_UnevenBars_g25_c04.avi,UnevenBars,6.2,2.006972163886903
v_VolleyballSpiking_g01_c01.avi,VolleyballSpiking,3.1031,1.3583465337271228
v_VolleyballSpiking_g01_c02.avi,VolleyballSpiking,7.007000000000001,1.3583465337271228
v_VolleyballSpiking_g01_c03.avi,VolleyballSpiking,5.138466666666667,1.3583465337271228
v_VolleyballSpiking_g01_c04.avi,VolleyballSpiking,2.3023000000000002,1.3583465337271228
v_VolleyballSpiking_g02_c01.avi,VolleyballSpiking,2.8028,1.3583465337271228
v_VolleyballSpiking_g02_c02.avi,VolleyballSpiking,4.070733333333333,1.3583465337271228
v_VolleyballSpiking_g02_c03.avi,VolleyballSpiking,3.7370666666666668,1.3583465337271228
v_VolleyballSpiking_g02_c04.avi,VolleyballSpiking,3.036366666666667,1.3583465337271228
v_VolleyballSpiking_g03_c01.avi,VolleyballSpiking,3.4034,1.3583465337271228
v_VolleyballSpiking_g03_c02.avi,VolleyballSpiking,2.168833333333333,1.3583465337271228
v_VolleyballSpiking_g03_c03.avi,VolleyballSpiking,4.1041,1.3583465337271228
v_VolleyballSpiking_g03_c04.avi,VolleyballSpiking,3.1698333333333335,1.3583465337271228
v_VolleyballSpiking_g04_c01.avi,VolleyballSpiking,2.168833333333333,1.3583465337271228
v_VolleyballSpiking_g04_c02.avi,VolleyballSpiking,2.0353666666666665,1.3583465337271228
v_VolleyballSpiking_g04_c03.avi,VolleyballSpiking,2.5358666666666667,1.3583465337271228
v_VolleyballSpiking_g04_c04.avi,VolleyballSpiking,3.7037,1.3583465337271228
v_VolleyballSpiking_g04_c05.avi,VolleyballSpiking,3.2699333333333334,1.3583465337271228
v_VolleyballSpiking_g04_c06.avi,VolleyballSpiking,3.6703333333333332,1.3583465337271228
v_VolleyballSpiking_g04_c07.avi,VolleyballSpiking,4.3043000000000005,1.3583465337271228
v_VolleyballSpiking_g05_c01.avi,VolleyballSpiking,3.4701333333333335,1.3583465337271228
v_VolleyballSpiking_g05_c02.avi,VolleyballSpiking,2.2022,1.3583465337271228
v_VolleyballSpiking_g05_c03.avi,VolleyballSpiking,1.9686333333333335,1.3583465337271228
v_VolleyballSpiking_g05_c04.avi,VolleyballSpiking,2.1021,1.3583465337271228
v_VolleyballSpiking_g05_c05.avi,VolleyballSpiking,3.1364666666666667,1.3583465337271228
v_VolleyballSpiking_g06_c01.avi,VolleyballSpiking,4.037366666666666,1.3583465337271228
v_VolleyballSpiking_g06_c02.avi,VolleyballSpiking,3.5368666666666666,1.3583465337271228
v_VolleyballSpiking_g06_c03.avi,VolleyballSpiking,4.037366666666666,1.3583465337271228
v_VolleyballSpiking_g06_c04.avi,VolleyballSpiking,4.938266666666666,1.3583465337271228
v_VolleyballSpiking_g07_c01.avi,VolleyballSpiking,1.7684333333333333,1.3583465337271228
v_VolleyballSpiking_g07_c02.avi,VolleyballSpiking,2.9029000000000003,1.3583465337271228
v_VolleyballSpiking_g07_c03.avi,VolleyballSpiking,2.9696333333333333,1.3583465337271228
v_VolleyballSpiking_g07_c04.avi,VolleyballSpiking,2.2355666666666667,1.3583465337271228
v_VolleyballSpiking_g07_c05.avi,VolleyballSpiking,2.8695333333333335,1.3583465337271228
v_VolleyballSpiking_g07_c06.avi,VolleyballSpiking,2.2355666666666667,1.3583465337271228
v_VolleyballSpiking_g07_c07.avi,VolleyballSpiking,2.6359666666666666,1.3583465337271228
v_VolleyballSpiking_g08_c01.avi,VolleyballSpiking,3.9706333333333332,1.3583465337271228
v_VolleyballSpiking_g08_c02.avi,VolleyballSpiking,3.6703333333333332,1.3583465337271228
v_VolleyballSpiking_g08_c03.avi,VolleyballSpiking,2.469133333333333,1.3583465337271228
v_VolleyballSpiking_g08_c04.avi,VolleyballSpiking,3.9039,1.3583465337271228
v_VolleyballSpiking_g08_c05.avi,VolleyballSpiking,5.171833333333334,1.3583465337271228
v_VolleyballSpiking_g08_c06.avi,VolleyballSpiking,8.441766666666666,1.3583465337271228
v_VolleyballSpiking_g09_c01.avi,VolleyballSpiking,2.736066666666667,1.3583465337271228
v_VolleyballSpiking_g09_c02.avi,VolleyballSpiking,2.0353666666666665,1.3583465337271228
v_VolleyballSpiking_g09_c03.avi,VolleyballSpiking,2.2689333333333335,1.3583465337271228
v_VolleyballSpiking_g09_c04.avi,VolleyballSpiking,6.3063,1.3583465337271228
v_VolleyballSpiking_g09_c05.avi,VolleyballSpiking,5.1051,1.3583465337271228
v_VolleyballSpiking_g09_c06.avi,VolleyballSpiking,3.5035000000000003,1.3583465337271228
v_VolleyballSpiking_g10_c01.avi,VolleyballSpiking,2.9696333333333333,1.3583465337271228
v_VolleyballSpiking_g10_c02.avi,VolleyballSpiking,5.638966666666667,1.3583465337271228
v_VolleyballSpiking_g10_c03.avi,VolleyballSpiking,3.2032000000000003,1.3583465337271228
v_VolleyballSpiking_g10_c04.avi,VolleyballSpiking,4.5045,1.3583465337271228
v_VolleyballSpiking_g11_c01.avi,VolleyballSpiking,3.1031,1.3583465337271228
v_VolleyballSpiking_g11_c02.avi,VolleyballSpiking,5.472133333333334,1.3583465337271228
v_VolleyballSpiking_g11_c03.avi,VolleyballSpiking,3.8705333333333334,1.3583465337271228
v_VolleyballSpiking_g11_c04.avi,VolleyballSpiking,5.939266666666667,1.3583465337271228
v_VolleyballSpiking_g11_c05.avi,VolleyballSpiking,3.6036,1.3583465337271228
v_VolleyballSpiking_g11_c06.avi,VolleyballSpiking,2.469133333333333,1.3583465337271228
v_VolleyballSpiking_g12_c01.avi,VolleyballSpiking,3.370033333333333,1.3583465337271228
v_VolleyballSpiking_g12_c02.avi,VolleyballSpiking,2.0687333333333333,1.3583465337271228
v_VolleyballSpiking_g12_c03.avi,VolleyballSpiking,3.8705333333333334,1.3583465337271228
v_VolleyballSpiking_g12_c04.avi,VolleyballSpiking,4.571233333333334,1.3583465337271228
v_VolleyballSpiking_g13_c01.avi,VolleyballSpiking,2.5692333333333335,1.3583465337271228
v_VolleyballSpiking_g13_c02.avi,VolleyballSpiking,2.435766666666667,1.3583465337271228
v_VolleyballSpiking_g13_c03.avi,VolleyballSpiking,2.435766666666667,1.3583465337271228
v_VolleyballSpiking_g13_c04.avi,VolleyballSpiking,2.6359666666666666,1.3583465337271228
v_VolleyballSpiking_g13_c05.avi,VolleyballSpiking,3.5035000000000003,1.3583465337271228
v_VolleyballSpiking_g13_c06.avi,VolleyballSpiking,3.4701333333333335,1.3583465337271228
v_VolleyballSpiking_g13_c07.avi,VolleyballSpiking,3.4034,1.3583465337271228
v_VolleyballSpiking_g14_c01.avi,VolleyballSpiking,2.2355666666666667,1.3583465337271228
v_VolleyballSpiking_g14_c02.avi,VolleyballSpiking,1.9019,1.3583465337271228
v_VolleyballSpiking_g14_c03.avi,VolleyballSpiking,3.336666666666667,1.3583465337271228
v_VolleyballSpiking_g14_c04.avi,VolleyballSpiking,2.8028,1.3583465337271228
v_VolleyballSpiking_g15_c01.avi,VolleyballSpiking,4.337666666666666,1.3583465337271228
v_VolleyballSpiking_g15_c02.avi,VolleyballSpiking,3.4034,1.3583465337271228
v_VolleyballSpiking_g15_c03.avi,VolleyballSpiking,4.738066666666667,1.3583465337271228
v_VolleyballSpiking_g15_c04.avi,VolleyballSpiking,2.8695333333333335,1.3583465337271228
v_VolleyballSpiking_g16_c01.avi,VolleyballSpiking,4.3043000000000005,1.3583465337271228
v_VolleyballSpiking_g16_c02.avi,VolleyballSpiking,3.2032000000000003,1.3583465337271228
v_VolleyballSpiking_g16_c03.avi,VolleyballSpiking,2.9696333333333333,1.3583465337271228
v_VolleyballSpiking_g16_c04.avi,VolleyballSpiking,6.006,1.3583465337271228
v_VolleyballSpiking_g17_c01.avi,VolleyballSpiking,3.5368666666666666,1.3583465337271228
v_VolleyballSpiking_g17_c02.avi,VolleyballSpiking,2.9029000000000003,1.3583465337271228
v_VolleyballSpiking_g17_c03.avi,VolleyballSpiking,3.4701333333333335,1.3583465337271228
v_VolleyballSpiking_g17_c04.avi,VolleyballSpiking,4.137466666666667,1.3583465337271228
v_VolleyballSpiking_g18_c01.avi,VolleyballSpiking,3.7370666666666668,1.3583465337271228
v_VolleyballSpiking_g18_c02.avi,VolleyballSpiking,3.336666666666667,1.3583465337271228
v_VolleyballSpiking_g18_c03.avi,VolleyballSpiking,5.1051,1.3583465337271228
v_VolleyballSpiking_g18_c04.avi,VolleyballSpiking,5.271933333333333,1.3583465337271228
v_VolleyballSpiking_g19_c01.avi,VolleyballSpiking,4.0040000000000004,1.3583465337271228
v_VolleyballSpiking_g19_c02.avi,VolleyballSpiking,3.370033333333333,1.3583465337271228
v_VolleyballSpiking_g19_c03.avi,VolleyballSpiking,1.9686333333333335,1.3583465337271228
v_VolleyballSpiking_g19_c04.avi,VolleyballSpiking,3.003,1.3583465337271228
v_VolleyballSpiking_g20_c01.avi,VolleyballSpiking,2.6693333333333333,1.3583465337271228
v_VolleyballSpiking_g20_c02.avi,VolleyballSpiking,5.7057,1.3583465337271228
v_VolleyballSpiking_g20_c03.avi,VolleyballSpiking,2.6026000000000002,1.3583465337271228
v_VolleyballSpiking_g20_c04.avi,VolleyballSpiking,1.9019,1.3583465337271228
v_VolleyballSpiking_g21_c01.avi,VolleyballSpiking,4.037366666666666,1.3583465337271228
v_VolleyballSpiking_g21_c02.avi,VolleyballSpiking,3.9706333333333332,1.3583465337271228
v_VolleyballSpiking_g21_c03.avi,VolleyballSpiking,3.7370666666666668,1.3583465337271228
v_VolleyballSpiking_g21_c04.avi,VolleyballSpiking,3.5368666666666666,1.3583465337271228
v_VolleyballSpiking_g22_c01.avi,VolleyballSpiking,3.7704333333333335,1.3583465337271228
v_VolleyballSpiking_g22_c02.avi,VolleyballSpiking,3.7037,1.3583465337271228
v_VolleyballSpiking_g22_c03.avi,VolleyballSpiking,6.673333333333334,1.3583465337271228
v_VolleyballSpiking_g22_c04.avi,VolleyballSpiking,5.7057,1.3583465337271228
v_VolleyballSpiking_g23_c01.avi,VolleyballSpiking,6.673333333333334,1.3583465337271228
v_VolleyballSpiking_g23_c02.avi,VolleyballSpiking,4.0040000000000004,1.3583465337271228
v_VolleyballSpiking_g23_c03.avi,VolleyballSpiking,6.940266666666667,1.3583465337271228
v_VolleyballSpiking_g23_c04.avi,VolleyballSpiking,8.742066666666666,1.3583465337271228
v_VolleyballSpiking_g24_c01.avi,VolleyballSpiking,3.9039,1.3583465337271228
v_VolleyballSpiking_g24_c02.avi,VolleyballSpiking,3.370033333333333,1.3583465337271228
v_VolleyballSpiking_g24_c03.avi,VolleyballSpiking,4.037366666666666,1.3583465337271228
v_VolleyballSpiking_g24_c04.avi,VolleyballSpiking,4.437766666666667,1.3583465337271228
v_VolleyballSpiking_g25_c01.avi,VolleyballSpiking,2.5358666666666667,1.3583465337271228
v_VolleyballSpiking_g25_c02.avi,VolleyballSpiking,3.370033333333333,1.3583465337271228
v_VolleyballSpiking_g25_c03.avi,VolleyballSpiking,5.9726333333333335,1.3583465337271228
v_VolleyballSpiking_g25_c04.avi,VolleyballSpiking,3.4034,1.3583465337271228
v_WalkingWithDog_g01_c01.avi,WalkingWithDog,8.008000000000001,1.134925737895334
v_WalkingWithDog_g01_c02.avi,WalkingWithDog,8.008000000000001,1.134925737895334
v_WalkingWithDog_g01_c03.avi,WalkingWithDog,8.008000000000001,1.134925737895334
v_WalkingWithDog_g01_c04.avi,WalkingWithDog,6.006,1.134925737895334
v_WalkingWithDog_g02_c01.avi,WalkingWithDog,8.008000000000001,1.134925737895334
v_WalkingWithDog_g02_c02.avi,WalkingWithDog,8.008000000000001,1.134925737895334
v_WalkingWithDog_g02_c03.avi,WalkingWithDog,8.008000000000001,1.134925737895334
v_WalkingWithDog_g02_c04.avi,WalkingWithDog,8.008000000000001,1.134925737895334
v_WalkingWithDog_g02_c05.avi,WalkingWithDog,8.008000000000001,1.134925737895334
v_WalkingWithDog_g02_c06.avi,WalkingWithDog,8.008000000000001,1.134925737895334
v_WalkingWithDog_g03_c01.avi,WalkingWithDog,8.008000000000001,1.134925737895334
v_WalkingWithDog_g03_c02.avi,WalkingWithDog,8.008000000000001,1.134925737895334
v_WalkingWithDog_g03_c03.avi,WalkingWithDog,7.1738333333333335,1.134925737895334
v_WalkingWithDog_g03_c04.avi,WalkingWithDog,8.008000000000001,1.134925737895334
v_WalkingWithDog_g03_c05.avi,WalkingWithDog,8.008000000000001,1.134925737895334
v_WalkingWithDog_g04_c01.avi,WalkingWithDog,3.1031,1.134925737895334
v_WalkingWithDog_g04_c02.avi,WalkingWithDog,8.008000000000001,1.134925737895334
v_WalkingWithDog_g04_c03.avi,WalkingWithDog,8.008000000000001,1.134925737895334
v_WalkingWithDog_g04_c04.avi,WalkingWithDog,7.007000000000001,1.134925737895334
v_WalkingWithDog_g04_c05.avi,WalkingWithDog,8.008000000000001,1.134925737895334
v_WalkingWithDog_g05_c01.avi,WalkingWithDog,8.008000000000001,1.134925737895334
v_WalkingWithDog_g05_c02.avi,WalkingWithDog,8.008000000000001,1.134925737895334
v_WalkingWithDog_g05_c03.avi,WalkingWithDog,8.008000000000001,1.134925737895334
v_WalkingWithDog_g05_c04.avi,WalkingWithDog,4.8048,1.134925737895334
v_WalkingWithDog_g05_c05.avi,WalkingWithDog,4.471133333333333,1.134925737895334
v_WalkingWithDog_g06_c01.avi,WalkingWithDog,5.1051,1.134925737895334
v_WalkingWithDog_g06_c02.avi,WalkingWithDog,4.170833333333333,1.134925737895334
v_WalkingWithDog_g06_c03.avi,WalkingWithDog,8.008000000000001,1.134925737895334
v_WalkingWithDog_g06_c04.avi,WalkingWithDog,8.008000000000001,1.134925737895334
v_WalkingWithDog_g06_c05.avi,WalkingWithDog,8.008000000000001,1.134925737895334
v_WalkingWithDog_g07_c01.avi,WalkingWithDog,3.1364666666666667,1.134925737895334
v_WalkingWithDog_g07_c02.avi,WalkingWithDog,5.3053,1.134925737895334
v_WalkingWithDog_g07_c03.avi,WalkingWithDog,7.7744333333333335,1.134925737895334
v_WalkingWithDog_g07_c04.avi,WalkingWithDog,8.008000000000001,1.134925737895334
v_WalkingWithDog_g07_c05.avi,WalkingWithDog,8.008000000000001,1.134925737895334
v_WalkingWithDog_g07_c06.avi,WalkingWithDog,8.008000000000001,1.134925737895334
v_WalkingWithDog_g08_c01.avi,WalkingWithDog,6.7067000000000005,1.134925737895334
v_WalkingWithDog_g08_c02.avi,WalkingWithDog,8.008000000000001,1.134925737895334
v_WalkingWithDog_g08_c03.avi,WalkingWithDog,8.008000000000001,1.134925737895334
v_WalkingWithDog_g08_c04.avi,WalkingWithDog,7.6076,1.134925737895334
v_WalkingWithDog_g08_c05.avi,WalkingWithDog,6.773433333333333,1.134925737895334
v_WalkingWithDog_g09_c01.avi,WalkingWithDog,6.8735333333333335,1.134925737895334
v_WalkingWithDog_g09_c02.avi,WalkingWithDog,8.008000000000001,1.134925737895334
v_WalkingWithDog_g09_c03.avi,WalkingWithDog,8.008000000000001,1.134925737895334
v_WalkingWithDog_g09_c04.avi,WalkingWithDog,8.008000000000001,1.134925737895334
v_WalkingWithDog_g09_c05.avi,WalkingWithDog,8.008000000000001,1.134925737895334
v_WalkingWithDog_g09_c06.avi,WalkingWithDog,8.008000000000001,1.134925737895334
v_WalkingWithDog_g10_c01.avi,WalkingWithDog,6.439766666666666,1.134925737895334
v_WalkingWithDog_g10_c02.avi,WalkingWithDog,8.008000000000001,1.134925737895334
v_WalkingWithDog_g10_c03.avi,WalkingWithDog,8.008000000000001,1.134925737895334
v_WalkingWithDog_g10_c04.avi,WalkingWithDog,8.008000000000001,1.134925737895334
v_WalkingWithDog_g10_c05.avi,WalkingWithDog,8.008000000000001,1.134925737895334
v_WalkingWithDog_g11_c01.avi,WalkingWithDog,8.008000000000001,1.134925737895334
v_WalkingWithDog_g11_c02.avi,WalkingWithDog,8.008000000000001,1.134925737895334
v_WalkingWithDog_g11_c03.avi,WalkingWithDog,8.008000000000001,1.134925737895334
v_WalkingWithDog_g11_c04.avi,WalkingWithDog,8.008000000000001,1.134925737895334
v_WalkingWithDog_g11_c05.avi,WalkingWithDog,8.008000000000001,1.134925737895334
v_WalkingWithDog_g12_c01.avi,WalkingWithDog,6.7067000000000005,1.134925737895334
v_WalkingWithDog_g12_c02.avi,WalkingWithDog,8.008000000000001,1.134925737895334
v_WalkingWithDog_g12_c03.avi,WalkingWithDog,7.674333333333333,1.134925737895334
v_WalkingWithDog_g12_c04.avi,WalkingWithDog,8.008000000000001,1.134925737895334
v_WalkingWithDog_g12_c05.avi,WalkingWithDog,8.008000000000001,1.134925737895334
v_WalkingWithDog_g13_c01.avi,WalkingWithDog,6.7067000000000005,1.134925737895334
v_WalkingWithDog_g13_c02.avi,WalkingWithDog,8.008000000000001,1.134925737895334
v_WalkingWithDog_g13_c03.avi,WalkingWithDog,4.0040000000000004,1.134925737895334
v_WalkingWithDog_g13_c04.avi,WalkingWithDog,4.237566666666667,1.134925737895334
v_WalkingWithDog_g13_c05.avi,WalkingWithDog,4.0040000000000004,1.134925737895334
v_WalkingWithDog_g14_c01.avi,WalkingWithDog,8.008000000000001,1.134925737895334
v_WalkingWithDog_g14_c02.avi,WalkingWithDog,8.008000000000001,1.134925737895334
v_WalkingWithDog_g14_c03.avi,WalkingWithDog,7.2072,1.134925737895334
v_WalkingWithDog_g14_c04.avi,WalkingWithDog,8.008000000000001,1.134925737895334
v_WalkingWithDog_g15_c01.avi,WalkingWithDog,7.2072,1.134925737895334
v_WalkingWithDog_g15_c02.avi,WalkingWithDog,8.008000000000001,1.134925737895334
v_WalkingWithDog_g15_c03.avi,WalkingWithDog,8.008000000000001,1.134925737895334
v_WalkingWithDog_g15_c04.avi,WalkingWithDog,8.008000000000001,1.134925737895334
v_WalkingWithDog_g16_c01.avi,WalkingWithDog,3.937266666666667,1.134925737895334
v_WalkingWithDog_g16_c02.avi,WalkingWithDog,8.008000000000001,1.134925737895334
v_WalkingWithDog_g16_c03.avi,WalkingWithDog,8.008000000000001,1.134925737895334
v_WalkingWithDog_g16_c04.avi,WalkingWithDog,8.008000000000001,1.134925737895334
v_WalkingWithDog_g16_c05.avi,WalkingWithDog,6.639966666666667,1.134925737895334
v_WalkingWithDog_g17_c01.avi,WalkingWithDog,8.008000000000001,1.134925737895334
v_WalkingWithDog_g17_c02.avi,WalkingWithDog,8.008000000000001,1.134925737895334
v_WalkingWithDog_g17_c03.avi,WalkingWithDog,8.008000000000001,1.134925737895334
v_WalkingWithDog_g17_c04.avi,WalkingWithDog,8.008000000000001,1.134925737895334
v_WalkingWithDog_g17_c05.avi,WalkingWithDog,8.008000000000001,1.134925737895334
v_WalkingWithDog_g18_c01.avi,WalkingWithDog,8.008000000000001,1.134925737895334
v_WalkingWithDog_g18_c02.avi,WalkingWithDog,8.008000000000001,1.134925737895334
v_WalkingWithDog_g18_c03.avi,WalkingWithDog,8.008000000000001,1.134925737895334
v_WalkingWithDog_g18_c04.avi,WalkingWithDog,8.008000000000001,1.134925737895334
v_WalkingWithDog_g19_c01.avi,WalkingWithDog,8.008000000000001,1.134925737895334
v_WalkingWithDog_g19_c02.avi,WalkingWithDog,8.008000000000001,1.134925737895334
v_WalkingWithDog_g19_c03.avi,WalkingWithDog,8.008000000000001,1.134925737895334
v_WalkingWithDog_g19_c04.avi,WalkingWithDog,8.008000000000001,1.134925737895334
v_WalkingWithDog_g19_c05.avi,WalkingWithDog,8.008000000000001,1.134925737895334
v_WalkingWithDog_g20_c01.avi,WalkingWithDog,8.008000000000001,1.134925737895334
v_WalkingWithDog_g20_c02.avi,WalkingWithDog,8.008000000000001,1.134925737895334
v_WalkingWithDog_g20_c03.avi,WalkingWithDog,8.008000000000001,1.134925737895334
v_WalkingWithDog_g20_c04.avi,WalkingWithDog,8.008000000000001,1.134925737895334
v_WalkingWithDog_g20_c05.avi,WalkingWithDog,8.008000000000001,1.134925737895334
v_WalkingWithDog_g20_c06.avi,WalkingWithDog,8.008000000000001,1.134925737895334
v_WalkingWithDog_g20_c07.avi,WalkingWithDog,8.008000000000001,1.134925737895334
v_WalkingWithDog_g21_c01.avi,WalkingWithDog,8.008000000000001,1.134925737895334
v_WalkingWithDog_g21_c02.avi,WalkingWithDog,8.008000000000001,1.134925737895334
v_WalkingWithDog_g21_c03.avi,WalkingWithDog,8.008000000000001,1.134925737895334
v_WalkingWithDog_g21_c04.avi,WalkingWithDog,8.008000000000001,1.134925737895334
v_WalkingWithDog_g22_c01.avi,WalkingWithDog,8.008000000000001,1.134925737895334
v_WalkingWithDog_g22_c02.avi,WalkingWithDog,8.008000000000001,1.134925737895334
v_WalkingWithDog_g22_c03.avi,WalkingWithDog,8.008000000000001,1.134925737895334
v_WalkingWithDog_g22_c04.avi,WalkingWithDog,8.008000000000001,1.134925737895334
v_WalkingWithDog_g23_c01.avi,WalkingWithDog,8.008000000000001,1.134925737895334
v_WalkingWithDog_g23_c02.avi,WalkingWithDog,8.008000000000001,1.134925737895334
v_WalkingWithDog_g23_c03.avi,WalkingWithDog,8.008000000000001,1.134925737895334
v_WalkingWithDog_g23_c04.avi,WalkingWithDog,6.8068,1.134925737895334
v_WalkingWithDog_g24_c01.avi,WalkingWithDog,8.008000000000001,1.134925737895334
v_WalkingWithDog_g24_c02.avi,WalkingWithDog,8.008000000000001,1.134925737895334
v_WalkingWithDog_g24_c03.avi,WalkingWithDog,8.008000000000001,1.134925737895334
v_WalkingWithDog_g24_c04.avi,WalkingWithDog,8.008000000000001,1.134925737895334
v_WalkingWithDog_g24_c05.avi,WalkingWithDog,8.008000000000001,1.134925737895334
v_WalkingWithDog_g24_c06.avi,WalkingWithDog,8.008000000000001,1.134925737895334
v_WalkingWithDog_g25_c01.avi,WalkingWithDog,8.008000000000001,1.134925737895334
v_WalkingWithDog_g25_c02.avi,WalkingWithDog,8.008000000000001,1.134925737895334
v_WalkingWithDog_g25_c03.avi,WalkingWithDog,8.008000000000001,1.134925737895334
v_WalkingWithDog_g25_c04.avi,WalkingWithDog,6.840166666666667,1.134925737895334
v_WallPushups_g01_c01.avi,WallPushups,3.56,1.252521425956706
v_WallPushups_g01_c02.avi,WallPushups,4.96,1.252521425956706
v_WallPushups_g01_c03.avi,WallPushups,6.0,1.252521425956706
v_WallPushups_g01_c04.avi,WallPushups,7.56,1.252521425956706
v_WallPushups_g02_c01.avi,WallPushups,3.28,1.252521425956706
v_WallPushups_g02_c02.avi,WallPushups,2.6,1.252521425956706
v_WallPushups_g02_c03.avi,WallPushups,2.52,1.252521425956706
v_WallPushups_g02_c04.avi,WallPushups,3.0,1.252521425956706
v_WallPushups_g03_c01.avi,WallPushups,4.56,1.252521425956706
v_WallPushups_g03_c02.avi,WallPushups,4.68,1.252521425956706
v_WallPushups_g03_c03.avi,WallPushups,4.32,1.252521425956706
v_WallPushups_g03_c04.avi,WallPushups,4.04,1.252521425956706
v_WallPushups_g03_c05.avi,WallPushups,3.8,1.252521425956706
v_WallPushups_g04_c01.avi,WallPushups,4.04,1.252521425956706
v_WallPushups_g04_c02.avi,WallPushups,4.8,1.252521425956706
v_WallPushups_g04_c03.avi,WallPushups,3.84,1.252521425956706
v_WallPushups_g04_c04.avi,WallPushups,6.08,1.252521425956706
v_WallPushups_g05_c01.avi,WallPushups,3.56,1.252521425956706
v_WallPushups_g05_c02.avi,WallPushups,3.64,1.252521425956706
v_WallPushups_g05_c03.avi,WallPushups,3.36,1.252521425956706
v_WallPushups_g05_c04.avi,WallPushups,3.44,1.252521425956706
v_WallPushups_g05_c05.avi,WallPushups,3.08,1.252521425956706
v_WallPushups_g06_c01.avi,WallPushups,3.8,1.252521425956706
v_WallPushups_g06_c02.avi,WallPushups,4.04,1.252521425956706
v_WallPushups_g06_c03.avi,WallPushups,5.36,1.252521425956706
v_WallPushups_g06_c04.avi,WallPushups,4.92,1.252521425956706
v_WallPushups_g06_c05.avi,WallPushups,4.6,1.252521425956706
v_WallPushups_g06_c06.avi,WallPushups,4.28,1.252521425956706
v_WallPushups_g06_c07.avi,WallPushups,6.52,1.252521425956706
v_WallPushups_g07_c01.avi,WallPushups,4.16,1.252521425956706
v_WallPushups_g07_c02.avi,WallPushups,3.8,1.252521425956706
v_WallPushups_g07_c03.avi,WallPushups,3.8,1.252521425956706
v_WallPushups_g07_c04.avi,WallPushups,4.04,1.252521425956706
v_WallPushups_g07_c05.avi,WallPushups,3.4,1.252521425956706
v_WallPushups_g07_c06.avi,WallPushups,3.4,1.252521425956706
v_WallPushups_g08_c01.avi,WallPushups,5.6,1.252521425956706
v_WallPushups_g08_c02.avi,WallPushups,6.0,1.252521425956706
v_WallPushups_g08_c03.avi,WallPushups,6.08,1.252521425956706
v_WallPushups_g08_c04.avi,WallPushups,4.84,1.252521425956706
v_WallPushups_g08_c05.avi,WallPushups,5.2,1.252521425956706
v_WallPushups_g09_c01.avi,WallPushups,3.0,1.252521425956706
v_WallPushups_g09_c02.avi,WallPushups,3.48,1.252521425956706
v_WallPushups_g09_c03.avi,WallPushups,4.48,1.252521425956706
v_WallPushups_g09_c04.avi,WallPushups,4.16,1.252521425956706
v_WallPushups_g09_c05.avi,WallPushups,5.0,1.252521425956706
v_WallPushups_g10_c01.avi,WallPushups,3.68,1.252521425956706
v_WallPushups_g10_c02.avi,WallPushups,2.76,1.252521425956706
v_WallPushups_g10_c03.avi,WallPushups,2.84,1.252521425956706
v_WallPushups_g10_c04.avi,WallPushups,3.16,1.252521425956706
v_WallPushups_g10_c05.avi,WallPushups,2.52,1.252521425956706
v_WallPushups_g11_c01.avi,WallPushups,6.16,1.252521425956706
v_WallPushups_g11_c02.avi,WallPushups,6.48,1.252521425956706
v_WallPushups_g11_c03.avi,WallPushups,5.6,1.252521425956706
v_WallPushups_g11_c04.avi,WallPushups,5.0,1.252521425956706
v_WallPushups_g11_c05.avi,WallPushups,4.8,1.252521425956706
v_WallPushups_g11_c06.avi,WallPushups,4.72,1.252521425956706
v_WallPushups_g12_c01.avi,WallPushups,4.04,1.252521425956706
v_WallPushups_g12_c02.avi,WallPushups,4.88,1.252521425956706
v_WallPushups_g12_c03.avi,WallPushups,4.68,1.252521425956706
v_WallPushups_g12_c04.avi,WallPushups,4.8,1.252521425956706
v_WallPushups_g12_c05.avi,WallPushups,4.24,1.252521425956706
v_WallPushups_g13_c01.avi,WallPushups,4.32,1.252521425956706
v_WallPushups_g13_c02.avi,WallPushups,5.0,1.252521425956706
v_WallPushups_g13_c03.avi,WallPushups,3.8,1.252521425956706
v_WallPushups_g13_c04.avi,WallPushups,4.04,1.252521425956706
v_WallPushups_g13_c05.avi,WallPushups,6.36,1.252521425956706
v_WallPushups_g14_c01.avi,WallPushups,4.2,1.252521425956706
v_WallPushups_g14_c02.avi,WallPushups,5.48,1.252521425956706
v_WallPushups_g14_c03.avi,WallPushups,4.8,1.252521425956706
v_WallPushups_g14_c04.avi,WallPushups,5.2,1.252521425956706
v_WallPushups_g14_c05.avi,WallPushups,4.6,1.252521425956706
v_WallPushups_g15_c01.avi,WallPushups,2.8,1.252521425956706
v_WallPushups_g15_c02.avi,WallPushups,2.48,1.252521425956706
v_WallPushups_g15_c03.avi,WallPushups,2.44,1.252521425956706
v_WallPushups_g15_c04.avi,WallPushups,2.16,1.252521425956706
v_WallPushups_g15_c05.avi,WallPushups,4.56,1.252521425956706
v_WallPushups_g16_c01.avi,WallPushups,7.24,1.252521425956706
v_WallPushups_g16_c02.avi,WallPushups,6.12,1.252521425956706
v_WallPushups_g16_c03.avi,WallPushups,6.0,1.252521425956706
v_WallPushups_g16_c04.avi,WallPushups,6.36,1.252521425956706
v_WallPushups_g16_c05.avi,WallPushups,5.56,1.252521425956706
v_WallPushups_g16_c06.avi,WallPushups,7.08,1.252521425956706
v_WallPushups_g16_c07.avi,WallPushups,9.2,1.252521425956706
v_WallPushups_g17_c01.avi,WallPushups,5.0,1.252521425956706
v_WallPushups_g17_c02.avi,WallPushups,5.2,1.252521425956706
v_WallPushups_g17_c03.avi,WallPushups,4.52,1.252521425956706
v_WallPushups_g17_c04.avi,WallPushups,4.6,1.252521425956706
v_WallPushups_g17_c05.avi,WallPushups,4.64,1.252521425956706
v_WallPushups_g17_c06.avi,WallPushups,5.0,1.252521425956706
v_WallPushups_g17_c07.avi,WallPushups,3.72,1.252521425956706
v_WallPushups_g18_c01.avi,WallPushups,4.56,1.252521425956706
v_WallPushups_g18_c02.avi,WallPushups,5.0,1.252521425956706
v_WallPushups_g18_c03.avi,WallPushups,4.2,1.252521425956706
v_WallPushups_g18_c04.avi,WallPushups,4.84,1.252521425956706
v_WallPushups_g18_c05.avi,WallPushups,4.4,1.252521425956706
v_WallPushups_g19_c01.avi,WallPushups,3.52,1.252521425956706
v_WallPushups_g19_c02.avi,WallPushups,3.44,1.252521425956706
v_WallPushups_g19_c03.avi,WallPushups,3.2,1.252521425956706
v_WallPushups_g19_c04.avi,WallPushups,3.44,1.252521425956706
v_WallPushups_g19_c05.avi,WallPushups,2.92,1.252521425956706
v_WallPushups_g20_c01.avi,WallPushups,3.72,1.252521425956706
v_WallPushups_g20_c02.avi,WallPushups,4.4,1.252521425956706
v_WallPushups_g20_c03.avi,WallPushups,4.24,1.252521425956706
v_WallPushups_g20_c04.avi,WallPushups,4.04,1.252521425956706
v_WallPushups_g20_c05.avi,WallPushups,4.04,1.252521425956706
v_WallPushups_g20_c06.avi,WallPushups,3.56,1.252521425956706
v_WallPushups_g21_c01.avi,WallPushups,2.88,1.252521425956706
v_WallPushups_g21_c02.avi,WallPushups,3.24,1.252521425956706
v_WallPushups_g21_c03.avi,WallPushups,6.0,1.252521425956706
v_WallPushups_g21_c04.avi,WallPushups,5.6,1.252521425956706
v_WallPushups_g21_c05.avi,WallPushups,5.32,1.252521425956706
v_WallPushups_g21_c06.avi,WallPushups,4.48,1.252521425956706
v_WallPushups_g21_c07.avi,WallPushups,2.16,1.252521425956706
v_WallPushups_g22_c01.avi,WallPushups,3.0,1.252521425956706
v_WallPushups_g22_c02.avi,WallPushups,3.72,1.252521425956706
v_WallPushups_g22_c03.avi,WallPushups,3.2,1.252521425956706
v_WallPushups_g22_c04.avi,WallPushups,2.8,1.252521425956706
v_WallPushups_g23_c01.avi,WallPushups,5.72,1.252521425956706
v_WallPushups_g23_c02.avi,WallPushups,4.56,1.252521425956706
v_WallPushups_g23_c03.avi,WallPushups,2.8,1.252521425956706
v_WallPushups_g23_c04.avi,WallPushups,2.44,1.252521425956706
v_WallPushups_g24_c01.avi,WallPushups,4.36,1.252521425956706
v_WallPushups_g24_c02.avi,WallPushups,4.24,1.252521425956706
v_WallPushups_g24_c03.avi,WallPushups,2.72,1.252521425956706
v_WallPushups_g24_c04.avi,WallPushups,7.04,1.252521425956706
v_WallPushups_g25_c01.avi,WallPushups,4.44,1.252521425956706
v_WallPushups_g25_c02.avi,WallPushups,6.16,1.252521425956706
v_WallPushups_g25_c03.avi,WallPushups,6.0,1.252521425956706
v_WallPushups_g25_c04.avi,WallPushups,6.0,1.252521425956706
v_WallPushups_g25_c05.avi,WallPushups,5.72,1.252521425956706
v_WritingOnBoard_g01_c01.avi,WritingOnBoard,6.12,2.2658853894488598
v_WritingOnBoard_g01_c02.avi,WritingOnBoard,4.68,2.2658853894488598
v_WritingOnBoard_g01_c03.avi,WritingOnBoard,2.44,2.2658853894488598
v_WritingOnBoard_g01_c04.avi,WritingOnBoard,2.28,2.2658853894488598
v_WritingOnBoard_g01_c05.avi,WritingOnBoard,7.4,2.2658853894488598
v_WritingOnBoard_g01_c06.avi,WritingOnBoard,2.84,2.2658853894488598
v_WritingOnBoard_g01_c07.avi,WritingOnBoard,4.0,2.2658853894488598
v_WritingOnBoard_g02_c01.avi,WritingOnBoard,7.32,2.2658853894488598
v_WritingOnBoard_g02_c02.avi,WritingOnBoard,8.64,2.2658853894488598
v_WritingOnBoard_g02_c03.avi,WritingOnBoard,5.84,2.2658853894488598
v_WritingOnBoard_g02_c04.avi,WritingOnBoard,7.64,2.2658853894488598
v_WritingOnBoard_g02_c05.avi,WritingOnBoard,4.0,2.2658853894488598
v_WritingOnBoard_g02_c06.avi,WritingOnBoard,8.48,2.2658853894488598
v_WritingOnBoard_g02_c07.avi,WritingOnBoard,8.0,2.2658853894488598
v_WritingOnBoard_g03_c01.avi,WritingOnBoard,5.28,2.2658853894488598
v_WritingOnBoard_g03_c02.avi,WritingOnBoard,4.48,2.2658853894488598
v_WritingOnBoard_g03_c03.avi,WritingOnBoard,4.56,2.2658853894488598
v_WritingOnBoard_g03_c04.avi,WritingOnBoard,5.0,2.2658853894488598
v_WritingOnBoard_g03_c05.avi,WritingOnBoard,6.4,2.2658853894488598
v_WritingOnBoard_g03_c06.avi,WritingOnBoard,4.88,2.2658853894488598
v_WritingOnBoard_g03_c07.avi,WritingOnBoard,3.76,2.2658853894488598
v_WritingOnBoard_g04_c01.avi,WritingOnBoard,5.04,2.2658853894488598
v_WritingOnBoard_g04_c02.avi,WritingOnBoard,5.72,2.2658853894488598
v_WritingOnBoard_g04_c03.avi,WritingOnBoard,5.92,2.2658853894488598
v_WritingOnBoard_g04_c04.avi,WritingOnBoard,3.44,2.2658853894488598
v_WritingOnBoard_g05_c01.avi,WritingOnBoard,7.2,2.2658853894488598
v_WritingOnBoard_g05_c02.avi,WritingOnBoard,3.92,2.2658853894488598
v_WritingOnBoard_g05_c03.avi,WritingOnBoard,4.48,2.2658853894488598
v_WritingOnBoard_g05_c04.avi,WritingOnBoard,5.92,2.2658853894488598
v_WritingOnBoard_g05_c05.avi,WritingOnBoard,4.36,2.2658853894488598
v_WritingOnBoard_g05_c06.avi,WritingOnBoard,5.2,2.2658853894488598
v_WritingOnBoard_g06_c01.avi,WritingOnBoard,3.36,2.2658853894488598
v_WritingOnBoard_g06_c02.avi,WritingOnBoard,7.64,2.2658853894488598
v_WritingOnBoard_g06_c03.avi,WritingOnBoard,7.28,2.2658853894488598
v_WritingOnBoard_g06_c04.avi,WritingOnBoard,8.44,2.2658853894488598
v_WritingOnBoard_g06_c05.avi,WritingOnBoard,7.56,2.2658853894488598
v_WritingOnBoard_g06_c06.avi,WritingOnBoard,5.36,2.2658853894488598
v_WritingOnBoard_g06_c07.avi,WritingOnBoard,9.28,2.2658853894488598
v_WritingOnBoard_g07_c01.avi,WritingOnBoard,4.44,2.2658853894488598
v_WritingOnBoard_g07_c02.avi,WritingOnBoard,6.52,2.2658853894488598
v_WritingOnBoard_g07_c03.avi,WritingOnBoard,7.28,2.2658853894488598
v_WritingOnBoard_g07_c04.avi,WritingOnBoard,4.8,2.2658853894488598
v_WritingOnBoard_g07_c05.avi,WritingOnBoard,6.0,2.2658853894488598
v_WritingOnBoard_g07_c06.avi,WritingOnBoard,4.04,2.2658853894488598
v_WritingOnBoard_g07_c07.avi,WritingOnBoard,4.44,2.2658853894488598
v_WritingOnBoard_g08_c01.avi,WritingOnBoard,10.08,2.2658853894488598
v_WritingOnBoard_g08_c02.avi,WritingOnBoard,6.0,2.2658853894488598
v_WritingOnBoard_g08_c03.avi,WritingOnBoard,3.8,2.2658853894488598
v_WritingOnBoard_g08_c04.avi,WritingOnBoard,4.12,2.2658853894488598
v_WritingOnBoard_g09_c01.avi,WritingOnBoard,7.28,2.2658853894488598
v_WritingOnBoard_g09_c02.avi,WritingOnBoard,6.48,2.2658853894488598
v_WritingOnBoard_g09_c03.avi,WritingOnBoard,6.2,2.2658853894488598
v_WritingOnBoard_g09_c04.avi,WritingOnBoard,5.16,2.2658853894488598
v_WritingOnBoard_g09_c05.avi,WritingOnBoard,4.24,2.2658853894488598
v_WritingOnBoard_g09_c06.avi,WritingOnBoard,7.0,2.2658853894488598
v_WritingOnBoard_g10_c01.avi,WritingOnBoard,5.48,2.2658853894488598
v_WritingOnBoard_g10_c02.avi,WritingOnBoard,4.24,2.2658853894488598
v_WritingOnBoard_g10_c03.avi,WritingOnBoard,3.0,2.2658853894488598
v_WritingOnBoard_g10_c04.avi,WritingOnBoard,4.12,2.2658853894488598
v_WritingOnBoard_g10_c05.avi,WritingOnBoard,5.2,2.2658853894488598
v_WritingOnBoard_g10_c06.avi,WritingOnBoard,4.08,2.2658853894488598
v_WritingOnBoard_g10_c07.avi,WritingOnBoard,10.56,2.2658853894488598
v_WritingOnBoard_g11_c01.avi,WritingOnBoard,6.68,2.2658853894488598
v_WritingOnBoard_g11_c02.avi,WritingOnBoard,4.2,2.2658853894488598
v_WritingOnBoard_g11_c03.avi,WritingOnBoard,3.76,2.2658853894488598
v_WritingOnBoard_g11_c04.avi,WritingOnBoard,6.32,2.2658853894488598
v_WritingOnBoard_g11_c05.avi,WritingOnBoard,8.84,2.2658853894488598
v_WritingOnBoard_g11_c06.avi,WritingOnBoard,6.52,2.2658853894488598
v_WritingOnBoard_g12_c01.avi,WritingOnBoard,4.04,2.2658853894488598
v_WritingOnBoard_g12_c02.avi,WritingOnBoard,4.04,2.2658853894488598
v_WritingOnBoard_g12_c03.avi,WritingOnBoard,4.04,2.2658853894488598
v_WritingOnBoard_g12_c04.avi,WritingOnBoard,6.8,2.2658853894488598
v_WritingOnBoard_g13_c01.avi,WritingOnBoard,4.04,2.2658853894488598
v_WritingOnBoard_g13_c02.avi,WritingOnBoard,5.0,2.2658853894488598
v_WritingOnBoard_g13_c03.avi,WritingOnBoard,4.44,2.2658853894488598
v_WritingOnBoard_g13_c04.avi,WritingOnBoard,8.24,2.2658853894488598
v_WritingOnBoard_g13_c05.avi,WritingOnBoard,5.8,2.2658853894488598
v_WritingOnBoard_g13_c06.avi,WritingOnBoard,4.04,2.2658853894488598
v_WritingOnBoard_g14_c01.avi,WritingOnBoard,8.12,2.2658853894488598
v_WritingOnBoard_g14_c02.avi,WritingOnBoard,6.44,2.2658853894488598
v_WritingOnBoard_g14_c03.avi,WritingOnBoard,8.92,2.2658853894488598
v_WritingOnBoard_g14_c04.avi,WritingOnBoard,6.36,2.2658853894488598
v_WritingOnBoard_g15_c01.avi,WritingOnBoard,5.48,2.2658853894488598
v_WritingOnBoard_g15_c02.avi,WritingOnBoard,4.0,2.2658853894488598
v_WritingOnBoard_g15_c03.avi,WritingOnBoard,3.48,2.2658853894488598
v_WritingOnBoard_g15_c04.avi,WritingOnBoard,8.2,2.2658853894488598
v_WritingOnBoard_g15_c05.avi,WritingOnBoard,9.12,2.2658853894488598
v_WritingOnBoard_g16_c01.avi,WritingOnBoard,7.72,2.2658853894488598
v_WritingOnBoard_g16_c02.avi,WritingOnBoard,10.72,2.2658853894488598
v_WritingOnBoard_g16_c03.avi,WritingOnBoard,5.0,2.2658853894488598
v_WritingOnBoard_g16_c04.avi,WritingOnBoard,5.8,2.2658853894488598
v_WritingOnBoard_g16_c05.avi,WritingOnBoard,11.4,2.2658853894488598
v_WritingOnBoard_g16_c06.avi,WritingOnBoard,11.0,2.2658853894488598
v_WritingOnBoard_g16_c07.avi,WritingOnBoard,9.76,2.2658853894488598
v_WritingOnBoard_g17_c01.avi,WritingOnBoard,7.28,2.2658853894488598
v_WritingOnBoard_g17_c02.avi,WritingOnBoard,9.4,2.2658853894488598
v_WritingOnBoard_g17_c03.avi,WritingOnBoard,4.6,2.2658853894488598
v_WritingOnBoard_g17_c04.avi,WritingOnBoard,8.24,2.2658853894488598
v_WritingOnBoard_g17_c05.avi,WritingOnBoard,11.44,2.2658853894488598
v_WritingOnBoard_g18_c01.avi,WritingOnBoard,5.16,2.2658853894488598
v_WritingOnBoard_g18_c02.avi,WritingOnBoard,10.2,2.2658853894488598
v_WritingOnBoard_g18_c03.avi,WritingOnBoard,4.72,2.2658853894488598
v_WritingOnBoard_g18_c04.avi,WritingOnBoard,8.72,2.2658853894488598
v_WritingOnBoard_g18_c05.avi,WritingOnBoard,4.04,2.2658853894488598
v_WritingOnBoard_g18_c06.avi,WritingOnBoard,5.24,2.2658853894488598
v_WritingOnBoard_g18_c07.avi,WritingOnBoard,4.0,2.2658853894488598
v_WritingOnBoard_g19_c01.avi,WritingOnBoard,8.84,2.2658853894488598
v_WritingOnBoard_g19_c02.avi,WritingOnBoard,4.04,2.2658853894488598
v_WritingOnBoard_g19_c03.avi,WritingOnBoard,9.52,2.2658853894488598
v_WritingOnBoard_g19_c04.avi,WritingOnBoard,5.8,2.2658853894488598
v_WritingOnBoard_g20_c01.avi,WritingOnBoard,11.84,2.2658853894488598
v_WritingOnBoard_g20_c02.avi,WritingOnBoard,5.4,2.2658853894488598
v_WritingOnBoard_g20_c03.avi,WritingOnBoard,6.8,2.2658853894488598
v_WritingOnBoard_g20_c04.avi,WritingOnBoard,8.56,2.2658853894488598
v_WritingOnBoard_g20_c05.avi,WritingOnBoard,5.72,2.2658853894488598
v_WritingOnBoard_g20_c06.avi,WritingOnBoard,8.56,2.2658853894488598
v_WritingOnBoard_g20_c07.avi,WritingOnBoard,4.4,2.2658853894488598
v_WritingOnBoard_g21_c01.avi,WritingOnBoard,5.24,2.2658853894488598
v_WritingOnBoard_g21_c02.avi,WritingOnBoard,12.36,2.2658853894488598
v_WritingOnBoard_g21_c03.avi,WritingOnBoard,8.08,2.2658853894488598
v_WritingOnBoard_g21_c04.avi,WritingOnBoard,5.68,2.2658853894488598
v_WritingOnBoard_g21_c05.avi,WritingOnBoard,8.8,2.2658853894488598
v_WritingOnBoard_g21_c06.avi,WritingOnBoard,12.16,2.2658853894488598
v_WritingOnBoard_g21_c07.avi,WritingOnBoard,12.84,2.2658853894488598
v_WritingOnBoard_g22_c01.avi,WritingOnBoard,8.04,2.2658853894488598
v_WritingOnBoard_g22_c02.avi,WritingOnBoard,7.48,2.2658853894488598
v_WritingOnBoard_g22_c03.avi,WritingOnBoard,8.56,2.2658853894488598
v_WritingOnBoard_g22_c04.avi,WritingOnBoard,5.48,2.2658853894488598
v_WritingOnBoard_g22_c05.avi,WritingOnBoard,8.68,2.2658853894488598
v_WritingOnBoard_g22_c06.avi,WritingOnBoard,5.0,2.2658853894488598
v_WritingOnBoard_g22_c07.avi,WritingOnBoard,5.32,2.2658853894488598
v_WritingOnBoard_g23_c01.avi,WritingOnBoard,10.04,2.2658853894488598
v_WritingOnBoard_g23_c02.avi,WritingOnBoard,8.04,2.2658853894488598
v_WritingOnBoard_g23_c03.avi,WritingOnBoard,6.0,2.2658853894488598
v_WritingOnBoard_g23_c04.avi,WritingOnBoard,12.04,2.2658853894488598
v_WritingOnBoard_g23_c05.avi,WritingOnBoard,7.12,2.2658853894488598
v_WritingOnBoard_g23_c06.avi,WritingOnBoard,7.52,2.2658853894488598
v_WritingOnBoard_g23_c07.avi,WritingOnBoard,6.48,2.2658853894488598
v_WritingOnBoard_g24_c01.avi,WritingOnBoard,6.6,2.2658853894488598
v_WritingOnBoard_g24_c02.avi,WritingOnBoard,5.4,2.2658853894488598
v_WritingOnBoard_g24_c03.avi,WritingOnBoard,4.72,2.2658853894488598
v_WritingOnBoard_g24_c04.avi,WritingOnBoard,4.96,2.2658853894488598
v_WritingOnBoard_g24_c05.avi,WritingOnBoard,4.28,2.2658853894488598
v_WritingOnBoard_g24_c06.avi,WritingOnBoard,8.88,2.2658853894488598
v_WritingOnBoard_g24_c07.avi,WritingOnBoard,7.12,2.2658853894488598
v_WritingOnBoard_g25_c01.avi,WritingOnBoard,5.2,2.2658853894488598
v_WritingOnBoard_g25_c02.avi,WritingOnBoard,4.2,2.2658853894488598
v_WritingOnBoard_g25_c03.avi,WritingOnBoard,5.8,2.2658853894488598
v_WritingOnBoard_g25_c04.avi,WritingOnBoard,5.44,2.2658853894488598
v_WritingOnBoard_g25_c05.avi,WritingOnBoard,5.36,2.2658853894488598
v_WritingOnBoard_g25_c06.avi,WritingOnBoard,7.0,2.2658853894488598
v_WritingOnBoard_g25_c07.avi,WritingOnBoard,7.0,2.2658853894488598
v_YoYo_g01_c01.avi,YoYo,7.48,0.5760726899398098
v_YoYo_g01_c02.avi,YoYo,7.36,0.5760726899398098
v_YoYo_g01_c03.avi,YoYo,6.6,0.5760726899398098
v_YoYo_g01_c04.avi,YoYo,7.72,0.5760726899398098
v_YoYo_g01_c05.avi,YoYo,7.12,0.5760726899398098
v_YoYo_g01_c06.avi,YoYo,6.4,0.5760726899398098
v_YoYo_g01_c07.avi,YoYo,7.56,0.5760726899398098
v_YoYo_g02_c01.avi,YoYo,7.52,0.5760726899398098
v_YoYo_g02_c02.avi,YoYo,7.52,0.5760726899398098
v_YoYo_g02_c03.avi,YoYo,6.64,0.5760726899398098
v_YoYo_g02_c04.avi,YoYo,6.64,0.5760726899398098
v_YoYo_g02_c05.avi,YoYo,6.88,0.5760726899398098
v_YoYo_g03_c01.avi,YoYo,7.8,0.5760726899398098
v_YoYo_g03_c02.avi,YoYo,7.92,0.5760726899398098
v_YoYo_g03_c03.avi,YoYo,7.96,0.5760726899398098
v_YoYo_g03_c04.avi,YoYo,8.2,0.5760726899398098
v_YoYo_g03_c05.avi,YoYo,5.6,0.5760726899398098
v_YoYo_g03_c06.avi,YoYo,7.72,0.5760726899398098
v_YoYo_g04_c01.avi,YoYo,7.08,0.5760726899398098
v_YoYo_g04_c02.avi,YoYo,7.68,0.5760726899398098
v_YoYo_g04_c03.avi,YoYo,6.16,0.5760726899398098
v_YoYo_g04_c04.avi,YoYo,7.12,0.5760726899398098
v_YoYo_g04_c05.avi,YoYo,7.2,0.5760726899398098
v_YoYo_g05_c01.avi,YoYo,7.68,0.5760726899398098
v_YoYo_g05_c02.avi,YoYo,7.16,0.5760726899398098
v_YoYo_g05_c03.avi,YoYo,7.36,0.5760726899398098
v_YoYo_g05_c04.avi,YoYo,7.0,0.5760726899398098
v_YoYo_g05_c05.avi,YoYo,7.2,0.5760726899398098
v_YoYo_g06_c01.avi,YoYo,8.16,0.5760726899398098
v_YoYo_g06_c02.avi,YoYo,7.36,0.5760726899398098
v_YoYo_g06_c03.avi,YoYo,7.48,0.5760726899398098
v_YoYo_g06_c04.avi,YoYo,5.44,0.5760726899398098
v_YoYo_g07_c01.avi,YoYo,7.44,0.5760726899398098
v_YoYo_g07_c02.avi,YoYo,7.08,0.5760726899398098
v_YoYo_g07_c03.avi,YoYo,7.08,0.5760726899398098
v_YoYo_g07_c04.avi,YoYo,8.0,0.5760726899398098
v_YoYo_g08_c01.avi,YoYo,7.56,0.5760726899398098
v_YoYo_g08_c02.avi,YoYo,6.44,0.5760726899398098
v_YoYo_g08_c03.avi,YoYo,7.04,0.5760726899398098
v_YoYo_g08_c04.avi,YoYo,7.6,0.5760726899398098
v_YoYo_g08_c05.avi,YoYo,7.04,0.5760726899398098
v_YoYo_g09_c01.avi,YoYo,6.04,0.5760726899398098
v_YoYo_g09_c02.avi,YoYo,7.6,0.5760726899398098
v_YoYo_g09_c03.avi,YoYo,6.2,0.5760726899398098
v_YoYo_g09_c04.avi,YoYo,7.08,0.5760726899398098
v_YoYo_g09_c05.avi,YoYo,7.12,0.5760726899398098
v_YoYo_g09_c06.avi,YoYo,7.6,0.5760726899398098
v_YoYo_g10_c01.avi,YoYo,6.92,0.5760726899398098
v_YoYo_g10_c02.avi,YoYo,8.44,0.5760726899398098
v_YoYo_g10_c03.avi,YoYo,7.04,0.5760726899398098
v_YoYo_g10_c04.avi,YoYo,7.04,0.5760726899398098
v_YoYo_g10_c05.avi,YoYo,6.88,0.5760726899398098
v_YoYo_g11_c01.avi,YoYo,7.0,0.5760726899398098
v_YoYo_g11_c02.avi,YoYo,7.68,0.5760726899398098
v_YoYo_g11_c03.avi,YoYo,7.24,0.5760726899398098
v_YoYo_g11_c04.avi,YoYo,7.8,0.5760726899398098
v_YoYo_g11_c05.avi,YoYo,6.72,0.5760726899398098
v_YoYo_g11_c06.avi,YoYo,7.12,0.5760726899398098
v_YoYo_g12_c01.avi,YoYo,7.28,0.5760726899398098
v_YoYo_g12_c02.avi,YoYo,7.92,0.5760726899398098
v_YoYo_g12_c03.avi,YoYo,7.96,0.5760726899398098
v_YoYo_g12_c04.avi,YoYo,6.84,0.5760726899398098
v_YoYo_g13_c01.avi,YoYo,7.36,0.5760726899398098
v_YoYo_g13_c02.avi,YoYo,7.12,0.5760726899398098
v_YoYo_g13_c03.avi,YoYo,6.76,0.5760726899398098
v_YoYo_g13_c04.avi,YoYo,6.96,0.5760726899398098
v_YoYo_g13_c05.avi,YoYo,7.04,0.5760726899398098
v_YoYo_g14_c01.avi,YoYo,7.6,0.5760726899398098
v_YoYo_g14_c02.avi,YoYo,6.64,0.5760726899398098
v_YoYo_g14_c03.avi,YoYo,7.6,0.5760726899398098
v_YoYo_g14_c04.avi,YoYo,6.64,0.5760726899398098
v_YoYo_g15_c01.avi,YoYo,7.16,0.5760726899398098
v_YoYo_g15_c02.avi,YoYo,7.08,0.5760726899398098
v_YoYo_g15_c03.avi,YoYo,7.56,0.5760726899398098
v_YoYo_g15_c04.avi,YoYo,6.88,0.5760726899398098
v_YoYo_g16_c01.avi,YoYo,6.48,0.5760726899398098
v_YoYo_g16_c02.avi,YoYo,7.56,0.5760726899398098
v_YoYo_g16_c03.avi,YoYo,6.72,0.5760726899398098
v_YoYo_g16_c04.avi,YoYo,7.36,0.5760726899398098
v_YoYo_g16_c05.avi,YoYo,6.92,0.5760726899398098
v_YoYo_g16_c06.avi,YoYo,6.52,0.5760726899398098
v_YoYo_g17_c01.avi,YoYo,8.2,0.5760726899398098
v_YoYo_g17_c02.avi,YoYo,7.72,0.5760726899398098
v_YoYo_g17_c03.avi,YoYo,7.24,0.5760726899398098
v_YoYo_g17_c04.avi,YoYo,8.52,0.5760726899398098
v_YoYo_g17_c05.avi,YoYo,7.2,0.5760726899398098
v_YoYo_g17_c06.avi,YoYo,7.32,0.5760726899398098
v_YoYo_g18_c01.avi,YoYo,6.52,0.5760726899398098
v_YoYo_g18_c02.avi,YoYo,6.92,0.5760726899398098
v_YoYo_g18_c03.avi,YoYo,6.92,0.5760726899398098
v_YoYo_g18_c04.avi,YoYo,7.12,0.5760726899398098
v_YoYo_g19_c01.avi,YoYo,6.84,0.5760726899398098
v_YoYo_g19_c02.avi,YoYo,6.88,0.5760726899398098
v_YoYo_g19_c03.avi,YoYo,7.28,0.5760726899398098
v_YoYo_g19_c04.avi,YoYo,6.64,0.5760726899398098
v_YoYo_g19_c05.avi,YoYo,7.48,0.5760726899398098
v_YoYo_g19_c06.avi,YoYo,8.08,0.5760726899398098
v_YoYo_g20_c01.avi,YoYo,7.92,0.5760726899398098
v_YoYo_g20_c02.avi,YoYo,7.2,0.5760726899398098
v_YoYo_g20_c03.avi,YoYo,6.72,0.5760726899398098
v_YoYo_g20_c04.avi,YoYo,7.44,0.5760726899398098
v_YoYo_g21_c01.avi,YoYo,7.4,0.5760726899398098
v_YoYo_g21_c02.avi,YoYo,7.76,0.5760726899398098
v_YoYo_g21_c03.avi,YoYo,7.12,0.5760726899398098
v_YoYo_g21_c04.avi,YoYo,7.08,0.5760726899398098
v_YoYo_g21_c05.avi,YoYo,6.68,0.5760726899398098
v_YoYo_g21_c06.avi,YoYo,7.32,0.5760726899398098
v_YoYo_g22_c01.avi,YoYo,7.64,0.5760726899398098
v_YoYo_g22_c02.avi,YoYo,7.6,0.5760726899398098
v_YoYo_g22_c03.avi,YoYo,7.28,0.5760726899398098
v_YoYo_g22_c04.avi,YoYo,7.92,0.5760726899398098
v_YoYo_g22_c05.avi,YoYo,8.48,0.5760726899398098
v_YoYo_g22_c06.avi,YoYo,7.96,0.5760726899398098
v_YoYo_g23_c01.avi,YoYo,8.2,0.5760726899398098
v_YoYo_g23_c02.avi,YoYo,6.88,0.5760726899398098
v_YoYo_g23_c03.avi,YoYo,6.6,0.5760726899398098
v_YoYo_g23_c04.avi,YoYo,8.48,0.5760726899398098
v_YoYo_g23_c05.avi,YoYo,8.72,0.5760726899398098
v_YoYo_g23_c06.avi,YoYo,7.4,0.5760726899398098
v_YoYo_g24_c01.avi,YoYo,7.72,0.5760726899398098
v_YoYo_g24_c02.avi,YoYo,7.72,0.5760726899398098
v_YoYo_g24_c03.avi,YoYo,7.8,0.5760726899398098
v_YoYo_g24_c04.avi,YoYo,7.76,0.5760726899398098
v_YoYo_g25_c01.avi,YoYo,7.0,0.5760726899398098
v_YoYo_g25_c02.avi,YoYo,8.0,0.5760726899398098
v_YoYo_g25_c03.avi,YoYo,8.04,0.5760726899398098
v_YoYo_g25_c04.avi,YoYo,8.0,0.5760726899398098
v_YoYo_g25_c05.avi,YoYo,7.84,0.5760726899398098
