video_name,black_count,blonde_count,red_count,white_count,final,category
v_ApplyEyeMakeup_g08_c02,3,1,1,0,black,ApplyEyeMakeup
v_ApplyEyeMakeup_g08_c04,0,4,1,0,blonde,ApplyEyeMakeup
v_ApplyEyeMakeup_g12_c02,1,0,4,0,red,ApplyEyeMakeup
v_ApplyEyeMakeup_g12_c04,0,0,5,0,red,ApplyEyeMakeup
v_ApplyEyeMakeup_g12_c05,0,0,5,0,red,ApplyEyeMakeup
v_ApplyEyeMakeup_g14_c01,3,2,0,0,black,ApplyEyeMakeup
v_ApplyEyeMakeup_g14_c05,5,0,0,0,black,ApplyEyeMakeup
v_ApplyEyeMakeup_g16_c01,2,3,0,0,blonde,ApplyEyeMakeup
v_ApplyEyeMakeup_g16_c05,4,0,1,0,black,ApplyEyeMakeup
v_ApplyEyeMakeup_g23_c03,0,0,5,0,red,ApplyEyeMakeup
v_ApplyEyeMakeup_g23_c04,0,4,1,0,blonde,ApplyEyeMakeup
v_ApplyEyeMakeup_g23_c05,0,2,3,0,red,ApplyEyeMakeup
v_ApplyEyeMakeup_g23_c06,0,5,0,0,blonde,ApplyEyeMakeup
v_ApplyLipstick_g12_c02,3,0,2,0,black,ApplyLipstick
v_ApplyLipstick_g13_c02,0,2,3,0,red,ApplyLipstick
v_ApplyLipstick_g13_c04,0,2,3,0,red,ApplyLipstick
v_ApplyLipstick_g24_c04,0,2,3,0,red,ApplyLipstick
v_Archery_g02_c07,2,3,0,0,blonde,Archery
v_Archery_g03_c01,0,0,0,5,white,Archery
v_Archery_g03_c02,1,1,1,2,white,Archery
v_Archery_g05_c04,0,0,1,4,white,Archery
v_Archery_g05_c05,0,0,1,4,white,Archery
v_Archery_g06_c02,0,0,2,3,white,Archery
v_Archery_g06_c04,5,0,0,0,black,Archery
v_Archery_g06_c05,5,0,0,0,black,Archery
v_Archery_g08_c03,2,1,2,0,black,Archery
v_Archery_g08_c05,4,0,1,0,black,Archery
v_Archery_g11_c03,1,1,1,2,white,Archery
v_Archery_g11_c04,0,0,2,3,white,Archery
v_Archery_g11_c05,0,2,3,0,red,Archery
v_Archery_g11_c06,0,2,3,0,red,Archery
v_Archery_g13_c02,0,2,2,1,blonde,Archery
v_Archery_g13_c06,0,5,0,0,blonde,Archery
v_Archery_g15_c01,1,0,4,0,red,Archery
v_Archery_g15_c04,0,0,1,4,white,Archery
v_Archery_g15_c05,2,0,0,3,white,Archery
v_Archery_g18_c01,1,0,0,4,white,Archery
v_Archery_g18_c04,0,0,4,1,red,Archery
v_Archery_g18_c05,0,0,3,2,red,Archery
v_Archery_g18_c06,0,0,3,2,red,Archery
v_Archery_g20_c03,3,0,2,0,black,Archery
v_Archery_g21_c02,4,0,0,1,black,Archery
v_Archery_g22_c02,2,0,0,3,white,Archery
v_Archery_g22_c04,2,0,0,3,white,Archery
v_Archery_g25_c02,0,0,1,4,white,Archery
v_Archery_g25_c03,0,0,2,3,white,Archery
v_Archery_g25_c05,0,0,2,3,white,Archery
v_BabyCrawling_g02_c01,0,1,4,0,red,BabyCrawling
v_BabyCrawling_g02_c04,2,1,2,0,black,BabyCrawling
v_BabyCrawling_g02_c06,0,0,5,0,red,BabyCrawling
v_BabyCrawling_g03_c03,0,2,3,0,red,BabyCrawling
v_BabyCrawling_g07_c04,0,3,2,0,blonde,BabyCrawling
v_BabyCrawling_g09_c01,0,0,5,0,red,BabyCrawling
v_BabyCrawling_g09_c02,0,2,3,0,red,BabyCrawling
v_BabyCrawling_g09_c03,0,1,4,0,red,BabyCrawling
v_BabyCrawling_g10_c02,2,1,2,0,black,BabyCrawling
v_BabyCrawling_g10_c03,0,5,0,0,blonde,BabyCrawling
v_BabyCrawling_g12_c05,0,2,3,0,red,BabyCrawling
v_BabyCrawling_g16_c02,3,1,0,1,black,BabyCrawling
v_BabyCrawling_g16_c03,0,1,4,0,red,BabyCrawling
v_BabyCrawling_g17_c04,0,2,3,0,red,BabyCrawling
v_BabyCrawling_g17_c05,0,2,3,0,red,BabyCrawling
v_BabyCrawling_g19_c02,0,0,5,0,red,BabyCrawling
v_BabyCrawling_g19_c03,0,2,3,0,red,BabyCrawling
v_BabyCrawling_g20_c03,0,2,3,0,red,BabyCrawling
v_BabyCrawling_g21_c01,0,0,5,0,red,BabyCrawling
v_BabyCrawling_g21_c02,0,0,5,0,red,BabyCrawling
v_BabyCrawling_g22_c01,2,0,3,0,red,BabyCrawling
v_BabyCrawling_g22_c06,1,0,4,0,red,BabyCrawling
v_BabyCrawling_g22_c07,2,0,3,0,red,BabyCrawling
v_BabyCrawling_g23_c02,0,0,4,1,red,BabyCrawling
v_BabyCrawling_g25_c01,0,2,3,0,red,BabyCrawling
v_BalanceBeam_g01_c01,0,0,5,0,red,BalanceBeam
v_BalanceBeam_g01_c03,4,1,0,0,black,BalanceBeam
v_BalanceBeam_g02_c02,3,2,0,0,black,BalanceBeam
v_BalanceBeam_g02_c03,0,5,0,0,blonde,BalanceBeam
v_BalanceBeam_g03_c02,0,0,5,0,red,BalanceBeam
v_BalanceBeam_g03_c04,0,2,3,0,red,BalanceBeam
v_BalanceBeam_g04_c03,3,2,0,0,black,BalanceBeam
v_BalanceBeam_g05_c04,0,1,1,3,white,BalanceBeam
v_BalanceBeam_g07_c01,0,2,3,0,red,BalanceBeam
v_BalanceBeam_g07_c02,0,0,5,0,red,BalanceBeam
v_BalanceBeam_g08_c03,0,0,5,0,red,BalanceBeam
v_BalanceBeam_g10_c03,0,5,0,0,blonde,BalanceBeam
v_BalanceBeam_g10_c04,3,1,0,1,black,BalanceBeam
v_BalanceBeam_g11_c01,1,4,0,0,blonde,BalanceBeam
v_BalanceBeam_g11_c03,0,3,2,0,blonde,BalanceBeam
v_BalanceBeam_g12_c01,2,2,0,1,black,BalanceBeam
v_BalanceBeam_g13_c01,0,2,3,0,red,BalanceBeam
v_BalanceBeam_g14_c04,1,1,2,1,red,BalanceBeam
v_BalanceBeam_g16_c02,0,4,1,0,blonde,BalanceBeam
v_BalanceBeam_g16_c04,1,3,1,0,blonde,BalanceBeam
v_BalanceBeam_g17_c03,3,2,0,0,black,BalanceBeam
v_BalanceBeam_g17_c05,4,1,0,0,black,BalanceBeam
v_BalanceBeam_g19_c03,0,2,3,0,red,BalanceBeam
v_BalanceBeam_g20_c03,0,1,1,3,white,BalanceBeam
v_BalanceBeam_g21_c01,0,0,5,0,red,BalanceBeam
v_BalanceBeam_g22_c02,3,2,0,0,black,BalanceBeam
v_BalanceBeam_g22_c03,0,0,5,0,red,BalanceBeam
v_BalanceBeam_g23_c02,4,1,0,0,black,BalanceBeam
v_BalanceBeam_g23_c03,0,0,5,0,red,BalanceBeam
v_BalanceBeam_g23_c04,0,2,3,0,red,BalanceBeam
v_BalanceBeam_g24_c02,2,0,3,0,red,BalanceBeam
v_BalanceBeam_g24_c03,2,3,0,0,blonde,BalanceBeam
v_BandMarching_g03_c04,0,4,1,0,blonde,BandMarching
v_BandMarching_g04_c01,0,0,0,5,white,BandMarching
v_BandMarching_g06_c01,0,0,0,5,white,BandMarching
v_BandMarching_g08_c07,0,0,1,4,white,BandMarching
v_BandMarching_g09_c01,0,1,4,0,red,BandMarching
v_BandMarching_g09_c02,0,2,3,0,red,BandMarching
v_BandMarching_g09_c05,0,1,3,1,red,BandMarching
v_BandMarching_g10_c01,0,3,0,2,blonde,BandMarching
v_BandMarching_g10_c05,0,3,0,2,blonde,BandMarching
v_BandMarching_g11_c01,0,0,5,0,red,BandMarching
v_BandMarching_g11_c04,0,0,5,0,red,BandMarching
v_BandMarching_g11_c05,0,0,5,0,red,BandMarching
v_BandMarching_g11_c06,2,1,0,2,black,BandMarching
v_BandMarching_g12_c02,0,2,2,1,blonde,BandMarching
v_BandMarching_g12_c04,0,0,5,0,red,BandMarching
v_BandMarching_g16_c03,0,0,5,0,red,BandMarching
v_BandMarching_g18_c01,0,0,0,5,white,BandMarching
v_BandMarching_g20_c03,3,0,2,0,black,BandMarching
v_BandMarching_g21_c04,0,3,0,2,blonde,BandMarching
v_BandMarching_g22_c01,0,1,1,3,white,BandMarching
v_BandMarching_g22_c02,0,0,1,4,white,BandMarching
v_BandMarching_g22_c04,0,3,1,1,blonde,BandMarching
v_BandMarching_g23_c01,0,0,0,5,white,BandMarching
v_BandMarching_g25_c03,0,1,1,3,white,BandMarching
v_BandMarching_g25_c06,0,4,1,0,blonde,BandMarching
v_BaseballPitch_g01_c01,0,0,4,1,red,BaseballPitch
v_BaseballPitch_g01_c02,5,0,0,0,black,BaseballPitch
v_BaseballPitch_g01_c04,3,0,2,0,black,BaseballPitch
v_BaseballPitch_g02_c01,3,1,1,0,black,BaseballPitch
v_BaseballPitch_g03_c02,0,1,2,2,red,BaseballPitch
v_BaseballPitch_g03_c06,0,3,1,1,blonde,BaseballPitch
v_BaseballPitch_g03_c07,2,0,1,2,black,BaseballPitch
v_BaseballPitch_g11_c02,0,2,2,1,blonde,BaseballPitch
v_BaseballPitch_g12_c01,0,2,0,3,white,BaseballPitch
v_BaseballPitch_g14_c03,1,2,1,1,blonde,BaseballPitch
v_BaseballPitch_g15_c02,0,0,5,0,red,BaseballPitch
v_BaseballPitch_g15_c05,0,1,4,0,red,BaseballPitch
v_BaseballPitch_g15_c06,0,1,4,0,red,BaseballPitch
v_BaseballPitch_g15_c07,2,1,2,0,black,BaseballPitch
v_BaseballPitch_g17_c04,3,0,2,0,black,BaseballPitch
v_BaseballPitch_g18_c02,0,4,0,1,blonde,BaseballPitch
v_BaseballPitch_g18_c03,0,3,2,0,blonde,BaseballPitch
v_BaseballPitch_g18_c05,0,3,2,0,blonde,BaseballPitch
v_BaseballPitch_g22_c01,0,0,4,1,red,BaseballPitch
v_BaseballPitch_g22_c02,0,0,5,0,red,BaseballPitch
v_BaseballPitch_g22_c03,0,1,2,2,red,BaseballPitch
v_BaseballPitch_g24_c06,1,0,1,3,white,BaseballPitch
v_BaseballPitch_g24_c07,3,0,1,1,black,BaseballPitch
v_BasketballDunk_g01_c04,0,5,0,0,blonde,BasketballDunk
v_BasketballDunk_g01_c06,0,5,0,0,blonde,BasketballDunk
v_BasketballDunk_g02_c02,0,3,2,0,blonde,BasketballDunk
v_BasketballDunk_g03_c02,0,2,2,1,blonde,BasketballDunk
v_BasketballDunk_g03_c03,0,4,0,1,blonde,BasketballDunk
v_BasketballDunk_g03_c04,0,0,1,4,white,BasketballDunk
v_BasketballDunk_g04_c02,0,1,4,0,red,BasketballDunk
v_BasketballDunk_g05_c05,0,3,0,2,blonde,BasketballDunk
v_BasketballDunk_g05_c06,0,5,0,0,blonde,BasketballDunk
v_BasketballDunk_g06_c02,0,3,2,0,blonde,BasketballDunk
v_BasketballDunk_g07_c02,0,0,5,0,red,BasketballDunk
v_BasketballDunk_g07_c03,0,0,0,5,white,BasketballDunk
v_BasketballDunk_g07_c05,0,0,2,3,white,BasketballDunk
v_BasketballDunk_g08_c01,0,1,4,0,red,BasketballDunk
v_BasketballDunk_g10_c01,0,3,2,0,blonde,BasketballDunk
v_BasketballDunk_g10_c04,0,3,0,2,blonde,BasketballDunk
v_BasketballDunk_g11_c01,0,5,0,0,blonde,BasketballDunk
v_BasketballDunk_g12_c02,0,5,0,0,blonde,BasketballDunk
v_BasketballDunk_g12_c04,0,2,0,3,white,BasketballDunk
v_BasketballDunk_g12_c05,0,1,1,3,white,BasketballDunk
v_BasketballDunk_g13_c02,0,0,5,0,red,BasketballDunk
v_BasketballDunk_g13_c03,0,0,5,0,red,BasketballDunk
v_BasketballDunk_g14_c02,0,0,5,0,red,BasketballDunk
v_BasketballDunk_g14_c03,0,0,3,2,red,BasketballDunk
v_BasketballDunk_g14_c06,0,0,5,0,red,BasketballDunk
v_BasketballDunk_g15_c02,0,0,5,0,red,BasketballDunk
v_BasketballDunk_g15_c03,0,0,5,0,red,BasketballDunk
v_BasketballDunk_g15_c06,0,0,2,3,white,BasketballDunk
v_BasketballDunk_g16_c02,1,4,0,0,blonde,BasketballDunk
v_BasketballDunk_g17_c02,0,0,5,0,red,BasketballDunk
v_BasketballDunk_g17_c04,0,1,1,3,white,BasketballDunk
v_BasketballDunk_g17_c06,0,0,5,0,red,BasketballDunk
v_BasketballDunk_g18_c04,0,2,0,3,white,BasketballDunk
v_BasketballDunk_g20_c05,3,1,0,1,black,BasketballDunk
v_BasketballDunk_g20_c06,0,4,1,0,blonde,BasketballDunk
v_BasketballDunk_g21_c03,0,2,3,0,red,BasketballDunk
v_BasketballDunk_g21_c04,3,1,1,0,black,BasketballDunk
v_BasketballDunk_g22_c03,1,1,0,3,white,BasketballDunk
v_BasketballDunk_g22_c04,0,1,4,0,red,BasketballDunk
v_BasketballDunk_g23_c02,0,1,0,4,white,BasketballDunk
v_BasketballDunk_g23_c03,0,5,0,0,blonde,BasketballDunk
v_BasketballDunk_g23_c05,0,0,1,4,white,BasketballDunk
v_BasketballDunk_g24_c02,0,0,5,0,red,BasketballDunk
v_BasketballDunk_g25_c02,0,4,1,0,blonde,BasketballDunk
v_Basketball_g01_c02,0,2,0,3,white,Basketball
v_Basketball_g01_c04,0,2,0,3,white,Basketball
v_Basketball_g03_c02,2,0,0,3,white,Basketball
v_Basketball_g05_c01,0,2,0,3,white,Basketball
v_Basketball_g05_c04,0,0,5,0,red,Basketball
v_Basketball_g06_c03,2,1,1,1,black,Basketball
v_Basketball_g07_c01,0,1,4,0,red,Basketball
v_Basketball_g07_c02,0,2,3,0,red,Basketball
v_Basketball_g08_c02,0,0,0,5,white,Basketball
v_Basketball_g08_c03,0,0,2,3,white,Basketball
v_Basketball_g09_c02,3,1,0,1,black,Basketball
v_Basketball_g10_c01,1,0,4,0,red,Basketball
v_Basketball_g10_c02,0,1,4,0,red,Basketball
v_Basketball_g14_c01,0,1,0,4,white,Basketball
v_Basketball_g14_c04,1,0,0,4,white,Basketball
v_Basketball_g15_c06,0,2,3,0,red,Basketball
v_Basketball_g15_c07,0,2,3,0,red,Basketball
v_Basketball_g16_c04,2,0,0,3,white,Basketball
v_Basketball_g17_c02,0,2,2,1,blonde,Basketball
v_Basketball_g17_c03,0,4,1,0,blonde,Basketball
v_Basketball_g18_c01,3,0,2,0,black,Basketball
v_Basketball_g18_c02,0,2,0,3,white,Basketball
v_Basketball_g18_c04,0,0,3,2,red,Basketball
v_Basketball_g19_c02,1,0,4,0,red,Basketball
v_Basketball_g19_c03,0,1,4,0,red,Basketball
v_Basketball_g19_c07,0,2,3,0,red,Basketball
v_Basketball_g20_c01,2,0,0,3,white,Basketball
v_Basketball_g20_c06,0,1,0,4,white,Basketball
v_Basketball_g21_c03,2,2,0,1,black,Basketball
v_Basketball_g21_c04,0,2,0,3,white,Basketball
v_Basketball_g21_c06,1,0,3,1,red,Basketball
v_Basketball_g22_c03,1,3,0,1,blonde,Basketball
v_Basketball_g23_c02,1,0,0,4,white,Basketball
v_Basketball_g23_c05,2,0,0,3,white,Basketball
v_Basketball_g23_c06,2,0,0,3,white,Basketball
v_Basketball_g24_c03,2,1,2,0,black,Basketball
v_Basketball_g25_c01,0,3,1,1,blonde,Basketball
v_Basketball_g25_c03,1,2,2,0,blonde,Basketball
v_Basketball_g25_c04,2,3,0,0,blonde,Basketball
v_BenchPress_g01_c06,0,0,0,5,white,BenchPress
v_BenchPress_g02_c03,2,0,0,3,white,BenchPress
v_BenchPress_g03_c05,2,0,3,0,red,BenchPress
v_BenchPress_g03_c06,2,0,3,0,red,BenchPress
v_BenchPress_g04_c03,0,0,4,1,red,BenchPress
v_BenchPress_g04_c06,0,0,3,2,red,BenchPress
v_BenchPress_g05_c03,0,0,4,1,red,BenchPress
v_BenchPress_g05_c07,1,0,4,0,red,BenchPress
v_BenchPress_g06_c04,0,0,2,3,white,BenchPress
v_BenchPress_g07_c03,3,0,0,2,black,BenchPress
v_BenchPress_g07_c07,0,1,0,4,white,BenchPress
v_BenchPress_g09_c03,2,0,0,3,white,BenchPress
v_BenchPress_g09_c06,0,0,1,4,white,BenchPress
v_BenchPress_g10_c02,2,0,3,0,red,BenchPress
v_BenchPress_g10_c03,2,0,3,0,red,BenchPress
v_BenchPress_g11_c02,4,0,0,1,black,BenchPress
v_BenchPress_g11_c03,3,0,0,2,black,BenchPress
v_BenchPress_g12_c01,2,0,3,0,red,BenchPress
v_BenchPress_g12_c02,1,0,2,2,red,BenchPress
v_BenchPress_g12_c03,0,0,0,5,white,BenchPress
v_BenchPress_g13_c07,3,0,2,0,black,BenchPress
v_BenchPress_g14_c06,2,0,0,3,white,BenchPress
v_BenchPress_g19_c03,0,0,2,3,white,BenchPress
v_BenchPress_g20_c05,3,0,2,0,black,BenchPress
v_BenchPress_g22_c03,0,1,0,4,white,BenchPress
v_BenchPress_g22_c06,0,0,1,4,white,BenchPress
v_BenchPress_g24_c06,2,0,0,3,white,BenchPress
v_BenchPress_g25_c04,0,0,3,2,red,BenchPress
v_Biking_g01_c01,2,0,2,1,black,Biking
v_Biking_g01_c02,0,1,4,0,red,Biking
v_Biking_g02_c01,2,0,0,3,white,Biking
v_Biking_g02_c05,0,0,3,2,red,Biking
v_Biking_g02_c06,0,1,3,1,red,Biking
v_Biking_g02_c07,1,0,2,2,red,Biking
v_Biking_g03_c01,1,1,3,0,red,Biking
v_Biking_g03_c04,1,0,4,0,red,Biking
v_Biking_g04_c04,3,0,1,1,black,Biking
v_Biking_g05_c01,0,2,0,3,white,Biking
v_Biking_g05_c02,2,2,0,1,black,Biking
v_Biking_g05_c05,2,1,1,1,black,Biking
v_Biking_g06_c04,0,1,4,0,red,Biking
v_Biking_g06_c05,0,0,5,0,red,Biking
v_Biking_g07_c01,0,4,0,1,blonde,Biking
v_Biking_g07_c02,0,1,0,4,white,Biking
v_Biking_g07_c04,0,3,1,1,blonde,Biking
v_Biking_g09_c01,0,3,1,1,blonde,Biking
v_Biking_g10_c01,0,4,1,0,blonde,Biking
v_Biking_g11_c04,0,1,2,2,red,Biking
v_Biking_g11_c05,0,2,0,3,white,Biking
v_Biking_g12_c03,3,1,0,1,black,Biking
v_Biking_g13_c03,1,0,4,0,red,Biking
v_Biking_g13_c04,0,2,3,0,red,Biking
v_Biking_g13_c06,1,1,1,2,white,Biking
v_Biking_g14_c02,2,3,0,0,blonde,Biking
v_Biking_g15_c02,2,0,3,0,red,Biking
v_Biking_g17_c01,0,0,3,2,red,Biking
v_Biking_g18_c01,0,4,1,0,blonde,Biking
v_Biking_g18_c03,2,1,2,0,black,Biking
v_Biking_g18_c05,1,3,1,0,blonde,Biking
v_Biking_g20_c05,3,0,2,0,black,Biking
v_Biking_g22_c01,0,0,5,0,red,Biking
v_Biking_g22_c02,0,0,5,0,red,Biking
v_Biking_g23_c02,0,0,2,3,white,Biking
v_Biking_g24_c06,0,1,3,1,red,Biking
v_Biking_g24_c07,0,1,1,3,white,Biking
v_Billiards_g01_c02,3,2,0,0,black,Billiards
v_Billiards_g04_c01,0,0,5,0,red,Billiards
v_Billiards_g04_c03,3,2,0,0,black,Billiards
v_Billiards_g04_c04,3,0,0,2,black,Billiards
v_Billiards_g05_c03,2,2,0,1,black,Billiards
v_Billiards_g06_c01,0,2,0,3,white,Billiards
v_Billiards_g06_c04,0,1,4,0,red,Billiards
v_Billiards_g06_c05,0,0,0,5,white,Billiards
v_Billiards_g07_c01,3,2,0,0,black,Billiards
v_Billiards_g09_c03,1,0,0,4,white,Billiards
v_Billiards_g11_c01,0,2,0,3,white,Billiards
v_Billiards_g11_c03,0,1,3,1,red,Billiards
v_Billiards_g11_c06,0,1,3,1,red,Billiards
v_Billiards_g12_c01,0,1,2,2,red,Billiards
v_Billiards_g12_c02,0,2,3,0,red,Billiards
v_Billiards_g12_c03,0,1,1,3,white,Billiards
v_Billiards_g12_c07,0,1,0,4,white,Billiards
v_Billiards_g13_c03,0,2,3,0,red,Billiards
v_Billiards_g13_c04,0,0,1,4,white,Billiards
v_Billiards_g13_c05,0,2,0,3,white,Billiards
v_Billiards_g14_c04,0,0,0,5,white,Billiards
v_Billiards_g14_c06,2,0,0,3,white,Billiards
v_Billiards_g15_c02,0,4,1,0,blonde,Billiards
v_Billiards_g15_c03,1,1,0,3,white,Billiards
v_Billiards_g15_c05,1,1,2,1,red,Billiards
v_Billiards_g15_c06,0,3,1,1,blonde,Billiards
v_Billiards_g19_c01,1,2,0,2,blonde,Billiards
v_Billiards_g19_c02,0,2,0,3,white,Billiards
v_Billiards_g19_c04,0,0,4,1,red,Billiards
v_Billiards_g21_c01,1,1,1,2,white,Billiards
v_Billiards_g21_c05,2,0,0,3,white,Billiards
v_Billiards_g21_c06,1,1,2,1,red,Billiards
v_Billiards_g21_c07,0,0,0,5,white,Billiards
v_Billiards_g23_c01,4,1,0,0,black,Billiards
v_Billiards_g24_c01,5,0,0,0,black,Billiards
v_Billiards_g24_c02,1,1,1,2,white,Billiards
v_Billiards_g25_c03,0,1,2,2,red,Billiards
v_Billiards_g25_c06,0,1,4,0,red,Billiards
v_Billiards_g25_c07,0,2,3,0,red,Billiards
v_BlowDryHair_g04_c01,0,0,5,0,red,BlowDryHair
v_BlowDryHair_g04_c04,2,2,1,0,black,BlowDryHair
v_BlowDryHair_g05_c01,4,1,0,0,black,BlowDryHair
v_BlowDryHair_g07_c03,1,0,4,0,red,BlowDryHair
v_BlowDryHair_g11_c02,0,0,5,0,red,BlowDryHair
v_BlowDryHair_g11_c03,0,2,3,0,red,BlowDryHair
v_BlowDryHair_g13_c02,1,0,4,0,red,BlowDryHair
v_BlowDryHair_g13_c04,0,0,5,0,red,BlowDryHair
v_BlowDryHair_g15_c03,4,1,0,0,black,BlowDryHair
v_BlowDryHair_g15_c04,3,0,2,0,black,BlowDryHair
v_BlowDryHair_g20_c04,0,2,3,0,red,BlowDryHair
v_BlowDryHair_g20_c05,1,1,3,0,red,BlowDryHair
v_BlowDryHair_g22_c02,2,3,0,0,blonde,BlowDryHair
v_BlowDryHair_g23_c06,1,0,2,2,red,BlowDryHair
v_BlowingCandles_g01_c01,0,0,5,0,red,BlowingCandles
v_BlowingCandles_g02_c03,0,5,0,0,blonde,BlowingCandles
v_BlowingCandles_g02_c04,0,5,0,0,blonde,BlowingCandles
v_BlowingCandles_g05_c02,0,3,2,0,blonde,BlowingCandles
v_BlowingCandles_g06_c01,3,0,2,0,black,BlowingCandles
v_BlowingCandles_g06_c02,5,0,0,0,black,BlowingCandles
v_BlowingCandles_g06_c03,1,0,4,0,red,BlowingCandles
v_BlowingCandles_g07_c03,0,5,0,0,blonde,BlowingCandles
v_BlowingCandles_g07_c04,0,5,0,0,blonde,BlowingCandles
v_BlowingCandles_g09_c01,4,1,0,0,black,BlowingCandles
v_BlowingCandles_g09_c04,0,5,0,0,blonde,BlowingCandles
v_BlowingCandles_g10_c02,1,2,2,0,blonde,BlowingCandles
v_BlowingCandles_g10_c03,2,0,3,0,red,BlowingCandles
v_BlowingCandles_g11_c03,0,4,1,0,blonde,BlowingCandles
v_BlowingCandles_g11_c04,0,3,2,0,blonde,BlowingCandles
v_BlowingCandles_g13_c02,1,1,3,0,red,BlowingCandles
v_BlowingCandles_g13_c03,0,2,3,0,red,BlowingCandles
v_BlowingCandles_g14_c03,0,0,5,0,red,BlowingCandles
v_BlowingCandles_g14_c04,0,0,5,0,red,BlowingCandles
v_BlowingCandles_g15_c03,2,0,3,0,red,BlowingCandles
v_BlowingCandles_g15_c04,3,0,2,0,black,BlowingCandles
v_BlowingCandles_g17_c01,1,0,4,0,red,BlowingCandles
v_BlowingCandles_g18_c02,0,2,3,0,red,BlowingCandles
v_BlowingCandles_g18_c04,0,2,3,0,red,BlowingCandles
v_BlowingCandles_g19_c02,0,5,0,0,blonde,BlowingCandles
v_BlowingCandles_g20_c01,0,4,1,0,blonde,BlowingCandles
v_BlowingCandles_g20_c03,0,5,0,0,blonde,BlowingCandles
v_BlowingCandles_g21_c03,2,3,0,0,blonde,BlowingCandles
v_BlowingCandles_g22_c02,0,5,0,0,blonde,BlowingCandles
v_BlowingCandles_g22_c04,0,4,1,0,blonde,BlowingCandles
v_BlowingCandles_g23_c01,0,5,0,0,blonde,BlowingCandles
v_BlowingCandles_g23_c03,1,0,4,0,red,BlowingCandles
v_BlowingCandles_g24_c01,0,0,0,5,white,BlowingCandles
v_BlowingCandles_g24_c02,0,0,1,4,white,BlowingCandles
v_BlowingCandles_g25_c01,0,0,5,0,red,BlowingCandles
v_BlowingCandles_g25_c02,0,0,5,0,red,BlowingCandles
v_BodyWeightSquats_g02_c03,2,0,3,0,red,BodyWeightSquats
v_BodyWeightSquats_g03_c01,0,2,2,1,blonde,BodyWeightSquats
v_BodyWeightSquats_g03_c04,0,1,0,4,white,BodyWeightSquats
v_BodyWeightSquats_g03_c05,1,1,1,2,white,BodyWeightSquats
v_BodyWeightSquats_g04_c02,1,0,4,0,red,BodyWeightSquats
v_BodyWeightSquats_g05_c04,3,1,1,0,black,BodyWeightSquats
v_BodyWeightSquats_g06_c03,0,0,3,2,red,BodyWeightSquats
v_BodyWeightSquats_g06_c05,0,0,5,0,red,BodyWeightSquats
v_BodyWeightSquats_g09_c05,5,0,0,0,black,BodyWeightSquats
v_BodyWeightSquats_g09_c06,5,0,0,0,black,BodyWeightSquats
v_BodyWeightSquats_g09_c07,4,0,1,0,black,BodyWeightSquats
v_BodyWeightSquats_g10_c03,1,0,4,0,red,BodyWeightSquats
v_BodyWeightSquats_g10_c04,2,0,3,0,red,BodyWeightSquats
v_BodyWeightSquats_g12_c01,0,2,3,0,red,BodyWeightSquats
v_BodyWeightSquats_g12_c03,0,2,3,0,red,BodyWeightSquats
v_BodyWeightSquats_g14_c02,1,1,3,0,red,BodyWeightSquats
v_BodyWeightSquats_g17_c02,1,2,2,0,blonde,BodyWeightSquats
v_BodyWeightSquats_g18_c04,3,0,2,0,black,BodyWeightSquats
v_BodyWeightSquats_g19_c01,2,0,3,0,red,BodyWeightSquats
v_BodyWeightSquats_g19_c02,2,0,3,0,red,BodyWeightSquats
v_BodyWeightSquats_g20_c01,0,3,1,1,blonde,BodyWeightSquats
v_BodyWeightSquats_g21_c02,1,2,2,0,blonde,BodyWeightSquats
v_BodyWeightSquats_g21_c04,2,1,2,0,black,BodyWeightSquats
v_BodyWeightSquats_g25_c03,0,3,2,0,blonde,BodyWeightSquats
v_BodyWeightSquats_g25_c05,0,4,1,0,blonde,BodyWeightSquats
v_BodyWeightSquats_g25_c06,1,2,2,0,blonde,BodyWeightSquats
v_Bowling_g01_c01,4,0,1,0,black,Bowling
v_Bowling_g01_c05,0,4,1,0,blonde,Bowling
v_Bowling_g01_c07,2,3,0,0,blonde,Bowling
v_Bowling_g02_c01,0,2,3,0,red,Bowling
v_Bowling_g03_c02,0,5,0,0,blonde,Bowling
v_Bowling_g03_c03,1,2,2,0,blonde,Bowling
v_Bowling_g03_c04,2,0,3,0,red,Bowling
v_Bowling_g03_c06,0,5,0,0,blonde,Bowling
v_Bowling_g04_c02,2,3,0,0,blonde,Bowling
v_Bowling_g04_c04,0,0,5,0,red,Bowling
v_Bowling_g05_c01,0,4,1,0,blonde,Bowling
v_Bowling_g05_c04,0,3,2,0,blonde,Bowling
v_Bowling_g06_c01,0,0,5,0,red,Bowling
v_Bowling_g06_c02,4,0,1,0,black,Bowling
v_Bowling_g06_c05,0,1,4,0,red,Bowling
v_Bowling_g06_c07,1,0,4,0,red,Bowling
v_Bowling_g07_c01,2,3,0,0,blonde,Bowling
v_Bowling_g07_c02,1,3,1,0,blonde,Bowling
v_Bowling_g07_c04,1,1,3,0,red,Bowling
v_Bowling_g07_c06,0,5,0,0,blonde,Bowling
v_Bowling_g09_c01,1,4,0,0,blonde,Bowling
v_Bowling_g09_c02,1,4,0,0,blonde,Bowling
v_Bowling_g09_c05,4,0,1,0,black,Bowling
v_Bowling_g10_c04,3,2,0,0,black,Bowling
v_Bowling_g10_c06,1,1,1,2,white,Bowling
v_Bowling_g10_c07,2,2,1,0,black,Bowling
v_Bowling_g11_c02,0,2,3,0,red,Bowling
v_Bowling_g12_c01,4,0,1,0,black,Bowling
v_Bowling_g13_c02,0,1,1,3,white,Bowling
v_Bowling_g14_c02,0,1,4,0,red,Bowling
v_Bowling_g14_c05,0,1,4,0,red,Bowling
v_Bowling_g15_c04,0,2,3,0,red,Bowling
v_Bowling_g16_c02,0,4,1,0,blonde,Bowling
v_Bowling_g16_c04,1,1,3,0,red,Bowling
v_Bowling_g17_c04,0,2,3,0,red,Bowling
v_Bowling_g17_c05,1,1,3,0,red,Bowling
v_Bowling_g19_c01,0,4,1,0,blonde,Bowling
v_Bowling_g19_c03,0,3,2,0,blonde,Bowling
v_Bowling_g19_c04,0,5,0,0,blonde,Bowling
v_Bowling_g20_c06,5,0,0,0,black,Bowling
v_Bowling_g21_c01,5,0,0,0,black,Bowling
v_Bowling_g21_c02,4,0,1,0,black,Bowling
v_Bowling_g22_c01,1,4,0,0,blonde,Bowling
v_Bowling_g22_c02,2,3,0,0,blonde,Bowling
v_Bowling_g22_c07,0,1,0,4,white,Bowling
v_Bowling_g23_c01,3,1,1,0,black,Bowling
v_Bowling_g23_c03,2,1,0,2,black,Bowling
v_Bowling_g23_c07,4,0,1,0,black,Bowling
v_Bowling_g24_c02,0,4,1,0,blonde,Bowling
v_Bowling_g24_c04,0,4,1,0,blonde,Bowling
v_Bowling_g24_c05,1,2,2,0,blonde,Bowling
v_Bowling_g25_c01,0,1,4,0,red,Bowling
v_Bowling_g25_c05,0,0,5,0,red,Bowling
v_BoxingPunchingBag_g03_c02,0,0,5,0,red,BoxingPunchingBag
v_BoxingPunchingBag_g03_c04,2,0,3,0,red,BoxingPunchingBag
v_BoxingPunchingBag_g03_c06,2,0,3,0,red,BoxingPunchingBag
v_BoxingPunchingBag_g04_c04,0,3,2,0,blonde,BoxingPunchingBag
v_BoxingPunchingBag_g04_c05,0,3,2,0,blonde,BoxingPunchingBag
v_BoxingPunchingBag_g04_c06,0,4,1,0,blonde,BoxingPunchingBag
v_BoxingPunchingBag_g06_c03,1,0,3,1,red,BoxingPunchingBag
v_BoxingPunchingBag_g07_c01,0,0,5,0,red,BoxingPunchingBag
v_BoxingPunchingBag_g07_c04,1,0,4,0,red,BoxingPunchingBag
v_BoxingPunchingBag_g09_c01,3,0,2,0,black,BoxingPunchingBag
v_BoxingPunchingBag_g09_c06,3,0,2,0,black,BoxingPunchingBag
v_BoxingPunchingBag_g10_c02,2,0,3,0,red,BoxingPunchingBag
v_BoxingPunchingBag_g12_c02,2,3,0,0,blonde,BoxingPunchingBag
v_BoxingPunchingBag_g12_c03,1,4,0,0,blonde,BoxingPunchingBag
v_BoxingPunchingBag_g12_c06,2,3,0,0,blonde,BoxingPunchingBag
v_BoxingPunchingBag_g14_c01,3,0,2,0,black,BoxingPunchingBag
v_BoxingPunchingBag_g14_c02,3,0,2,0,black,BoxingPunchingBag
v_BoxingPunchingBag_g14_c04,5,0,0,0,black,BoxingPunchingBag
v_BoxingPunchingBag_g17_c02,4,1,0,0,black,BoxingPunchingBag
v_BoxingPunchingBag_g17_c04,1,2,2,0,blonde,BoxingPunchingBag
v_BoxingPunchingBag_g18_c02,0,0,5,0,red,BoxingPunchingBag
v_BoxingPunchingBag_g18_c03,1,0,4,0,red,BoxingPunchingBag
v_BoxingPunchingBag_g20_c01,2,1,2,0,black,BoxingPunchingBag
v_BoxingPunchingBag_g24_c02,0,1,1,3,white,BoxingPunchingBag
v_BoxingPunchingBag_g24_c03,1,0,4,0,red,BoxingPunchingBag
v_BoxingPunchingBag_g24_c05,0,1,2,2,red,BoxingPunchingBag
v_BoxingPunchingBag_g24_c07,1,0,3,1,red,BoxingPunchingBag
v_BoxingSpeedBag_g01_c01,1,1,3,0,red,BoxingSpeedBag
v_BoxingSpeedBag_g03_c03,1,2,2,0,blonde,BoxingSpeedBag
v_BoxingSpeedBag_g05_c01,3,0,2,0,black,BoxingSpeedBag
v_BoxingSpeedBag_g05_c05,4,0,1,0,black,BoxingSpeedBag
v_BoxingSpeedBag_g06_c02,0,1,3,1,red,BoxingSpeedBag
v_BoxingSpeedBag_g06_c03,0,2,3,0,red,BoxingSpeedBag
v_BoxingSpeedBag_g06_c05,0,1,0,4,white,BoxingSpeedBag
v_BoxingSpeedBag_g08_c04,0,0,1,4,white,BoxingSpeedBag
v_BoxingSpeedBag_g08_c05,0,0,1,4,white,BoxingSpeedBag
v_BoxingSpeedBag_g09_c01,1,3,0,1,blonde,BoxingSpeedBag
v_BoxingSpeedBag_g10_c02,2,0,3,0,red,BoxingSpeedBag
v_BoxingSpeedBag_g10_c03,2,0,3,0,red,BoxingSpeedBag
v_BoxingSpeedBag_g11_c02,1,1,2,1,red,BoxingSpeedBag
v_BoxingSpeedBag_g11_c03,4,0,1,0,black,BoxingSpeedBag
v_BoxingSpeedBag_g11_c04,2,2,1,0,black,BoxingSpeedBag
v_BoxingSpeedBag_g12_c02,1,1,3,0,red,BoxingSpeedBag
v_BoxingSpeedBag_g12_c05,1,0,4,0,red,BoxingSpeedBag
v_BoxingSpeedBag_g13_c02,0,3,2,0,blonde,BoxingSpeedBag
v_BoxingSpeedBag_g14_c01,2,1,2,0,black,BoxingSpeedBag
v_BoxingSpeedBag_g15_c07,1,0,4,0,red,BoxingSpeedBag
v_BoxingSpeedBag_g16_c01,0,2,2,1,blonde,BoxingSpeedBag
v_BoxingSpeedBag_g16_c05,0,3,2,0,blonde,BoxingSpeedBag
v_BoxingSpeedBag_g18_c02,0,4,1,0,blonde,BoxingSpeedBag
v_BoxingSpeedBag_g21_c02,0,0,2,3,white,BoxingSpeedBag
v_BoxingSpeedBag_g22_c02,0,2,3,0,red,BoxingSpeedBag
v_BoxingSpeedBag_g24_c04,3,0,2,0,black,BoxingSpeedBag
v_BoxingSpeedBag_g25_c04,2,2,0,1,black,BoxingSpeedBag
v_BoxingSpeedBag_g25_c07,2,1,2,0,black,BoxingSpeedBag
v_BreastStroke_g02_c01,1,2,2,0,blonde,BreastStroke
v_BreastStroke_g03_c04,0,3,2,0,blonde,BreastStroke
v_BreastStroke_g04_c04,0,1,4,0,red,BreastStroke
v_BreastStroke_g05_c01,2,2,1,0,black,BreastStroke
v_BreastStroke_g05_c02,0,1,4,0,red,BreastStroke
v_BreastStroke_g06_c01,0,4,0,1,blonde,BreastStroke
v_BreastStroke_g07_c04,0,5,0,0,blonde,BreastStroke
v_BreastStroke_g08_c04,2,2,0,1,black,BreastStroke
v_BreastStroke_g09_c03,0,4,1,0,blonde,BreastStroke
v_BreastStroke_g16_c02,0,4,1,0,blonde,BreastStroke
v_BreastStroke_g17_c01,0,3,2,0,blonde,BreastStroke
v_BreastStroke_g17_c03,1,0,1,3,white,BreastStroke
v_BreastStroke_g17_c04,0,1,2,2,red,BreastStroke
v_BreastStroke_g18_c01,2,2,1,0,black,BreastStroke
v_BreastStroke_g18_c02,1,3,1,0,blonde,BreastStroke
v_BreastStroke_g19_c02,0,4,1,0,blonde,BreastStroke
v_BreastStroke_g21_c02,0,2,3,0,red,BreastStroke
v_BreastStroke_g22_c03,0,3,2,0,blonde,BreastStroke
v_BreastStroke_g25_c01,1,0,4,0,red,BreastStroke
v_BreastStroke_g25_c03,0,2,0,3,white,BreastStroke
v_BrushingTeeth_g02_c01,2,0,3,0,red,BrushingTeeth
v_BrushingTeeth_g02_c04,0,0,1,4,white,BrushingTeeth
v_BrushingTeeth_g02_c06,0,0,5,0,red,BrushingTeeth
v_BrushingTeeth_g02_c07,0,0,5,0,red,BrushingTeeth
v_BrushingTeeth_g07_c03,0,2,1,2,blonde,BrushingTeeth
v_BrushingTeeth_g07_c06,1,2,1,1,blonde,BrushingTeeth
v_BrushingTeeth_g08_c01,3,0,2,0,black,BrushingTeeth
v_BrushingTeeth_g08_c03,4,0,1,0,black,BrushingTeeth
v_BrushingTeeth_g09_c01,0,2,3,0,red,BrushingTeeth
v_BrushingTeeth_g13_c04,2,0,3,0,red,BrushingTeeth
v_BrushingTeeth_g15_c03,0,2,3,0,red,BrushingTeeth
v_BrushingTeeth_g17_c01,2,0,3,0,red,BrushingTeeth
v_BrushingTeeth_g22_c01,2,2,1,0,black,BrushingTeeth
v_BrushingTeeth_g22_c02,1,4,0,0,blonde,BrushingTeeth
v_CleanAndJerk_g03_c06,0,3,1,1,blonde,CleanAndJerk
v_CleanAndJerk_g04_c02,0,0,2,3,white,CleanAndJerk
v_CleanAndJerk_g04_c04,0,0,2,3,white,CleanAndJerk
v_CleanAndJerk_g05_c03,0,0,0,5,white,CleanAndJerk
v_CleanAndJerk_g06_c01,1,0,2,2,red,CleanAndJerk
v_CleanAndJerk_g08_c02,0,0,4,1,red,CleanAndJerk
v_CleanAndJerk_g08_c04,0,3,1,1,blonde,CleanAndJerk
v_CleanAndJerk_g09_c01,0,0,5,0,red,CleanAndJerk
v_CleanAndJerk_g10_c03,0,0,5,0,red,CleanAndJerk
v_CleanAndJerk_g10_c04,0,0,5,0,red,CleanAndJerk
v_CleanAndJerk_g11_c03,5,0,0,0,black,CleanAndJerk
v_CleanAndJerk_g13_c04,0,3,1,1,blonde,CleanAndJerk
v_CleanAndJerk_g15_c01,2,0,2,1,black,CleanAndJerk
v_CleanAndJerk_g16_c03,3,0,2,0,black,CleanAndJerk
v_CleanAndJerk_g18_c02,5,0,0,0,black,CleanAndJerk
v_CleanAndJerk_g20_c01,0,3,2,0,blonde,CleanAndJerk
v_CleanAndJerk_g20_c03,0,0,2,3,white,CleanAndJerk
v_CleanAndJerk_g20_c06,0,4,1,0,blonde,CleanAndJerk
v_CleanAndJerk_g21_c04,0,0,2,3,white,CleanAndJerk
v_CleanAndJerk_g24_c03,0,3,1,1,blonde,CleanAndJerk
v_CliffDiving_g01_c05,2,2,1,0,black,CliffDiving
v_CliffDiving_g01_c06,0,2,2,1,blonde,CliffDiving
v_CliffDiving_g03_c01,0,5,0,0,blonde,CliffDiving
v_CliffDiving_g03_c02,0,0,0,5,white,CliffDiving
v_CliffDiving_g03_c03,3,0,2,0,black,CliffDiving
v_CliffDiving_g04_c01,0,0,0,5,white,CliffDiving
v_CliffDiving_g05_c02,0,1,4,0,red,CliffDiving
v_CliffDiving_g05_c04,0,0,2,3,white,CliffDiving
v_CliffDiving_g05_c05,0,0,5,0,red,CliffDiving
v_CliffDiving_g05_c06,0,1,4,0,red,CliffDiving
v_CliffDiving_g06_c02,0,2,2,1,blonde,CliffDiving
v_CliffDiving_g07_c01,0,1,4,0,red,CliffDiving
v_CliffDiving_g07_c03,1,1,0,3,white,CliffDiving
v_CliffDiving_g07_c06,0,0,0,5,white,CliffDiving
v_CliffDiving_g08_c03,0,1,3,1,red,CliffDiving
v_CliffDiving_g09_c01,1,1,3,0,red,CliffDiving
v_CliffDiving_g09_c03,0,0,1,4,white,CliffDiving
v_CliffDiving_g09_c04,0,0,2,3,white,CliffDiving
v_CliffDiving_g09_c05,0,0,4,1,red,CliffDiving
v_CliffDiving_g10_c01,0,5,0,0,blonde,CliffDiving
v_CliffDiving_g10_c03,0,1,3,1,red,CliffDiving
v_CliffDiving_g10_c05,0,3,0,2,blonde,CliffDiving
v_CliffDiving_g10_c06,1,0,2,2,red,CliffDiving
v_CliffDiving_g10_c07,2,0,0,3,white,CliffDiving
v_CliffDiving_g11_c01,0,1,4,0,red,CliffDiving
v_CliffDiving_g11_c02,2,2,0,1,black,CliffDiving
v_CliffDiving_g11_c04,0,3,0,2,blonde,CliffDiving
v_CliffDiving_g12_c03,0,3,2,0,blonde,CliffDiving
v_CliffDiving_g12_c07,0,4,1,0,blonde,CliffDiving
v_CliffDiving_g14_c05,1,1,1,2,white,CliffDiving
v_CliffDiving_g14_c06,0,1,4,0,red,CliffDiving
v_CliffDiving_g14_c07,3,2,0,0,black,CliffDiving
v_CliffDiving_g16_c03,1,2,2,0,blonde,CliffDiving
v_CliffDiving_g17_c02,1,2,2,0,blonde,CliffDiving
v_CliffDiving_g17_c03,0,3,2,0,blonde,CliffDiving
v_CliffDiving_g17_c04,1,1,3,0,red,CliffDiving
v_CliffDiving_g18_c01,0,0,1,4,white,CliffDiving
v_CliffDiving_g18_c02,0,0,2,3,white,CliffDiving
v_CliffDiving_g20_c01,0,1,0,4,white,CliffDiving
v_CliffDiving_g20_c03,0,0,1,4,white,CliffDiving
v_CliffDiving_g20_c04,0,0,1,4,white,CliffDiving
v_CliffDiving_g21_c02,0,2,3,0,red,CliffDiving
v_CliffDiving_g21_c03,0,2,3,0,red,CliffDiving
v_CliffDiving_g22_c01,0,2,1,2,blonde,CliffDiving
v_CliffDiving_g22_c02,0,0,0,5,white,CliffDiving
v_CliffDiving_g22_c04,0,1,4,0,red,CliffDiving
v_CliffDiving_g22_c06,1,1,3,0,red,CliffDiving
v_CliffDiving_g23_c05,0,0,5,0,red,CliffDiving
v_CliffDiving_g24_c03,0,2,0,3,white,CliffDiving
v_CliffDiving_g25_c02,1,2,1,1,blonde,CliffDiving
v_CliffDiving_g25_c03,0,3,0,2,blonde,CliffDiving
v_CricketBowling_g01_c01,2,3,0,0,blonde,CricketBowling
v_CricketBowling_g01_c03,0,5,0,0,blonde,CricketBowling
v_CricketBowling_g01_c05,1,3,1,0,blonde,CricketBowling
v_CricketBowling_g02_c04,0,1,0,4,white,CricketBowling
v_CricketBowling_g02_c05,0,1,0,4,white,CricketBowling
v_CricketBowling_g04_c02,1,3,1,0,blonde,CricketBowling
v_CricketBowling_g04_c04,2,0,3,0,red,CricketBowling
v_CricketBowling_g05_c04,0,3,2,0,blonde,CricketBowling
v_CricketBowling_g06_c02,1,3,0,1,blonde,CricketBowling
v_CricketBowling_g06_c04,2,3,0,0,blonde,CricketBowling
v_CricketBowling_g07_c01,2,0,0,3,white,CricketBowling
v_CricketBowling_g07_c03,2,0,0,3,white,CricketBowling
v_CricketBowling_g10_c01,0,0,1,4,white,CricketBowling
v_CricketBowling_g10_c04,2,0,2,1,black,CricketBowling
v_CricketBowling_g12_c01,0,5,0,0,blonde,CricketBowling
v_CricketBowling_g12_c06,0,4,1,0,blonde,CricketBowling
v_CricketBowling_g14_c02,2,1,1,1,black,CricketBowling
v_CricketBowling_g14_c04,3,0,2,0,black,CricketBowling
v_CricketBowling_g18_c03,0,2,0,3,white,CricketBowling
v_CricketBowling_g18_c04,2,2,1,0,black,CricketBowling
v_CricketBowling_g19_c02,2,1,0,2,black,CricketBowling
v_CricketBowling_g19_c07,3,0,1,1,black,CricketBowling
v_CricketBowling_g20_c04,1,1,2,1,red,CricketBowling
v_CricketBowling_g24_c01,1,0,0,4,white,CricketBowling
v_CricketBowling_g24_c02,0,0,0,5,white,CricketBowling
v_CricketShot_g01_c01,0,3,2,0,blonde,CricketShot
v_CricketShot_g01_c04,1,2,2,0,blonde,CricketShot
v_CricketShot_g01_c06,0,3,2,0,blonde,CricketShot
v_CricketShot_g03_c01,0,1,1,3,white,CricketShot
v_CricketShot_g03_c02,0,2,2,1,blonde,CricketShot
v_CricketShot_g03_c06,0,0,1,4,white,CricketShot
v_CricketShot_g04_c01,1,2,2,0,blonde,CricketShot
v_CricketShot_g04_c05,0,2,3,0,red,CricketShot
v_CricketShot_g04_c06,0,3,2,0,blonde,CricketShot
v_CricketShot_g06_c01,1,0,1,3,white,CricketShot
v_CricketShot_g06_c02,0,0,5,0,red,CricketShot
v_CricketShot_g06_c04,1,3,1,0,blonde,CricketShot
v_CricketShot_g06_c05,1,0,4,0,red,CricketShot
v_CricketShot_g06_c06,2,3,0,0,blonde,CricketShot
v_CricketShot_g09_c01,3,0,0,2,black,CricketShot
v_CricketShot_g09_c03,3,0,0,2,black,CricketShot
v_CricketShot_g09_c06,2,2,0,1,black,CricketShot
v_CricketShot_g10_c01,1,2,0,2,blonde,CricketShot
v_CricketShot_g10_c05,0,5,0,0,blonde,CricketShot
v_CricketShot_g10_c06,0,4,1,0,blonde,CricketShot
v_CricketShot_g11_c01,0,3,2,0,blonde,CricketShot
v_CricketShot_g11_c02,0,0,4,1,red,CricketShot
v_CricketShot_g11_c03,2,3,0,0,blonde,CricketShot
v_CricketShot_g11_c04,0,3,1,1,blonde,CricketShot
v_CricketShot_g12_c06,3,0,0,2,black,CricketShot
v_CricketShot_g13_c02,0,3,2,0,blonde,CricketShot
v_CricketShot_g13_c04,1,1,1,2,white,CricketShot
v_CricketShot_g13_c05,0,2,3,0,red,CricketShot
v_CricketShot_g13_c06,0,2,2,1,blonde,CricketShot
v_CricketShot_g13_c07,0,1,3,1,red,CricketShot
v_CricketShot_g14_c05,1,1,0,3,white,CricketShot
v_CricketShot_g14_c06,4,1,0,0,black,CricketShot
v_CricketShot_g16_c04,0,3,2,0,blonde,CricketShot
v_CricketShot_g16_c07,0,3,2,0,blonde,CricketShot
v_CricketShot_g21_c06,0,2,1,2,blonde,CricketShot
v_CricketShot_g22_c01,5,0,0,0,black,CricketShot
v_CricketShot_g22_c04,3,2,0,0,black,CricketShot
v_CricketShot_g22_c07,4,1,0,0,black,CricketShot
v_CricketShot_g24_c02,1,0,2,2,red,CricketShot
v_CricketShot_g24_c03,2,0,0,3,white,CricketShot
v_CricketShot_g24_c05,0,0,0,5,white,CricketShot
v_CricketShot_g24_c06,1,0,1,3,white,CricketShot
v_CuttingInKitchen_g01_c04,0,0,0,5,white,CuttingInKitchen
v_CuttingInKitchen_g01_c05,0,0,0,5,white,CuttingInKitchen
v_CuttingInKitchen_g04_c03,0,1,0,4,white,CuttingInKitchen
v_CuttingInKitchen_g04_c04,0,0,5,0,red,CuttingInKitchen
v_CuttingInKitchen_g04_c05,0,0,5,0,red,CuttingInKitchen
v_CuttingInKitchen_g05_c04,0,1,0,4,white,CuttingInKitchen
v_CuttingInKitchen_g05_c06,0,1,0,4,white,CuttingInKitchen
v_CuttingInKitchen_g06_c01,5,0,0,0,black,CuttingInKitchen
v_CuttingInKitchen_g06_c02,0,0,5,0,red,CuttingInKitchen
v_CuttingInKitchen_g06_c05,0,0,5,0,red,CuttingInKitchen
v_CuttingInKitchen_g07_c02,0,0,5,0,red,CuttingInKitchen
v_CuttingInKitchen_g07_c04,0,5,0,0,blonde,CuttingInKitchen
v_CuttingInKitchen_g09_c03,0,0,2,3,white,CuttingInKitchen
v_CuttingInKitchen_g10_c05,0,5,0,0,blonde,CuttingInKitchen
v_CuttingInKitchen_g10_c06,0,5,0,0,blonde,CuttingInKitchen
v_CuttingInKitchen_g10_c07,0,5,0,0,blonde,CuttingInKitchen
v_CuttingInKitchen_g11_c01,0,0,0,5,white,CuttingInKitchen
v_CuttingInKitchen_g11_c02,0,0,0,5,white,CuttingInKitchen
v_CuttingInKitchen_g12_c01,0,5,0,0,blonde,CuttingInKitchen
v_CuttingInKitchen_g14_c01,0,2,0,3,white,CuttingInKitchen
v_CuttingInKitchen_g16_c01,0,0,5,0,red,CuttingInKitchen
v_CuttingInKitchen_g16_c02,0,0,5,0,red,CuttingInKitchen
v_CuttingInKitchen_g17_c01,0,0,4,1,red,CuttingInKitchen
v_CuttingInKitchen_g17_c03,0,1,0,4,white,CuttingInKitchen
v_CuttingInKitchen_g19_c02,0,3,0,2,blonde,CuttingInKitchen
v_CuttingInKitchen_g22_c03,0,3,0,2,blonde,CuttingInKitchen
v_CuttingInKitchen_g23_c02,2,0,3,0,red,CuttingInKitchen
v_CuttingInKitchen_g25_c01,0,2,3,0,red,CuttingInKitchen
v_CuttingInKitchen_g25_c03,0,1,2,2,red,CuttingInKitchen
v_CuttingInKitchen_g25_c04,0,0,0,5,white,CuttingInKitchen
v_CuttingInKitchen_g25_c06,1,1,0,3,white,CuttingInKitchen
v_Diving_g01_c04,0,2,3,0,red,Diving
v_Diving_g01_c06,0,0,5,0,red,Diving
v_Diving_g02_c02,0,1,4,0,red,Diving
v_Diving_g02_c05,0,0,5,0,red,Diving
v_Diving_g03_c06,0,3,2,0,blonde,Diving
v_Diving_g03_c07,0,4,1,0,blonde,Diving
v_Diving_g04_c03,0,1,4,0,red,Diving
v_Diving_g05_c01,1,4,0,0,blonde,Diving
v_Diving_g06_c01,0,3,2,0,blonde,Diving
v_Diving_g06_c02,0,3,2,0,blonde,Diving
v_Diving_g06_c05,0,3,2,0,blonde,Diving
v_Diving_g07_c01,0,0,5,0,red,Diving
v_Diving_g08_c02,0,3,2,0,blonde,Diving
v_Diving_g08_c04,0,3,2,0,blonde,Diving
v_Diving_g09_c05,0,0,5,0,red,Diving
v_Diving_g09_c06,0,2,3,0,red,Diving
v_Diving_g09_c07,0,1,4,0,red,Diving
v_Diving_g10_c02,0,3,2,0,blonde,Diving
v_Diving_g10_c03,0,5,0,0,blonde,Diving
v_Diving_g10_c04,0,4,1,0,blonde,Diving
v_Diving_g11_c01,0,1,4,0,red,Diving
v_Diving_g11_c05,1,1,3,0,red,Diving
v_Diving_g12_c02,0,2,1,2,blonde,Diving
v_Diving_g12_c03,0,3,2,0,blonde,Diving
v_Diving_g13_c01,0,5,0,0,blonde,Diving
v_Diving_g13_c03,0,4,1,0,blonde,Diving
v_Diving_g13_c04,0,5,0,0,blonde,Diving
v_Diving_g14_c01,0,1,4,0,red,Diving
v_Diving_g14_c04,0,2,3,0,red,Diving
v_Diving_g15_c01,0,4,1,0,blonde,Diving
v_Diving_g15_c07,0,3,2,0,blonde,Diving
v_Diving_g16_c03,0,5,0,0,blonde,Diving
v_Diving_g16_c05,0,4,1,0,blonde,Diving
v_Diving_g18_c01,0,2,3,0,red,Diving
v_Diving_g18_c04,0,0,5,0,red,Diving
v_Diving_g19_c03,0,2,3,0,red,Diving
v_Diving_g20_c01,0,0,5,0,red,Diving
v_Diving_g20_c02,0,0,5,0,red,Diving
v_Diving_g20_c05,0,2,3,0,red,Diving
v_Diving_g21_c01,0,5,0,0,blonde,Diving
v_Diving_g21_c02,0,3,2,0,blonde,Diving
v_Diving_g21_c06,0,3,0,2,blonde,Diving
v_Diving_g22_c01,1,1,1,2,white,Diving
v_Diving_g22_c04,0,3,2,0,blonde,Diving
v_Diving_g23_c01,0,4,1,0,blonde,Diving
v_Diving_g23_c02,0,5,0,0,blonde,Diving
v_Diving_g24_c03,2,0,2,1,black,Diving
v_Diving_g24_c05,0,3,2,0,blonde,Diving
v_Diving_g24_c06,1,2,2,0,blonde,Diving
v_Diving_g25_c01,0,1,4,0,red,Diving
v_Diving_g25_c02,0,2,3,0,red,Diving
v_Drumming_g01_c05,1,3,1,0,blonde,Drumming
v_Drumming_g01_c06,2,2,1,0,black,Drumming
v_Drumming_g01_c07,3,0,2,0,black,Drumming
v_Drumming_g02_c05,5,0,0,0,black,Drumming
v_Drumming_g02_c06,3,0,0,2,black,Drumming
v_Drumming_g03_c01,0,0,5,0,red,Drumming
v_Drumming_g03_c02,1,0,4,0,red,Drumming
v_Drumming_g03_c05,3,0,2,0,black,Drumming
v_Drumming_g04_c01,3,0,2,0,black,Drumming
v_Drumming_g04_c07,4,0,1,0,black,Drumming
v_Drumming_g07_c05,3,2,0,0,black,Drumming
v_Drumming_g07_c06,4,1,0,0,black,Drumming
v_Drumming_g07_c07,2,0,1,2,black,Drumming
v_Drumming_g08_c03,2,1,0,2,black,Drumming
v_Drumming_g08_c04,5,0,0,0,black,Drumming
v_Drumming_g09_c01,0,5,0,0,blonde,Drumming
v_Drumming_g09_c04,0,0,4,1,red,Drumming
v_Drumming_g11_c01,4,0,1,0,black,Drumming
v_Drumming_g11_c03,4,0,1,0,black,Drumming
v_Drumming_g11_c07,3,0,2,0,black,Drumming
v_Drumming_g13_c01,2,0,0,3,white,Drumming
v_Drumming_g13_c04,0,0,2,3,white,Drumming
v_Drumming_g13_c06,2,0,3,0,red,Drumming
v_Drumming_g13_c07,2,0,3,0,red,Drumming
v_Drumming_g14_c05,3,0,1,1,black,Drumming
v_Drumming_g14_c06,2,0,2,1,black,Drumming
v_Drumming_g15_c02,2,2,0,1,black,Drumming
v_Drumming_g15_c06,1,0,4,0,red,Drumming
v_Drumming_g16_c01,1,1,3,0,red,Drumming
v_Drumming_g18_c04,1,0,4,0,red,Drumming
v_Drumming_g20_c01,2,1,2,0,black,Drumming
v_Drumming_g20_c02,1,0,4,0,red,Drumming
v_Drumming_g20_c03,3,0,2,0,black,Drumming
v_Drumming_g20_c06,0,0,5,0,red,Drumming
v_Drumming_g22_c03,2,1,2,0,black,Drumming
v_Drumming_g24_c01,0,1,1,3,white,Drumming
v_Drumming_g24_c02,0,2,0,3,white,Drumming
v_Drumming_g25_c01,3,0,2,0,black,Drumming
v_Drumming_g25_c07,3,0,2,0,black,Drumming
v_Fencing_g03_c03,3,0,0,2,black,Fencing
v_Fencing_g03_c04,5,0,0,0,black,Fencing
v_Fencing_g05_c04,0,3,0,2,blonde,Fencing
v_Fencing_g05_c05,0,2,2,1,blonde,Fencing
v_Fencing_g08_c01,0,3,0,2,blonde,Fencing
v_Fencing_g10_c01,0,3,0,2,blonde,Fencing
v_Fencing_g10_c03,0,2,1,2,blonde,Fencing
v_Fencing_g11_c04,1,1,0,3,white,Fencing
v_Fencing_g11_c05,0,1,0,4,white,Fencing
v_Fencing_g12_c01,1,0,2,2,red,Fencing
v_Fencing_g12_c02,0,2,0,3,white,Fencing
v_Fencing_g12_c03,0,0,0,5,white,Fencing
v_Fencing_g13_c01,0,2,0,3,white,Fencing
v_Fencing_g14_c01,4,0,0,1,black,Fencing
v_Fencing_g15_c01,1,3,0,1,blonde,Fencing
v_Fencing_g16_c02,5,0,0,0,black,Fencing
v_Fencing_g17_c01,1,0,2,2,red,Fencing
v_Fencing_g17_c02,2,0,3,0,red,Fencing
v_Fencing_g19_c01,3,1,1,0,black,Fencing
v_Fencing_g19_c02,0,1,0,4,white,Fencing
v_Fencing_g20_c04,2,1,0,2,black,Fencing
v_Fencing_g22_c04,1,1,0,3,white,Fencing
v_Fencing_g23_c02,1,0,0,4,white,Fencing
v_FieldHockeyPenalty_g01_c01,1,1,1,2,white,FieldHockeyPenalty
v_FieldHockeyPenalty_g01_c05,0,0,0,5,white,FieldHockeyPenalty
v_FieldHockeyPenalty_g02_c01,5,0,0,0,black,FieldHockeyPenalty
v_FieldHockeyPenalty_g05_c07,0,2,0,3,white,FieldHockeyPenalty
v_FieldHockeyPenalty_g07_c01,2,0,0,3,white,FieldHockeyPenalty
v_FieldHockeyPenalty_g07_c02,3,0,1,1,black,FieldHockeyPenalty
v_FieldHockeyPenalty_g10_c01,0,2,0,3,white,FieldHockeyPenalty
v_FieldHockeyPenalty_g11_c02,3,1,0,1,black,FieldHockeyPenalty
v_FieldHockeyPenalty_g11_c04,0,5,0,0,blonde,FieldHockeyPenalty
v_FieldHockeyPenalty_g12_c01,0,1,2,2,red,FieldHockeyPenalty
v_FieldHockeyPenalty_g13_c02,0,0,4,1,red,FieldHockeyPenalty
v_FieldHockeyPenalty_g13_c04,0,0,5,0,red,FieldHockeyPenalty
v_FieldHockeyPenalty_g15_c01,2,0,3,0,red,FieldHockeyPenalty
v_FieldHockeyPenalty_g15_c02,0,2,1,2,blonde,FieldHockeyPenalty
v_FieldHockeyPenalty_g15_c05,2,0,3,0,red,FieldHockeyPenalty
v_FieldHockeyPenalty_g16_c01,0,0,3,2,red,FieldHockeyPenalty
v_FieldHockeyPenalty_g16_c03,4,1,0,0,black,FieldHockeyPenalty
v_FieldHockeyPenalty_g17_c03,0,2,0,3,white,FieldHockeyPenalty
v_FieldHockeyPenalty_g18_c04,0,0,5,0,red,FieldHockeyPenalty
v_FieldHockeyPenalty_g19_c01,0,2,0,3,white,FieldHockeyPenalty
v_FieldHockeyPenalty_g19_c04,0,0,0,5,white,FieldHockeyPenalty
v_FieldHockeyPenalty_g21_c03,0,1,4,0,red,FieldHockeyPenalty
v_FieldHockeyPenalty_g25_c03,0,0,0,5,white,FieldHockeyPenalty
v_FieldHockeyPenalty_g25_c05,0,0,5,0,red,FieldHockeyPenalty
v_FloorGymnastics_g01_c02,0,2,3,0,red,FloorGymnastics
v_FloorGymnastics_g03_c03,0,2,3,0,red,FloorGymnastics
v_FloorGymnastics_g05_c01,3,2,0,0,black,FloorGymnastics
v_FloorGymnastics_g06_c01,3,1,1,0,black,FloorGymnastics
v_FloorGymnastics_g06_c02,2,2,1,0,black,FloorGymnastics
v_FloorGymnastics_g06_c03,3,2,0,0,black,FloorGymnastics
v_FloorGymnastics_g09_c02,1,2,2,0,blonde,FloorGymnastics
v_FloorGymnastics_g09_c04,0,5,0,0,blonde,FloorGymnastics
v_FloorGymnastics_g09_c07,1,4,0,0,blonde,FloorGymnastics
v_FloorGymnastics_g10_c01,0,1,4,0,red,FloorGymnastics
v_FloorGymnastics_g10_c05,3,2,0,0,black,FloorGymnastics
v_FloorGymnastics_g11_c03,3,2,0,0,black,FloorGymnastics
v_FloorGymnastics_g12_c05,1,1,0,3,white,FloorGymnastics
v_FloorGymnastics_g13_c03,3,2,0,0,black,FloorGymnastics
v_FloorGymnastics_g17_c01,1,4,0,0,blonde,FloorGymnastics
v_FloorGymnastics_g17_c04,1,4,0,0,blonde,FloorGymnastics
v_FloorGymnastics_g17_c06,1,4,0,0,blonde,FloorGymnastics
v_FloorGymnastics_g19_c01,0,2,3,0,red,FloorGymnastics
v_FloorGymnastics_g20_c04,2,2,1,0,black,FloorGymnastics
v_FloorGymnastics_g21_c01,3,2,0,0,black,FloorGymnastics
v_FloorGymnastics_g22_c01,0,2,3,0,red,FloorGymnastics
v_FloorGymnastics_g22_c04,0,2,3,0,red,FloorGymnastics
v_FloorGymnastics_g24_c01,4,1,0,0,black,FloorGymnastics
v_FloorGymnastics_g25_c01,0,3,2,0,blonde,FloorGymnastics
v_FloorGymnastics_g25_c02,0,3,2,0,blonde,FloorGymnastics
v_FrisbeeCatch_g02_c02,0,1,0,4,white,FrisbeeCatch
v_FrisbeeCatch_g03_c03,0,2,3,0,red,FrisbeeCatch
v_FrisbeeCatch_g04_c04,1,3,1,0,blonde,FrisbeeCatch
v_FrisbeeCatch_g05_c01,0,0,3,2,red,FrisbeeCatch
v_FrisbeeCatch_g05_c02,0,0,5,0,red,FrisbeeCatch
v_FrisbeeCatch_g05_c03,0,5,0,0,blonde,FrisbeeCatch
v_FrisbeeCatch_g07_c01,0,5,0,0,blonde,FrisbeeCatch
v_FrisbeeCatch_g07_c03,0,5,0,0,blonde,FrisbeeCatch
v_FrisbeeCatch_g08_c02,0,3,0,2,blonde,FrisbeeCatch
v_FrisbeeCatch_g08_c05,0,3,0,2,blonde,FrisbeeCatch
v_FrisbeeCatch_g09_c02,0,1,3,1,red,FrisbeeCatch
v_FrisbeeCatch_g11_c01,0,3,2,0,blonde,FrisbeeCatch
v_FrisbeeCatch_g11_c04,0,1,1,3,white,FrisbeeCatch
v_FrisbeeCatch_g12_c01,0,3,0,2,blonde,FrisbeeCatch
v_FrisbeeCatch_g12_c02,0,3,0,2,blonde,FrisbeeCatch
v_FrisbeeCatch_g13_c03,2,0,2,1,black,FrisbeeCatch
v_FrisbeeCatch_g13_c04,1,1,1,2,white,FrisbeeCatch
v_FrisbeeCatch_g15_c01,0,0,5,0,red,FrisbeeCatch
v_FrisbeeCatch_g15_c02,0,1,2,2,red,FrisbeeCatch
v_FrisbeeCatch_g16_c06,0,1,0,4,white,FrisbeeCatch
v_FrisbeeCatch_g17_c03,0,2,3,0,red,FrisbeeCatch
v_FrisbeeCatch_g17_c05,0,1,0,4,white,FrisbeeCatch
v_FrisbeeCatch_g19_c02,0,2,0,3,white,FrisbeeCatch
v_FrisbeeCatch_g19_c04,0,0,0,5,white,FrisbeeCatch
v_FrisbeeCatch_g21_c02,0,1,2,2,red,FrisbeeCatch
v_FrisbeeCatch_g21_c04,0,0,3,2,red,FrisbeeCatch
v_FrisbeeCatch_g22_c01,0,0,1,4,white,FrisbeeCatch
v_FrisbeeCatch_g22_c03,1,0,1,3,white,FrisbeeCatch
v_FrisbeeCatch_g24_c01,0,1,1,3,white,FrisbeeCatch
v_FrisbeeCatch_g24_c03,0,0,2,3,white,FrisbeeCatch
v_FrisbeeCatch_g25_c02,1,0,0,4,white,FrisbeeCatch
v_FrisbeeCatch_g25_c04,0,0,0,5,white,FrisbeeCatch
v_FrontCrawl_g01_c02,0,0,5,0,red,FrontCrawl
v_FrontCrawl_g01_c03,0,1,4,0,red,FrontCrawl
v_FrontCrawl_g04_c04,1,2,2,0,blonde,FrontCrawl
v_FrontCrawl_g05_c01,1,0,4,0,red,FrontCrawl
v_FrontCrawl_g05_c02,1,0,4,0,red,FrontCrawl
v_FrontCrawl_g08_c03,0,2,0,3,white,FrontCrawl
v_FrontCrawl_g08_c04,0,1,2,2,red,FrontCrawl
v_FrontCrawl_g08_c05,0,0,3,2,red,FrontCrawl
v_FrontCrawl_g09_c02,0,4,1,0,blonde,FrontCrawl
v_FrontCrawl_g09_c05,0,3,2,0,blonde,FrontCrawl
v_FrontCrawl_g10_c05,0,2,3,0,red,FrontCrawl
v_FrontCrawl_g19_c01,0,3,2,0,blonde,FrontCrawl
v_GolfSwing_g02_c01,5,0,0,0,black,GolfSwing
v_GolfSwing_g04_c01,0,0,1,4,white,GolfSwing
v_GolfSwing_g05_c03,0,4,0,1,blonde,GolfSwing
v_GolfSwing_g05_c04,3,0,1,1,black,GolfSwing
v_GolfSwing_g05_c05,2,0,1,2,black,GolfSwing
v_GolfSwing_g06_c02,0,0,4,1,red,GolfSwing
v_GolfSwing_g06_c04,0,0,0,5,white,GolfSwing
v_GolfSwing_g07_c02,3,0,0,2,black,GolfSwing
v_GolfSwing_g08_c06,1,1,0,3,white,GolfSwing
v_GolfSwing_g09_c01,1,0,1,3,white,GolfSwing
v_GolfSwing_g09_c03,3,0,1,1,black,GolfSwing
v_GolfSwing_g10_c01,0,0,0,5,white,GolfSwing
v_GolfSwing_g10_c02,0,0,5,0,red,GolfSwing
v_GolfSwing_g11_c02,2,1,2,0,black,GolfSwing
v_GolfSwing_g11_c04,0,3,2,0,blonde,GolfSwing
v_GolfSwing_g11_c05,3,0,2,0,black,GolfSwing
v_GolfSwing_g11_c06,0,2,0,3,white,GolfSwing
v_GolfSwing_g12_c02,0,0,1,4,white,GolfSwing
v_GolfSwing_g12_c03,0,4,0,1,blonde,GolfSwing
v_GolfSwing_g12_c04,1,0,4,0,red,GolfSwing
v_GolfSwing_g13_c04,5,0,0,0,black,GolfSwing
v_GolfSwing_g14_c01,2,0,1,2,black,GolfSwing
v_GolfSwing_g15_c01,0,2,2,1,blonde,GolfSwing
v_GolfSwing_g15_c02,0,0,1,4,white,GolfSwing
v_GolfSwing_g15_c04,0,0,5,0,red,GolfSwing
v_GolfSwing_g16_c02,0,0,5,0,red,GolfSwing
v_GolfSwing_g16_c04,0,0,5,0,red,GolfSwing
v_GolfSwing_g17_c01,1,1,0,3,white,GolfSwing
v_GolfSwing_g17_c02,0,3,0,2,blonde,GolfSwing
v_GolfSwing_g17_c03,1,0,0,4,white,GolfSwing
v_GolfSwing_g17_c04,0,3,0,2,blonde,GolfSwing
v_GolfSwing_g17_c07,0,1,4,0,red,GolfSwing
v_GolfSwing_g19_c01,0,0,0,5,white,GolfSwing
v_GolfSwing_g19_c02,1,0,3,1,red,GolfSwing
v_GolfSwing_g20_c05,0,1,1,3,white,GolfSwing
v_GolfSwing_g21_c02,1,0,3,1,red,GolfSwing
v_GolfSwing_g21_c05,2,0,1,2,black,GolfSwing
v_GolfSwing_g22_c05,0,0,5,0,red,GolfSwing
v_GolfSwing_g22_c06,0,0,4,1,red,GolfSwing
v_GolfSwing_g23_c03,0,1,4,0,red,GolfSwing
v_GolfSwing_g23_c04,0,0,1,4,white,GolfSwing
v_GolfSwing_g23_c07,1,1,2,1,red,GolfSwing
v_GolfSwing_g24_c05,1,3,0,1,blonde,GolfSwing
v_GolfSwing_g25_c01,0,0,0,5,white,GolfSwing
v_GolfSwing_g25_c02,0,1,0,4,white,GolfSwing
v_GolfSwing_g25_c06,1,0,1,3,white,GolfSwing
v_Haircut_g01_c03,2,0,0,3,white,Haircut
v_Haircut_g04_c05,0,1,4,0,red,Haircut
v_Haircut_g05_c02,0,5,0,0,blonde,Haircut
v_Haircut_g05_c03,0,5,0,0,blonde,Haircut
v_Haircut_g06_c04,0,4,0,1,blonde,Haircut
v_Haircut_g07_c05,0,0,0,5,white,Haircut
v_Haircut_g07_c06,0,2,0,3,white,Haircut
v_Haircut_g08_c01,1,0,4,0,red,Haircut
v_Haircut_g08_c05,1,0,4,0,red,Haircut
v_Haircut_g08_c06,1,4,0,0,blonde,Haircut
v_Haircut_g12_c03,4,0,0,1,black,Haircut
v_Haircut_g13_c01,3,0,2,0,black,Haircut
v_Haircut_g17_c02,0,0,5,0,red,Haircut
v_Haircut_g17_c04,0,0,5,0,red,Haircut
v_Haircut_g19_c03,2,3,0,0,blonde,Haircut
v_Haircut_g19_c05,1,4,0,0,blonde,Haircut
v_Haircut_g25_c01,3,1,0,1,black,Haircut
v_HammerThrow_g01_c01,1,1,0,3,white,HammerThrow
v_HammerThrow_g01_c06,0,0,5,0,red,HammerThrow
v_HammerThrow_g02_c03,0,5,0,0,blonde,HammerThrow
v_HammerThrow_g02_c04,0,5,0,0,blonde,HammerThrow
v_HammerThrow_g02_c06,1,4,0,0,blonde,HammerThrow
v_HammerThrow_g02_c07,0,1,4,0,red,HammerThrow
v_HammerThrow_g03_c01,0,0,0,5,white,HammerThrow
v_HammerThrow_g04_c01,1,2,0,2,blonde,HammerThrow
v_HammerThrow_g04_c04,1,0,3,1,red,HammerThrow
v_HammerThrow_g04_c05,2,0,3,0,red,HammerThrow
v_HammerThrow_g04_c07,2,0,3,0,red,HammerThrow
v_HammerThrow_g05_c02,0,4,1,0,blonde,HammerThrow
v_HammerThrow_g05_c04,0,3,2,0,blonde,HammerThrow
v_HammerThrow_g06_c01,3,0,2,0,black,HammerThrow
v_HammerThrow_g06_c04,4,0,1,0,black,HammerThrow
v_HammerThrow_g06_c07,4,0,0,1,black,HammerThrow
v_HammerThrow_g09_c02,0,2,1,2,blonde,HammerThrow
v_HammerThrow_g10_c01,0,2,3,0,red,HammerThrow
v_HammerThrow_g10_c03,0,4,0,1,blonde,HammerThrow
v_HammerThrow_g10_c05,1,2,2,0,blonde,HammerThrow
v_HammerThrow_g10_c06,1,3,1,0,blonde,HammerThrow
v_HammerThrow_g11_c04,0,3,2,0,blonde,HammerThrow
v_HammerThrow_g12_c01,1,1,2,1,red,HammerThrow
v_HammerThrow_g12_c02,4,0,0,1,black,HammerThrow
v_HammerThrow_g13_c04,0,4,0,1,blonde,HammerThrow
v_HammerThrow_g14_c01,0,1,0,4,white,HammerThrow
v_HammerThrow_g14_c02,2,1,1,1,black,HammerThrow
v_HammerThrow_g14_c03,0,5,0,0,blonde,HammerThrow
v_HammerThrow_g15_c01,0,0,1,4,white,HammerThrow
v_HammerThrow_g15_c05,1,1,1,2,white,HammerThrow
v_HammerThrow_g16_c02,2,0,3,0,red,HammerThrow
v_HammerThrow_g16_c03,0,0,5,0,red,HammerThrow
v_HammerThrow_g17_c01,0,5,0,0,blonde,HammerThrow
v_HammerThrow_g17_c04,2,0,3,0,red,HammerThrow
v_HammerThrow_g17_c05,0,5,0,0,blonde,HammerThrow
v_HammerThrow_g18_c01,0,4,1,0,blonde,HammerThrow
v_HammerThrow_g18_c02,0,0,5,0,red,HammerThrow
v_HammerThrow_g18_c05,0,0,5,0,red,HammerThrow
v_HammerThrow_g19_c03,0,5,0,0,blonde,HammerThrow
v_HammerThrow_g19_c07,4,0,1,0,black,HammerThrow
v_HammerThrow_g20_c04,0,0,2,3,white,HammerThrow
v_HammerThrow_g21_c03,0,5,0,0,blonde,HammerThrow
v_HammerThrow_g22_c02,1,0,2,2,red,HammerThrow
v_HammerThrow_g22_c03,0,2,2,1,blonde,HammerThrow
v_HammerThrow_g22_c07,0,0,1,4,white,HammerThrow
v_HammerThrow_g23_c06,0,5,0,0,blonde,HammerThrow
v_HammerThrow_g23_c07,0,5,0,0,blonde,HammerThrow
v_HammerThrow_g24_c02,1,0,2,2,red,HammerThrow
v_HammerThrow_g24_c03,1,3,0,1,blonde,HammerThrow
v_HammerThrow_g24_c04,0,0,0,5,white,HammerThrow
v_HammerThrow_g25_c01,3,0,0,2,black,HammerThrow
v_HammerThrow_g25_c02,2,0,3,0,red,HammerThrow
v_HammerThrow_g25_c05,0,1,4,0,red,HammerThrow
v_Hammering_g02_c01,0,2,3,0,red,Hammering
v_Hammering_g02_c03,0,2,3,0,red,Hammering
v_Hammering_g03_c01,4,1,0,0,black,Hammering
v_Hammering_g04_c01,3,0,2,0,black,Hammering
v_Hammering_g05_c03,2,2,1,0,black,Hammering
v_Hammering_g06_c05,4,0,1,0,black,Hammering
v_Hammering_g07_c02,1,0,2,2,red,Hammering
v_Hammering_g07_c03,1,0,0,4,white,Hammering
v_Hammering_g08_c02,1,0,4,0,red,Hammering
v_Hammering_g08_c03,0,0,5,0,red,Hammering
v_Hammering_g09_c05,0,1,4,0,red,Hammering
v_Hammering_g09_c06,0,2,3,0,red,Hammering
v_Hammering_g17_c01,2,0,3,0,red,Hammering
v_Hammering_g17_c07,2,0,3,0,red,Hammering
v_Hammering_g18_c01,0,0,0,5,white,Hammering
v_Hammering_g18_c02,2,0,0,3,white,Hammering
v_Hammering_g18_c06,1,4,0,0,blonde,Hammering
v_Hammering_g19_c02,0,0,2,3,white,Hammering
v_Hammering_g20_c01,2,0,0,3,white,Hammering
v_Hammering_g20_c03,1,0,2,2,red,Hammering
v_Hammering_g21_c01,3,0,1,1,black,Hammering
v_Hammering_g21_c02,2,0,1,2,black,Hammering
v_Hammering_g21_c04,2,0,1,2,black,Hammering
v_Hammering_g24_c02,0,0,1,4,white,Hammering
v_Hammering_g24_c03,0,0,2,3,white,Hammering
v_Hammering_g24_c06,0,0,1,4,white,Hammering
v_Hammering_g25_c03,0,2,3,0,red,Hammering
v_HandstandPushups_g04_c01,3,2,0,0,black,HandstandPushups
v_HandstandPushups_g05_c01,0,2,3,0,red,HandstandPushups
v_HandstandPushups_g14_c04,4,0,1,0,black,HandstandPushups
v_HandstandPushups_g17_c01,1,2,2,0,blonde,HandstandPushups
v_HandstandPushups_g24_c02,0,5,0,0,blonde,HandstandPushups
v_HandstandPushups_g24_c04,0,5,0,0,blonde,HandstandPushups
v_HandstandWalking_g01_c02,2,1,2,0,black,HandstandWalking
v_HandstandWalking_g02_c01,0,0,5,0,red,HandstandWalking
v_HandstandWalking_g02_c04,2,1,2,0,black,HandstandWalking
v_HandstandWalking_g03_c04,4,1,0,0,black,HandstandWalking
v_HandstandWalking_g04_c01,0,4,1,0,blonde,HandstandWalking
v_HandstandWalking_g04_c03,0,5,0,0,blonde,HandstandWalking
v_HandstandWalking_g05_c05,0,1,4,0,red,HandstandWalking
v_HandstandWalking_g05_c06,0,5,0,0,blonde,HandstandWalking
v_HandstandWalking_g05_c07,0,5,0,0,blonde,HandstandWalking
v_HandstandWalking_g06_c01,0,5,0,0,blonde,HandstandWalking
v_HandstandWalking_g07_c01,1,4,0,0,blonde,HandstandWalking
v_HandstandWalking_g07_c02,1,3,0,1,blonde,HandstandWalking
v_HandstandWalking_g08_c01,1,4,0,0,blonde,HandstandWalking
v_HandstandWalking_g09_c01,0,3,2,0,blonde,HandstandWalking
v_HandstandWalking_g12_c01,2,3,0,0,blonde,HandstandWalking
v_HandstandWalking_g12_c04,1,0,4,0,red,HandstandWalking
v_HandstandWalking_g13_c01,2,3,0,0,blonde,HandstandWalking
v_HandstandWalking_g13_c04,2,3,0,0,blonde,HandstandWalking
v_HandstandWalking_g14_c03,5,0,0,0,black,HandstandWalking
v_HandstandWalking_g16_c01,0,0,0,5,white,HandstandWalking
v_HandstandWalking_g16_c02,3,0,0,2,black,HandstandWalking
v_HandstandWalking_g18_c01,1,0,1,3,white,HandstandWalking
v_HandstandWalking_g18_c02,2,0,3,0,red,HandstandWalking
v_HandstandWalking_g18_c04,0,5,0,0,blonde,HandstandWalking
v_HandstandWalking_g18_c06,0,0,0,5,white,HandstandWalking
v_HandstandWalking_g18_c07,0,4,1,0,blonde,HandstandWalking
v_HandstandWalking_g22_c01,2,1,2,0,black,HandstandWalking
v_HandstandWalking_g22_c02,0,0,5,0,red,HandstandWalking
v_HandstandWalking_g24_c01,0,0,5,0,red,HandstandWalking
v_HandstandWalking_g24_c03,0,1,4,0,red,HandstandWalking
v_HandstandWalking_g24_c06,0,2,3,0,red,HandstandWalking
v_HandstandWalking_g25_c01,1,0,0,4,white,HandstandWalking
v_HandstandWalking_g25_c03,1,0,4,0,red,HandstandWalking
v_HeadMassage_g01_c01,0,2,3,0,red,HeadMassage
v_HeadMassage_g01_c04,1,3,1,0,blonde,HeadMassage
v_HeadMassage_g01_c05,1,1,3,0,red,HeadMassage
v_HeadMassage_g02_c01,1,0,0,4,white,HeadMassage
v_HeadMassage_g02_c05,1,0,0,4,white,HeadMassage
v_HeadMassage_g02_c06,1,0,3,1,red,HeadMassage
v_HeadMassage_g02_c07,1,0,3,1,red,HeadMassage
v_HeadMassage_g03_c02,1,0,3,1,red,HeadMassage
v_HeadMassage_g03_c03,1,0,1,3,white,HeadMassage
v_HeadMassage_g03_c05,0,1,1,3,white,HeadMassage
v_HeadMassage_g05_c03,3,0,2,0,black,HeadMassage
v_HeadMassage_g05_c05,0,3,2,0,blonde,HeadMassage
v_HeadMassage_g07_c03,2,2,0,1,black,HeadMassage
v_HeadMassage_g07_c05,2,0,0,3,white,HeadMassage
v_HeadMassage_g08_c01,0,2,2,1,blonde,HeadMassage
v_HeadMassage_g08_c02,2,0,2,1,black,HeadMassage
v_HeadMassage_g08_c07,1,1,3,0,red,HeadMassage
v_HeadMassage_g13_c01,2,3,0,0,blonde,HeadMassage
v_HeadMassage_g14_c03,2,1,1,1,black,HeadMassage
v_HeadMassage_g14_c04,2,2,1,0,black,HeadMassage
v_HeadMassage_g14_c05,4,1,0,0,black,HeadMassage
v_HeadMassage_g17_c01,1,0,3,1,red,HeadMassage
v_HeadMassage_g22_c02,1,0,0,4,white,HeadMassage
v_HeadMassage_g22_c07,0,0,2,3,white,HeadMassage
v_HeadMassage_g23_c02,1,0,0,4,white,HeadMassage
v_HighJump_g01_c04,1,2,2,0,blonde,HighJump
v_HighJump_g02_c04,2,3,0,0,blonde,HighJump
v_HighJump_g02_c05,0,3,0,2,blonde,HighJump
v_HighJump_g02_c06,1,2,0,2,blonde,HighJump
v_HighJump_g03_c02,0,2,3,0,red,HighJump
v_HighJump_g03_c03,3,1,1,0,black,HighJump
v_HighJump_g04_c05,3,0,0,2,black,HighJump
v_HighJump_g04_c06,3,2,0,0,black,HighJump
v_HighJump_g05_c03,1,1,1,2,white,HighJump
v_HighJump_g05_c04,0,1,3,1,red,HighJump
v_HighJump_g05_c05,2,2,1,0,black,HighJump
v_HighJump_g06_c02,0,4,1,0,blonde,HighJump
v_HighJump_g06_c04,0,5,0,0,blonde,HighJump
v_HighJump_g07_c03,3,2,0,0,black,HighJump
v_HighJump_g08_c04,2,0,0,3,white,HighJump
v_HighJump_g08_c05,2,0,0,3,white,HighJump
v_HighJump_g09_c01,1,0,2,2,red,HighJump
v_HighJump_g09_c04,1,1,2,1,red,HighJump
v_HighJump_g10_c02,1,4,0,0,blonde,HighJump
v_HighJump_g10_c03,1,3,0,1,blonde,HighJump
v_HighJump_g11_c01,1,2,2,0,blonde,HighJump
v_HighJump_g11_c03,2,3,0,0,blonde,HighJump
v_HighJump_g11_c07,0,3,2,0,blonde,HighJump
v_HighJump_g13_c05,0,1,1,3,white,HighJump
v_HighJump_g14_c04,2,2,1,0,black,HighJump
v_HighJump_g15_c01,2,2,0,1,black,HighJump
v_HighJump_g16_c01,0,4,1,0,blonde,HighJump
v_HighJump_g16_c04,1,3,0,1,blonde,HighJump
v_HighJump_g17_c01,1,4,0,0,blonde,HighJump
v_HighJump_g19_c01,0,2,3,0,red,HighJump
v_HighJump_g19_c03,0,5,0,0,blonde,HighJump
v_HighJump_g19_c05,0,4,1,0,blonde,HighJump
v_HighJump_g20_c03,0,0,5,0,red,HighJump
v_HighJump_g20_c04,0,2,0,3,white,HighJump
v_HighJump_g20_c05,1,1,3,0,red,HighJump
v_HighJump_g22_c03,2,0,3,0,red,HighJump
v_HighJump_g23_c01,0,4,1,0,blonde,HighJump
v_HighJump_g23_c02,2,1,2,0,black,HighJump
v_HighJump_g23_c04,0,2,2,1,blonde,HighJump
v_HighJump_g24_c02,0,2,3,0,red,HighJump
v_HighJump_g24_c04,0,2,3,0,red,HighJump
v_HighJump_g25_c01,0,2,3,0,red,HighJump
v_HorseRace_g04_c02,0,5,0,0,blonde,HorseRace
v_HorseRace_g06_c03,0,0,0,5,white,HorseRace
v_HorseRace_g06_c04,0,3,1,1,blonde,HorseRace
v_HorseRace_g06_c06,0,0,0,5,white,HorseRace
v_HorseRace_g07_c04,0,1,2,2,red,HorseRace
v_HorseRace_g09_c04,0,1,1,3,white,HorseRace
v_HorseRace_g10_c03,0,0,3,2,red,HorseRace
v_HorseRace_g11_c01,0,1,3,1,red,HorseRace
v_HorseRace_g11_c07,0,3,0,2,blonde,HorseRace
v_HorseRace_g13_c01,4,0,0,1,black,HorseRace
v_HorseRace_g13_c02,5,0,0,0,black,HorseRace
v_HorseRace_g18_c01,0,4,0,1,blonde,HorseRace
v_HorseRace_g18_c05,0,1,2,2,red,HorseRace
v_HorseRace_g18_c06,0,3,0,2,blonde,HorseRace
v_HorseRace_g20_c05,0,3,0,2,blonde,HorseRace
v_HorseRace_g21_c05,0,0,5,0,red,HorseRace
v_HorseRace_g23_c01,0,0,1,4,white,HorseRace
v_HorseRace_g23_c03,0,0,0,5,white,HorseRace
v_HorseRiding_g02_c01,5,0,0,0,black,HorseRiding
v_HorseRiding_g02_c04,0,3,2,0,blonde,HorseRiding
v_HorseRiding_g02_c07,2,1,2,0,black,HorseRiding
v_HorseRiding_g03_c01,0,3,2,0,blonde,HorseRiding
v_HorseRiding_g04_c01,0,1,1,3,white,HorseRiding
v_HorseRiding_g04_c02,0,0,0,5,white,HorseRiding
v_HorseRiding_g04_c03,0,0,0,5,white,HorseRiding
v_HorseRiding_g04_c04,1,0,3,1,red,HorseRiding
v_HorseRiding_g05_c01,0,3,0,2,blonde,HorseRiding
v_HorseRiding_g05_c06,3,0,2,0,black,HorseRiding
v_HorseRiding_g05_c07,1,0,4,0,red,HorseRiding
v_HorseRiding_g06_c01,0,0,5,0,red,HorseRiding
v_HorseRiding_g06_c03,0,0,5,0,red,HorseRiding
v_HorseRiding_g06_c04,2,0,3,0,red,HorseRiding
v_HorseRiding_g06_c07,2,0,0,3,white,HorseRiding
v_HorseRiding_g08_c03,2,0,1,2,black,HorseRiding
v_HorseRiding_g08_c06,1,2,2,0,blonde,HorseRiding
v_HorseRiding_g09_c03,5,0,0,0,black,HorseRiding
v_HorseRiding_g09_c04,1,2,1,1,blonde,HorseRiding
v_HorseRiding_g10_c01,0,1,0,4,white,HorseRiding
v_HorseRiding_g10_c06,3,0,0,2,black,HorseRiding
v_HorseRiding_g10_c07,0,4,1,0,blonde,HorseRiding
v_HorseRiding_g11_c01,0,3,1,1,blonde,HorseRiding
v_HorseRiding_g11_c02,0,4,1,0,blonde,HorseRiding
v_HorseRiding_g14_c03,0,1,3,1,red,HorseRiding
v_HorseRiding_g14_c06,1,1,2,1,red,HorseRiding
v_HorseRiding_g14_c07,0,2,3,0,red,HorseRiding
v_HorseRiding_g15_c01,0,0,3,2,red,HorseRiding
v_HorseRiding_g15_c02,0,0,3,2,red,HorseRiding
v_HorseRiding_g16_c02,1,2,0,2,blonde,HorseRiding
v_HorseRiding_g16_c05,0,0,3,2,red,HorseRiding
v_HorseRiding_g18_c02,2,0,0,3,white,HorseRiding
v_HorseRiding_g18_c06,0,0,1,4,white,HorseRiding
v_HorseRiding_g19_c03,3,0,0,2,black,HorseRiding
v_HorseRiding_g21_c01,3,0,0,2,black,HorseRiding
v_HorseRiding_g21_c02,5,0,0,0,black,HorseRiding
v_HorseRiding_g21_c03,0,0,1,4,white,HorseRiding
v_HorseRiding_g22_c04,0,0,4,1,red,HorseRiding
v_HorseRiding_g23_c02,1,0,1,3,white,HorseRiding
v_HorseRiding_g23_c05,0,0,0,5,white,HorseRiding
v_HorseRiding_g23_c06,5,0,0,0,black,HorseRiding
v_HorseRiding_g24_c01,5,0,0,0,black,HorseRiding
v_HorseRiding_g24_c03,4,0,0,1,black,HorseRiding
v_HorseRiding_g24_c07,0,0,5,0,red,HorseRiding
v_HulaHoop_g01_c04,1,0,4,0,red,HulaHoop
v_HulaHoop_g05_c01,0,0,5,0,red,HulaHoop
v_HulaHoop_g06_c03,1,0,4,0,red,HulaHoop
v_HulaHoop_g06_c04,2,0,0,3,white,HulaHoop
v_HulaHoop_g07_c05,1,0,0,4,white,HulaHoop
v_HulaHoop_g08_c01,2,0,3,0,red,HulaHoop
v_HulaHoop_g08_c05,0,5,0,0,blonde,HulaHoop
v_HulaHoop_g11_c01,2,0,3,0,red,HulaHoop
v_HulaHoop_g15_c03,0,3,2,0,blonde,HulaHoop
v_HulaHoop_g15_c05,2,0,3,0,red,HulaHoop
v_HulaHoop_g16_c02,2,0,3,0,red,HulaHoop
v_HulaHoop_g16_c04,0,0,5,0,red,HulaHoop
v_HulaHoop_g16_c05,1,1,3,0,red,HulaHoop
v_HulaHoop_g18_c02,0,1,1,3,white,HulaHoop
v_HulaHoop_g20_c06,1,0,2,2,red,HulaHoop
v_HulaHoop_g24_c03,0,4,0,1,blonde,HulaHoop
v_HulaHoop_g24_c04,0,1,2,2,red,HulaHoop
v_HulaHoop_g25_c01,2,3,0,0,blonde,HulaHoop
v_IceDancing_g01_c03,3,2,0,0,black,IceDancing
v_IceDancing_g01_c04,3,2,0,0,black,IceDancing
v_IceDancing_g01_c06,3,2,0,0,black,IceDancing
v_IceDancing_g03_c03,4,1,0,0,black,IceDancing
v_IceDancing_g04_c02,2,0,3,0,red,IceDancing
v_IceDancing_g06_c05,1,1,3,0,red,IceDancing
v_IceDancing_g09_c01,1,3,0,1,blonde,IceDancing
v_IceDancing_g09_c03,1,3,1,0,blonde,IceDancing
v_IceDancing_g10_c05,3,2,0,0,black,IceDancing
v_IceDancing_g10_c07,3,2,0,0,black,IceDancing
v_IceDancing_g11_c02,0,2,3,0,red,IceDancing
v_IceDancing_g12_c03,2,1,2,0,black,IceDancing
v_IceDancing_g13_c01,1,2,2,0,blonde,IceDancing
v_IceDancing_g13_c02,0,2,2,1,blonde,IceDancing
v_IceDancing_g16_c01,2,0,0,3,white,IceDancing
v_IceDancing_g18_c04,3,2,0,0,black,IceDancing
v_IceDancing_g20_c01,1,3,0,1,blonde,IceDancing
v_IceDancing_g20_c03,1,3,0,1,blonde,IceDancing
v_IceDancing_g20_c06,0,5,0,0,blonde,IceDancing
v_IceDancing_g21_c04,0,2,3,0,red,IceDancing
v_IceDancing_g21_c05,4,1,0,0,black,IceDancing
v_JavelinThrow_g01_c02,1,0,4,0,red,JavelinThrow
v_JavelinThrow_g01_c04,1,0,3,1,red,JavelinThrow
v_JavelinThrow_g02_c03,0,0,3,2,red,JavelinThrow
v_JavelinThrow_g02_c04,0,0,2,3,white,JavelinThrow
v_JavelinThrow_g03_c02,1,1,3,0,red,JavelinThrow
v_JavelinThrow_g03_c04,1,1,2,1,red,JavelinThrow
v_JavelinThrow_g04_c03,1,2,0,2,blonde,JavelinThrow
v_JavelinThrow_g05_c03,0,0,0,5,white,JavelinThrow
v_JavelinThrow_g05_c04,0,2,0,3,white,JavelinThrow
v_JavelinThrow_g07_c03,0,2,0,3,white,JavelinThrow
v_JavelinThrow_g08_c01,4,1,0,0,black,JavelinThrow
v_JavelinThrow_g09_c04,1,1,3,0,red,JavelinThrow
v_JavelinThrow_g10_c03,0,0,5,0,red,JavelinThrow
v_JavelinThrow_g11_c01,5,0,0,0,black,JavelinThrow
v_JavelinThrow_g11_c02,3,1,0,1,black,JavelinThrow
v_JavelinThrow_g11_c04,0,1,3,1,red,JavelinThrow
v_JavelinThrow_g12_c01,0,4,1,0,blonde,JavelinThrow
v_JavelinThrow_g12_c02,2,2,1,0,black,JavelinThrow
v_JavelinThrow_g13_c01,1,0,0,4,white,JavelinThrow
v_JavelinThrow_g13_c04,0,3,0,2,blonde,JavelinThrow
v_JavelinThrow_g14_c06,0,2,1,2,blonde,JavelinThrow
v_JavelinThrow_g15_c01,0,1,1,3,white,JavelinThrow
v_JavelinThrow_g15_c06,0,0,2,3,white,JavelinThrow
v_JavelinThrow_g16_c02,2,2,1,0,black,JavelinThrow
v_JavelinThrow_g16_c04,2,0,3,0,red,JavelinThrow
v_JavelinThrow_g16_c05,1,0,2,2,red,JavelinThrow
v_JavelinThrow_g20_c01,5,0,0,0,black,JavelinThrow
v_JavelinThrow_g21_c02,0,4,1,0,blonde,JavelinThrow
v_JavelinThrow_g22_c03,0,0,0,5,white,JavelinThrow
v_JavelinThrow_g22_c04,0,0,0,5,white,JavelinThrow
v_JavelinThrow_g23_c03,0,2,0,3,white,JavelinThrow
v_JavelinThrow_g23_c05,0,1,0,4,white,JavelinThrow
v_JavelinThrow_g24_c01,0,3,0,2,blonde,JavelinThrow
v_JavelinThrow_g24_c04,2,0,1,2,black,JavelinThrow
v_JavelinThrow_g24_c05,1,3,0,1,blonde,JavelinThrow
v_JavelinThrow_g25_c03,5,0,0,0,black,JavelinThrow
v_JavelinThrow_g25_c04,3,1,0,1,black,JavelinThrow
v_JugglingBalls_g03_c03,1,2,2,0,blonde,JugglingBalls
v_JugglingBalls_g03_c04,0,0,4,1,red,JugglingBalls
v_JugglingBalls_g03_c07,0,0,3,2,red,JugglingBalls
v_JugglingBalls_g04_c05,2,0,3,0,red,JugglingBalls
v_JugglingBalls_g05_c03,2,1,2,0,black,JugglingBalls
v_JugglingBalls_g05_c04,0,2,3,0,red,JugglingBalls
v_JugglingBalls_g06_c01,2,0,3,0,red,JugglingBalls
v_JugglingBalls_g07_c04,2,3,0,0,blonde,JugglingBalls
v_JugglingBalls_g07_c05,1,2,0,2,blonde,JugglingBalls
v_JugglingBalls_g10_c01,0,2,2,1,blonde,JugglingBalls
v_JugglingBalls_g12_c04,0,0,5,0,red,JugglingBalls
v_JugglingBalls_g19_c01,2,0,3,0,red,JugglingBalls
v_JugglingBalls_g19_c04,1,0,4,0,red,JugglingBalls
v_JugglingBalls_g21_c01,2,0,2,1,black,JugglingBalls
v_JugglingBalls_g22_c03,0,2,1,2,blonde,JugglingBalls
v_JugglingBalls_g22_c06,0,2,1,2,blonde,JugglingBalls
v_JugglingBalls_g23_c04,3,0,2,0,black,JugglingBalls
v_JumpRope_g01_c03,3,0,2,0,black,JumpRope
v_JumpRope_g02_c03,3,0,2,0,black,JumpRope
v_JumpRope_g02_c05,0,3,2,0,blonde,JumpRope
v_JumpRope_g02_c06,2,1,2,0,black,JumpRope
v_JumpRope_g04_c03,0,4,0,1,blonde,JumpRope
v_JumpRope_g04_c05,0,2,1,2,blonde,JumpRope
v_JumpRope_g04_c06,0,2,2,1,blonde,JumpRope
v_JumpRope_g06_c01,0,4,1,0,blonde,JumpRope
v_JumpRope_g07_c01,2,0,3,0,red,JumpRope
v_JumpRope_g07_c02,0,1,4,0,red,JumpRope
v_JumpRope_g07_c05,1,0,4,0,red,JumpRope
v_JumpRope_g11_c02,2,2,1,0,black,JumpRope
v_JumpRope_g11_c03,4,1,0,0,black,JumpRope
v_JumpRope_g11_c05,3,2,0,0,black,JumpRope
v_JumpRope_g14_c02,0,2,3,0,red,JumpRope
v_JumpRope_g15_c03,2,0,0,3,white,JumpRope
v_JumpRope_g15_c05,4,0,0,1,black,JumpRope
v_JumpRope_g15_c06,0,0,0,5,white,JumpRope
v_JumpRope_g17_c01,1,3,1,0,blonde,JumpRope
v_JumpRope_g17_c04,0,4,1,0,blonde,JumpRope
v_JumpRope_g18_c05,2,1,2,0,black,JumpRope
v_JumpRope_g19_c02,1,3,1,0,blonde,JumpRope
v_JumpRope_g19_c03,3,0,2,0,black,JumpRope
v_JumpRope_g20_c04,2,3,0,0,blonde,JumpRope
v_JumpRope_g23_c03,4,0,1,0,black,JumpRope
v_JumpRope_g23_c05,0,3,2,0,blonde,JumpRope
v_JumpingJack_g01_c04,3,1,1,0,black,JumpingJack
v_JumpingJack_g01_c05,3,0,2,0,black,JumpingJack
v_JumpingJack_g01_c06,3,1,1,0,black,JumpingJack
v_JumpingJack_g02_c03,4,0,0,1,black,JumpingJack
v_JumpingJack_g04_c02,3,0,2,0,black,JumpingJack
v_JumpingJack_g05_c06,2,1,0,2,black,JumpingJack
v_JumpingJack_g06_c01,3,2,0,0,black,JumpingJack
v_JumpingJack_g06_c04,4,1,0,0,black,JumpingJack
v_JumpingJack_g06_c07,5,0,0,0,black,JumpingJack
v_JumpingJack_g07_c02,1,2,2,0,blonde,JumpingJack
v_JumpingJack_g07_c04,3,1,1,0,black,JumpingJack
v_JumpingJack_g08_c04,0,2,2,1,blonde,JumpingJack
v_JumpingJack_g10_c02,3,0,2,0,black,JumpingJack
v_JumpingJack_g10_c03,3,0,2,0,black,JumpingJack
v_JumpingJack_g13_c03,3,0,2,0,black,JumpingJack
v_JumpingJack_g14_c02,3,0,2,0,black,JumpingJack
v_JumpingJack_g21_c03,4,1,0,0,black,JumpingJack
v_Kayaking_g01_c01,1,4,0,0,blonde,Kayaking
v_Kayaking_g02_c02,1,1,1,2,white,Kayaking
v_Kayaking_g03_c02,0,2,0,3,white,Kayaking
v_Kayaking_g03_c04,0,2,3,0,red,Kayaking
v_Kayaking_g04_c07,0,3,0,2,blonde,Kayaking
v_Kayaking_g05_c03,0,1,1,3,white,Kayaking
v_Kayaking_g05_c04,0,1,0,4,white,Kayaking
v_Kayaking_g06_c05,1,1,0,3,white,Kayaking
v_Kayaking_g06_c06,0,0,0,5,white,Kayaking
v_Kayaking_g06_c07,0,3,0,2,blonde,Kayaking
v_Kayaking_g07_c03,0,1,4,0,red,Kayaking
v_Kayaking_g08_c02,0,4,0,1,blonde,Kayaking
v_Kayaking_g08_c05,1,1,3,0,red,Kayaking
v_Kayaking_g08_c06,0,0,4,1,red,Kayaking
v_Kayaking_g09_c02,0,3,0,2,blonde,Kayaking
v_Kayaking_g09_c03,0,1,0,4,white,Kayaking
v_Kayaking_g10_c03,2,1,2,0,black,Kayaking
v_Kayaking_g11_c01,0,3,2,0,blonde,Kayaking
v_Kayaking_g11_c06,1,2,1,1,blonde,Kayaking
v_Kayaking_g11_c07,0,2,1,2,blonde,Kayaking
v_Kayaking_g12_c02,2,1,1,1,black,Kayaking
v_Kayaking_g12_c04,0,2,0,3,white,Kayaking
v_Kayaking_g13_c04,0,2,0,3,white,Kayaking
v_Kayaking_g14_c01,0,4,1,0,blonde,Kayaking
v_Kayaking_g15_c01,0,4,1,0,blonde,Kayaking
v_Kayaking_g15_c05,0,2,2,1,blonde,Kayaking
v_Kayaking_g16_c02,0,0,5,0,red,Kayaking
v_Kayaking_g16_c04,1,1,3,0,red,Kayaking
v_Kayaking_g16_c05,0,1,4,0,red,Kayaking
v_Kayaking_g16_c07,2,1,2,0,black,Kayaking
v_Kayaking_g17_c05,0,2,2,1,blonde,Kayaking
v_Kayaking_g18_c01,0,0,5,0,red,Kayaking
v_Kayaking_g18_c03,0,1,3,1,red,Kayaking
v_Kayaking_g18_c06,0,0,5,0,red,Kayaking
v_Kayaking_g18_c07,0,1,0,4,white,Kayaking
v_Kayaking_g20_c04,1,2,0,2,blonde,Kayaking
v_Kayaking_g20_c07,0,4,0,1,blonde,Kayaking
v_Kayaking_g21_c03,0,2,3,0,red,Kayaking
v_Kayaking_g21_c04,0,1,4,0,red,Kayaking
v_Kayaking_g22_c02,0,2,0,3,white,Kayaking
v_Kayaking_g23_c03,0,5,0,0,blonde,Kayaking
v_Kayaking_g23_c06,0,3,0,2,blonde,Kayaking
v_Kayaking_g24_c01,2,2,1,0,black,Kayaking
v_Kayaking_g24_c02,0,5,0,0,blonde,Kayaking
v_Kayaking_g24_c03,1,2,0,2,blonde,Kayaking
v_Kayaking_g25_c01,0,1,0,4,white,Kayaking
v_Kayaking_g25_c04,0,1,1,3,white,Kayaking
v_Knitting_g02_c01,0,3,2,0,blonde,Knitting
v_Knitting_g02_c03,0,3,1,1,blonde,Knitting
v_Knitting_g06_c01,1,0,3,1,red,Knitting
v_Knitting_g06_c04,0,0,5,0,red,Knitting
v_Knitting_g08_c02,2,0,0,3,white,Knitting
v_Knitting_g09_c01,0,4,0,1,blonde,Knitting
v_Knitting_g09_c04,0,4,0,1,blonde,Knitting
v_Knitting_g11_c05,0,0,4,1,red,Knitting
v_Knitting_g12_c02,0,2,0,3,white,Knitting
v_Knitting_g20_c01,5,0,0,0,black,Knitting
v_Knitting_g25_c01,2,0,0,3,white,Knitting
v_Knitting_g25_c03,2,0,0,3,white,Knitting
v_LongJump_g01_c01,1,3,1,0,blonde,LongJump
v_LongJump_g01_c02,1,1,3,0,red,LongJump
v_LongJump_g01_c05,0,1,4,0,red,LongJump
v_LongJump_g04_c02,4,0,1,0,black,LongJump
v_LongJump_g04_c05,0,2,3,0,red,LongJump
v_LongJump_g05_c02,0,3,2,0,blonde,LongJump
v_LongJump_g06_c01,1,0,3,1,red,LongJump
v_LongJump_g07_c01,0,2,2,1,blonde,LongJump
v_LongJump_g07_c04,0,3,2,0,blonde,LongJump
v_LongJump_g08_c03,1,4,0,0,blonde,LongJump
v_LongJump_g08_c04,1,2,2,0,blonde,LongJump
v_LongJump_g08_c06,0,5,0,0,blonde,LongJump
v_LongJump_g09_c02,1,2,1,1,blonde,LongJump
v_LongJump_g09_c03,1,1,0,3,white,LongJump
v_LongJump_g09_c04,2,0,0,3,white,LongJump
v_LongJump_g10_c01,2,0,3,0,red,LongJump
v_LongJump_g10_c05,1,1,3,0,red,LongJump
v_LongJump_g10_c07,1,3,0,1,blonde,LongJump
v_LongJump_g11_c01,3,2,0,0,black,LongJump
v_LongJump_g12_c01,1,3,1,0,blonde,LongJump
v_LongJump_g12_c02,1,1,3,0,red,LongJump
v_LongJump_g12_c06,1,2,2,0,blonde,LongJump
v_LongJump_g13_c01,3,0,2,0,black,LongJump
v_LongJump_g13_c03,0,1,1,3,white,LongJump
v_LongJump_g13_c04,1,1,1,2,white,LongJump
v_LongJump_g14_c01,1,4,0,0,blonde,LongJump
v_LongJump_g14_c02,0,3,1,1,blonde,LongJump
v_LongJump_g15_c05,2,3,0,0,blonde,LongJump
v_LongJump_g17_c03,1,4,0,0,blonde,LongJump
v_LongJump_g17_c04,0,5,0,0,blonde,LongJump
v_LongJump_g18_c01,0,2,3,0,red,LongJump
v_LongJump_g18_c03,3,2,0,0,black,LongJump
v_LongJump_g19_c03,3,2,0,0,black,LongJump
v_LongJump_g20_c01,0,5,0,0,blonde,LongJump
v_LongJump_g20_c02,2,0,0,3,white,LongJump
v_LongJump_g21_c02,1,4,0,0,blonde,LongJump
v_LongJump_g21_c03,0,4,0,1,blonde,LongJump
v_LongJump_g22_c03,0,0,5,0,red,LongJump
v_LongJump_g23_c02,1,1,0,3,white,LongJump
v_LongJump_g23_c04,0,1,0,4,white,LongJump
v_LongJump_g24_c03,0,3,1,1,blonde,LongJump
v_LongJump_g24_c04,1,1,0,3,white,LongJump
v_LongJump_g25_c01,0,1,3,1,red,LongJump
v_LongJump_g25_c03,1,1,3,0,red,LongJump
v_Lunges_g01_c01,1,0,0,4,white,Lunges
v_Lunges_g01_c05,1,0,1,3,white,Lunges
v_Lunges_g01_c06,1,0,3,1,red,Lunges
v_Lunges_g04_c01,1,1,3,0,red,Lunges
v_Lunges_g04_c04,1,1,2,1,red,Lunges
v_Lunges_g05_c01,2,0,0,3,white,Lunges
v_Lunges_g05_c04,0,2,0,3,white,Lunges
v_Lunges_g07_c03,1,0,4,0,red,Lunges
v_Lunges_g07_c06,1,0,4,0,red,Lunges
v_Lunges_g08_c02,3,0,2,0,black,Lunges
v_Lunges_g10_c01,0,0,3,2,red,Lunges
v_Lunges_g12_c02,0,0,2,3,white,Lunges
v_Lunges_g12_c03,0,1,4,0,red,Lunges
v_Lunges_g12_c04,0,1,4,0,red,Lunges
v_Lunges_g13_c03,0,1,4,0,red,Lunges
v_Lunges_g13_c04,0,0,5,0,red,Lunges
v_Lunges_g13_c06,0,2,3,0,red,Lunges
v_Lunges_g14_c01,5,0,0,0,black,Lunges
v_Lunges_g16_c04,0,1,3,1,red,Lunges
v_Lunges_g19_c03,3,0,0,2,black,Lunges
v_Lunges_g19_c07,1,3,0,1,blonde,Lunges
v_Lunges_g20_c01,2,0,3,0,red,Lunges
v_Lunges_g21_c01,0,5,0,0,blonde,Lunges
v_Lunges_g21_c05,0,3,2,0,blonde,Lunges
v_Lunges_g22_c01,3,0,2,0,black,Lunges
v_Lunges_g22_c02,1,3,1,0,blonde,Lunges
v_Lunges_g23_c03,0,2,0,3,white,Lunges
v_Lunges_g23_c04,0,2,0,3,white,Lunges
v_Lunges_g24_c01,0,2,1,2,blonde,Lunges
v_Lunges_g24_c02,0,4,0,1,blonde,Lunges
v_Lunges_g25_c03,1,2,2,0,blonde,Lunges
v_MilitaryParade_g02_c02,0,0,0,5,white,MilitaryParade
v_MilitaryParade_g03_c01,2,0,0,3,white,MilitaryParade
v_MilitaryParade_g03_c04,0,4,1,0,blonde,MilitaryParade
v_MilitaryParade_g04_c01,0,2,3,0,red,MilitaryParade
v_MilitaryParade_g04_c02,0,4,1,0,blonde,MilitaryParade
v_MilitaryParade_g04_c03,0,0,1,4,white,MilitaryParade
v_MilitaryParade_g08_c04,0,0,0,5,white,MilitaryParade
v_MilitaryParade_g10_c02,0,0,3,2,red,MilitaryParade
v_MilitaryParade_g10_c03,0,0,0,5,white,MilitaryParade
v_MilitaryParade_g10_c04,0,0,3,2,red,MilitaryParade
v_MilitaryParade_g13_c01,2,0,3,0,red,MilitaryParade
v_MilitaryParade_g13_c02,2,3,0,0,blonde,MilitaryParade
v_MilitaryParade_g13_c04,0,1,0,4,white,MilitaryParade
v_MilitaryParade_g14_c02,4,1,0,0,black,MilitaryParade
v_MilitaryParade_g15_c03,1,0,1,3,white,MilitaryParade
v_MilitaryParade_g15_c06,4,0,1,0,black,MilitaryParade
v_MilitaryParade_g15_c07,0,3,2,0,blonde,MilitaryParade
v_MilitaryParade_g16_c02,4,0,1,0,black,MilitaryParade
v_MilitaryParade_g23_c01,1,0,1,3,white,MilitaryParade
v_MilitaryParade_g25_c01,1,3,1,0,blonde,MilitaryParade
v_MilitaryParade_g25_c02,2,2,1,0,black,MilitaryParade
v_MilitaryParade_g25_c04,0,4,1,0,blonde,MilitaryParade
v_Mixing_g01_c01,0,4,0,1,blonde,Mixing
v_Mixing_g01_c02,0,0,2,3,white,Mixing
v_Mixing_g01_c03,0,1,1,3,white,Mixing
v_Mixing_g01_c05,0,2,2,1,blonde,Mixing
v_Mixing_g03_c02,0,4,1,0,blonde,Mixing
v_Mixing_g05_c06,0,0,2,3,white,Mixing
v_Mixing_g05_c07,0,1,2,2,red,Mixing
v_Mixing_g06_c02,0,5,0,0,blonde,Mixing
v_Mixing_g06_c05,0,5,0,0,blonde,Mixing
v_Mixing_g08_c03,0,1,0,4,white,Mixing
v_Mixing_g08_c05,1,0,1,3,white,Mixing
v_Mixing_g09_c01,0,2,0,3,white,Mixing
v_Mixing_g09_c04,0,1,0,4,white,Mixing
v_Mixing_g09_c06,0,0,0,5,white,Mixing
v_Mixing_g13_c05,2,0,0,3,white,Mixing
v_Mixing_g14_c07,0,1,0,4,white,Mixing
v_Mixing_g15_c07,0,2,1,2,blonde,Mixing
v_Mixing_g17_c04,0,0,0,5,white,Mixing
v_Mixing_g18_c01,2,0,3,0,red,Mixing
v_Mixing_g19_c02,1,2,2,0,blonde,Mixing
v_Mixing_g19_c04,2,3,0,0,blonde,Mixing
v_Mixing_g21_c03,2,2,0,1,black,Mixing
v_Mixing_g21_c04,0,5,0,0,blonde,Mixing
v_Mixing_g24_c01,0,3,0,2,blonde,Mixing
v_MoppingFloor_g02_c05,1,3,0,1,blonde,MoppingFloor
v_MoppingFloor_g02_c06,2,1,0,2,black,MoppingFloor
v_MoppingFloor_g04_c02,0,5,0,0,blonde,MoppingFloor
v_MoppingFloor_g04_c03,1,2,2,0,blonde,MoppingFloor
v_MoppingFloor_g04_c05,2,1,2,0,black,MoppingFloor
v_MoppingFloor_g06_c01,4,0,1,0,black,MoppingFloor
v_MoppingFloor_g07_c03,0,0,2,3,white,MoppingFloor
v_MoppingFloor_g07_c04,4,0,0,1,black,MoppingFloor
v_MoppingFloor_g07_c05,0,0,0,5,white,MoppingFloor
v_MoppingFloor_g09_c01,5,0,0,0,black,MoppingFloor
v_MoppingFloor_g09_c04,0,1,2,2,red,MoppingFloor
v_MoppingFloor_g11_c01,4,0,0,1,black,MoppingFloor
v_MoppingFloor_g13_c01,1,4,0,0,blonde,MoppingFloor
v_MoppingFloor_g13_c03,2,3,0,0,blonde,MoppingFloor
v_MoppingFloor_g17_c01,2,0,0,3,white,MoppingFloor
v_MoppingFloor_g17_c02,1,0,0,4,white,MoppingFloor
v_MoppingFloor_g18_c01,0,1,3,1,red,MoppingFloor
v_MoppingFloor_g18_c05,0,0,2,3,white,MoppingFloor
v_MoppingFloor_g18_c06,0,0,1,4,white,MoppingFloor
v_MoppingFloor_g20_c02,2,0,0,3,white,MoppingFloor
v_MoppingFloor_g21_c01,0,1,0,4,white,MoppingFloor
v_MoppingFloor_g22_c04,1,0,0,4,white,MoppingFloor
v_MoppingFloor_g23_c04,0,1,0,4,white,MoppingFloor
v_MoppingFloor_g25_c02,0,0,3,2,red,MoppingFloor
v_MoppingFloor_g25_c04,2,0,0,3,white,MoppingFloor
v_Nunchucks_g01_c04,1,1,3,0,red,Nunchucks
v_Nunchucks_g03_c05,0,2,2,1,blonde,Nunchucks
v_Nunchucks_g03_c07,2,0,2,1,black,Nunchucks
v_Nunchucks_g04_c01,0,0,5,0,red,Nunchucks
v_Nunchucks_g04_c02,2,0,3,0,red,Nunchucks
v_Nunchucks_g04_c05,2,0,3,0,red,Nunchucks
v_Nunchucks_g09_c05,2,0,3,0,red,Nunchucks
v_Nunchucks_g10_c05,1,2,1,1,blonde,Nunchucks
v_Nunchucks_g13_c04,2,0,3,0,red,Nunchucks
v_Nunchucks_g15_c02,2,0,3,0,red,Nunchucks
v_Nunchucks_g17_c01,0,0,4,1,red,Nunchucks
v_Nunchucks_g17_c02,0,0,4,1,red,Nunchucks
v_Nunchucks_g17_c07,0,0,3,2,red,Nunchucks
v_Nunchucks_g20_c02,1,0,2,2,red,Nunchucks
v_Nunchucks_g20_c04,2,0,0,3,white,Nunchucks
v_Nunchucks_g22_c03,1,0,4,0,red,Nunchucks
v_Nunchucks_g25_c01,1,2,2,0,blonde,Nunchucks
v_Nunchucks_g25_c04,3,0,2,0,black,Nunchucks
v_Nunchucks_g25_c06,3,1,1,0,black,Nunchucks
v_ParallelBars_g02_c04,0,0,5,0,red,ParallelBars
v_ParallelBars_g03_c01,0,0,5,0,red,ParallelBars
v_ParallelBars_g03_c03,1,1,0,3,white,ParallelBars
v_ParallelBars_g06_c01,0,1,4,0,red,ParallelBars
v_ParallelBars_g07_c06,0,1,0,4,white,ParallelBars
v_ParallelBars_g08_c05,0,1,0,4,white,ParallelBars
v_ParallelBars_g09_c02,0,2,0,3,white,ParallelBars
v_ParallelBars_g09_c03,0,0,0,5,white,ParallelBars
v_ParallelBars_g11_c05,3,1,0,1,black,ParallelBars
v_ParallelBars_g12_c02,0,0,4,1,red,ParallelBars
v_ParallelBars_g12_c03,0,2,3,0,red,ParallelBars
v_ParallelBars_g13_c01,0,0,5,0,red,ParallelBars
v_ParallelBars_g13_c03,0,0,5,0,red,ParallelBars
v_ParallelBars_g14_c02,3,2,0,0,black,ParallelBars
v_ParallelBars_g14_c03,0,0,5,0,red,ParallelBars
v_ParallelBars_g15_c03,0,4,1,0,blonde,ParallelBars
v_ParallelBars_g17_c01,0,0,5,0,red,ParallelBars
v_ParallelBars_g17_c03,0,0,5,0,red,ParallelBars
v_ParallelBars_g18_c02,0,1,3,1,red,ParallelBars
v_ParallelBars_g18_c03,1,0,4,0,red,ParallelBars
v_ParallelBars_g19_c03,1,0,4,0,red,ParallelBars
v_ParallelBars_g20_c02,0,4,1,0,blonde,ParallelBars
v_ParallelBars_g20_c03,3,2,0,0,black,ParallelBars
v_ParallelBars_g21_c04,0,4,1,0,blonde,ParallelBars
v_ParallelBars_g22_c01,0,1,4,0,red,ParallelBars
v_ParallelBars_g23_c02,0,0,4,1,red,ParallelBars
v_ParallelBars_g23_c03,1,1,2,1,red,ParallelBars
v_ParallelBars_g24_c02,3,2,0,0,black,ParallelBars
v_ParallelBars_g25_c02,0,2,3,0,red,ParallelBars
v_PizzaTossing_g01_c01,0,0,5,0,red,PizzaTossing
v_PizzaTossing_g01_c02,1,1,1,2,white,PizzaTossing
v_PizzaTossing_g02_c04,0,1,0,4,white,PizzaTossing
v_PizzaTossing_g02_c05,3,2,0,0,black,PizzaTossing
v_PizzaTossing_g04_c04,0,2,2,1,blonde,PizzaTossing
v_PizzaTossing_g06_c05,0,0,2,3,white,PizzaTossing
v_PizzaTossing_g07_c01,3,1,0,1,black,PizzaTossing
v_PizzaTossing_g07_c03,1,2,1,1,blonde,PizzaTossing
v_PizzaTossing_g09_c04,0,3,0,2,blonde,PizzaTossing
v_PizzaTossing_g10_c01,3,0,2,0,black,PizzaTossing
v_PizzaTossing_g11_c05,0,0,3,2,red,PizzaTossing
v_PizzaTossing_g12_c01,0,1,1,3,white,PizzaTossing
v_PizzaTossing_g13_c03,0,0,5,0,red,PizzaTossing
v_PizzaTossing_g14_c02,0,2,2,1,blonde,PizzaTossing
v_PizzaTossing_g15_c04,0,3,1,1,blonde,PizzaTossing
v_PizzaTossing_g16_c01,0,0,4,1,red,PizzaTossing
v_PizzaTossing_g16_c02,3,0,0,2,black,PizzaTossing
v_PizzaTossing_g17_c04,0,1,1,3,white,PizzaTossing
v_PizzaTossing_g18_c01,0,2,3,0,red,PizzaTossing
v_PizzaTossing_g20_c03,2,2,1,0,black,PizzaTossing
v_PizzaTossing_g20_c04,0,0,1,4,white,PizzaTossing
v_PizzaTossing_g21_c02,2,2,1,0,black,PizzaTossing
v_PizzaTossing_g21_c03,1,2,2,0,blonde,PizzaTossing
v_PizzaTossing_g24_c01,1,2,2,0,blonde,PizzaTossing
v_PizzaTossing_g25_c05,0,2,3,0,red,PizzaTossing
v_PlayingCello_g01_c03,2,0,0,3,white,PlayingCello
v_PlayingCello_g01_c05,1,0,0,4,white,PlayingCello
v_PlayingCello_g02_c04,0,0,1,4,white,PlayingCello
v_PlayingCello_g03_c02,0,0,0,5,white,PlayingCello
v_PlayingCello_g04_c04,3,0,2,0,black,PlayingCello
v_PlayingCello_g04_c05,0,0,5,0,red,PlayingCello
v_PlayingCello_g04_c06,2,0,3,0,red,PlayingCello
v_PlayingCello_g04_c07,4,1,0,0,black,PlayingCello
v_PlayingCello_g05_c02,2,3,0,0,blonde,PlayingCello
v_PlayingCello_g05_c03,2,3,0,0,blonde,PlayingCello
v_PlayingCello_g05_c06,1,4,0,0,blonde,PlayingCello
v_PlayingCello_g06_c01,0,2,3,0,red,PlayingCello
v_PlayingCello_g06_c02,0,0,5,0,red,PlayingCello
v_PlayingCello_g06_c03,0,0,5,0,red,PlayingCello
v_PlayingCello_g08_c04,2,0,1,2,black,PlayingCello
v_PlayingCello_g08_c06,0,2,3,0,red,PlayingCello
v_PlayingCello_g09_c05,0,3,2,0,blonde,PlayingCello
v_PlayingCello_g10_c03,0,0,1,4,white,PlayingCello
v_PlayingCello_g10_c04,0,0,4,1,red,PlayingCello
v_PlayingCello_g10_c06,2,0,0,3,white,PlayingCello
v_PlayingCello_g10_c07,0,0,0,5,white,PlayingCello
v_PlayingCello_g12_c07,0,2,0,3,white,PlayingCello
v_PlayingCello_g13_c03,0,1,4,0,red,PlayingCello
v_PlayingCello_g13_c04,0,2,3,0,red,PlayingCello
v_PlayingCello_g13_c06,0,2,3,0,red,PlayingCello
v_PlayingCello_g14_c04,0,0,4,1,red,PlayingCello
v_PlayingCello_g16_c02,1,0,4,0,red,PlayingCello
v_PlayingCello_g16_c06,1,0,4,0,red,PlayingCello
v_PlayingCello_g16_c07,2,0,3,0,red,PlayingCello
v_PlayingCello_g19_c03,0,3,2,0,blonde,PlayingCello
v_PlayingCello_g19_c04,0,4,1,0,blonde,PlayingCello
v_PlayingCello_g19_c06,0,0,1,4,white,PlayingCello
v_PlayingCello_g20_c01,3,0,2,0,black,PlayingCello
v_PlayingCello_g20_c05,3,0,1,1,black,PlayingCello
v_PlayingCello_g20_c07,2,0,1,2,black,PlayingCello
v_PlayingCello_g23_c01,1,0,0,4,white,PlayingCello
v_PlayingCello_g23_c04,0,0,0,5,white,PlayingCello
v_PlayingCello_g25_c05,0,0,3,2,red,PlayingCello
v_PlayingCello_g25_c06,0,0,3,2,red,PlayingCello
v_PlayingCello_g25_c07,1,0,4,0,red,PlayingCello
v_PlayingDaf_g04_c07,0,0,0,5,white,PlayingDaf
v_PlayingDaf_g06_c04,1,1,0,3,white,PlayingDaf
v_PlayingDaf_g06_c05,2,0,0,3,white,PlayingDaf
v_PlayingDaf_g06_c07,2,0,0,3,white,PlayingDaf
v_PlayingDaf_g07_c01,2,0,0,3,white,PlayingDaf
v_PlayingDaf_g07_c04,0,0,1,4,white,PlayingDaf
v_PlayingDaf_g12_c02,2,0,3,0,red,PlayingDaf
v_PlayingDaf_g12_c03,2,0,3,0,red,PlayingDaf
v_PlayingDaf_g14_c02,2,0,3,0,red,PlayingDaf
v_PlayingDaf_g15_c01,2,0,2,1,black,PlayingDaf
v_PlayingDaf_g15_c02,3,0,1,1,black,PlayingDaf
v_PlayingDaf_g15_c04,2,0,2,1,black,PlayingDaf
v_PlayingDaf_g16_c02,1,0,4,0,red,PlayingDaf
v_PlayingDaf_g16_c04,0,0,2,3,white,PlayingDaf
v_PlayingDaf_g16_c06,2,0,3,0,red,PlayingDaf
v_PlayingDhol_g01_c01,1,0,4,0,red,PlayingDhol
v_PlayingDhol_g01_c02,1,0,4,0,red,PlayingDhol
v_PlayingDhol_g03_c05,2,3,0,0,blonde,PlayingDhol
v_PlayingDhol_g03_c07,2,3,0,0,blonde,PlayingDhol
v_PlayingDhol_g05_c03,0,2,3,0,red,PlayingDhol
v_PlayingDhol_g05_c04,0,1,4,0,red,PlayingDhol
v_PlayingDhol_g05_c07,0,2,3,0,red,PlayingDhol
v_PlayingDhol_g06_c01,2,1,2,0,black,PlayingDhol
v_PlayingDhol_g06_c02,2,1,1,1,black,PlayingDhol
v_PlayingDhol_g06_c04,1,1,0,3,white,PlayingDhol
v_PlayingDhol_g06_c06,1,0,3,1,red,PlayingDhol
v_PlayingDhol_g09_c04,0,2,3,0,red,PlayingDhol
v_PlayingDhol_g09_c06,1,1,3,0,red,PlayingDhol
v_PlayingDhol_g09_c07,2,3,0,0,blonde,PlayingDhol
v_PlayingDhol_g10_c01,1,0,4,0,red,PlayingDhol
v_PlayingDhol_g10_c06,1,0,4,0,red,PlayingDhol
v_PlayingDhol_g10_c07,0,0,5,0,red,PlayingDhol
v_PlayingDhol_g11_c02,2,0,3,0,red,PlayingDhol
v_PlayingDhol_g12_c04,2,0,3,0,red,PlayingDhol
v_PlayingDhol_g12_c06,2,0,3,0,red,PlayingDhol
v_PlayingDhol_g13_c07,3,0,2,0,black,PlayingDhol
v_PlayingDhol_g18_c02,1,0,4,0,red,PlayingDhol
v_PlayingDhol_g18_c03,1,0,4,0,red,PlayingDhol
v_PlayingDhol_g18_c05,2,0,3,0,red,PlayingDhol
v_PlayingDhol_g19_c02,2,0,0,3,white,PlayingDhol
v_PlayingDhol_g20_c01,1,4,0,0,blonde,PlayingDhol
v_PlayingDhol_g20_c02,2,3,0,0,blonde,PlayingDhol
v_PlayingDhol_g22_c03,2,2,1,0,black,PlayingDhol
v_PlayingDhol_g24_c02,2,0,3,0,red,PlayingDhol
v_PlayingFlute_g01_c01,3,2,0,0,black,PlayingFlute
v_PlayingFlute_g01_c06,2,2,0,1,black,PlayingFlute
v_PlayingFlute_g01_c07,3,2,0,0,black,PlayingFlute
v_PlayingFlute_g07_c02,0,0,1,4,white,PlayingFlute
v_PlayingFlute_g07_c04,0,0,2,3,white,PlayingFlute
v_PlayingFlute_g07_c07,0,0,2,3,white,PlayingFlute
v_PlayingFlute_g11_c01,0,0,0,5,white,PlayingFlute
v_PlayingFlute_g11_c02,2,0,0,3,white,PlayingFlute
v_PlayingFlute_g11_c03,2,0,0,3,white,PlayingFlute
v_PlayingFlute_g12_c05,0,0,2,3,white,PlayingFlute
v_PlayingFlute_g13_c01,0,2,3,0,red,PlayingFlute
v_PlayingFlute_g13_c03,0,2,3,0,red,PlayingFlute
v_PlayingFlute_g16_c01,0,2,0,3,white,PlayingFlute
v_PlayingFlute_g17_c02,0,0,5,0,red,PlayingFlute
v_PlayingFlute_g17_c04,0,0,5,0,red,PlayingFlute
v_PlayingFlute_g17_c06,0,0,5,0,red,PlayingFlute
v_PlayingFlute_g18_c02,0,4,0,1,blonde,PlayingFlute
v_PlayingFlute_g20_c02,0,0,1,4,white,PlayingFlute
v_PlayingFlute_g20_c03,0,0,2,3,white,PlayingFlute
v_PlayingFlute_g21_c03,1,2,0,2,blonde,PlayingFlute
v_PlayingFlute_g21_c04,0,0,4,1,red,PlayingFlute
v_PlayingFlute_g21_c06,1,1,2,1,red,PlayingFlute
v_PlayingFlute_g23_c04,2,3,0,0,blonde,PlayingFlute
v_PlayingFlute_g25_c03,0,1,4,0,red,PlayingFlute
v_PlayingFlute_g25_c05,0,0,3,2,red,PlayingFlute
v_PlayingGuitar_g07_c05,3,1,1,0,black,PlayingGuitar
v_PlayingGuitar_g09_c02,0,3,2,0,blonde,PlayingGuitar
v_PlayingGuitar_g10_c06,2,3,0,0,blonde,PlayingGuitar
v_PlayingGuitar_g11_c01,1,0,4,0,red,PlayingGuitar
v_PlayingGuitar_g12_c03,2,0,3,0,red,PlayingGuitar
v_PlayingGuitar_g12_c05,2,0,3,0,red,PlayingGuitar
v_PlayingGuitar_g12_c07,1,0,4,0,red,PlayingGuitar
v_PlayingGuitar_g15_c01,1,0,0,4,white,PlayingGuitar
v_PlayingGuitar_g15_c04,1,0,0,4,white,PlayingGuitar
v_PlayingGuitar_g15_c05,1,0,0,4,white,PlayingGuitar
v_PlayingGuitar_g16_c03,4,0,0,1,black,PlayingGuitar
v_PlayingGuitar_g16_c04,2,0,2,1,black,PlayingGuitar
v_PlayingGuitar_g22_c01,0,2,3,0,red,PlayingGuitar
v_PlayingGuitar_g22_c04,0,2,3,0,red,PlayingGuitar
v_PlayingGuitar_g22_c05,5,0,0,0,black,PlayingGuitar
v_PlayingGuitar_g23_c03,0,0,4,1,red,PlayingGuitar
v_PlayingGuitar_g23_c05,0,0,3,2,red,PlayingGuitar
v_PlayingGuitar_g23_c07,0,0,4,1,red,PlayingGuitar
v_PlayingPiano_g03_c03,0,2,0,3,white,PlayingPiano
v_PlayingPiano_g03_c04,2,0,0,3,white,PlayingPiano
v_PlayingPiano_g04_c01,0,2,3,0,red,PlayingPiano
v_PlayingPiano_g04_c03,0,2,3,0,red,PlayingPiano
v_PlayingPiano_g05_c03,0,2,0,3,white,PlayingPiano
v_PlayingPiano_g05_c04,0,0,0,5,white,PlayingPiano
v_PlayingPiano_g07_c03,0,0,0,5,white,PlayingPiano
v_PlayingPiano_g07_c04,2,0,0,3,white,PlayingPiano
v_PlayingPiano_g11_c01,1,3,0,1,blonde,PlayingPiano
v_PlayingPiano_g11_c03,3,1,0,1,black,PlayingPiano
v_PlayingPiano_g13_c02,2,0,1,2,black,PlayingPiano
v_PlayingPiano_g14_c02,0,2,1,2,blonde,PlayingPiano
v_PlayingPiano_g14_c04,0,0,3,2,red,PlayingPiano
v_PlayingPiano_g19_c01,0,5,0,0,blonde,PlayingPiano
v_PlayingPiano_g20_c01,0,2,3,0,red,PlayingPiano
v_PlayingPiano_g20_c02,0,0,5,0,red,PlayingPiano
v_PlayingPiano_g21_c02,3,0,2,0,black,PlayingPiano
v_PlayingPiano_g21_c04,0,2,0,3,white,PlayingPiano
v_PlayingPiano_g23_c03,0,0,0,5,white,PlayingPiano
v_PlayingPiano_g24_c03,3,1,1,0,black,PlayingPiano
v_PlayingSitar_g03_c05,0,0,5,0,red,PlayingSitar
v_PlayingSitar_g07_c01,5,0,0,0,black,PlayingSitar
v_PlayingSitar_g07_c03,3,0,2,0,black,PlayingSitar
v_PlayingSitar_g14_c04,1,0,4,0,red,PlayingSitar
v_PlayingSitar_g15_c02,2,0,0,3,white,PlayingSitar
v_PlayingSitar_g15_c04,2,0,0,3,white,PlayingSitar
v_PlayingSitar_g17_c06,0,0,4,1,red,PlayingSitar
v_PlayingSitar_g19_c01,1,0,0,4,white,PlayingSitar
v_PlayingSitar_g19_c02,0,0,1,4,white,PlayingSitar
v_PlayingSitar_g19_c04,0,0,2,3,white,PlayingSitar
v_PlayingSitar_g21_c03,0,1,4,0,red,PlayingSitar
v_PlayingSitar_g21_c06,0,2,3,0,red,PlayingSitar
v_PlayingSitar_g23_c05,2,0,3,0,red,PlayingSitar
v_PlayingSitar_g23_c07,2,0,3,0,red,PlayingSitar
v_PlayingTabla_g03_c01,5,0,0,0,black,PlayingTabla
v_PlayingTabla_g03_c02,3,0,2,0,black,PlayingTabla
v_PlayingTabla_g05_c01,1,0,0,4,white,PlayingTabla
v_PlayingTabla_g20_c03,1,4,0,0,blonde,PlayingTabla
v_PlayingTabla_g20_c04,0,1,4,0,red,PlayingTabla
v_PlayingTabla_g22_c02,1,2,0,2,blonde,PlayingTabla
v_PlayingViolin_g06_c03,3,0,0,2,black,PlayingViolin
v_PlayingViolin_g12_c04,0,2,0,3,white,PlayingViolin
v_PlayingViolin_g19_c03,1,2,0,2,blonde,PlayingViolin
v_PlayingViolin_g22_c02,0,0,2,3,white,PlayingViolin
v_PoleVault_g01_c01,1,1,1,2,white,PoleVault
v_PoleVault_g01_c03,0,2,3,0,red,PoleVault
v_PoleVault_g01_c05,1,1,2,1,red,PoleVault
v_PoleVault_g03_c01,1,2,2,0,blonde,PoleVault
v_PoleVault_g03_c02,2,0,2,1,black,PoleVault
v_PoleVault_g04_c02,0,5,0,0,blonde,PoleVault
v_PoleVault_g04_c04,0,0,2,3,white,PoleVault
v_PoleVault_g04_c05,0,4,1,0,blonde,PoleVault
v_PoleVault_g04_c06,2,1,1,1,black,PoleVault
v_PoleVault_g05_c01,0,0,5,0,red,PoleVault
v_PoleVault_g05_c02,0,1,3,1,red,PoleVault
v_PoleVault_g05_c05,0,0,1,4,white,PoleVault
v_PoleVault_g06_c01,1,1,2,1,red,PoleVault
v_PoleVault_g06_c02,0,2,3,0,red,PoleVault
v_PoleVault_g07_c04,0,2,1,2,blonde,PoleVault
v_PoleVault_g08_c02,2,2,0,1,black,PoleVault
v_PoleVault_g09_c02,0,1,1,3,white,PoleVault
v_PoleVault_g09_c03,2,1,0,2,black,PoleVault
v_PoleVault_g10_c01,0,3,2,0,blonde,PoleVault
v_PoleVault_g10_c05,0,2,1,2,blonde,PoleVault
v_PoleVault_g10_c07,0,4,1,0,blonde,PoleVault
v_PoleVault_g11_c02,0,0,4,1,red,PoleVault
v_PoleVault_g11_c03,0,3,2,0,blonde,PoleVault
v_PoleVault_g11_c04,0,1,4,0,red,PoleVault
v_PoleVault_g12_c01,1,0,1,3,white,PoleVault
v_PoleVault_g13_c02,2,0,2,1,black,PoleVault
v_PoleVault_g13_c04,0,1,1,3,white,PoleVault
v_PoleVault_g13_c05,0,0,1,4,white,PoleVault
v_PoleVault_g14_c03,0,2,0,3,white,PoleVault
v_PoleVault_g14_c07,0,3,0,2,blonde,PoleVault
v_PoleVault_g16_c01,2,0,1,2,black,PoleVault
v_PoleVault_g16_c05,0,1,0,4,white,PoleVault
v_PoleVault_g16_c06,0,1,2,2,red,PoleVault
v_PoleVault_g17_c04,0,0,3,2,red,PoleVault
v_PoleVault_g17_c05,0,1,2,2,red,PoleVault
v_PoleVault_g17_c07,0,0,3,2,red,PoleVault
v_PoleVault_g18_c03,0,3,0,2,blonde,PoleVault
v_PoleVault_g18_c07,0,0,5,0,red,PoleVault
v_PoleVault_g19_c01,0,2,0,3,white,PoleVault
v_PoleVault_g19_c02,0,0,4,1,red,PoleVault
v_PoleVault_g19_c03,0,0,3,2,red,PoleVault
v_PoleVault_g19_c05,4,0,0,1,black,PoleVault
v_PoleVault_g19_c07,1,1,0,3,white,PoleVault
v_PoleVault_g20_c03,0,0,2,3,white,PoleVault
v_PoleVault_g20_c05,1,2,1,1,blonde,PoleVault
v_PoleVault_g20_c06,1,3,0,1,blonde,PoleVault
v_PoleVault_g22_c01,0,0,5,0,red,PoleVault
v_PoleVault_g23_c01,0,3,0,2,blonde,PoleVault
v_PoleVault_g23_c02,0,3,0,2,blonde,PoleVault
v_PoleVault_g25_c03,0,3,2,0,blonde,PoleVault
v_PoleVault_g25_c06,0,3,2,0,blonde,PoleVault
v_PommelHorse_g01_c06,2,3,0,0,blonde,PommelHorse
v_PommelHorse_g03_c01,3,2,0,0,black,PommelHorse
v_PommelHorse_g04_c03,2,3,0,0,blonde,PommelHorse
v_PommelHorse_g04_c04,2,3,0,0,blonde,PommelHorse
v_PommelHorse_g06_c04,0,0,5,0,red,PommelHorse
v_PommelHorse_g08_c02,0,2,3,0,red,PommelHorse
v_PommelHorse_g08_c04,0,2,3,0,red,PommelHorse
v_PommelHorse_g11_c01,1,4,0,0,blonde,PommelHorse
v_PommelHorse_g11_c03,2,3,0,0,blonde,PommelHorse
v_PommelHorse_g16_c02,1,1,2,1,red,PommelHorse
v_PommelHorse_g16_c04,1,0,2,2,red,PommelHorse
v_PommelHorse_g17_c01,1,1,3,0,red,PommelHorse
v_PommelHorse_g17_c05,2,0,3,0,red,PommelHorse
v_PommelHorse_g17_c06,1,1,3,0,red,PommelHorse
v_PommelHorse_g18_c02,0,5,0,0,blonde,PommelHorse
v_PommelHorse_g19_c03,0,2,3,0,red,PommelHorse
v_PommelHorse_g19_c04,0,2,3,0,red,PommelHorse
v_PommelHorse_g21_c04,0,3,2,0,blonde,PommelHorse
v_PullUps_g01_c01,1,1,2,1,red,PullUps
v_PullUps_g01_c02,2,1,0,2,black,PullUps
v_PullUps_g05_c04,3,0,2,0,black,PullUps
v_PullUps_g07_c01,1,3,1,0,blonde,PullUps
v_PullUps_g08_c03,0,3,2,0,blonde,PullUps
v_PullUps_g09_c03,1,0,2,2,red,PullUps
v_PullUps_g09_c04,0,2,3,0,red,PullUps
v_PullUps_g10_c02,2,0,3,0,red,PullUps
v_PullUps_g11_c01,4,1,0,0,black,PullUps
v_PullUps_g11_c02,1,0,4,0,red,PullUps
v_PullUps_g12_c03,3,0,2,0,black,PullUps
v_PullUps_g13_c03,3,0,1,1,black,PullUps
v_PullUps_g16_c03,3,0,2,0,black,PullUps
v_PullUps_g17_c03,3,0,2,0,black,PullUps
v_PullUps_g25_c01,0,0,5,0,red,PullUps
v_PullUps_g25_c04,0,0,5,0,red,PullUps
v_Punch_g01_c02,0,4,1,0,blonde,Punch
v_Punch_g01_c03,0,0,3,2,red,Punch
v_Punch_g01_c05,0,0,4,1,red,Punch
v_Punch_g02_c02,0,0,5,0,red,Punch
v_Punch_g02_c03,2,0,3,0,red,Punch
v_Punch_g03_c02,0,2,0,3,white,Punch
v_Punch_g05_c01,0,5,0,0,blonde,Punch
v_Punch_g05_c03,0,5,0,0,blonde,Punch
v_Punch_g05_c05,0,4,0,1,blonde,Punch
v_Punch_g06_c04,1,4,0,0,blonde,Punch
v_Punch_g06_c06,1,2,0,2,blonde,Punch
v_Punch_g08_c01,1,0,3,1,red,Punch
v_Punch_g08_c05,0,2,1,2,blonde,Punch
v_Punch_g08_c07,1,0,4,0,red,Punch
v_Punch_g09_c01,0,3,2,0,blonde,Punch
v_Punch_g09_c02,2,1,2,0,black,Punch
v_Punch_g09_c04,1,3,1,0,blonde,Punch
v_Punch_g09_c05,3,2,0,0,black,Punch
v_Punch_g11_c04,1,3,0,1,blonde,Punch
v_Punch_g11_c07,1,4,0,0,blonde,Punch
v_Punch_g12_c03,0,4,0,1,blonde,Punch
v_Punch_g12_c05,1,1,1,2,white,Punch
v_Punch_g12_c06,0,4,0,1,blonde,Punch
v_Punch_g12_c07,1,2,2,0,blonde,Punch
v_Punch_g13_c02,1,0,4,0,red,Punch
v_Punch_g13_c05,1,0,0,4,white,Punch
v_Punch_g13_c06,2,0,0,3,white,Punch
v_Punch_g14_c03,0,2,0,3,white,Punch
v_Punch_g15_c01,1,1,1,2,white,Punch
v_Punch_g16_c07,1,3,0,1,blonde,Punch
v_Punch_g17_c06,4,1,0,0,black,Punch
v_Punch_g17_c07,2,0,0,3,white,Punch
v_Punch_g18_c05,1,4,0,0,blonde,Punch
v_Punch_g18_c06,2,3,0,0,blonde,Punch
v_Punch_g18_c07,1,4,0,0,blonde,Punch
v_Punch_g19_c03,0,4,0,1,blonde,Punch
v_Punch_g19_c04,0,4,0,1,blonde,Punch
v_Punch_g19_c06,2,1,2,0,black,Punch
v_Punch_g19_c07,2,1,0,2,black,Punch
v_Punch_g20_c01,0,1,0,4,white,Punch
v_Punch_g20_c02,2,1,0,2,black,Punch
v_Punch_g22_c03,0,1,1,3,white,Punch
v_Punch_g22_c04,1,1,1,2,white,Punch
v_Punch_g22_c06,2,2,0,1,black,Punch
v_Punch_g23_c02,2,3,0,0,blonde,Punch
v_Punch_g23_c03,0,3,0,2,blonde,Punch
v_Punch_g23_c04,1,2,0,2,blonde,Punch
v_Punch_g24_c02,1,3,1,0,blonde,Punch
v_Punch_g24_c04,1,0,4,0,red,Punch
v_Punch_g24_c05,0,1,4,0,red,Punch
v_PushUps_g01_c05,0,0,5,0,red,PushUps
v_PushUps_g03_c03,2,0,0,3,white,PushUps
v_PushUps_g04_c01,1,1,3,0,red,PushUps
v_PushUps_g04_c05,1,2,2,0,blonde,PushUps
v_PushUps_g07_c01,2,3,0,0,blonde,PushUps
v_PushUps_g08_c02,0,0,3,2,red,PushUps
v_PushUps_g08_c03,0,2,2,1,blonde,PushUps
v_PushUps_g13_c02,0,0,5,0,red,PushUps
v_PushUps_g13_c04,0,2,3,0,red,PushUps
v_PushUps_g15_c01,1,2,0,2,blonde,PushUps
v_PushUps_g15_c03,1,4,0,0,blonde,PushUps
v_PushUps_g16_c01,3,0,2,0,black,PushUps
v_PushUps_g17_c01,4,0,0,1,black,PushUps
v_PushUps_g20_c02,0,2,3,0,red,PushUps
v_PushUps_g20_c03,0,2,3,0,red,PushUps
v_PushUps_g25_c02,0,0,3,2,red,PushUps
v_PushUps_g25_c03,0,1,4,0,red,PushUps
v_Rafting_g02_c04,0,2,0,3,white,Rafting
v_Rafting_g04_c04,0,2,0,3,white,Rafting
v_Rafting_g06_c03,0,2,3,0,red,Rafting
v_Rafting_g06_c04,0,2,3,0,red,Rafting
v_Rafting_g07_c02,0,1,4,0,red,Rafting
v_Rafting_g07_c03,0,1,4,0,red,Rafting
v_Rafting_g08_c01,0,0,5,0,red,Rafting
v_Rafting_g10_c04,0,1,4,0,red,Rafting
v_Rafting_g10_c05,0,0,4,1,red,Rafting
v_Rafting_g14_c04,0,1,0,4,white,Rafting
v_Rafting_g14_c05,0,2,0,3,white,Rafting
v_Rafting_g15_c04,0,2,3,0,red,Rafting
v_Rafting_g17_c01,0,1,4,0,red,Rafting
v_Rafting_g17_c02,0,0,5,0,red,Rafting
v_Rafting_g21_c03,0,1,1,3,white,Rafting
v_Rafting_g21_c04,0,3,2,0,blonde,Rafting
v_Rafting_g24_c02,0,5,0,0,blonde,Rafting
v_Rafting_g25_c04,0,3,2,0,blonde,Rafting
v_RockClimbingIndoor_g01_c01,1,2,2,0,blonde,RockClimbingIndoor
v_RockClimbingIndoor_g01_c02,1,3,1,0,blonde,RockClimbingIndoor
v_RockClimbingIndoor_g02_c05,0,1,3,1,red,RockClimbingIndoor
v_RockClimbingIndoor_g03_c05,1,4,0,0,blonde,RockClimbingIndoor
v_RockClimbingIndoor_g03_c06,1,4,0,0,blonde,RockClimbingIndoor
v_RockClimbingIndoor_g03_c07,2,3,0,0,blonde,RockClimbingIndoor
v_RockClimbingIndoor_g05_c03,0,2,3,0,red,RockClimbingIndoor
v_RockClimbingIndoor_g07_c02,3,2,0,0,black,RockClimbingIndoor
v_RockClimbingIndoor_g08_c04,1,2,2,0,blonde,RockClimbingIndoor
v_RockClimbingIndoor_g08_c06,1,4,0,0,blonde,RockClimbingIndoor
v_RockClimbingIndoor_g08_c07,1,3,0,1,blonde,RockClimbingIndoor
v_RockClimbingIndoor_g09_c01,1,4,0,0,blonde,RockClimbingIndoor
v_RockClimbingIndoor_g09_c04,1,4,0,0,blonde,RockClimbingIndoor
v_RockClimbingIndoor_g10_c05,4,1,0,0,black,RockClimbingIndoor
v_RockClimbingIndoor_g12_c01,1,0,4,0,red,RockClimbingIndoor
v_RockClimbingIndoor_g12_c05,1,0,4,0,red,RockClimbingIndoor
v_RockClimbingIndoor_g12_c06,2,0,3,0,red,RockClimbingIndoor
v_RockClimbingIndoor_g13_c01,0,2,3,0,red,RockClimbingIndoor
v_RockClimbingIndoor_g13_c05,2,1,2,0,black,RockClimbingIndoor
v_RockClimbingIndoor_g13_c06,4,1,0,0,black,RockClimbingIndoor
v_RockClimbingIndoor_g14_c04,0,1,4,0,red,RockClimbingIndoor
v_RockClimbingIndoor_g14_c05,0,0,5,0,red,RockClimbingIndoor
v_RockClimbingIndoor_g17_c02,0,2,0,3,white,RockClimbingIndoor
v_RockClimbingIndoor_g17_c05,0,5,0,0,blonde,RockClimbingIndoor
v_RockClimbingIndoor_g17_c06,4,1,0,0,black,RockClimbingIndoor
v_RockClimbingIndoor_g17_c07,0,5,0,0,blonde,RockClimbingIndoor
v_RockClimbingIndoor_g18_c03,2,1,2,0,black,RockClimbingIndoor
v_RockClimbingIndoor_g18_c04,0,1,4,0,red,RockClimbingIndoor
v_RockClimbingIndoor_g20_c01,3,2,0,0,black,RockClimbingIndoor
v_RockClimbingIndoor_g20_c05,2,2,0,1,black,RockClimbingIndoor
v_RockClimbingIndoor_g22_c01,2,3,0,0,blonde,RockClimbingIndoor
v_RockClimbingIndoor_g22_c04,1,4,0,0,blonde,RockClimbingIndoor
v_RockClimbingIndoor_g22_c07,2,3,0,0,blonde,RockClimbingIndoor
v_RockClimbingIndoor_g25_c04,0,2,3,0,red,RockClimbingIndoor
v_RockClimbingIndoor_g25_c05,0,2,3,0,red,RockClimbingIndoor
v_RockClimbingIndoor_g25_c07,0,1,4,0,red,RockClimbingIndoor
v_RopeClimbing_g01_c02,0,0,4,1,red,RopeClimbing
v_RopeClimbing_g01_c03,0,2,3,0,red,RopeClimbing
v_RopeClimbing_g02_c01,0,2,3,0,red,RopeClimbing
v_RopeClimbing_g02_c06,1,4,0,0,blonde,RopeClimbing
v_RopeClimbing_g05_c05,0,2,3,0,red,RopeClimbing
v_RopeClimbing_g05_c07,1,0,4,0,red,RopeClimbing
v_RopeClimbing_g07_c02,2,0,3,0,red,RopeClimbing
v_RopeClimbing_g07_c03,1,4,0,0,blonde,RopeClimbing
v_RopeClimbing_g07_c04,2,3,0,0,blonde,RopeClimbing
v_RopeClimbing_g08_c03,2,0,3,0,red,RopeClimbing
v_RopeClimbing_g09_c02,0,1,4,0,red,RopeClimbing
v_RopeClimbing_g09_c04,1,1,0,3,white,RopeClimbing
v_RopeClimbing_g10_c01,1,1,3,0,red,RopeClimbing
v_RopeClimbing_g10_c02,2,0,3,0,red,RopeClimbing
v_RopeClimbing_g10_c05,2,1,2,0,black,RopeClimbing
v_RopeClimbing_g11_c01,0,3,2,0,blonde,RopeClimbing
v_RopeClimbing_g11_c02,0,0,5,0,red,RopeClimbing
v_RopeClimbing_g12_c02,1,0,1,3,white,RopeClimbing
v_RopeClimbing_g12_c03,4,0,0,1,black,RopeClimbing
v_RopeClimbing_g14_c01,3,2,0,0,black,RopeClimbing
v_RopeClimbing_g15_c01,0,5,0,0,blonde,RopeClimbing
v_RopeClimbing_g15_c02,0,5,0,0,blonde,RopeClimbing
v_RopeClimbing_g16_c04,0,0,5,0,red,RopeClimbing
v_RopeClimbing_g16_c05,0,1,4,0,red,RopeClimbing
v_RopeClimbing_g17_c03,3,2,0,0,black,RopeClimbing
v_RopeClimbing_g18_c01,1,0,1,3,white,RopeClimbing
v_RopeClimbing_g18_c03,1,3,0,1,blonde,RopeClimbing
v_RopeClimbing_g18_c04,0,0,3,2,red,RopeClimbing
v_RopeClimbing_g19_c01,0,1,4,0,red,RopeClimbing
v_RopeClimbing_g19_c05,2,0,3,0,red,RopeClimbing
v_RopeClimbing_g19_c06,0,2,0,3,white,RopeClimbing
v_RopeClimbing_g23_c03,1,0,4,0,red,RopeClimbing
v_RopeClimbing_g23_c04,0,1,3,1,red,RopeClimbing
v_RopeClimbing_g25_c01,0,4,0,1,blonde,RopeClimbing
v_RopeClimbing_g25_c02,0,5,0,0,blonde,RopeClimbing
v_Rowing_g01_c01,0,0,5,0,red,Rowing
v_Rowing_g01_c04,0,0,5,0,red,Rowing
v_Rowing_g04_c01,0,1,4,0,red,Rowing
v_Rowing_g04_c05,0,1,3,1,red,Rowing
v_Rowing_g05_c01,2,0,3,0,red,Rowing
v_Rowing_g05_c03,1,0,3,1,red,Rowing
v_Rowing_g07_c02,0,2,0,3,white,Rowing
v_Rowing_g08_c03,0,3,2,0,blonde,Rowing
v_Rowing_g09_c01,0,2,0,3,white,Rowing
v_Rowing_g09_c03,0,0,5,0,red,Rowing
v_Rowing_g09_c04,0,0,5,0,red,Rowing
v_Rowing_g10_c03,1,0,4,0,red,Rowing
v_Rowing_g10_c04,0,1,1,3,white,Rowing
v_Rowing_g10_c06,0,2,3,0,red,Rowing
v_Rowing_g10_c07,0,0,5,0,red,Rowing
v_Rowing_g11_c05,0,1,0,4,white,Rowing
v_Rowing_g12_c02,0,0,2,3,white,Rowing
v_Rowing_g12_c05,0,1,3,1,red,Rowing
v_Rowing_g12_c07,0,2,3,0,red,Rowing
v_Rowing_g15_c01,0,2,3,0,red,Rowing
v_Rowing_g15_c03,0,2,3,0,red,Rowing
v_Rowing_g20_c04,0,3,0,2,blonde,Rowing
v_Rowing_g21_c01,0,4,1,0,blonde,Rowing
v_Rowing_g21_c02,0,5,0,0,blonde,Rowing
v_Rowing_g22_c02,0,1,4,0,red,Rowing
v_Rowing_g22_c03,0,1,4,0,red,Rowing
v_Rowing_g24_c02,0,3,2,0,blonde,Rowing
v_Rowing_g24_c04,0,5,0,0,blonde,Rowing
v_Rowing_g25_c06,0,0,5,0,red,Rowing
v_SalsaSpin_g01_c01,2,1,2,0,black,SalsaSpin
v_SalsaSpin_g04_c05,2,1,2,0,black,SalsaSpin
v_SalsaSpin_g05_c05,2,0,3,0,red,SalsaSpin
v_SalsaSpin_g06_c03,3,0,2,0,black,SalsaSpin
v_SalsaSpin_g06_c05,3,0,2,0,black,SalsaSpin
v_SalsaSpin_g08_c04,0,3,2,0,blonde,SalsaSpin
v_SalsaSpin_g09_c02,1,0,4,0,red,SalsaSpin
v_SalsaSpin_g10_c02,1,3,1,0,blonde,SalsaSpin
v_SalsaSpin_g10_c03,0,2,2,1,blonde,SalsaSpin
v_SalsaSpin_g11_c01,2,3,0,0,blonde,SalsaSpin
v_SalsaSpin_g14_c03,2,2,1,0,black,SalsaSpin
v_SalsaSpin_g15_c02,1,2,2,0,blonde,SalsaSpin
v_SalsaSpin_g15_c03,1,4,0,0,blonde,SalsaSpin
v_SalsaSpin_g15_c05,1,3,1,0,blonde,SalsaSpin
v_SalsaSpin_g16_c01,1,0,4,0,red,SalsaSpin
v_SalsaSpin_g18_c02,3,0,2,0,black,SalsaSpin
v_SalsaSpin_g20_c01,0,3,2,0,blonde,SalsaSpin
v_SalsaSpin_g20_c02,0,3,2,0,blonde,SalsaSpin
v_SalsaSpin_g21_c02,1,0,3,1,red,SalsaSpin
v_SalsaSpin_g24_c03,0,2,3,0,red,SalsaSpin
v_SalsaSpin_g24_c04,0,0,5,0,red,SalsaSpin
v_SalsaSpin_g25_c01,3,1,1,0,black,SalsaSpin
v_ShavingBeard_g02_c01,0,0,0,5,white,ShavingBeard
v_ShavingBeard_g02_c02,0,0,0,5,white,ShavingBeard
v_ShavingBeard_g02_c03,0,0,0,5,white,ShavingBeard
v_ShavingBeard_g04_c04,0,0,5,0,red,ShavingBeard
v_ShavingBeard_g05_c04,4,0,0,1,black,ShavingBeard
v_ShavingBeard_g06_c03,0,4,0,1,blonde,ShavingBeard
v_ShavingBeard_g06_c04,0,3,0,2,blonde,ShavingBeard
v_ShavingBeard_g06_c07,0,2,1,2,blonde,ShavingBeard
v_ShavingBeard_g07_c07,2,0,0,3,white,ShavingBeard
v_ShavingBeard_g09_c03,5,0,0,0,black,ShavingBeard
v_ShavingBeard_g09_c06,4,0,0,1,black,ShavingBeard
v_ShavingBeard_g09_c07,5,0,0,0,black,ShavingBeard
v_ShavingBeard_g10_c06,0,4,0,1,blonde,ShavingBeard
v_ShavingBeard_g10_c07,0,5,0,0,blonde,ShavingBeard
v_ShavingBeard_g11_c01,0,1,4,0,red,ShavingBeard
v_ShavingBeard_g12_c02,0,0,0,5,white,ShavingBeard
v_ShavingBeard_g12_c05,2,0,0,3,white,ShavingBeard
v_ShavingBeard_g16_c04,1,1,0,3,white,ShavingBeard
v_ShavingBeard_g16_c05,1,0,0,4,white,ShavingBeard
v_ShavingBeard_g16_c06,0,0,0,5,white,ShavingBeard
v_ShavingBeard_g18_c04,4,1,0,0,black,ShavingBeard
v_ShavingBeard_g19_c02,2,0,1,2,black,ShavingBeard
v_ShavingBeard_g19_c04,1,0,2,2,red,ShavingBeard
v_ShavingBeard_g19_c06,3,0,0,2,black,ShavingBeard
v_ShavingBeard_g21_c01,2,0,0,3,white,ShavingBeard
v_ShavingBeard_g23_c05,3,0,0,2,black,ShavingBeard
v_ShavingBeard_g23_c07,4,0,0,1,black,ShavingBeard
v_ShavingBeard_g24_c04,0,0,3,2,red,ShavingBeard
v_ShavingBeard_g24_c06,2,0,1,2,black,ShavingBeard
v_ShavingBeard_g24_c07,0,0,3,2,red,ShavingBeard
v_ShavingBeard_g25_c04,5,0,0,0,black,ShavingBeard
v_ShavingBeard_g25_c05,4,0,1,0,black,ShavingBeard
v_Shotput_g01_c03,0,0,3,2,red,Shotput
v_Shotput_g01_c04,0,2,1,2,blonde,Shotput
v_Shotput_g02_c02,0,0,0,5,white,Shotput
v_Shotput_g02_c03,0,0,0,5,white,Shotput
v_Shotput_g02_c07,0,1,0,4,white,Shotput
v_Shotput_g03_c01,0,0,0,5,white,Shotput
v_Shotput_g03_c03,0,0,0,5,white,Shotput
v_Shotput_g03_c05,0,0,0,5,white,Shotput
v_Shotput_g05_c01,0,2,0,3,white,Shotput
v_Shotput_g05_c02,3,0,2,0,black,Shotput
v_Shotput_g05_c03,1,2,2,0,blonde,Shotput
v_Shotput_g06_c01,0,1,4,0,red,Shotput
v_Shotput_g06_c05,2,1,1,1,black,Shotput
v_Shotput_g07_c02,1,1,2,1,red,Shotput
v_Shotput_g09_c04,4,0,1,0,black,Shotput
v_Shotput_g09_c05,5,0,0,0,black,Shotput
v_Shotput_g10_c01,3,0,2,0,black,Shotput
v_Shotput_g10_c02,0,0,5,0,red,Shotput
v_Shotput_g11_c02,0,4,1,0,blonde,Shotput
v_Shotput_g11_c03,1,4,0,0,blonde,Shotput
v_Shotput_g12_c03,1,3,0,1,blonde,Shotput
v_Shotput_g13_c01,1,2,1,1,blonde,Shotput
v_Shotput_g13_c04,0,5,0,0,blonde,Shotput
v_Shotput_g14_c02,0,2,0,3,white,Shotput
v_Shotput_g15_c01,2,1,0,2,black,Shotput
v_Shotput_g15_c07,3,0,0,2,black,Shotput
v_Shotput_g16_c02,0,1,2,2,red,Shotput
v_Shotput_g16_c03,0,2,3,0,red,Shotput
v_Shotput_g17_c02,0,1,2,2,red,Shotput
v_Shotput_g17_c03,0,5,0,0,blonde,Shotput
v_Shotput_g17_c04,0,1,0,4,white,Shotput
v_Shotput_g18_c02,5,0,0,0,black,Shotput
v_Shotput_g21_c01,0,2,0,3,white,Shotput
v_Shotput_g21_c03,0,2,0,3,white,Shotput
v_Shotput_g22_c01,4,1,0,0,black,Shotput
v_Shotput_g22_c02,0,0,1,4,white,Shotput
v_Shotput_g22_c04,0,0,1,4,white,Shotput
v_Shotput_g23_c03,2,1,2,0,black,Shotput
v_Shotput_g23_c05,0,3,0,2,blonde,Shotput
v_Shotput_g23_c06,5,0,0,0,black,Shotput
v_Shotput_g24_c01,0,0,0,5,white,Shotput
v_Shotput_g24_c04,0,1,3,1,red,Shotput
v_Shotput_g25_c03,1,1,0,3,white,Shotput
v_SkateBoarding_g01_c02,0,0,4,1,red,SkateBoarding
v_SkateBoarding_g02_c03,3,1,1,0,black,SkateBoarding
v_SkateBoarding_g04_c05,0,2,3,0,red,SkateBoarding
v_SkateBoarding_g06_c02,4,1,0,0,black,SkateBoarding
v_SkateBoarding_g06_c04,1,1,3,0,red,SkateBoarding
v_SkateBoarding_g08_c01,4,1,0,0,black,SkateBoarding
v_SkateBoarding_g10_c05,1,1,0,3,white,SkateBoarding
v_SkateBoarding_g11_c03,4,1,0,0,black,SkateBoarding
v_SkateBoarding_g11_c05,0,1,3,1,red,SkateBoarding
v_SkateBoarding_g12_c01,1,1,3,0,red,SkateBoarding
v_SkateBoarding_g13_c03,1,1,3,0,red,SkateBoarding
v_SkateBoarding_g17_c01,0,5,0,0,blonde,SkateBoarding
v_SkateBoarding_g17_c02,0,5,0,0,blonde,SkateBoarding
v_SkateBoarding_g18_c04,0,5,0,0,blonde,SkateBoarding
v_SkateBoarding_g18_c05,0,3,2,0,blonde,SkateBoarding
v_SkateBoarding_g18_c06,0,5,0,0,blonde,SkateBoarding
v_SkateBoarding_g19_c01,3,2,0,0,black,SkateBoarding
v_SkateBoarding_g20_c01,0,2,3,0,red,SkateBoarding
v_SkateBoarding_g20_c02,1,1,3,0,red,SkateBoarding
v_SkateBoarding_g21_c02,2,2,1,0,black,SkateBoarding
v_SkateBoarding_g23_c04,0,0,5,0,red,SkateBoarding
v_SkateBoarding_g24_c02,0,3,2,0,blonde,SkateBoarding
v_SkateBoarding_g24_c04,0,4,0,1,blonde,SkateBoarding
v_SkateBoarding_g25_c03,3,2,0,0,black,SkateBoarding
v_SkateBoarding_g25_c04,4,1,0,0,black,SkateBoarding
v_Skiing_g02_c03,0,1,3,1,red,Skiing
v_Skiing_g02_c05,0,1,2,2,red,Skiing
v_Skiing_g03_c02,4,0,0,1,black,Skiing
v_Skiing_g03_c03,2,1,0,2,black,Skiing
v_Skiing_g04_c01,2,3,0,0,blonde,Skiing
v_Skiing_g04_c03,1,0,0,4,white,Skiing
v_Skiing_g04_c06,0,0,0,5,white,Skiing
v_Skiing_g04_c07,0,5,0,0,blonde,Skiing
v_Skiing_g05_c01,1,0,0,4,white,Skiing
v_Skiing_g05_c02,0,2,2,1,blonde,Skiing
v_Skiing_g06_c03,0,0,4,1,red,Skiing
v_Skiing_g07_c01,2,3,0,0,blonde,Skiing
v_Skiing_g08_c01,5,0,0,0,black,Skiing
v_Skiing_g08_c04,3,1,0,1,black,Skiing
v_Skiing_g08_c05,1,2,0,2,blonde,Skiing
v_Skiing_g08_c06,0,3,0,2,blonde,Skiing
v_Skiing_g09_c02,2,2,0,1,black,Skiing
v_Skiing_g09_c05,1,0,0,4,white,Skiing
v_Skiing_g09_c06,5,0,0,0,black,Skiing
v_Skiing_g10_c05,2,1,0,2,black,Skiing
v_Skiing_g12_c02,1,0,0,4,white,Skiing
v_Skiing_g12_c03,3,2,0,0,black,Skiing
v_Skiing_g13_c02,4,0,0,1,black,Skiing
v_Skiing_g13_c04,4,0,0,1,black,Skiing
v_Skiing_g14_c01,0,3,2,0,blonde,Skiing
v_Skiing_g15_c01,2,0,0,3,white,Skiing
v_Skiing_g15_c02,2,3,0,0,blonde,Skiing
v_Skiing_g15_c04,1,3,1,0,blonde,Skiing
v_Skiing_g16_c05,2,3,0,0,blonde,Skiing
v_Skiing_g17_c01,1,0,0,4,white,Skiing
v_Skiing_g18_c01,0,1,1,3,white,Skiing
v_Skiing_g18_c02,1,1,0,3,white,Skiing
v_Skiing_g19_c01,0,3,2,0,blonde,Skiing
v_Skiing_g19_c03,0,5,0,0,blonde,Skiing
v_Skiing_g19_c05,0,2,0,3,white,Skiing
v_Skiing_g20_c03,3,0,0,2,black,Skiing
v_Skiing_g21_c01,5,0,0,0,black,Skiing
v_Skiing_g21_c04,0,5,0,0,blonde,Skiing
v_Skiing_g22_c01,3,2,0,0,black,Skiing
v_Skiing_g22_c04,0,3,0,2,blonde,Skiing
v_Skiing_g22_c05,0,0,5,0,red,Skiing
v_Skiing_g24_c02,0,4,0,1,blonde,Skiing
v_Skiing_g24_c05,0,2,1,2,blonde,Skiing
v_Skiing_g24_c06,0,0,5,0,red,Skiing
v_Skijet_g08_c03,0,1,4,0,red,Skijet
v_Skijet_g08_c04,2,2,1,0,black,Skijet
v_Skijet_g10_c02,1,2,0,2,blonde,Skijet
v_Skijet_g10_c04,0,5,0,0,blonde,Skijet
v_Skijet_g12_c01,0,4,0,1,blonde,Skijet
v_Skijet_g12_c03,0,4,0,1,blonde,Skijet
v_Skijet_g17_c01,0,4,1,0,blonde,Skijet
v_Skijet_g17_c02,1,4,0,0,blonde,Skijet
v_Skijet_g18_c01,1,0,4,0,red,Skijet
v_Skijet_g18_c03,3,2,0,0,black,Skijet
v_Skijet_g19_c01,0,2,3,0,red,Skijet
v_Skijet_g19_c03,0,2,3,0,red,Skijet
v_Skijet_g21_c03,0,1,4,0,red,Skijet
v_Skijet_g21_c04,1,1,3,0,red,Skijet
v_Skijet_g24_c01,0,4,1,0,blonde,Skijet
v_Skijet_g24_c04,4,1,0,0,black,Skijet
v_Skijet_g25_c04,0,1,0,4,white,Skijet
v_SkyDiving_g01_c02,0,3,2,0,blonde,SkyDiving
v_SkyDiving_g02_c03,0,3,0,2,blonde,SkyDiving
v_SkyDiving_g02_c04,0,3,0,2,blonde,SkyDiving
v_SkyDiving_g03_c01,0,1,4,0,red,SkyDiving
v_SkyDiving_g04_c01,3,0,2,0,black,SkyDiving
v_SkyDiving_g04_c03,2,3,0,0,blonde,SkyDiving
v_SkyDiving_g05_c03,0,2,2,1,blonde,SkyDiving
v_SkyDiving_g05_c04,0,3,1,1,blonde,SkyDiving
v_SkyDiving_g07_c05,0,2,0,3,white,SkyDiving
v_SkyDiving_g11_c01,0,0,5,0,red,SkyDiving
v_SkyDiving_g12_c02,1,2,2,0,blonde,SkyDiving
v_SkyDiving_g14_c01,0,0,1,4,white,SkyDiving
v_SkyDiving_g14_c03,0,0,2,3,white,SkyDiving
v_SkyDiving_g15_c01,1,2,0,2,blonde,SkyDiving
v_SkyDiving_g16_c01,0,2,0,3,white,SkyDiving
v_SkyDiving_g17_c01,0,0,5,0,red,SkyDiving
v_SkyDiving_g17_c02,0,0,3,2,red,SkyDiving
v_SkyDiving_g17_c03,3,0,1,1,black,SkyDiving
v_SkyDiving_g18_c06,0,3,0,2,blonde,SkyDiving
v_SkyDiving_g21_c01,0,1,3,1,red,SkyDiving
v_SkyDiving_g21_c02,2,2,1,0,black,SkyDiving
v_SkyDiving_g22_c04,1,0,2,2,red,SkyDiving
v_SkyDiving_g23_c03,2,1,2,0,black,SkyDiving
v_SkyDiving_g24_c01,2,0,0,3,white,SkyDiving
v_SkyDiving_g24_c04,0,0,3,2,red,SkyDiving
v_SkyDiving_g25_c04,1,2,1,1,blonde,SkyDiving
v_SoccerJuggling_g01_c03,0,1,2,2,red,SoccerJuggling
v_SoccerJuggling_g01_c04,0,2,2,1,blonde,SoccerJuggling
v_SoccerJuggling_g01_c05,1,2,2,0,blonde,SoccerJuggling
v_SoccerJuggling_g02_c04,0,0,3,2,red,SoccerJuggling
v_SoccerJuggling_g02_c05,1,0,2,2,red,SoccerJuggling
v_SoccerJuggling_g03_c04,1,3,0,1,blonde,SoccerJuggling
v_SoccerJuggling_g04_c04,1,4,0,0,blonde,SoccerJuggling
v_SoccerJuggling_g05_c02,2,3,0,0,blonde,SoccerJuggling
v_SoccerJuggling_g05_c04,2,3,0,0,blonde,SoccerJuggling
v_SoccerJuggling_g05_c06,2,3,0,0,blonde,SoccerJuggling
v_SoccerJuggling_g06_c01,0,2,0,3,white,SoccerJuggling
v_SoccerJuggling_g06_c04,0,0,4,1,red,SoccerJuggling
v_SoccerJuggling_g07_c07,0,3,2,0,blonde,SoccerJuggling
v_SoccerJuggling_g08_c02,1,3,0,1,blonde,SoccerJuggling
v_SoccerJuggling_g08_c04,1,1,0,3,white,SoccerJuggling
v_SoccerJuggling_g09_c04,0,4,0,1,blonde,SoccerJuggling
v_SoccerJuggling_g09_c05,1,2,2,0,blonde,SoccerJuggling
v_SoccerJuggling_g09_c07,1,3,0,1,blonde,SoccerJuggling
v_SoccerJuggling_g10_c01,2,0,0,3,white,SoccerJuggling
v_SoccerJuggling_g10_c02,1,0,1,3,white,SoccerJuggling
v_SoccerJuggling_g11_c01,3,1,1,0,black,SoccerJuggling
v_SoccerJuggling_g11_c02,5,0,0,0,black,SoccerJuggling
v_SoccerJuggling_g12_c02,0,1,0,4,white,SoccerJuggling
v_SoccerJuggling_g12_c04,0,1,0,4,white,SoccerJuggling
v_SoccerJuggling_g13_c03,2,1,1,1,black,SoccerJuggling
v_SoccerJuggling_g16_c07,1,4,0,0,blonde,SoccerJuggling
v_SoccerJuggling_g17_c05,1,2,2,0,blonde,SoccerJuggling
v_SoccerJuggling_g17_c06,4,0,1,0,black,SoccerJuggling
v_SoccerJuggling_g17_c07,3,1,1,0,black,SoccerJuggling
v_SoccerJuggling_g18_c03,2,1,2,0,black,SoccerJuggling
v_SoccerJuggling_g18_c05,1,3,0,1,blonde,SoccerJuggling
v_SoccerJuggling_g18_c06,3,1,1,0,black,SoccerJuggling
v_SoccerJuggling_g19_c05,0,2,3,0,red,SoccerJuggling
v_SoccerJuggling_g19_c06,2,0,2,1,black,SoccerJuggling
v_SoccerJuggling_g19_c07,4,0,1,0,black,SoccerJuggling
v_SoccerJuggling_g20_c04,0,1,4,0,red,SoccerJuggling
v_SoccerJuggling_g22_c01,1,0,3,1,red,SoccerJuggling
v_SoccerJuggling_g22_c02,0,0,5,0,red,SoccerJuggling
v_SoccerJuggling_g22_c07,0,2,0,3,white,SoccerJuggling
v_SoccerJuggling_g24_c01,0,0,2,3,white,SoccerJuggling
v_SoccerJuggling_g24_c02,0,3,2,0,blonde,SoccerJuggling
v_SoccerJuggling_g24_c05,0,0,1,4,white,SoccerJuggling
v_SoccerJuggling_g24_c07,0,0,1,4,white,SoccerJuggling
v_SoccerJuggling_g25_c05,0,2,3,0,red,SoccerJuggling
v_SoccerJuggling_g25_c06,3,1,0,1,black,SoccerJuggling
v_SoccerPenalty_g01_c03,0,2,2,1,blonde,SoccerPenalty
v_SoccerPenalty_g04_c03,0,2,3,0,red,SoccerPenalty
v_SoccerPenalty_g05_c05,0,1,4,0,red,SoccerPenalty
v_SoccerPenalty_g05_c06,0,0,5,0,red,SoccerPenalty
v_SoccerPenalty_g06_c02,0,1,0,4,white,SoccerPenalty
v_SoccerPenalty_g06_c04,0,2,3,0,red,SoccerPenalty
v_SoccerPenalty_g06_c05,0,2,0,3,white,SoccerPenalty
v_SoccerPenalty_g06_c07,0,0,0,5,white,SoccerPenalty
v_SoccerPenalty_g09_c01,0,2,3,0,red,SoccerPenalty
v_SoccerPenalty_g11_c02,0,0,5,0,red,SoccerPenalty
v_SoccerPenalty_g12_c01,0,0,5,0,red,SoccerPenalty
v_SoccerPenalty_g12_c02,0,0,5,0,red,SoccerPenalty
v_SoccerPenalty_g12_c05,0,0,5,0,red,SoccerPenalty
v_SoccerPenalty_g16_c03,0,1,0,4,white,SoccerPenalty
v_SoccerPenalty_g16_c04,0,2,0,3,white,SoccerPenalty
v_SoccerPenalty_g20_c02,0,0,5,0,red,SoccerPenalty
v_SoccerPenalty_g22_c02,0,1,0,4,white,SoccerPenalty
v_StillRings_g01_c01,2,1,2,0,black,StillRings
v_StillRings_g01_c04,0,5,0,0,blonde,StillRings
v_StillRings_g02_c01,0,5,0,0,blonde,StillRings
v_StillRings_g02_c04,0,2,0,3,white,StillRings
v_StillRings_g03_c01,0,5,0,0,blonde,StillRings
v_StillRings_g03_c03,2,0,2,1,black,StillRings
v_StillRings_g03_c05,2,0,2,1,black,StillRings
v_StillRings_g04_c02,1,1,0,3,white,StillRings
v_StillRings_g04_c04,0,0,5,0,red,StillRings
v_StillRings_g06_c01,0,1,4,0,red,StillRings
v_StillRings_g06_c03,0,0,0,5,white,StillRings
v_StillRings_g07_c01,0,0,5,0,red,StillRings
v_StillRings_g07_c03,0,0,0,5,white,StillRings
v_StillRings_g08_c04,1,2,2,0,blonde,StillRings
v_StillRings_g09_c02,0,0,0,5,white,StillRings
v_StillRings_g10_c01,0,1,0,4,white,StillRings
v_StillRings_g10_c03,2,1,0,2,black,StillRings
v_StillRings_g10_c04,0,1,4,0,red,StillRings
v_StillRings_g11_c01,0,0,4,1,red,StillRings
v_StillRings_g11_c03,0,0,4,1,red,StillRings
v_StillRings_g12_c04,1,0,4,0,red,StillRings
v_StillRings_g14_c02,0,3,1,1,blonde,StillRings
v_StillRings_g14_c03,2,2,0,1,black,StillRings
v_StillRings_g15_c03,0,1,0,4,white,StillRings
v_StillRings_g16_c02,0,0,5,0,red,StillRings
v_StillRings_g16_c03,0,5,0,0,blonde,StillRings
v_StillRings_g17_c03,0,3,2,0,blonde,StillRings
v_StillRings_g17_c04,1,1,0,3,white,StillRings
v_StillRings_g18_c01,0,4,0,1,blonde,StillRings
v_StillRings_g18_c02,1,4,0,0,blonde,StillRings
v_StillRings_g19_c03,0,0,0,5,white,StillRings
v_StillRings_g19_c04,0,3,2,0,blonde,StillRings
v_StillRings_g20_c03,0,4,0,1,blonde,StillRings
v_StillRings_g20_c04,3,0,0,2,black,StillRings
v_StillRings_g21_c03,1,1,2,1,red,StillRings
v_StillRings_g21_c05,4,0,1,0,black,StillRings
v_StillRings_g21_c06,0,1,0,4,white,StillRings
v_StillRings_g21_c07,0,0,4,1,red,StillRings
v_StillRings_g22_c02,0,1,3,1,red,StillRings
v_StillRings_g24_c02,0,1,0,4,white,StillRings
v_StillRings_g24_c03,0,1,0,4,white,StillRings
v_StillRings_g25_c02,0,0,5,0,red,StillRings
v_StillRings_g25_c06,0,0,5,0,red,StillRings
v_StillRings_g25_c07,0,0,4,1,red,StillRings
v_SumoWrestling_g01_c01,2,2,0,1,black,SumoWrestling
v_SumoWrestling_g01_c03,1,0,0,4,white,SumoWrestling
v_SumoWrestling_g02_c02,0,3,0,2,blonde,SumoWrestling
v_SumoWrestling_g02_c04,4,1,0,0,black,SumoWrestling
v_SumoWrestling_g03_c02,0,0,3,2,red,SumoWrestling
v_SumoWrestling_g03_c04,3,0,0,2,black,SumoWrestling
v_SumoWrestling_g04_c01,0,0,0,5,white,SumoWrestling
v_SumoWrestling_g04_c04,2,3,0,0,blonde,SumoWrestling
v_SumoWrestling_g05_c01,2,0,2,1,black,SumoWrestling
v_SumoWrestling_g06_c01,0,4,0,1,blonde,SumoWrestling
v_SumoWrestling_g07_c02,0,0,0,5,white,SumoWrestling
v_SumoWrestling_g07_c05,2,1,0,2,black,SumoWrestling
v_SumoWrestling_g07_c07,0,1,0,4,white,SumoWrestling
v_SumoWrestling_g08_c01,0,2,3,0,red,SumoWrestling
v_SumoWrestling_g09_c03,0,0,0,5,white,SumoWrestling
v_SumoWrestling_g09_c04,0,0,1,4,white,SumoWrestling
v_SumoWrestling_g10_c02,1,0,1,3,white,SumoWrestling
v_SumoWrestling_g11_c01,0,0,0,5,white,SumoWrestling
v_SumoWrestling_g11_c02,0,1,0,4,white,SumoWrestling
v_SumoWrestling_g12_c03,0,4,0,1,blonde,SumoWrestling
v_SumoWrestling_g12_c04,0,3,0,2,blonde,SumoWrestling
v_SumoWrestling_g13_c05,2,0,0,3,white,SumoWrestling
v_SumoWrestling_g14_c01,0,4,0,1,blonde,SumoWrestling
v_SumoWrestling_g14_c02,2,1,0,2,black,SumoWrestling
v_SumoWrestling_g15_c03,0,0,0,5,white,SumoWrestling
v_SumoWrestling_g16_c01,5,0,0,0,black,SumoWrestling
v_SumoWrestling_g16_c04,2,0,0,3,white,SumoWrestling
v_SumoWrestling_g17_c05,0,3,0,2,blonde,SumoWrestling
v_SumoWrestling_g18_c07,2,2,0,1,black,SumoWrestling
v_SumoWrestling_g20_c03,2,2,0,1,black,SumoWrestling
v_SumoWrestling_g21_c03,4,1,0,0,black,SumoWrestling
v_SumoWrestling_g21_c04,1,3,0,1,blonde,SumoWrestling
v_SumoWrestling_g22_c02,0,0,3,2,red,SumoWrestling
v_SumoWrestling_g23_c04,1,2,0,2,blonde,SumoWrestling
v_SumoWrestling_g24_c01,4,0,0,1,black,SumoWrestling
v_SumoWrestling_g24_c02,0,1,3,1,red,SumoWrestling
v_Surfing_g02_c05,1,1,3,0,red,Surfing
v_Surfing_g08_c04,0,1,2,2,red,Surfing
v_Surfing_g09_c01,0,0,5,0,red,Surfing
v_Surfing_g09_c03,0,0,5,0,red,Surfing
v_Surfing_g12_c04,3,2,0,0,black,Surfing
v_Surfing_g13_c01,2,0,3,0,red,Surfing
v_Surfing_g13_c02,0,2,3,0,red,Surfing
v_Surfing_g14_c01,0,2,3,0,red,Surfing
v_Surfing_g15_c03,1,1,3,0,red,Surfing
v_Surfing_g16_c01,0,2,3,0,red,Surfing
v_Surfing_g16_c03,0,1,2,2,red,Surfing
v_Surfing_g16_c07,0,2,0,3,white,Surfing
v_Surfing_g17_c05,2,2,1,0,black,Surfing
v_Surfing_g22_c03,0,2,3,0,red,Surfing
v_Surfing_g22_c04,3,1,1,0,black,Surfing
v_Surfing_g25_c01,3,1,1,0,black,Surfing
v_Surfing_g25_c04,0,1,4,0,red,Surfing
v_Swing_g01_c03,0,3,1,1,blonde,Swing
v_Swing_g02_c01,0,1,0,4,white,Swing
v_Swing_g02_c03,0,1,4,0,red,Swing
v_Swing_g02_c04,1,1,3,0,red,Swing
v_Swing_g04_c01,2,0,0,3,white,Swing
v_Swing_g04_c03,0,0,3,2,red,Swing
v_Swing_g04_c04,0,1,1,3,white,Swing
v_Swing_g04_c05,4,1,0,0,black,Swing
v_Swing_g04_c06,0,1,3,1,red,Swing
v_Swing_g05_c01,0,1,0,4,white,Swing
v_Swing_g06_c01,1,0,4,0,red,Swing
v_Swing_g06_c05,0,1,4,0,red,Swing
v_Swing_g06_c07,1,1,3,0,red,Swing
v_Swing_g07_c01,0,2,1,2,blonde,Swing
v_Swing_g07_c05,0,4,1,0,blonde,Swing
v_Swing_g07_c06,0,3,0,2,blonde,Swing
v_Swing_g09_c01,0,0,3,2,red,Swing
v_Swing_g09_c03,0,2,0,3,white,Swing
v_Swing_g09_c05,0,2,3,0,red,Swing
v_Swing_g09_c06,0,0,2,3,white,Swing
v_Swing_g10_c01,1,2,2,0,blonde,Swing
v_Swing_g11_c01,1,4,0,0,blonde,Swing
v_Swing_g11_c04,1,3,1,0,blonde,Swing
v_Swing_g11_c05,0,5,0,0,blonde,Swing
v_Swing_g12_c03,3,0,2,0,black,Swing
v_Swing_g14_c05,1,1,2,1,red,Swing
v_Swing_g15_c02,0,4,0,1,blonde,Swing
v_Swing_g16_c01,0,1,0,4,white,Swing
v_Swing_g16_c03,2,0,3,0,red,Swing
v_Swing_g16_c04,0,0,5,0,red,Swing
v_Swing_g18_c02,1,4,0,0,blonde,Swing
v_Swing_g19_c03,0,0,0,5,white,Swing
v_Swing_g20_c02,0,2,1,2,blonde,Swing
v_Swing_g20_c03,0,2,1,2,blonde,Swing
v_Swing_g20_c06,0,1,3,1,red,Swing
v_Swing_g21_c06,0,1,4,0,red,Swing
v_Swing_g22_c04,0,0,5,0,red,Swing
v_Swing_g23_c04,0,0,5,0,red,Swing
v_Swing_g23_c05,0,0,5,0,red,Swing
v_Swing_g25_c02,1,2,1,1,blonde,Swing
v_TableTennisShot_g01_c03,1,4,0,0,blonde,TableTennisShot
v_TableTennisShot_g01_c05,1,2,2,0,blonde,TableTennisShot
v_TableTennisShot_g03_c01,1,2,0,2,blonde,TableTennisShot
v_TableTennisShot_g03_c04,1,2,1,1,blonde,TableTennisShot
v_TableTennisShot_g03_c05,1,0,0,4,white,TableTennisShot
v_TableTennisShot_g04_c02,0,2,0,3,white,TableTennisShot
v_TableTennisShot_g04_c03,0,0,0,5,white,TableTennisShot
v_TableTennisShot_g04_c04,0,1,0,4,white,TableTennisShot
v_TableTennisShot_g07_c02,1,4,0,0,blonde,TableTennisShot
v_TableTennisShot_g08_c01,1,2,2,0,blonde,TableTennisShot
v_TableTennisShot_g09_c03,0,2,3,0,red,TableTennisShot
v_TableTennisShot_g09_c07,2,0,3,0,red,TableTennisShot
v_TableTennisShot_g10_c03,3,0,1,1,black,TableTennisShot
v_TableTennisShot_g11_c01,2,0,0,3,white,TableTennisShot
v_TableTennisShot_g11_c03,0,2,0,3,white,TableTennisShot
v_TableTennisShot_g13_c01,0,3,0,2,blonde,TableTennisShot
v_TableTennisShot_g13_c02,0,5,0,0,blonde,TableTennisShot
v_TableTennisShot_g14_c04,3,2,0,0,black,TableTennisShot
v_TableTennisShot_g15_c01,2,0,0,3,white,TableTennisShot
v_TableTennisShot_g23_c05,1,2,0,2,blonde,TableTennisShot
v_TableTennisShot_g24_c01,3,0,1,1,black,TableTennisShot
v_TableTennisShot_g24_c04,3,0,2,0,black,TableTennisShot
v_TableTennisShot_g24_c05,2,0,2,1,black,TableTennisShot
v_TaiChi_g06_c02,1,2,2,0,blonde,TaiChi
v_TaiChi_g06_c04,1,0,4,0,red,TaiChi
v_TaiChi_g09_c02,0,1,0,4,white,TaiChi
v_TaiChi_g11_c01,3,0,0,2,black,TaiChi
v_TaiChi_g11_c03,0,0,0,5,white,TaiChi
v_TaiChi_g12_c04,2,0,0,3,white,TaiChi
v_TaiChi_g13_c02,2,0,0,3,white,TaiChi
v_TaiChi_g14_c03,0,0,0,5,white,TaiChi
v_TaiChi_g16_c01,0,3,0,2,blonde,TaiChi
v_TaiChi_g19_c03,2,3,0,0,blonde,TaiChi
v_TaiChi_g20_c02,3,0,1,1,black,TaiChi
v_TaiChi_g25_c02,0,0,2,3,white,TaiChi
v_TaiChi_g25_c04,0,2,3,0,red,TaiChi
v_TennisSwing_g01_c02,0,3,0,2,blonde,TennisSwing
v_TennisSwing_g01_c03,0,3,0,2,blonde,TennisSwing
v_TennisSwing_g05_c01,3,0,0,2,black,TennisSwing
v_TennisSwing_g07_c02,0,1,4,0,red,TennisSwing
v_TennisSwing_g08_c04,0,4,0,1,blonde,TennisSwing
v_TennisSwing_g08_c05,3,0,0,2,black,TennisSwing
v_TennisSwing_g08_c06,0,3,0,2,blonde,TennisSwing
v_TennisSwing_g09_c01,2,0,0,3,white,TennisSwing
v_TennisSwing_g10_c01,0,0,0,5,white,TennisSwing
v_TennisSwing_g10_c04,0,2,0,3,white,TennisSwing
v_TennisSwing_g10_c07,1,0,0,4,white,TennisSwing
v_TennisSwing_g11_c04,3,2,0,0,black,TennisSwing
v_TennisSwing_g11_c05,2,1,2,0,black,TennisSwing
v_TennisSwing_g11_c07,2,2,1,0,black,TennisSwing
v_TennisSwing_g13_c03,0,1,0,4,white,TennisSwing
v_TennisSwing_g13_c07,0,1,0,4,white,TennisSwing
v_TennisSwing_g14_c01,4,0,0,1,black,TennisSwing
v_TennisSwing_g14_c02,3,2,0,0,black,TennisSwing
v_TennisSwing_g15_c05,0,4,0,1,blonde,TennisSwing
v_TennisSwing_g15_c06,0,3,0,2,blonde,TennisSwing
v_TennisSwing_g20_c01,5,0,0,0,black,TennisSwing
v_TennisSwing_g20_c02,4,0,0,1,black,TennisSwing
v_TennisSwing_g20_c06,0,5,0,0,blonde,TennisSwing
v_TennisSwing_g21_c04,1,0,4,0,red,TennisSwing
v_TennisSwing_g21_c05,0,4,1,0,blonde,TennisSwing
v_TennisSwing_g21_c06,0,1,2,2,red,TennisSwing
v_TennisSwing_g23_c01,0,5,0,0,blonde,TennisSwing
v_TennisSwing_g23_c05,0,1,0,4,white,TennisSwing
v_TennisSwing_g23_c06,1,0,0,4,white,TennisSwing
v_TennisSwing_g24_c01,0,3,2,0,blonde,TennisSwing
v_TennisSwing_g24_c05,0,3,0,2,blonde,TennisSwing
v_TennisSwing_g24_c06,0,2,0,3,white,TennisSwing
v_ThrowDiscus_g02_c01,0,2,2,1,blonde,ThrowDiscus
v_ThrowDiscus_g02_c05,0,0,3,2,red,ThrowDiscus
v_ThrowDiscus_g02_c06,0,0,3,2,red,ThrowDiscus
v_ThrowDiscus_g03_c04,1,0,4,0,red,ThrowDiscus
v_ThrowDiscus_g05_c04,2,3,0,0,blonde,ThrowDiscus
v_ThrowDiscus_g06_c01,2,0,0,3,white,ThrowDiscus
v_ThrowDiscus_g06_c02,2,0,0,3,white,ThrowDiscus
v_ThrowDiscus_g06_c06,1,4,0,0,blonde,ThrowDiscus
v_ThrowDiscus_g08_c02,0,0,2,3,white,ThrowDiscus
v_ThrowDiscus_g08_c03,0,0,1,4,white,ThrowDiscus
v_ThrowDiscus_g09_c03,0,1,4,0,red,ThrowDiscus
v_ThrowDiscus_g09_c05,1,1,3,0,red,ThrowDiscus
v_ThrowDiscus_g09_c06,2,1,2,0,black,ThrowDiscus
v_ThrowDiscus_g11_c01,0,0,1,4,white,ThrowDiscus
v_ThrowDiscus_g11_c05,0,0,0,5,white,ThrowDiscus
v_ThrowDiscus_g12_c06,0,0,4,1,red,ThrowDiscus
v_ThrowDiscus_g13_c04,1,0,0,4,white,ThrowDiscus
v_ThrowDiscus_g13_c05,2,0,0,3,white,ThrowDiscus
v_ThrowDiscus_g14_c01,0,4,1,0,blonde,ThrowDiscus
v_ThrowDiscus_g14_c02,0,2,1,2,blonde,ThrowDiscus
v_ThrowDiscus_g16_c01,0,0,0,5,white,ThrowDiscus
v_ThrowDiscus_g17_c03,0,3,1,1,blonde,ThrowDiscus
v_ThrowDiscus_g17_c04,1,0,0,4,white,ThrowDiscus
v_ThrowDiscus_g18_c02,2,0,2,1,black,ThrowDiscus
v_ThrowDiscus_g18_c04,2,0,2,1,black,ThrowDiscus
v_ThrowDiscus_g18_c05,3,0,1,1,black,ThrowDiscus
v_ThrowDiscus_g19_c01,1,4,0,0,blonde,ThrowDiscus
v_ThrowDiscus_g19_c04,0,5,0,0,blonde,ThrowDiscus
v_ThrowDiscus_g20_c01,3,2,0,0,black,ThrowDiscus
v_ThrowDiscus_g21_c01,4,0,0,1,black,ThrowDiscus
v_ThrowDiscus_g21_c05,0,0,1,4,white,ThrowDiscus
v_ThrowDiscus_g21_c06,0,1,1,3,white,ThrowDiscus
v_ThrowDiscus_g21_c07,5,0,0,0,black,ThrowDiscus
v_ThrowDiscus_g22_c01,0,2,2,1,blonde,ThrowDiscus
v_ThrowDiscus_g22_c03,0,0,0,5,white,ThrowDiscus
v_ThrowDiscus_g23_c01,1,3,0,1,blonde,ThrowDiscus
v_ThrowDiscus_g23_c03,2,0,3,0,red,ThrowDiscus
v_ThrowDiscus_g23_c05,2,3,0,0,blonde,ThrowDiscus
v_ThrowDiscus_g24_c01,2,2,1,0,black,ThrowDiscus
v_ThrowDiscus_g24_c02,1,0,4,0,red,ThrowDiscus
v_ThrowDiscus_g25_c03,0,0,5,0,red,ThrowDiscus
v_ThrowDiscus_g25_c04,0,0,1,4,white,ThrowDiscus
v_ThrowDiscus_g25_c05,0,0,0,5,white,ThrowDiscus
v_TrampolineJumping_g01_c01,2,1,0,2,black,TrampolineJumping
v_TrampolineJumping_g01_c02,0,2,3,0,red,TrampolineJumping
v_TrampolineJumping_g03_c01,2,0,1,2,black,TrampolineJumping
v_TrampolineJumping_g03_c02,1,0,4,0,red,TrampolineJumping
v_TrampolineJumping_g04_c04,0,1,4,0,red,TrampolineJumping
v_TrampolineJumping_g05_c03,1,1,2,1,red,TrampolineJumping
v_TrampolineJumping_g05_c04,2,0,3,0,red,TrampolineJumping
v_TrampolineJumping_g06_c01,0,0,0,5,white,TrampolineJumping
v_TrampolineJumping_g08_c01,0,5,0,0,blonde,TrampolineJumping
v_TrampolineJumping_g08_c04,4,0,0,1,black,TrampolineJumping
v_TrampolineJumping_g09_c02,0,2,2,1,blonde,TrampolineJumping
v_TrampolineJumping_g09_c03,3,1,1,0,black,TrampolineJumping
v_TrampolineJumping_g09_c06,0,2,0,3,white,TrampolineJumping
v_TrampolineJumping_g11_c01,1,1,1,2,white,TrampolineJumping
v_TrampolineJumping_g11_c02,1,2,1,1,blonde,TrampolineJumping
v_TrampolineJumping_g11_c05,2,1,0,2,black,TrampolineJumping
v_TrampolineJumping_g14_c03,0,0,0,5,white,TrampolineJumping
v_TrampolineJumping_g15_c03,2,0,1,2,black,TrampolineJumping
v_TrampolineJumping_g15_c04,0,2,3,0,red,TrampolineJumping
v_TrampolineJumping_g15_c05,1,1,3,0,red,TrampolineJumping
v_TrampolineJumping_g16_c01,0,2,3,0,red,TrampolineJumping
v_TrampolineJumping_g16_c03,0,0,5,0,red,TrampolineJumping
v_TrampolineJumping_g16_c06,0,2,3,0,red,TrampolineJumping
v_TrampolineJumping_g18_c03,0,2,0,3,white,TrampolineJumping
v_TrampolineJumping_g19_c04,0,1,4,0,red,TrampolineJumping
v_TrampolineJumping_g19_c06,0,1,4,0,red,TrampolineJumping
v_TrampolineJumping_g20_c03,2,0,3,0,red,TrampolineJumping
v_TrampolineJumping_g21_c03,0,2,3,0,red,TrampolineJumping
v_TrampolineJumping_g22_c03,1,1,3,0,red,TrampolineJumping
v_TrampolineJumping_g22_c04,1,3,0,1,blonde,TrampolineJumping
v_TrampolineJumping_g22_c06,0,0,2,3,white,TrampolineJumping
v_TrampolineJumping_g24_c02,0,0,4,1,red,TrampolineJumping
v_TrampolineJumping_g24_c04,1,0,3,1,red,TrampolineJumping
v_TrampolineJumping_g25_c01,3,2,0,0,black,TrampolineJumping
v_Typing_g01_c04,0,0,1,4,white,Typing
v_Typing_g04_c01,4,0,0,1,black,Typing
v_Typing_g05_c06,3,0,0,2,black,Typing
v_Typing_g14_c06,4,0,0,1,black,Typing
v_Typing_g14_c07,5,0,0,0,black,Typing
v_Typing_g16_c01,1,0,3,1,red,Typing
v_Typing_g16_c04,0,0,3,2,red,Typing
v_UnevenBars_g01_c03,0,2,3,0,red,UnevenBars
v_UnevenBars_g02_c03,2,2,0,1,black,UnevenBars
v_UnevenBars_g03_c01,0,2,0,3,white,UnevenBars
v_UnevenBars_g04_c03,3,0,2,0,black,UnevenBars
v_UnevenBars_g06_c04,0,0,5,0,red,UnevenBars
v_UnevenBars_g07_c02,0,1,0,4,white,UnevenBars
v_UnevenBars_g07_c04,1,1,0,3,white,UnevenBars
v_UnevenBars_g08_c03,0,1,4,0,red,UnevenBars
v_UnevenBars_g08_c04,0,2,0,3,white,UnevenBars
v_UnevenBars_g10_c04,1,0,0,4,white,UnevenBars
v_UnevenBars_g11_c01,2,2,1,0,black,UnevenBars
v_UnevenBars_g11_c02,0,2,3,0,red,UnevenBars
v_UnevenBars_g12_c02,0,1,3,1,red,UnevenBars
v_UnevenBars_g13_c03,2,2,1,0,black,UnevenBars
v_UnevenBars_g15_c02,3,2,0,0,black,UnevenBars
v_UnevenBars_g15_c05,0,1,4,0,red,UnevenBars
v_UnevenBars_g15_c06,0,1,3,1,red,UnevenBars
v_UnevenBars_g17_c02,1,1,3,0,red,UnevenBars
v_UnevenBars_g18_c02,3,2,0,0,black,UnevenBars
v_UnevenBars_g18_c03,0,2,3,0,red,UnevenBars
v_UnevenBars_g19_c04,2,0,0,3,white,UnevenBars
v_UnevenBars_g20_c02,0,1,0,4,white,UnevenBars
v_UnevenBars_g21_c01,2,2,0,1,black,UnevenBars
v_UnevenBars_g22_c01,0,0,3,2,red,UnevenBars
v_UnevenBars_g22_c03,0,2,0,3,white,UnevenBars
v_UnevenBars_g23_c04,0,2,0,3,white,UnevenBars
v_UnevenBars_g25_c01,0,1,4,0,red,UnevenBars
v_UnevenBars_g25_c02,1,0,0,4,white,UnevenBars
v_VolleyballSpiking_g01_c04,3,2,0,0,black,VolleyballSpiking
v_VolleyballSpiking_g02_c02,0,2,0,3,white,VolleyballSpiking
v_VolleyballSpiking_g03_c04,1,3,0,1,blonde,VolleyballSpiking
v_VolleyballSpiking_g04_c03,0,5,0,0,blonde,VolleyballSpiking
v_VolleyballSpiking_g04_c04,0,5,0,0,blonde,VolleyballSpiking
v_VolleyballSpiking_g04_c05,2,2,0,1,black,VolleyballSpiking
v_VolleyballSpiking_g05_c04,0,2,3,0,red,VolleyballSpiking
v_VolleyballSpiking_g05_c05,1,2,1,1,blonde,VolleyballSpiking
v_VolleyballSpiking_g06_c02,3,2,0,0,black,VolleyballSpiking
v_VolleyballSpiking_g07_c01,3,1,0,1,black,VolleyballSpiking
v_VolleyballSpiking_g07_c03,0,0,4,1,red,VolleyballSpiking
v_VolleyballSpiking_g07_c04,1,1,3,0,red,VolleyballSpiking
v_VolleyballSpiking_g07_c07,3,1,1,0,black,VolleyballSpiking
v_VolleyballSpiking_g08_c01,1,2,2,0,blonde,VolleyballSpiking
v_VolleyballSpiking_g08_c02,2,2,1,0,black,VolleyballSpiking
v_VolleyballSpiking_g08_c06,1,3,1,0,blonde,VolleyballSpiking
v_VolleyballSpiking_g09_c02,0,3,0,2,blonde,VolleyballSpiking
v_VolleyballSpiking_g10_c02,0,0,3,2,red,VolleyballSpiking
v_VolleyballSpiking_g10_c03,0,0,0,5,white,VolleyballSpiking
v_VolleyballSpiking_g11_c03,0,3,0,2,blonde,VolleyballSpiking
v_VolleyballSpiking_g11_c06,0,3,2,0,blonde,VolleyballSpiking
v_VolleyballSpiking_g13_c04,0,1,4,0,red,VolleyballSpiking
v_VolleyballSpiking_g13_c06,1,1,3,0,red,VolleyballSpiking
v_VolleyballSpiking_g13_c07,0,1,0,4,white,VolleyballSpiking
v_VolleyballSpiking_g14_c02,0,2,0,3,white,VolleyballSpiking
v_VolleyballSpiking_g14_c04,0,5,0,0,blonde,VolleyballSpiking
v_VolleyballSpiking_g15_c01,0,4,1,0,blonde,VolleyballSpiking
v_VolleyballSpiking_g16_c01,0,0,0,5,white,VolleyballSpiking
v_VolleyballSpiking_g16_c04,2,2,0,1,black,VolleyballSpiking
v_VolleyballSpiking_g18_c02,3,2,0,0,black,VolleyballSpiking
v_VolleyballSpiking_g19_c01,0,1,0,4,white,VolleyballSpiking
v_VolleyballSpiking_g19_c03,0,2,0,3,white,VolleyballSpiking
v_VolleyballSpiking_g20_c01,4,1,0,0,black,VolleyballSpiking
v_VolleyballSpiking_g21_c04,0,1,4,0,red,VolleyballSpiking
v_VolleyballSpiking_g22_c01,0,2,0,3,white,VolleyballSpiking
v_VolleyballSpiking_g22_c02,0,1,0,4,white,VolleyballSpiking
v_VolleyballSpiking_g23_c01,0,0,3,2,red,VolleyballSpiking
v_VolleyballSpiking_g23_c03,0,0,0,5,white,VolleyballSpiking
v_VolleyballSpiking_g23_c04,0,4,0,1,blonde,VolleyballSpiking
v_VolleyballSpiking_g24_c02,0,0,0,5,white,VolleyballSpiking
v_VolleyballSpiking_g24_c04,0,2,0,3,white,VolleyballSpiking
v_VolleyballSpiking_g25_c02,0,0,0,5,white,VolleyballSpiking
v_WalkingWithDog_g01_c02,1,0,0,4,white,WalkingWithDog
v_WalkingWithDog_g01_c03,2,0,2,1,black,WalkingWithDog
v_WalkingWithDog_g02_c04,0,4,1,0,blonde,WalkingWithDog
v_WalkingWithDog_g02_c05,0,4,0,1,blonde,WalkingWithDog
v_WalkingWithDog_g02_c06,0,1,2,2,red,WalkingWithDog
v_WalkingWithDog_g03_c01,0,0,0,5,white,WalkingWithDog
v_WalkingWithDog_g03_c02,1,0,0,4,white,WalkingWithDog
v_WalkingWithDog_g03_c04,2,0,3,0,red,WalkingWithDog
v_WalkingWithDog_g04_c03,0,1,0,4,white,WalkingWithDog
v_WalkingWithDog_g04_c05,1,0,0,4,white,WalkingWithDog
v_WalkingWithDog_g05_c01,1,1,0,3,white,WalkingWithDog
v_WalkingWithDog_g05_c02,2,0,0,3,white,WalkingWithDog
v_WalkingWithDog_g06_c01,1,3,1,0,blonde,WalkingWithDog
v_WalkingWithDog_g06_c04,1,0,1,3,white,WalkingWithDog
v_WalkingWithDog_g06_c05,0,0,0,5,white,WalkingWithDog
v_WalkingWithDog_g07_c02,0,0,3,2,red,WalkingWithDog
v_WalkingWithDog_g07_c03,0,2,0,3,white,WalkingWithDog
v_WalkingWithDog_g07_c04,0,4,1,0,blonde,WalkingWithDog
v_WalkingWithDog_g07_c06,0,1,0,4,white,WalkingWithDog
v_WalkingWithDog_g08_c05,0,3,2,0,blonde,WalkingWithDog
v_WalkingWithDog_g09_c01,0,1,3,1,red,WalkingWithDog
v_WalkingWithDog_g10_c01,3,1,1,0,black,WalkingWithDog
v_WalkingWithDog_g10_c02,1,0,4,0,red,WalkingWithDog
v_WalkingWithDog_g10_c03,0,2,0,3,white,WalkingWithDog
v_WalkingWithDog_g12_c01,0,1,0,4,white,WalkingWithDog
v_WalkingWithDog_g12_c02,0,2,3,0,red,WalkingWithDog
v_WalkingWithDog_g12_c03,1,0,4,0,red,WalkingWithDog
v_WalkingWithDog_g13_c03,0,3,2,0,blonde,WalkingWithDog
v_WalkingWithDog_g13_c05,1,0,2,2,red,WalkingWithDog
v_WalkingWithDog_g14_c01,0,0,5,0,red,WalkingWithDog
v_WalkingWithDog_g16_c02,1,0,1,3,white,WalkingWithDog
v_WalkingWithDog_g16_c03,0,1,0,4,white,WalkingWithDog
v_WalkingWithDog_g16_c05,0,2,3,0,red,WalkingWithDog
v_WalkingWithDog_g17_c04,0,1,0,4,white,WalkingWithDog
v_WalkingWithDog_g18_c02,1,0,0,4,white,WalkingWithDog
v_WalkingWithDog_g18_c04,1,0,3,1,red,WalkingWithDog
v_WalkingWithDog_g20_c03,2,2,1,0,black,WalkingWithDog
v_WalkingWithDog_g20_c04,2,2,1,0,black,WalkingWithDog
v_WalkingWithDog_g21_c01,0,3,1,1,blonde,WalkingWithDog
v_WalkingWithDog_g22_c03,3,0,0,2,black,WalkingWithDog
v_WalkingWithDog_g22_c04,2,0,0,3,white,WalkingWithDog
v_WalkingWithDog_g23_c02,1,0,3,1,red,WalkingWithDog
v_WalkingWithDog_g23_c03,1,2,2,0,blonde,WalkingWithDog
v_WalkingWithDog_g23_c04,1,0,1,3,white,WalkingWithDog
v_WalkingWithDog_g24_c01,0,4,0,1,blonde,WalkingWithDog
v_WalkingWithDog_g24_c03,0,3,0,2,blonde,WalkingWithDog
v_WalkingWithDog_g25_c03,0,0,5,0,red,WalkingWithDog
v_WalkingWithDog_g25_c04,0,0,5,0,red,WalkingWithDog
v_WallPushups_g01_c04,0,2,1,2,blonde,WallPushups
v_WallPushups_g02_c04,0,2,1,2,blonde,WallPushups
v_WallPushups_g03_c01,0,2,3,0,red,WallPushups
v_WallPushups_g03_c04,0,2,3,0,red,WallPushups
v_WallPushups_g08_c03,5,0,0,0,black,WallPushups
v_WallPushups_g09_c02,0,3,0,2,blonde,WallPushups
v_WallPushups_g09_c03,0,3,0,2,blonde,WallPushups
v_WallPushups_g10_c03,4,0,1,0,black,WallPushups
v_WallPushups_g12_c03,0,3,2,0,blonde,WallPushups
v_WallPushups_g15_c04,4,0,1,0,black,WallPushups
v_WallPushups_g15_c05,5,0,0,0,black,WallPushups
v_WallPushups_g21_c03,2,0,2,1,black,WallPushups
v_WallPushups_g23_c01,0,5,0,0,blonde,WallPushups
v_WallPushups_g23_c02,4,0,1,0,black,WallPushups
v_WallPushups_g24_c04,0,1,4,0,red,WallPushups
v_WritingOnBoard_g01_c01,1,0,1,3,white,WritingOnBoard
v_WritingOnBoard_g09_c03,0,0,4,1,red,WritingOnBoard
v_WritingOnBoard_g11_c02,0,3,0,2,blonde,WritingOnBoard
v_WritingOnBoard_g14_c01,2,0,0,3,white,WritingOnBoard
v_WritingOnBoard_g15_c01,0,0,0,5,white,WritingOnBoard
v_WritingOnBoard_g15_c03,0,0,1,4,white,WritingOnBoard
v_WritingOnBoard_g16_c01,0,1,4,0,red,WritingOnBoard
v_WritingOnBoard_g16_c03,1,0,4,0,red,WritingOnBoard
v_WritingOnBoard_g16_c07,0,2,1,2,blonde,WritingOnBoard
v_WritingOnBoard_g17_c02,0,0,0,5,white,WritingOnBoard
v_WritingOnBoard_g17_c04,0,0,2,3,white,WritingOnBoard
v_WritingOnBoard_g17_c05,0,2,3,0,red,WritingOnBoard
v_WritingOnBoard_g20_c02,0,5,0,0,blonde,WritingOnBoard
v_WritingOnBoard_g21_c04,1,0,2,2,red,WritingOnBoard
v_WritingOnBoard_g21_c05,0,4,0,1,blonde,WritingOnBoard
v_WritingOnBoard_g22_c04,0,5,0,0,blonde,WritingOnBoard
v_WritingOnBoard_g22_c07,0,3,2,0,blonde,WritingOnBoard
v_WritingOnBoard_g23_c06,0,2,2,1,blonde,WritingOnBoard
v_WritingOnBoard_g24_c01,0,3,2,0,blonde,WritingOnBoard
v_WritingOnBoard_g24_c02,0,4,1,0,blonde,WritingOnBoard
v_WritingOnBoard_g24_c07,0,4,1,0,blonde,WritingOnBoard
v_YoYo_g02_c03,1,0,4,0,red,YoYo
v_YoYo_g02_c04,1,0,3,1,red,YoYo
v_YoYo_g04_c01,1,2,1,1,blonde,YoYo
v_YoYo_g04_c03,1,3,1,0,blonde,YoYo
v_YoYo_g05_c01,5,0,0,0,black,YoYo
v_YoYo_g06_c02,1,2,1,1,blonde,YoYo
v_YoYo_g11_c03,2,0,2,1,black,YoYo
v_YoYo_g11_c04,4,1,0,0,black,YoYo
v_YoYo_g11_c06,0,2,2,1,blonde,YoYo
v_YoYo_g13_c01,2,0,3,0,red,YoYo
v_YoYo_g13_c04,0,0,5,0,red,YoYo
v_YoYo_g17_c03,2,2,1,0,black,YoYo
v_YoYo_g17_c05,2,2,1,0,black,YoYo
v_YoYo_g20_c01,1,0,4,0,red,YoYo
v_YoYo_g20_c03,1,0,4,0,red,YoYo
v_YoYo_g21_c02,3,0,2,0,black,YoYo
v_YoYo_g21_c03,0,4,1,0,blonde,YoYo
v_YoYo_g21_c06,2,1,2,0,black,YoYo
v_YoYo_g24_c02,0,0,5,0,red,YoYo
v_YoYo_g24_c04,1,0,4,0,red,YoYo
