video_name,count_white,count_asian,count_black,count_middle_eastern,count_indian,count_hispanic,final,category
v_ApplyEyeMakeup_g04_c02,0,1,4,0,0,0,black,ApplyEyeMakeup
v_ApplyEyeMakeup_g04_c06,0,1,0,0,0,4,hispanic,ApplyEyeMakeup
v_ApplyEyeMakeup_g04_c07,0,1,0,0,0,4,hispanic,ApplyEyeMakeup
v_ApplyEyeMakeup_g05_c05,0,0,0,4,0,1,middle_eastern,ApplyEyeMakeup
v_ApplyEyeMakeup_g05_c07,0,0,0,4,0,1,middle_eastern,ApplyEyeMakeup
v_ApplyEyeMakeup_g07_c01,0,0,0,0,3,2,indian,ApplyEyeMakeup
v_ApplyEyeMakeup_g07_c06,0,0,0,0,3,2,indian,ApplyEyeMakeup
v_ApplyEyeMakeup_g09_c01,1,0,0,1,0,3,hispanic,ApplyEyeMakeup
v_ApplyEyeMakeup_g09_c05,2,0,0,0,0,3,hispanic,ApplyEyeMakeup
v_ApplyEyeMakeup_g13_c02,4,0,0,0,0,1,white,ApplyEyeMakeup
v_ApplyEyeMakeup_g13_c05,1,4,0,0,0,0,asian,ApplyEyeMakeup
v_ApplyEyeMakeup_g13_c06,5,0,0,0,0,0,white,ApplyEyeMakeup
v_ApplyEyeMakeup_g14_c01,2,0,0,0,0,3,hispanic,ApplyEyeMakeup
v_ApplyEyeMakeup_g15_c05,0,0,0,3,1,1,middle_eastern,ApplyEyeMakeup
v_ApplyEyeMakeup_g15_c06,0,0,0,0,5,0,indian,ApplyEyeMakeup
v_ApplyEyeMakeup_g15_c07,0,0,0,3,2,0,middle_eastern,ApplyEyeMakeup
v_ApplyEyeMakeup_g16_c05,2,0,0,0,0,3,hispanic,ApplyEyeMakeup
v_ApplyEyeMakeup_g17_c01,0,0,0,3,0,2,middle_eastern,ApplyEyeMakeup
v_ApplyEyeMakeup_g21_c03,0,2,0,2,0,1,asian,ApplyEyeMakeup
v_ApplyEyeMakeup_g22_c01,4,0,0,0,0,1,white,ApplyEyeMakeup
v_ApplyEyeMakeup_g22_c03,0,0,0,4,0,1,middle_eastern,ApplyEyeMakeup
v_ApplyEyeMakeup_g23_c01,4,0,0,0,0,1,white,ApplyEyeMakeup
v_ApplyEyeMakeup_g23_c02,5,0,0,0,0,0,white,ApplyEyeMakeup
v_ApplyEyeMakeup_g23_c05,5,0,0,0,0,0,white,ApplyEyeMakeup
v_ApplyLipstick_g02_c03,0,0,0,5,0,0,middle_eastern,ApplyLipstick
v_ApplyLipstick_g15_c01,0,0,0,2,0,3,hispanic,ApplyLipstick
v_ApplyLipstick_g18_c01,0,5,0,0,0,0,asian,ApplyLipstick
v_ApplyLipstick_g20_c04,0,0,3,0,1,1,black,ApplyLipstick
v_ApplyLipstick_g20_c05,0,0,3,0,0,2,black,ApplyLipstick
v_ApplyLipstick_g21_c05,2,0,0,0,0,3,hispanic,ApplyLipstick
v_Archery_g03_c01,5,0,0,0,0,0,white,Archery
v_Archery_g03_c02,5,0,0,0,0,0,white,Archery
v_Archery_g04_c01,2,0,0,0,0,3,hispanic,Archery
v_Archery_g04_c02,2,0,0,0,0,3,hispanic,Archery
v_Archery_g05_c04,5,0,0,0,0,0,white,Archery
v_Archery_g05_c05,5,0,0,0,0,0,white,Archery
v_Archery_g06_c04,1,0,0,3,0,1,middle_eastern,Archery
v_Archery_g06_c05,1,2,0,2,0,0,asian,Archery
v_Archery_g06_c06,2,0,0,3,0,0,middle_eastern,Archery
v_Archery_g07_c01,2,0,1,0,0,2,white,Archery
v_Archery_g07_c02,2,0,0,0,0,3,hispanic,Archery
v_Archery_g07_c04,4,0,1,0,0,0,white,Archery
v_Archery_g07_c06,0,0,2,0,0,3,hispanic,Archery
v_Archery_g12_c03,2,0,0,0,0,3,hispanic,Archery
v_Archery_g13_c01,1,4,0,0,0,0,asian,Archery
v_Archery_g17_c04,0,0,5,0,0,0,black,Archery
v_Archery_g18_c01,2,0,0,0,0,3,hispanic,Archery
v_Archery_g18_c07,1,0,0,0,0,4,hispanic,Archery
v_Archery_g19_c01,2,3,0,0,0,0,asian,Archery
v_Archery_g21_c01,1,0,1,0,0,3,hispanic,Archery
v_Archery_g21_c02,1,0,4,0,0,0,black,Archery
v_Archery_g23_c04,2,3,0,0,0,0,asian,Archery
v_Archery_g23_c05,1,4,0,0,0,0,asian,Archery
v_Archery_g23_c07,2,3,0,0,0,0,asian,Archery
v_BabyCrawling_g01_c03,0,5,0,0,0,0,asian,BabyCrawling
v_BabyCrawling_g02_c04,0,5,0,0,0,0,asian,BabyCrawling
v_BabyCrawling_g02_c05,0,2,3,0,0,0,black,BabyCrawling
v_BabyCrawling_g03_c01,0,1,4,0,0,0,black,BabyCrawling
v_BabyCrawling_g03_c03,0,0,4,1,0,0,black,BabyCrawling
v_BabyCrawling_g04_c02,1,1,1,0,0,2,hispanic,BabyCrawling
v_BabyCrawling_g06_c02,2,0,0,0,0,3,hispanic,BabyCrawling
v_BabyCrawling_g06_c06,1,3,1,0,0,0,asian,BabyCrawling
v_BabyCrawling_g07_c01,2,2,0,1,0,0,white,BabyCrawling
v_BabyCrawling_g07_c04,2,1,0,2,0,0,white,BabyCrawling
v_BabyCrawling_g07_c06,4,0,0,1,0,0,white,BabyCrawling
v_BabyCrawling_g09_c02,4,0,0,0,0,1,white,BabyCrawling
v_BabyCrawling_g09_c04,3,0,0,0,0,2,white,BabyCrawling
v_BabyCrawling_g12_c04,0,0,4,0,0,1,black,BabyCrawling
v_BabyCrawling_g13_c01,0,0,3,0,0,2,black,BabyCrawling
v_BabyCrawling_g13_c03,0,2,3,0,0,0,black,BabyCrawling
v_BabyCrawling_g15_c03,0,2,1,1,0,1,asian,BabyCrawling
v_BabyCrawling_g16_c01,0,2,1,0,0,2,asian,BabyCrawling
v_BabyCrawling_g16_c03,0,1,0,3,0,1,middle_eastern,BabyCrawling
v_BabyCrawling_g16_c04,1,0,0,2,0,2,middle_eastern,BabyCrawling
v_BabyCrawling_g19_c01,0,4,1,0,0,0,asian,BabyCrawling
v_BabyCrawling_g21_c03,2,0,0,3,0,0,middle_eastern,BabyCrawling
v_BabyCrawling_g22_c03,0,2,0,0,0,3,hispanic,BabyCrawling
v_BabyCrawling_g22_c06,0,2,0,0,0,3,hispanic,BabyCrawling
v_BabyCrawling_g23_c04,2,2,1,0,0,0,white,BabyCrawling
v_BabyCrawling_g24_c01,0,2,1,0,1,1,asian,BabyCrawling
v_BabyCrawling_g24_c04,0,1,0,3,0,1,middle_eastern,BabyCrawling
v_BabyCrawling_g24_c05,0,2,0,3,0,0,middle_eastern,BabyCrawling
v_BalanceBeam_g01_c03,0,0,5,0,0,0,black,BalanceBeam
v_BalanceBeam_g01_c04,0,0,0,3,2,0,middle_eastern,BalanceBeam
v_BalanceBeam_g02_c01,2,0,2,0,0,1,white,BalanceBeam
v_BalanceBeam_g02_c02,0,1,4,0,0,0,black,BalanceBeam
v_BalanceBeam_g03_c01,4,1,0,0,0,0,white,BalanceBeam
v_BalanceBeam_g03_c04,3,2,0,0,0,0,white,BalanceBeam
v_BalanceBeam_g04_c01,3,0,1,0,0,1,white,BalanceBeam
v_BalanceBeam_g04_c02,0,3,2,0,0,0,asian,BalanceBeam
v_BalanceBeam_g05_c01,2,0,3,0,0,0,black,BalanceBeam
v_BalanceBeam_g06_c02,3,2,0,0,0,0,white,BalanceBeam
v_BalanceBeam_g06_c04,3,2,0,0,0,0,white,BalanceBeam
v_BalanceBeam_g07_c01,2,0,3,0,0,0,black,BalanceBeam
v_BalanceBeam_g07_c02,0,2,0,0,0,3,hispanic,BalanceBeam
v_BalanceBeam_g08_c02,0,1,3,0,0,1,black,BalanceBeam
v_BalanceBeam_g09_c02,1,1,0,2,1,0,middle_eastern,BalanceBeam
v_BalanceBeam_g10_c02,1,2,2,0,0,0,asian,BalanceBeam
v_BalanceBeam_g11_c01,2,2,1,0,0,0,white,BalanceBeam
v_BalanceBeam_g11_c03,0,0,1,3,1,0,middle_eastern,BalanceBeam
v_BalanceBeam_g12_c02,1,0,4,0,0,0,black,BalanceBeam
v_BalanceBeam_g12_c03,4,0,0,0,0,1,white,BalanceBeam
v_BalanceBeam_g13_c01,0,2,1,0,0,2,asian,BalanceBeam
v_BalanceBeam_g14_c01,2,0,0,0,1,2,white,BalanceBeam
v_BalanceBeam_g15_c03,3,2,0,0,0,0,white,BalanceBeam
v_BalanceBeam_g15_c04,1,1,2,0,1,0,black,BalanceBeam
v_BalanceBeam_g16_c01,0,1,2,1,0,1,black,BalanceBeam
v_BalanceBeam_g16_c02,0,1,3,0,0,1,black,BalanceBeam
v_BalanceBeam_g17_c04,5,0,0,0,0,0,white,BalanceBeam
v_BalanceBeam_g17_c05,0,2,3,0,0,0,black,BalanceBeam
v_BalanceBeam_g17_c06,4,1,0,0,0,0,white,BalanceBeam
v_BalanceBeam_g18_c02,2,3,0,0,0,0,asian,BalanceBeam
v_BalanceBeam_g19_c01,0,1,1,1,0,2,hispanic,BalanceBeam
v_BalanceBeam_g19_c02,5,0,0,0,0,0,white,BalanceBeam
v_BalanceBeam_g19_c03,1,1,0,0,3,0,indian,BalanceBeam
v_BalanceBeam_g20_c03,2,0,0,0,1,2,white,BalanceBeam
v_BalanceBeam_g20_c04,2,1,0,0,2,0,white,BalanceBeam
v_BalanceBeam_g21_c03,0,1,1,1,2,0,indian,BalanceBeam
v_BalanceBeam_g22_c01,3,0,0,0,0,2,white,BalanceBeam
v_BalanceBeam_g23_c01,2,1,2,0,0,0,white,BalanceBeam
v_BalanceBeam_g23_c03,0,2,3,0,0,0,black,BalanceBeam
v_BalanceBeam_g24_c03,3,2,0,0,0,0,white,BalanceBeam
v_BalanceBeam_g24_c04,1,1,0,0,3,0,indian,BalanceBeam
v_BandMarching_g02_c05,3,0,2,0,0,0,white,BandMarching
v_BandMarching_g02_c06,3,0,1,0,0,1,white,BandMarching
v_BandMarching_g02_c07,0,0,1,0,0,4,hispanic,BandMarching
v_BandMarching_g03_c02,0,0,1,1,1,2,hispanic,BandMarching
v_BandMarching_g03_c03,0,3,1,0,1,0,asian,BandMarching
v_BandMarching_g03_c06,1,1,0,0,2,1,indian,BandMarching
v_BandMarching_g03_c07,2,0,2,0,1,0,white,BandMarching
v_BandMarching_g04_c01,2,0,3,0,0,0,black,BandMarching
v_BandMarching_g05_c01,0,1,0,0,0,4,hispanic,BandMarching
v_BandMarching_g05_c02,0,0,5,0,0,0,black,BandMarching
v_BandMarching_g05_c04,1,1,3,0,0,0,black,BandMarching
v_BandMarching_g05_c06,4,0,0,0,1,0,white,BandMarching
v_BandMarching_g06_c03,2,0,3,0,0,0,black,BandMarching
v_BandMarching_g07_c03,1,0,4,0,0,0,black,BandMarching
v_BandMarching_g07_c05,0,0,2,0,0,3,hispanic,BandMarching
v_BandMarching_g07_c06,4,0,1,0,0,0,white,BandMarching
v_BandMarching_g07_c07,4,0,0,0,0,1,white,BandMarching
v_BandMarching_g08_c03,1,1,0,2,1,0,middle_eastern,BandMarching
v_BandMarching_g08_c06,1,0,0,4,0,0,middle_eastern,BandMarching
v_BandMarching_g09_c04,2,3,0,0,0,0,asian,BandMarching
v_BandMarching_g09_c05,0,1,0,1,3,0,indian,BandMarching
v_BandMarching_g09_c07,4,0,0,0,1,0,white,BandMarching
v_BandMarching_g10_c01,0,3,2,0,0,0,asian,BandMarching
v_BandMarching_g10_c02,1,2,2,0,0,0,asian,BandMarching
v_BandMarching_g11_c01,0,0,3,0,2,0,black,BandMarching
v_BandMarching_g11_c04,0,0,2,0,0,3,hispanic,BandMarching
v_BandMarching_g11_c07,0,2,1,0,2,0,asian,BandMarching
v_BandMarching_g12_c04,0,3,0,0,0,2,asian,BandMarching
v_BandMarching_g13_c01,0,0,5,0,0,0,black,BandMarching
v_BandMarching_g14_c03,2,0,1,1,1,0,white,BandMarching
v_BandMarching_g14_c04,2,1,1,0,1,0,white,BandMarching
v_BandMarching_g14_c06,2,1,0,1,1,0,white,BandMarching
v_BandMarching_g15_c01,2,0,1,1,0,1,white,BandMarching
v_BandMarching_g15_c02,2,0,1,0,0,2,white,BandMarching
v_BandMarching_g16_c03,4,0,0,0,1,0,white,BandMarching
v_BandMarching_g16_c04,3,2,0,0,0,0,white,BandMarching
v_BandMarching_g17_c04,1,0,0,0,0,4,hispanic,BandMarching
v_BandMarching_g18_c01,2,0,3,0,0,0,black,BandMarching
v_BandMarching_g19_c03,0,1,1,0,0,3,hispanic,BandMarching
v_BandMarching_g19_c06,1,0,2,0,0,2,black,BandMarching
v_BandMarching_g20_c05,0,0,0,0,0,5,hispanic,BandMarching
v_BandMarching_g20_c06,0,0,0,0,0,5,hispanic,BandMarching
v_BandMarching_g21_c02,1,1,3,0,0,0,black,BandMarching
v_BandMarching_g21_c03,0,1,4,0,0,0,black,BandMarching
v_BandMarching_g22_c03,1,0,1,0,0,3,hispanic,BandMarching
v_BandMarching_g22_c05,0,0,2,0,0,3,hispanic,BandMarching
v_BandMarching_g23_c05,2,0,3,0,0,0,black,BandMarching
v_BandMarching_g24_c03,2,3,0,0,0,0,asian,BandMarching
v_BandMarching_g24_c05,1,1,1,0,0,2,hispanic,BandMarching
v_BandMarching_g24_c06,1,3,0,0,0,1,asian,BandMarching
v_BandMarching_g25_c01,1,0,4,0,0,0,black,BandMarching
v_BandMarching_g25_c05,2,0,0,0,3,0,indian,BandMarching
v_BaseballPitch_g01_c05,4,0,0,1,0,0,white,BaseballPitch
v_BaseballPitch_g02_c02,1,0,2,0,0,2,black,BaseballPitch
v_BaseballPitch_g02_c03,1,2,2,0,0,0,asian,BaseballPitch
v_BaseballPitch_g03_c01,0,2,1,2,0,0,asian,BaseballPitch
v_BaseballPitch_g03_c02,1,4,0,0,0,0,asian,BaseballPitch
v_BaseballPitch_g03_c03,0,3,0,0,0,2,asian,BaseballPitch
v_BaseballPitch_g05_c02,0,1,4,0,0,0,black,BaseballPitch
v_BaseballPitch_g05_c03,0,0,5,0,0,0,black,BaseballPitch
v_BaseballPitch_g05_c04,0,2,3,0,0,0,black,BaseballPitch
v_BaseballPitch_g06_c05,0,0,5,0,0,0,black,BaseballPitch
v_BaseballPitch_g06_c06,0,1,4,0,0,0,black,BaseballPitch
v_BaseballPitch_g08_c06,2,0,3,0,0,0,black,BaseballPitch
v_BaseballPitch_g08_c07,1,0,3,1,0,0,black,BaseballPitch
v_BaseballPitch_g10_c01,0,0,2,0,0,3,hispanic,BaseballPitch
v_BaseballPitch_g11_c02,0,1,4,0,0,0,black,BaseballPitch
v_BaseballPitch_g12_c03,0,2,3,0,0,0,black,BaseballPitch
v_BaseballPitch_g12_c04,0,0,5,0,0,0,black,BaseballPitch
v_BaseballPitch_g14_c03,0,1,3,0,1,0,black,BaseballPitch
v_BaseballPitch_g15_c03,0,2,1,0,1,1,asian,BaseballPitch
v_BaseballPitch_g15_c06,1,3,0,0,0,1,asian,BaseballPitch
v_BaseballPitch_g19_c03,2,1,0,2,0,0,white,BaseballPitch
v_BaseballPitch_g19_c04,2,1,0,2,0,0,white,BaseballPitch
v_BaseballPitch_g20_c02,2,0,3,0,0,0,black,BaseballPitch
v_BaseballPitch_g20_c03,1,0,1,1,0,2,hispanic,BaseballPitch
v_BaseballPitch_g22_c03,0,2,3,0,0,0,black,BaseballPitch
v_BaseballPitch_g24_c03,0,2,1,2,0,0,asian,BaseballPitch
v_BaseballPitch_g24_c04,0,2,0,1,0,2,asian,BaseballPitch
v_BaseballPitch_g24_c05,0,0,0,5,0,0,middle_eastern,BaseballPitch
v_BaseballPitch_g25_c01,2,0,2,1,0,0,white,BaseballPitch
v_BaseballPitch_g25_c05,2,0,1,1,0,1,white,BaseballPitch
v_BaseballPitch_g25_c06,0,0,1,0,0,4,hispanic,BaseballPitch
v_BasketballDunk_g01_c01,0,1,0,0,0,4,hispanic,BasketballDunk
v_BasketballDunk_g01_c02,3,1,1,0,0,0,white,BasketballDunk
v_BasketballDunk_g01_c06,2,0,1,0,0,2,white,BasketballDunk
v_BasketballDunk_g02_c01,0,1,0,3,0,1,middle_eastern,BasketballDunk
v_BasketballDunk_g02_c02,2,1,2,0,0,0,white,BasketballDunk
v_BasketballDunk_g03_c01,0,4,0,1,0,0,asian,BasketballDunk
v_BasketballDunk_g03_c02,0,1,1,0,0,3,hispanic,BasketballDunk
v_BasketballDunk_g05_c04,0,2,0,0,3,0,indian,BasketballDunk
v_BasketballDunk_g07_c01,5,0,0,0,0,0,white,BasketballDunk
v_BasketballDunk_g07_c03,1,3,1,0,0,0,asian,BasketballDunk
v_BasketballDunk_g07_c04,3,0,2,0,0,0,white,BasketballDunk
v_BasketballDunk_g08_c02,1,4,0,0,0,0,asian,BasketballDunk
v_BasketballDunk_g08_c05,0,1,1,0,3,0,indian,BasketballDunk
v_BasketballDunk_g09_c02,0,5,0,0,0,0,asian,BasketballDunk
v_BasketballDunk_g09_c03,0,2,2,0,1,0,asian,BasketballDunk
v_BasketballDunk_g10_c02,3,2,0,0,0,0,white,BasketballDunk
v_BasketballDunk_g10_c03,5,0,0,0,0,0,white,BasketballDunk
v_BasketballDunk_g10_c04,0,1,4,0,0,0,black,BasketballDunk
v_BasketballDunk_g11_c01,1,0,2,0,0,2,black,BasketballDunk
v_BasketballDunk_g11_c04,0,0,5,0,0,0,black,BasketballDunk
v_BasketballDunk_g12_c01,1,0,4,0,0,0,black,BasketballDunk
v_BasketballDunk_g12_c02,0,0,4,1,0,0,black,BasketballDunk
v_BasketballDunk_g13_c03,0,1,3,1,0,0,black,BasketballDunk
v_BasketballDunk_g14_c04,3,0,2,0,0,0,white,BasketballDunk
v_BasketballDunk_g15_c02,0,0,1,0,4,0,indian,BasketballDunk
v_BasketballDunk_g15_c03,0,1,1,3,0,0,middle_eastern,BasketballDunk
v_BasketballDunk_g15_c07,0,0,1,1,3,0,indian,BasketballDunk
v_BasketballDunk_g16_c01,3,2,0,0,0,0,white,BasketballDunk
v_BasketballDunk_g17_c01,0,0,3,0,2,0,black,BasketballDunk
v_BasketballDunk_g17_c02,0,2,3,0,0,0,black,BasketballDunk
v_BasketballDunk_g17_c03,0,1,4,0,0,0,black,BasketballDunk
v_BasketballDunk_g18_c03,1,3,1,0,0,0,asian,BasketballDunk
v_BasketballDunk_g18_c05,1,2,0,0,2,0,asian,BasketballDunk
v_BasketballDunk_g19_c01,1,1,3,0,0,0,black,BasketballDunk
v_BasketballDunk_g19_c03,0,2,3,0,0,0,black,BasketballDunk
v_BasketballDunk_g20_c01,3,1,0,0,1,0,white,BasketballDunk
v_BasketballDunk_g20_c05,0,0,1,4,0,0,middle_eastern,BasketballDunk
v_BasketballDunk_g20_c06,0,1,1,1,2,0,indian,BasketballDunk
v_BasketballDunk_g21_c01,1,1,1,0,0,2,hispanic,BasketballDunk
v_BasketballDunk_g21_c03,0,2,2,1,0,0,asian,BasketballDunk
v_BasketballDunk_g23_c02,1,1,0,1,1,1,white,BasketballDunk
v_BasketballDunk_g23_c04,0,3,2,0,0,0,asian,BasketballDunk
v_BasketballDunk_g23_c05,2,2,1,0,0,0,white,BasketballDunk
v_BasketballDunk_g24_c02,0,2,0,1,2,0,asian,BasketballDunk
v_BasketballDunk_g24_c05,2,0,1,2,0,0,white,BasketballDunk
v_BasketballDunk_g25_c03,1,0,4,0,0,0,black,BasketballDunk
v_Basketball_g01_c06,4,0,1,0,0,0,white,Basketball
v_Basketball_g01_c07,4,0,1,0,0,0,white,Basketball
v_Basketball_g03_c03,0,2,0,1,2,0,asian,Basketball
v_Basketball_g04_c01,4,0,0,0,1,0,white,Basketball
v_Basketball_g04_c04,4,0,1,0,0,0,white,Basketball
v_Basketball_g05_c02,5,0,0,0,0,0,white,Basketball
v_Basketball_g05_c03,5,0,0,0,0,0,white,Basketball
v_Basketball_g06_c01,0,0,0,0,5,0,indian,Basketball
v_Basketball_g06_c02,0,1,0,0,4,0,indian,Basketball
v_Basketball_g07_c03,0,2,0,0,3,0,indian,Basketball
v_Basketball_g07_c04,1,3,0,0,1,0,asian,Basketball
v_Basketball_g08_c01,3,2,0,0,0,0,white,Basketball
v_Basketball_g08_c03,1,1,0,0,3,0,indian,Basketball
v_Basketball_g08_c04,1,0,4,0,0,0,black,Basketball
v_Basketball_g09_c02,2,3,0,0,0,0,asian,Basketball
v_Basketball_g09_c04,3,0,1,0,1,0,white,Basketball
v_Basketball_g10_c02,0,0,1,0,4,0,indian,Basketball
v_Basketball_g11_c02,0,0,4,0,1,0,black,Basketball
v_Basketball_g12_c03,0,0,2,0,0,3,hispanic,Basketball
v_Basketball_g12_c05,0,0,2,0,0,3,hispanic,Basketball
v_Basketball_g13_c01,0,1,0,0,2,2,indian,Basketball
v_Basketball_g13_c04,0,0,0,0,3,2,indian,Basketball
v_Basketball_g14_c01,2,1,2,0,0,0,white,Basketball
v_Basketball_g14_c03,4,0,1,0,0,0,white,Basketball
v_Basketball_g15_c02,2,3,0,0,0,0,asian,Basketball
v_Basketball_g15_c05,2,3,0,0,0,0,asian,Basketball
v_Basketball_g15_c07,2,3,0,0,0,0,asian,Basketball
v_Basketball_g16_c01,0,0,4,0,1,0,black,Basketball
v_Basketball_g16_c03,0,0,4,0,0,1,black,Basketball
v_Basketball_g17_c01,0,2,2,0,1,0,asian,Basketball
v_Basketball_g17_c04,0,1,4,0,0,0,black,Basketball
v_Basketball_g18_c03,0,0,4,0,0,1,black,Basketball
v_Basketball_g18_c04,3,1,1,0,0,0,white,Basketball
v_Basketball_g18_c05,3,1,0,0,0,1,white,Basketball
v_Basketball_g19_c03,0,3,2,0,0,0,asian,Basketball
v_Basketball_g19_c06,0,3,2,0,0,0,asian,Basketball
v_Basketball_g20_c03,0,4,0,0,1,0,asian,Basketball
v_Basketball_g20_c07,0,3,0,0,2,0,asian,Basketball
v_Basketball_g21_c02,0,2,2,0,0,1,asian,Basketball
v_Basketball_g21_c06,1,2,0,0,2,0,asian,Basketball
v_Basketball_g22_c02,0,1,0,1,0,3,hispanic,Basketball
v_Basketball_g22_c06,1,0,0,0,1,3,hispanic,Basketball
v_Basketball_g22_c07,0,1,1,0,2,1,indian,Basketball
v_Basketball_g23_c03,2,0,0,1,2,0,white,Basketball
v_Basketball_g24_c01,2,3,0,0,0,0,asian,Basketball
v_BenchPress_g07_c03,1,0,1,0,0,3,hispanic,BenchPress
v_BenchPress_g07_c04,1,0,2,1,0,1,black,BenchPress
v_BenchPress_g07_c06,2,0,0,0,0,3,hispanic,BenchPress
v_BenchPress_g07_c07,0,0,3,0,0,2,black,BenchPress
v_BenchPress_g10_c02,2,1,1,1,0,0,white,BenchPress
v_BenchPress_g10_c03,0,0,0,2,0,3,hispanic,BenchPress
v_BenchPress_g12_c01,4,0,0,0,0,1,white,BenchPress
v_BenchPress_g12_c02,2,0,0,0,0,3,hispanic,BenchPress
v_BenchPress_g12_c03,4,0,0,0,0,1,white,BenchPress
v_BenchPress_g12_c04,2,1,0,0,0,2,white,BenchPress
v_BenchPress_g13_c05,3,2,0,0,0,0,white,BenchPress
v_BenchPress_g13_c06,3,2,0,0,0,0,white,BenchPress
v_BenchPress_g17_c02,2,0,3,0,0,0,black,BenchPress
v_BenchPress_g17_c03,2,0,3,0,0,0,black,BenchPress
v_BenchPress_g17_c06,2,0,3,0,0,0,black,BenchPress
v_BenchPress_g22_c02,4,0,0,0,0,1,white,BenchPress
v_BenchPress_g22_c04,4,0,0,0,0,1,white,BenchPress
v_BenchPress_g22_c06,1,0,0,2,0,2,middle_eastern,BenchPress
v_BenchPress_g22_c07,3,0,1,0,0,1,white,BenchPress
v_BenchPress_g23_c01,3,0,0,0,0,2,white,BenchPress
v_BenchPress_g23_c02,2,0,3,0,0,0,black,BenchPress
v_BenchPress_g23_c05,4,0,0,0,0,1,white,BenchPress
v_BenchPress_g24_c03,2,0,1,0,0,2,white,BenchPress
v_BenchPress_g24_c04,3,0,0,0,0,2,white,BenchPress
v_Biking_g02_c06,0,3,1,0,0,1,asian,Biking
v_Biking_g04_c01,0,5,0,0,0,0,asian,Biking
v_Biking_g04_c05,1,1,1,0,0,2,hispanic,Biking
v_Biking_g05_c01,1,0,0,2,0,2,middle_eastern,Biking
v_Biking_g05_c02,1,0,0,0,0,4,hispanic,Biking
v_Biking_g05_c03,0,1,0,0,2,2,indian,Biking
v_Biking_g05_c05,0,1,0,0,2,2,indian,Biking
v_Biking_g05_c06,0,1,3,0,0,1,black,Biking
v_Biking_g06_c04,0,2,0,0,0,3,hispanic,Biking
v_Biking_g06_c05,2,0,0,0,0,3,hispanic,Biking
v_Biking_g07_c05,0,1,0,0,0,4,hispanic,Biking
v_Biking_g07_c06,4,0,0,0,0,1,white,Biking
v_Biking_g08_c01,0,1,4,0,0,0,black,Biking
v_Biking_g08_c02,0,0,4,1,0,0,black,Biking
v_Biking_g08_c05,0,1,0,3,0,1,middle_eastern,Biking
v_Biking_g09_c01,0,0,1,1,1,2,hispanic,Biking
v_Biking_g09_c02,0,2,0,1,2,0,asian,Biking
v_Biking_g10_c02,0,2,0,0,0,3,hispanic,Biking
v_Biking_g10_c05,1,0,0,0,0,4,hispanic,Biking
v_Biking_g11_c04,1,2,2,0,0,0,asian,Biking
v_Biking_g12_c04,0,3,0,0,0,2,asian,Biking
v_Biking_g13_c01,0,4,0,0,1,0,asian,Biking
v_Biking_g13_c02,0,4,0,0,1,0,asian,Biking
v_Biking_g13_c06,1,0,3,0,0,1,black,Biking
v_Biking_g14_c02,2,2,1,0,0,0,white,Biking
v_Biking_g17_c01,1,3,0,0,1,0,asian,Biking
v_Biking_g18_c01,0,0,0,3,0,2,middle_eastern,Biking
v_Biking_g18_c02,1,1,0,1,0,2,hispanic,Biking
v_Biking_g18_c05,0,0,1,1,0,3,hispanic,Biking
v_Biking_g20_c03,1,0,0,3,0,1,middle_eastern,Biking
v_Biking_g20_c05,0,1,0,0,0,4,hispanic,Biking
v_Biking_g21_c02,0,2,0,2,1,0,asian,Biking
v_Biking_g22_c01,0,4,0,0,0,1,asian,Biking
v_Biking_g22_c03,3,2,0,0,0,0,white,Biking
v_Biking_g22_c04,3,2,0,0,0,0,white,Biking
v_Biking_g24_c02,2,1,2,0,0,0,white,Biking
v_Biking_g24_c03,2,1,2,0,0,0,white,Biking
v_Biking_g24_c06,0,3,1,1,0,0,asian,Biking
v_Biking_g25_c03,1,0,1,2,0,1,middle_eastern,Biking
v_Billiards_g01_c04,0,5,0,0,0,0,asian,Billiards
v_Billiards_g02_c01,1,4,0,0,0,0,asian,Billiards
v_Billiards_g02_c03,1,1,3,0,0,0,black,Billiards
v_Billiards_g02_c05,2,0,3,0,0,0,black,Billiards
v_Billiards_g07_c02,2,0,3,0,0,0,black,Billiards
v_Billiards_g08_c01,0,0,0,0,5,0,indian,Billiards
v_Billiards_g08_c02,0,5,0,0,0,0,asian,Billiards
v_Billiards_g10_c01,3,0,1,0,1,0,white,Billiards
v_Billiards_g10_c02,0,4,1,0,0,0,asian,Billiards
v_Billiards_g10_c04,3,1,1,0,0,0,white,Billiards
v_Billiards_g15_c01,1,0,2,0,0,2,black,Billiards
v_Billiards_g15_c07,0,1,0,0,0,4,hispanic,Billiards
v_Billiards_g16_c04,2,3,0,0,0,0,asian,Billiards
v_Billiards_g19_c01,1,0,3,0,1,0,black,Billiards
v_Billiards_g19_c04,0,0,1,0,4,0,indian,Billiards
v_Billiards_g19_c06,0,5,0,0,0,0,asian,Billiards
v_Billiards_g20_c01,0,2,0,3,0,0,middle_eastern,Billiards
v_Billiards_g20_c02,3,2,0,0,0,0,white,Billiards
v_Billiards_g23_c01,1,0,0,0,0,4,hispanic,Billiards
v_Billiards_g23_c03,2,0,3,0,0,0,black,Billiards
v_Billiards_g24_c01,1,0,3,1,0,0,black,Billiards
v_Billiards_g24_c03,1,0,2,0,0,2,black,Billiards
v_Billiards_g25_c02,2,3,0,0,0,0,asian,Billiards
v_Billiards_g25_c06,1,0,0,2,2,0,middle_eastern,Billiards
v_BlowDryHair_g02_c03,0,4,0,0,0,1,asian,BlowDryHair
v_BlowDryHair_g03_c02,2,2,0,0,0,1,white,BlowDryHair
v_BlowDryHair_g03_c03,0,2,0,0,0,3,hispanic,BlowDryHair
v_BlowDryHair_g04_c01,0,0,0,3,2,0,middle_eastern,BlowDryHair
v_BlowDryHair_g04_c02,0,0,2,0,3,0,indian,BlowDryHair
v_BlowDryHair_g04_c03,0,0,3,0,2,0,black,BlowDryHair
v_BlowDryHair_g05_c01,1,1,0,0,0,3,hispanic,BlowDryHair
v_BlowDryHair_g07_c05,0,0,0,0,5,0,indian,BlowDryHair
v_BlowDryHair_g07_c07,0,0,1,0,2,2,indian,BlowDryHair
v_BlowDryHair_g09_c03,0,1,0,1,0,3,hispanic,BlowDryHair
v_BlowDryHair_g10_c02,2,0,0,3,0,0,middle_eastern,BlowDryHair
v_BlowDryHair_g10_c06,1,1,0,3,0,0,middle_eastern,BlowDryHair
v_BlowDryHair_g10_c07,1,1,0,3,0,0,middle_eastern,BlowDryHair
v_BlowDryHair_g11_c03,0,0,0,0,4,1,indian,BlowDryHair
v_BlowDryHair_g11_c04,0,0,0,0,3,2,indian,BlowDryHair
v_BlowDryHair_g13_c02,1,1,0,1,0,2,hispanic,BlowDryHair
v_BlowDryHair_g13_c04,0,0,0,0,0,5,hispanic,BlowDryHair
v_BlowDryHair_g15_c03,0,0,4,0,0,1,black,BlowDryHair
v_BlowDryHair_g15_c04,0,0,0,2,1,2,middle_eastern,BlowDryHair
v_BlowDryHair_g18_c03,0,1,1,0,0,3,hispanic,BlowDryHair
v_BlowDryHair_g19_c03,3,0,0,0,2,0,white,BlowDryHair
v_BlowDryHair_g19_c04,1,0,0,0,3,1,indian,BlowDryHair
v_BlowDryHair_g21_c03,2,3,0,0,0,0,asian,BlowDryHair
v_BlowDryHair_g22_c01,0,1,1,0,0,3,hispanic,BlowDryHair
v_BlowDryHair_g22_c02,1,0,1,0,2,1,indian,BlowDryHair
v_BlowDryHair_g22_c03,2,0,0,0,2,1,white,BlowDryHair
v_BlowDryHair_g24_c03,3,0,0,0,0,2,white,BlowDryHair
v_BlowDryHair_g24_c04,5,0,0,0,0,0,white,BlowDryHair
v_BlowingCandles_g01_c02,0,2,0,0,0,3,hispanic,BlowingCandles
v_BlowingCandles_g02_c03,4,0,1,0,0,0,white,BlowingCandles
v_BlowingCandles_g02_c04,5,0,0,0,0,0,white,BlowingCandles
v_BlowingCandles_g03_c04,3,0,0,0,2,0,white,BlowingCandles
v_BlowingCandles_g04_c05,0,4,0,0,0,1,asian,BlowingCandles
v_BlowingCandles_g06_c02,2,0,0,0,0,3,hispanic,BlowingCandles
v_BlowingCandles_g06_c04,0,0,0,0,0,5,hispanic,BlowingCandles
v_BlowingCandles_g07_c01,0,0,0,0,0,5,hispanic,BlowingCandles
v_BlowingCandles_g07_c02,1,0,2,0,0,2,black,BlowingCandles
v_BlowingCandles_g08_c04,2,0,0,0,0,3,hispanic,BlowingCandles
v_BlowingCandles_g09_c01,0,1,1,0,0,3,hispanic,BlowingCandles
v_BlowingCandles_g09_c02,0,3,0,0,0,2,asian,BlowingCandles
v_BlowingCandles_g11_c01,0,1,0,0,4,0,indian,BlowingCandles
v_BlowingCandles_g11_c02,0,5,0,0,0,0,asian,BlowingCandles
v_BlowingCandles_g12_c02,0,1,0,0,0,4,hispanic,BlowingCandles
v_BlowingCandles_g12_c03,0,1,2,0,0,2,black,BlowingCandles
v_BlowingCandles_g12_c06,0,1,0,1,0,3,hispanic,BlowingCandles
v_BlowingCandles_g13_c04,0,0,0,1,3,1,indian,BlowingCandles
v_BlowingCandles_g14_c01,5,0,0,0,0,0,white,BlowingCandles
v_BlowingCandles_g14_c02,5,0,0,0,0,0,white,BlowingCandles
v_BlowingCandles_g15_c01,0,0,0,0,0,5,hispanic,BlowingCandles
v_BlowingCandles_g15_c02,0,0,0,0,0,5,hispanic,BlowingCandles
v_BlowingCandles_g19_c01,0,0,2,0,2,1,black,BlowingCandles
v_BlowingCandles_g19_c02,5,0,0,0,0,0,white,BlowingCandles
v_BlowingCandles_g19_c03,0,0,0,0,1,4,hispanic,BlowingCandles
v_BlowingCandles_g20_c01,2,0,0,0,0,3,hispanic,BlowingCandles
v_BlowingCandles_g20_c04,0,5,0,0,0,0,asian,BlowingCandles
v_BlowingCandles_g21_c01,4,0,1,0,0,0,white,BlowingCandles
v_BlowingCandles_g22_c02,5,0,0,0,0,0,white,BlowingCandles
v_BlowingCandles_g22_c04,5,0,0,0,0,0,white,BlowingCandles
v_BlowingCandles_g24_c04,0,0,0,0,0,5,hispanic,BlowingCandles
v_BlowingCandles_g25_c01,0,0,0,0,0,5,hispanic,BlowingCandles
v_BlowingCandles_g25_c02,0,0,0,0,0,5,hispanic,BlowingCandles
v_BodyWeightSquats_g02_c04,0,0,0,2,0,3,hispanic,BodyWeightSquats
v_BodyWeightSquats_g03_c01,2,0,2,0,0,1,white,BodyWeightSquats
v_BodyWeightSquats_g03_c02,1,0,2,0,0,2,black,BodyWeightSquats
v_BodyWeightSquats_g04_c01,5,0,0,0,0,0,white,BodyWeightSquats
v_BodyWeightSquats_g04_c02,5,0,0,0,0,0,white,BodyWeightSquats
v_BodyWeightSquats_g06_c04,0,4,0,1,0,0,asian,BodyWeightSquats
v_BodyWeightSquats_g09_c05,0,1,4,0,0,0,black,BodyWeightSquats
v_BodyWeightSquats_g09_c06,0,0,5,0,0,0,black,BodyWeightSquats
v_BodyWeightSquats_g10_c01,0,3,0,0,0,2,asian,BodyWeightSquats
v_BodyWeightSquats_g10_c02,0,4,0,0,0,1,asian,BodyWeightSquats
v_BodyWeightSquats_g11_c04,3,2,0,0,0,0,white,BodyWeightSquats
v_BodyWeightSquats_g13_c02,1,4,0,0,0,0,asian,BodyWeightSquats
v_BodyWeightSquats_g14_c03,2,3,0,0,0,0,asian,BodyWeightSquats
v_BodyWeightSquats_g15_c03,5,0,0,0,0,0,white,BodyWeightSquats
v_BodyWeightSquats_g15_c04,5,0,0,0,0,0,white,BodyWeightSquats
v_BodyWeightSquats_g16_c02,0,1,0,3,0,1,middle_eastern,BodyWeightSquats
v_BodyWeightSquats_g17_c03,1,2,0,0,0,2,asian,BodyWeightSquats
v_BodyWeightSquats_g17_c04,1,1,0,0,0,3,hispanic,BodyWeightSquats
v_BodyWeightSquats_g19_c02,3,2,0,0,0,0,white,BodyWeightSquats
v_BodyWeightSquats_g20_c02,0,3,2,0,0,0,asian,BodyWeightSquats
v_BodyWeightSquats_g20_c05,1,4,0,0,0,0,asian,BodyWeightSquats
v_BodyWeightSquats_g21_c02,4,1,0,0,0,0,white,BodyWeightSquats
v_BodyWeightSquats_g21_c04,3,2,0,0,0,0,white,BodyWeightSquats
v_BodyWeightSquats_g22_c04,0,2,0,0,0,3,hispanic,BodyWeightSquats
v_Bowling_g01_c07,0,1,2,0,2,0,black,Bowling
v_Bowling_g03_c02,3,0,2,0,0,0,white,Bowling
v_Bowling_g03_c06,4,0,1,0,0,0,white,Bowling
v_Bowling_g04_c04,0,1,4,0,0,0,black,Bowling
v_Bowling_g05_c04,0,0,2,3,0,0,middle_eastern,Bowling
v_Bowling_g05_c06,0,1,0,4,0,0,middle_eastern,Bowling
v_Bowling_g05_c07,0,0,2,3,0,0,middle_eastern,Bowling
v_Bowling_g06_c01,1,0,4,0,0,0,black,Bowling
v_Bowling_g06_c02,2,0,3,0,0,0,black,Bowling
v_Bowling_g06_c07,2,0,3,0,0,0,black,Bowling
v_Bowling_g07_c03,0,2,3,0,0,0,black,Bowling
v_Bowling_g07_c06,3,1,1,0,0,0,white,Bowling
v_Bowling_g08_c02,0,3,1,0,1,0,asian,Bowling
v_Bowling_g08_c03,1,0,1,3,0,0,middle_eastern,Bowling
v_Bowling_g08_c04,0,1,2,2,0,0,black,Bowling
v_Bowling_g08_c05,0,1,2,2,0,0,black,Bowling
v_Bowling_g09_c01,0,0,0,5,0,0,middle_eastern,Bowling
v_Bowling_g09_c02,0,1,2,2,0,0,black,Bowling
v_Bowling_g09_c04,2,0,2,0,0,1,white,Bowling
v_Bowling_g09_c05,0,2,0,0,0,3,hispanic,Bowling
v_Bowling_g09_c07,1,1,1,0,0,2,hispanic,Bowling
v_Bowling_g10_c02,1,1,0,3,0,0,middle_eastern,Bowling
v_Bowling_g10_c03,0,0,2,3,0,0,middle_eastern,Bowling
v_Bowling_g10_c05,3,0,0,2,0,0,white,Bowling
v_Bowling_g11_c04,3,0,2,0,0,0,white,Bowling
v_Bowling_g12_c01,0,3,0,1,0,1,asian,Bowling
v_Bowling_g12_c03,3,0,0,2,0,0,white,Bowling
v_Bowling_g14_c01,4,0,0,1,0,0,white,Bowling
v_Bowling_g14_c03,3,0,2,0,0,0,white,Bowling
v_Bowling_g15_c04,3,0,0,1,1,0,white,Bowling
v_Bowling_g15_c05,2,0,1,1,1,0,white,Bowling
v_Bowling_g15_c06,0,0,1,1,3,0,indian,Bowling
v_Bowling_g15_c07,2,0,1,1,1,0,white,Bowling
v_Bowling_g16_c03,1,0,2,2,0,0,black,Bowling
v_Bowling_g17_c04,0,0,2,3,0,0,middle_eastern,Bowling
v_Bowling_g17_c07,1,0,1,3,0,0,middle_eastern,Bowling
v_Bowling_g18_c02,0,0,5,0,0,0,black,Bowling
v_Bowling_g18_c04,1,0,3,1,0,0,black,Bowling
v_Bowling_g20_c01,3,0,0,2,0,0,white,Bowling
v_Bowling_g20_c04,0,0,1,2,0,2,middle_eastern,Bowling
v_Bowling_g20_c05,5,0,0,0,0,0,white,Bowling
v_Bowling_g21_c02,0,0,2,3,0,0,middle_eastern,Bowling
v_Bowling_g21_c03,3,0,2,0,0,0,white,Bowling
v_Bowling_g21_c04,0,0,0,4,0,1,middle_eastern,Bowling
v_Bowling_g22_c02,0,3,1,1,0,0,asian,Bowling
v_Bowling_g22_c03,1,3,0,1,0,0,asian,Bowling
v_Bowling_g22_c05,0,1,3,1,0,0,black,Bowling
v_Bowling_g22_c07,2,1,0,2,0,0,white,Bowling
v_Bowling_g23_c01,0,0,2,3,0,0,middle_eastern,Bowling
v_Bowling_g23_c04,0,0,2,3,0,0,middle_eastern,Bowling
v_Bowling_g23_c05,1,0,1,3,0,0,middle_eastern,Bowling
v_Bowling_g23_c07,0,2,2,0,1,0,asian,Bowling
v_Bowling_g24_c01,3,0,0,2,0,0,white,Bowling
v_Bowling_g24_c02,4,0,1,0,0,0,white,Bowling
v_Bowling_g24_c04,2,1,2,0,0,0,white,Bowling
v_Bowling_g25_c05,5,0,0,0,0,0,white,Bowling
v_BoxingPunchingBag_g02_c05,2,3,0,0,0,0,asian,BoxingPunchingBag
v_BoxingPunchingBag_g03_c02,3,0,0,0,0,2,white,BoxingPunchingBag
v_BoxingPunchingBag_g03_c03,2,0,1,0,0,2,white,BoxingPunchingBag
v_BoxingPunchingBag_g03_c05,1,2,0,0,0,2,asian,BoxingPunchingBag
v_BoxingPunchingBag_g05_c01,2,1,0,0,0,2,white,BoxingPunchingBag
v_BoxingPunchingBag_g05_c02,2,2,0,0,0,1,white,BoxingPunchingBag
v_BoxingPunchingBag_g05_c03,1,1,0,0,0,3,hispanic,BoxingPunchingBag
v_BoxingPunchingBag_g05_c06,1,1,0,0,0,3,hispanic,BoxingPunchingBag
v_BoxingPunchingBag_g06_c03,0,2,1,0,0,2,asian,BoxingPunchingBag
v_BoxingPunchingBag_g06_c04,0,1,3,0,0,1,black,BoxingPunchingBag
v_BoxingPunchingBag_g06_c05,4,0,0,0,0,1,white,BoxingPunchingBag
v_BoxingPunchingBag_g06_c07,0,3,1,0,0,1,asian,BoxingPunchingBag
v_BoxingPunchingBag_g08_c03,0,2,2,0,1,0,asian,BoxingPunchingBag
v_BoxingPunchingBag_g09_c04,2,3,0,0,0,0,asian,BoxingPunchingBag
v_BoxingPunchingBag_g10_c03,0,0,2,0,0,3,hispanic,BoxingPunchingBag
v_BoxingPunchingBag_g11_c05,1,2,2,0,0,0,asian,BoxingPunchingBag
v_BoxingPunchingBag_g13_c01,3,0,0,0,0,2,white,BoxingPunchingBag
v_BoxingPunchingBag_g13_c02,4,0,0,0,0,1,white,BoxingPunchingBag
v_BoxingPunchingBag_g14_c03,0,1,2,0,0,2,black,BoxingPunchingBag
v_BoxingPunchingBag_g14_c06,2,2,1,0,0,0,white,BoxingPunchingBag
v_BoxingPunchingBag_g14_c07,0,0,2,0,0,3,hispanic,BoxingPunchingBag
v_BoxingPunchingBag_g15_c01,1,2,1,0,0,1,asian,BoxingPunchingBag
v_BoxingPunchingBag_g15_c02,0,3,2,0,0,0,asian,BoxingPunchingBag
v_BoxingPunchingBag_g16_c01,0,0,0,0,0,5,hispanic,BoxingPunchingBag
v_BoxingPunchingBag_g16_c03,0,1,1,0,0,3,hispanic,BoxingPunchingBag
v_BoxingPunchingBag_g16_c04,0,2,0,0,0,3,hispanic,BoxingPunchingBag
v_BoxingPunchingBag_g16_c07,1,1,2,0,0,1,black,BoxingPunchingBag
v_BoxingPunchingBag_g17_c02,0,2,2,0,0,1,asian,BoxingPunchingBag
v_BoxingPunchingBag_g18_c02,0,1,0,0,2,2,indian,BoxingPunchingBag
v_BoxingPunchingBag_g20_c03,3,0,0,0,0,2,white,BoxingPunchingBag
v_BoxingPunchingBag_g20_c04,4,1,0,0,0,0,white,BoxingPunchingBag
v_BoxingPunchingBag_g22_c01,2,2,1,0,0,0,white,BoxingPunchingBag
v_BoxingPunchingBag_g22_c03,2,2,1,0,0,0,white,BoxingPunchingBag
v_BoxingPunchingBag_g22_c07,2,2,1,0,0,0,white,BoxingPunchingBag
v_BoxingSpeedBag_g01_c01,0,1,1,0,0,3,hispanic,BoxingSpeedBag
v_BoxingSpeedBag_g01_c03,0,2,0,0,0,3,hispanic,BoxingSpeedBag
v_BoxingSpeedBag_g03_c05,0,2,0,0,0,3,hispanic,BoxingSpeedBag
v_BoxingSpeedBag_g05_c02,0,1,0,0,0,4,hispanic,BoxingSpeedBag
v_BoxingSpeedBag_g06_c02,4,1,0,0,0,0,white,BoxingSpeedBag
v_BoxingSpeedBag_g06_c03,3,2,0,0,0,0,white,BoxingSpeedBag
v_BoxingSpeedBag_g07_c01,1,3,0,0,0,1,asian,BoxingSpeedBag
v_BoxingSpeedBag_g07_c07,0,4,0,0,0,1,asian,BoxingSpeedBag
v_BoxingSpeedBag_g08_c01,1,0,0,0,0,4,hispanic,BoxingSpeedBag
v_BoxingSpeedBag_g09_c03,0,0,0,3,0,2,middle_eastern,BoxingSpeedBag
v_BoxingSpeedBag_g11_c04,1,3,1,0,0,0,asian,BoxingSpeedBag
v_BoxingSpeedBag_g11_c06,1,0,4,0,0,0,black,BoxingSpeedBag
v_BoxingSpeedBag_g15_c01,1,2,0,0,0,2,asian,BoxingSpeedBag
v_BoxingSpeedBag_g15_c05,1,3,0,0,0,1,asian,BoxingSpeedBag
v_BoxingSpeedBag_g19_c02,0,2,3,0,0,0,black,BoxingSpeedBag
v_BoxingSpeedBag_g19_c04,0,2,3,0,0,0,black,BoxingSpeedBag
v_BoxingSpeedBag_g20_c03,2,0,0,3,0,0,middle_eastern,BoxingSpeedBag
v_BoxingSpeedBag_g24_c01,2,1,0,0,0,2,white,BoxingSpeedBag
v_BoxingSpeedBag_g24_c02,0,4,0,0,0,1,asian,BoxingSpeedBag
v_BoxingSpeedBag_g25_c05,0,1,2,0,0,2,black,BoxingSpeedBag
v_BoxingSpeedBag_g25_c07,1,2,1,0,0,1,asian,BoxingSpeedBag
v_BreastStroke_g04_c02,1,2,0,1,1,0,asian,BreastStroke
v_BreastStroke_g05_c02,3,1,1,0,0,0,white,BreastStroke
v_BreastStroke_g06_c01,1,0,2,0,2,0,black,BreastStroke
v_BreastStroke_g06_c02,1,2,0,0,1,1,asian,BreastStroke
v_BreastStroke_g07_c02,0,1,1,1,2,0,indian,BreastStroke
v_BreastStroke_g07_c03,0,0,2,0,1,2,black,BreastStroke
v_BreastStroke_g07_c04,3,0,1,1,0,0,white,BreastStroke
v_BreastStroke_g08_c01,0,2,1,0,2,0,asian,BreastStroke
v_BreastStroke_g08_c02,1,0,2,0,2,0,black,BreastStroke
v_BreastStroke_g09_c01,0,0,1,2,2,0,middle_eastern,BreastStroke
v_BreastStroke_g09_c02,0,0,2,1,2,0,black,BreastStroke
v_BreastStroke_g10_c01,0,0,2,0,3,0,indian,BreastStroke
v_BreastStroke_g10_c04,0,0,1,0,2,2,indian,BreastStroke
v_BreastStroke_g12_c01,0,1,4,0,0,0,black,BreastStroke
v_BreastStroke_g12_c02,1,1,0,0,3,0,indian,BreastStroke
v_BreastStroke_g13_c04,1,3,1,0,0,0,asian,BreastStroke
v_BreastStroke_g14_c03,0,1,2,0,0,2,black,BreastStroke
v_BreastStroke_g15_c02,4,0,0,0,1,0,white,BreastStroke
v_BreastStroke_g16_c01,0,0,1,4,0,0,middle_eastern,BreastStroke
v_BreastStroke_g16_c03,3,1,0,0,0,1,white,BreastStroke
v_BreastStroke_g16_c04,0,0,0,0,5,0,indian,BreastStroke
v_BreastStroke_g18_c04,0,4,0,0,1,0,asian,BreastStroke
v_BreastStroke_g19_c02,0,0,0,0,0,5,hispanic,BreastStroke
v_BreastStroke_g19_c03,0,0,2,0,0,3,hispanic,BreastStroke
v_BreastStroke_g20_c01,0,1,4,0,0,0,black,BreastStroke
v_BreastStroke_g20_c03,0,1,4,0,0,0,black,BreastStroke
v_BreastStroke_g21_c01,0,1,4,0,0,0,black,BreastStroke
v_BreastStroke_g23_c04,0,2,0,0,2,1,asian,BreastStroke
v_BreastStroke_g24_c01,0,2,2,0,0,1,asian,BreastStroke
v_BreastStroke_g25_c01,0,3,1,0,1,0,asian,BreastStroke
v_BreastStroke_g25_c03,4,0,1,0,0,0,white,BreastStroke
v_BrushingTeeth_g04_c03,4,1,0,0,0,0,white,BrushingTeeth
v_BrushingTeeth_g04_c04,5,0,0,0,0,0,white,BrushingTeeth
v_BrushingTeeth_g07_c01,0,0,0,0,0,5,hispanic,BrushingTeeth
v_BrushingTeeth_g07_c02,2,0,0,0,0,3,hispanic,BrushingTeeth
v_BrushingTeeth_g10_c05,1,0,4,0,0,0,black,BrushingTeeth
v_BrushingTeeth_g13_c02,0,0,0,0,2,3,hispanic,BrushingTeeth
v_BrushingTeeth_g16_c03,1,0,4,0,0,0,black,BrushingTeeth
v_BrushingTeeth_g18_c03,2,0,0,0,0,3,hispanic,BrushingTeeth
v_BrushingTeeth_g18_c06,2,0,0,0,0,3,hispanic,BrushingTeeth
v_BrushingTeeth_g20_c01,0,2,0,0,2,1,asian,BrushingTeeth
v_BrushingTeeth_g20_c05,0,1,0,2,0,2,middle_eastern,BrushingTeeth
v_BrushingTeeth_g21_c01,0,2,0,0,0,3,hispanic,BrushingTeeth
v_BrushingTeeth_g21_c04,0,0,1,0,0,4,hispanic,BrushingTeeth
v_BrushingTeeth_g22_c02,3,0,0,0,0,2,white,BrushingTeeth
v_BrushingTeeth_g25_c01,4,0,0,0,0,1,white,BrushingTeeth
v_BrushingTeeth_g25_c02,3,0,0,0,0,2,white,BrushingTeeth
v_BrushingTeeth_g25_c06,3,0,0,0,0,2,white,BrushingTeeth
v_CleanAndJerk_g01_c02,1,3,0,0,0,1,asian,CleanAndJerk
v_CleanAndJerk_g01_c05,3,1,0,0,0,1,white,CleanAndJerk
v_CleanAndJerk_g03_c03,2,0,0,0,0,3,hispanic,CleanAndJerk
v_CleanAndJerk_g06_c03,1,2,0,0,0,2,asian,CleanAndJerk
v_CleanAndJerk_g07_c01,1,2,0,0,0,2,asian,CleanAndJerk
v_CleanAndJerk_g07_c03,3,1,0,0,0,1,white,CleanAndJerk
v_CleanAndJerk_g07_c05,0,0,0,1,3,1,indian,CleanAndJerk
v_CleanAndJerk_g08_c02,1,0,0,0,0,4,hispanic,CleanAndJerk
v_CleanAndJerk_g08_c04,3,0,0,1,0,1,white,CleanAndJerk
v_CleanAndJerk_g09_c01,0,0,2,1,0,2,black,CleanAndJerk
v_CleanAndJerk_g10_c03,3,2,0,0,0,0,white,CleanAndJerk
v_CleanAndJerk_g10_c04,5,0,0,0,0,0,white,CleanAndJerk
v_CleanAndJerk_g11_c03,0,1,0,1,3,0,indian,CleanAndJerk
v_CleanAndJerk_g11_c04,0,1,0,0,3,1,indian,CleanAndJerk
v_CleanAndJerk_g12_c02,3,2,0,0,0,0,white,CleanAndJerk
v_CleanAndJerk_g12_c05,2,2,0,0,0,1,white,CleanAndJerk
v_CleanAndJerk_g12_c06,3,2,0,0,0,0,white,CleanAndJerk
v_CleanAndJerk_g13_c02,4,0,0,0,0,1,white,CleanAndJerk
v_CleanAndJerk_g14_c03,0,0,0,0,0,5,hispanic,CleanAndJerk
v_CleanAndJerk_g15_c01,1,0,1,1,0,2,hispanic,CleanAndJerk
v_CleanAndJerk_g15_c04,0,0,1,4,0,0,middle_eastern,CleanAndJerk
v_CleanAndJerk_g16_c01,4,1,0,0,0,0,white,CleanAndJerk
v_CleanAndJerk_g16_c02,5,0,0,0,0,0,white,CleanAndJerk
v_CleanAndJerk_g17_c03,2,3,0,0,0,0,asian,CleanAndJerk
v_CleanAndJerk_g18_c02,0,2,0,0,2,1,asian,CleanAndJerk
v_CleanAndJerk_g18_c03,1,1,0,1,2,0,indian,CleanAndJerk
v_CleanAndJerk_g19_c03,0,0,5,0,0,0,black,CleanAndJerk
v_CleanAndJerk_g20_c03,1,0,0,1,3,0,indian,CleanAndJerk
v_CleanAndJerk_g20_c04,1,2,0,1,1,0,asian,CleanAndJerk
v_CleanAndJerk_g20_c05,0,3,2,0,0,0,asian,CleanAndJerk
v_CleanAndJerk_g21_c02,0,4,0,0,0,1,asian,CleanAndJerk
v_CleanAndJerk_g22_c01,1,4,0,0,0,0,asian,CleanAndJerk
v_CleanAndJerk_g22_c03,0,0,0,3,0,2,middle_eastern,CleanAndJerk
v_CleanAndJerk_g24_c03,0,0,2,0,2,1,black,CleanAndJerk
v_CleanAndJerk_g25_c02,1,3,0,0,0,1,asian,CleanAndJerk
v_CliffDiving_g01_c01,2,0,3,0,0,0,black,CliffDiving
v_CliffDiving_g01_c03,1,1,2,0,1,0,black,CliffDiving
v_CliffDiving_g01_c06,1,0,1,2,1,0,middle_eastern,CliffDiving
v_CliffDiving_g02_c03,2,1,2,0,0,0,white,CliffDiving
v_CliffDiving_g02_c04,1,3,0,0,1,0,asian,CliffDiving
v_CliffDiving_g03_c01,0,0,0,4,0,1,middle_eastern,CliffDiving
v_CliffDiving_g03_c02,0,2,2,0,1,0,asian,CliffDiving
v_CliffDiving_g03_c05,2,1,0,0,1,1,white,CliffDiving
v_CliffDiving_g04_c01,0,3,2,0,0,0,asian,CliffDiving
v_CliffDiving_g04_c04,0,0,5,0,0,0,black,CliffDiving
v_CliffDiving_g05_c01,1,0,1,3,0,0,middle_eastern,CliffDiving
v_CliffDiving_g05_c02,0,0,3,0,1,1,black,CliffDiving
v_CliffDiving_g05_c04,0,0,0,0,5,0,indian,CliffDiving
v_CliffDiving_g05_c05,0,2,0,0,2,1,asian,CliffDiving
v_CliffDiving_g05_c07,0,0,2,0,0,3,hispanic,CliffDiving
v_CliffDiving_g06_c01,3,1,0,0,1,0,white,CliffDiving
v_CliffDiving_g06_c02,1,1,1,2,0,0,middle_eastern,CliffDiving
v_CliffDiving_g06_c04,1,0,3,1,0,0,black,CliffDiving
v_CliffDiving_g07_c01,2,0,1,0,0,2,white,CliffDiving
v_CliffDiving_g07_c02,1,3,0,0,0,1,asian,CliffDiving
v_CliffDiving_g07_c03,5,0,0,0,0,0,white,CliffDiving
v_CliffDiving_g08_c02,2,3,0,0,0,0,asian,CliffDiving
v_CliffDiving_g09_c01,1,0,1,3,0,0,middle_eastern,CliffDiving
v_CliffDiving_g09_c02,0,1,0,1,3,0,indian,CliffDiving
v_CliffDiving_g09_c05,2,0,1,0,2,0,white,CliffDiving
v_CliffDiving_g09_c06,0,1,0,0,4,0,indian,CliffDiving
v_CliffDiving_g10_c02,1,1,3,0,0,0,black,CliffDiving
v_CliffDiving_g10_c06,2,0,3,0,0,0,black,CliffDiving
v_CliffDiving_g11_c03,0,0,0,2,3,0,indian,CliffDiving
v_CliffDiving_g11_c04,0,0,2,2,1,0,black,CliffDiving
v_CliffDiving_g11_c05,3,0,2,0,0,0,white,CliffDiving
v_CliffDiving_g12_c01,0,2,2,0,1,0,asian,CliffDiving
v_CliffDiving_g12_c05,0,3,0,1,1,0,asian,CliffDiving
v_CliffDiving_g12_c06,1,0,0,0,4,0,indian,CliffDiving
v_CliffDiving_g12_c07,2,1,2,0,0,0,white,CliffDiving
v_CliffDiving_g13_c04,2,0,0,0,3,0,indian,CliffDiving
v_CliffDiving_g14_c01,0,5,0,0,0,0,asian,CliffDiving
v_CliffDiving_g14_c04,1,4,0,0,0,0,asian,CliffDiving
v_CliffDiving_g14_c07,0,2,0,0,3,0,indian,CliffDiving
v_CliffDiving_g16_c03,1,0,0,2,2,0,middle_eastern,CliffDiving
v_CliffDiving_g16_c04,0,2,1,1,1,0,asian,CliffDiving
v_CliffDiving_g17_c03,1,2,2,0,0,0,asian,CliffDiving
v_CliffDiving_g17_c04,0,0,0,5,0,0,middle_eastern,CliffDiving
v_CliffDiving_g17_c05,0,1,1,3,0,0,middle_eastern,CliffDiving
v_CliffDiving_g18_c01,4,0,1,0,0,0,white,CliffDiving
v_CliffDiving_g18_c02,3,0,1,0,0,1,white,CliffDiving
v_CliffDiving_g18_c03,0,0,1,0,1,3,hispanic,CliffDiving
v_CliffDiving_g18_c04,0,1,2,0,2,0,black,CliffDiving
v_CliffDiving_g18_c07,0,2,3,0,0,0,black,CliffDiving
v_CliffDiving_g19_c01,0,0,0,0,5,0,indian,CliffDiving
v_CliffDiving_g19_c03,1,0,2,0,1,1,black,CliffDiving
v_CliffDiving_g20_c01,0,1,0,0,4,0,indian,CliffDiving
v_CliffDiving_g20_c04,0,1,1,0,3,0,indian,CliffDiving
v_CliffDiving_g20_c06,3,0,2,0,0,0,white,CliffDiving
v_CliffDiving_g20_c07,3,1,1,0,0,0,white,CliffDiving
v_CliffDiving_g21_c03,0,0,1,1,3,0,indian,CliffDiving
v_CliffDiving_g22_c01,2,0,0,3,0,0,middle_eastern,CliffDiving
v_CliffDiving_g22_c02,2,3,0,0,0,0,asian,CliffDiving
v_CliffDiving_g22_c03,0,0,0,4,1,0,middle_eastern,CliffDiving
v_CliffDiving_g22_c04,2,0,1,2,0,0,white,CliffDiving
v_CliffDiving_g24_c01,0,0,0,3,2,0,middle_eastern,CliffDiving
v_CliffDiving_g24_c02,1,0,1,2,1,0,middle_eastern,CliffDiving
v_CliffDiving_g25_c01,0,1,2,0,2,0,black,CliffDiving
v_CliffDiving_g25_c04,1,2,0,0,2,0,asian,CliffDiving
v_CricketBowling_g02_c04,1,0,0,4,0,0,middle_eastern,CricketBowling
v_CricketBowling_g02_c05,2,1,0,2,0,0,white,CricketBowling
v_CricketBowling_g02_c06,0,1,0,4,0,0,middle_eastern,CricketBowling
v_CricketBowling_g04_c02,0,2,0,0,0,3,hispanic,CricketBowling
v_CricketBowling_g04_c05,0,0,4,0,0,1,black,CricketBowling
v_CricketBowling_g06_c04,0,2,2,1,0,0,asian,CricketBowling
v_CricketBowling_g07_c02,2,1,0,0,2,0,white,CricketBowling
v_CricketBowling_g07_c03,0,5,0,0,0,0,asian,CricketBowling
v_CricketBowling_g08_c03,0,4,0,0,1,0,asian,CricketBowling
v_CricketBowling_g08_c04,0,2,2,0,1,0,asian,CricketBowling
v_CricketBowling_g11_c07,0,2,0,3,0,0,middle_eastern,CricketBowling
v_CricketBowling_g13_c03,0,0,0,0,5,0,indian,CricketBowling
v_CricketBowling_g14_c04,0,4,1,0,0,0,asian,CricketBowling
v_CricketBowling_g14_c05,1,3,1,0,0,0,asian,CricketBowling
v_CricketBowling_g15_c06,0,3,0,0,2,0,asian,CricketBowling
v_CricketBowling_g16_c01,0,4,1,0,0,0,asian,CricketBowling
v_CricketBowling_g16_c03,0,3,2,0,0,0,asian,CricketBowling
v_CricketBowling_g16_c06,0,3,2,0,0,0,asian,CricketBowling
v_CricketBowling_g18_c04,0,1,4,0,0,0,black,CricketBowling
v_CricketBowling_g20_c04,0,2,2,1,0,0,asian,CricketBowling
v_CricketBowling_g21_c02,2,1,2,0,0,0,white,CricketBowling
v_CricketBowling_g21_c06,0,3,2,0,0,0,asian,CricketBowling
v_CricketBowling_g22_c04,0,5,0,0,0,0,asian,CricketBowling
v_CricketBowling_g22_c06,0,3,2,0,0,0,asian,CricketBowling
v_CricketBowling_g22_c07,0,3,2,0,0,0,asian,CricketBowling
v_CricketBowling_g23_c01,1,3,0,1,0,0,asian,CricketBowling
v_CricketBowling_g23_c04,1,0,4,0,0,0,black,CricketBowling
v_CricketBowling_g24_c01,0,0,0,0,5,0,indian,CricketBowling
v_CricketBowling_g24_c02,0,0,1,0,4,0,indian,CricketBowling
v_CricketShot_g02_c01,2,0,1,0,0,2,white,CricketShot
v_CricketShot_g02_c02,1,2,1,0,0,1,asian,CricketShot
v_CricketShot_g02_c06,0,2,2,1,0,0,asian,CricketShot
v_CricketShot_g02_c07,3,0,2,0,0,0,white,CricketShot
v_CricketShot_g03_c01,0,0,3,0,0,2,black,CricketShot
v_CricketShot_g03_c02,0,1,2,0,0,2,black,CricketShot
v_CricketShot_g03_c05,0,0,3,0,0,2,black,CricketShot
v_CricketShot_g06_c01,0,0,0,0,4,1,indian,CricketShot
v_CricketShot_g06_c02,0,0,1,1,2,1,indian,CricketShot
v_CricketShot_g06_c03,0,0,0,0,0,5,hispanic,CricketShot
v_CricketShot_g06_c04,0,0,0,0,1,4,hispanic,CricketShot
v_CricketShot_g07_c02,0,0,0,0,1,4,hispanic,CricketShot
v_CricketShot_g07_c05,2,1,0,0,2,0,white,CricketShot
v_CricketShot_g07_c06,0,0,0,0,1,4,hispanic,CricketShot
v_CricketShot_g07_c07,0,0,5,0,0,0,black,CricketShot
v_CricketShot_g08_c02,1,0,4,0,0,0,black,CricketShot
v_CricketShot_g08_c06,2,3,0,0,0,0,asian,CricketShot
v_CricketShot_g08_c07,2,0,3,0,0,0,black,CricketShot
v_CricketShot_g09_c07,3,0,2,0,0,0,white,CricketShot
v_CricketShot_g11_c01,3,0,2,0,0,0,white,CricketShot
v_CricketShot_g13_c02,0,2,3,0,0,0,black,CricketShot
v_CricketShot_g13_c03,3,1,0,0,1,0,white,CricketShot
v_CricketShot_g13_c06,0,2,3,0,0,0,black,CricketShot
v_CricketShot_g16_c01,0,0,4,0,1,0,black,CricketShot
v_CricketShot_g16_c03,0,2,1,0,2,0,asian,CricketShot
v_CricketShot_g16_c07,0,1,4,0,0,0,black,CricketShot
v_CricketShot_g17_c04,0,1,2,0,2,0,black,CricketShot
v_CricketShot_g17_c05,0,2,2,0,1,0,asian,CricketShot
v_CricketShot_g18_c01,0,1,1,0,3,0,indian,CricketShot
v_CricketShot_g18_c02,0,3,0,0,2,0,asian,CricketShot
v_CricketShot_g18_c04,0,0,0,0,5,0,indian,CricketShot
v_CricketShot_g19_c05,0,2,1,0,2,0,asian,CricketShot
v_CricketShot_g20_c07,0,0,1,0,0,4,hispanic,CricketShot
v_CricketShot_g22_c03,2,0,2,0,0,1,white,CricketShot
v_CricketShot_g22_c05,3,0,2,0,0,0,white,CricketShot
v_CricketShot_g23_c02,0,2,2,0,0,1,asian,CricketShot
v_CricketShot_g24_c04,3,0,1,0,0,1,white,CricketShot
v_CuttingInKitchen_g01_c01,1,1,0,1,0,2,hispanic,CuttingInKitchen
v_CuttingInKitchen_g01_c04,0,2,0,0,0,3,hispanic,CuttingInKitchen
v_CuttingInKitchen_g04_c03,0,5,0,0,0,0,asian,CuttingInKitchen
v_CuttingInKitchen_g05_c05,0,0,5,0,0,0,black,CuttingInKitchen
v_CuttingInKitchen_g06_c03,4,1,0,0,0,0,white,CuttingInKitchen
v_CuttingInKitchen_g06_c04,3,1,0,0,0,1,white,CuttingInKitchen
v_CuttingInKitchen_g07_c01,1,1,0,0,0,3,hispanic,CuttingInKitchen
v_CuttingInKitchen_g07_c04,0,1,0,0,0,4,hispanic,CuttingInKitchen
v_CuttingInKitchen_g08_c02,0,1,0,0,0,4,hispanic,CuttingInKitchen
v_CuttingInKitchen_g10_c03,1,2,0,0,0,2,asian,CuttingInKitchen
v_CuttingInKitchen_g10_c06,1,2,0,0,0,2,asian,CuttingInKitchen
v_CuttingInKitchen_g12_c03,0,0,0,0,0,5,hispanic,CuttingInKitchen
v_CuttingInKitchen_g14_c02,0,0,0,0,0,5,hispanic,CuttingInKitchen
v_CuttingInKitchen_g14_c03,1,3,0,0,0,1,asian,CuttingInKitchen
v_CuttingInKitchen_g15_c01,1,1,0,1,0,2,hispanic,CuttingInKitchen
v_CuttingInKitchen_g15_c03,2,1,0,2,0,0,white,CuttingInKitchen
v_CuttingInKitchen_g16_c03,1,3,0,0,0,1,asian,CuttingInKitchen
v_CuttingInKitchen_g16_c04,4,0,0,0,0,1,white,CuttingInKitchen
v_CuttingInKitchen_g17_c01,0,0,0,5,0,0,middle_eastern,CuttingInKitchen
v_CuttingInKitchen_g17_c04,0,4,0,0,0,1,asian,CuttingInKitchen
v_CuttingInKitchen_g19_c02,1,4,0,0,0,0,asian,CuttingInKitchen
v_CuttingInKitchen_g22_c04,0,5,0,0,0,0,asian,CuttingInKitchen
v_CuttingInKitchen_g24_c01,0,0,0,0,0,5,hispanic,CuttingInKitchen
v_CuttingInKitchen_g24_c03,0,0,1,0,0,4,hispanic,CuttingInKitchen
v_CuttingInKitchen_g25_c03,0,5,0,0,0,0,asian,CuttingInKitchen
v_CuttingInKitchen_g25_c05,0,3,0,1,0,1,asian,CuttingInKitchen
v_CuttingInKitchen_g25_c06,0,1,0,1,3,0,indian,CuttingInKitchen
v_Diving_g01_c06,4,0,1,0,0,0,white,Diving
v_Diving_g01_c07,2,0,2,1,0,0,white,Diving
v_Diving_g02_c02,0,0,1,0,1,3,hispanic,Diving
v_Diving_g02_c03,0,0,1,0,4,0,indian,Diving
v_Diving_g02_c05,1,3,1,0,0,0,asian,Diving
v_Diving_g02_c06,0,0,2,0,3,0,indian,Diving
v_Diving_g02_c07,3,0,2,0,0,0,white,Diving
v_Diving_g04_c03,2,1,2,0,0,0,white,Diving
v_Diving_g05_c02,3,1,1,0,0,0,white,Diving
v_Diving_g05_c03,1,0,4,0,0,0,black,Diving
v_Diving_g05_c05,4,1,0,0,0,0,white,Diving
v_Diving_g06_c01,0,1,4,0,0,0,black,Diving
v_Diving_g06_c04,0,0,3,0,2,0,black,Diving
v_Diving_g06_c07,0,0,3,0,2,0,black,Diving
v_Diving_g07_c02,3,0,2,0,0,0,white,Diving
v_Diving_g09_c01,3,0,2,0,0,0,white,Diving
v_Diving_g09_c03,3,0,2,0,0,0,white,Diving
v_Diving_g10_c01,3,0,1,0,0,1,white,Diving
v_Diving_g10_c02,1,0,1,0,3,0,indian,Diving
v_Diving_g10_c03,1,2,2,0,0,0,asian,Diving
v_Diving_g10_c04,2,1,2,0,0,0,white,Diving
v_Diving_g10_c07,0,0,1,0,4,0,indian,Diving
v_Diving_g11_c01,3,2,0,0,0,0,white,Diving
v_Diving_g11_c02,0,3,2,0,0,0,asian,Diving
v_Diving_g11_c05,4,0,1,0,0,0,white,Diving
v_Diving_g12_c04,3,0,1,0,0,1,white,Diving
v_Diving_g15_c06,2,1,2,0,0,0,white,Diving
v_Diving_g16_c01,4,0,1,0,0,0,white,Diving
v_Diving_g17_c02,0,3,2,0,0,0,asian,Diving
v_Diving_g20_c01,1,2,2,0,0,0,asian,Diving
v_Diving_g20_c02,0,0,5,0,0,0,black,Diving
v_Diving_g20_c03,0,5,0,0,0,0,asian,Diving
v_Diving_g20_c07,1,1,3,0,0,0,black,Diving
v_Diving_g21_c02,2,1,1,0,1,0,white,Diving
v_Diving_g21_c06,5,0,0,0,0,0,white,Diving
v_Diving_g22_c01,0,2,2,0,0,1,asian,Diving
v_Diving_g22_c04,2,1,2,0,0,0,white,Diving
v_Diving_g23_c01,1,0,4,0,0,0,black,Diving
v_Diving_g23_c02,2,2,1,0,0,0,white,Diving
v_Diving_g23_c05,1,1,2,0,0,1,black,Diving
v_Diving_g23_c06,2,2,0,0,1,0,white,Diving
v_Diving_g24_c01,1,2,2,0,0,0,asian,Diving
v_Diving_g25_c03,1,3,0,0,1,0,asian,Diving
v_Diving_g25_c04,2,2,1,0,0,0,white,Diving
v_Drumming_g01_c04,0,0,0,0,0,5,hispanic,Drumming
v_Drumming_g01_c05,0,0,0,0,0,5,hispanic,Drumming
v_Drumming_g02_c05,1,0,1,0,0,3,hispanic,Drumming
v_Drumming_g02_c06,0,0,3,0,0,2,black,Drumming
v_Drumming_g02_c07,1,1,2,0,0,1,black,Drumming
v_Drumming_g03_c01,1,1,3,0,0,0,black,Drumming
v_Drumming_g05_c03,4,1,0,0,0,0,white,Drumming
v_Drumming_g05_c05,4,1,0,0,0,0,white,Drumming
v_Drumming_g05_c06,2,0,3,0,0,0,black,Drumming
v_Drumming_g06_c02,2,3,0,0,0,0,asian,Drumming
v_Drumming_g08_c02,0,0,5,0,0,0,black,Drumming
v_Drumming_g08_c04,1,0,2,0,0,2,black,Drumming
v_Drumming_g11_c01,2,0,0,0,0,3,hispanic,Drumming
v_Drumming_g12_c02,0,3,2,0,0,0,asian,Drumming
v_Drumming_g12_c03,1,3,1,0,0,0,asian,Drumming
v_Drumming_g12_c06,0,3,1,0,0,1,asian,Drumming
v_Drumming_g13_c01,4,0,1,0,0,0,white,Drumming
v_Drumming_g13_c04,3,0,2,0,0,0,white,Drumming
v_Drumming_g14_c02,0,1,3,1,0,0,black,Drumming
v_Drumming_g14_c03,1,1,1,2,0,0,middle_eastern,Drumming
v_Drumming_g14_c04,0,2,3,0,0,0,black,Drumming
v_Drumming_g14_c06,1,1,0,0,0,3,hispanic,Drumming
v_Drumming_g16_c06,3,0,2,0,0,0,white,Drumming
v_Drumming_g17_c01,0,0,1,0,0,4,hispanic,Drumming
v_Drumming_g17_c02,0,0,1,0,0,4,hispanic,Drumming
v_Drumming_g17_c03,0,1,1,0,0,3,hispanic,Drumming
v_Drumming_g17_c06,0,0,3,0,0,2,black,Drumming
v_Drumming_g18_c01,2,0,0,0,0,3,hispanic,Drumming
v_Drumming_g18_c04,5,0,0,0,0,0,white,Drumming
v_Drumming_g18_c05,0,0,2,0,0,3,hispanic,Drumming
v_Drumming_g21_c04,4,1,0,0,0,0,white,Drumming
v_Drumming_g21_c06,2,2,0,0,0,1,white,Drumming
v_Drumming_g21_c07,3,0,2,0,0,0,white,Drumming
v_Drumming_g22_c03,1,1,3,0,0,0,black,Drumming
v_Fencing_g01_c03,3,2,0,0,0,0,white,Fencing
v_Fencing_g01_c04,5,0,0,0,0,0,white,Fencing
v_Fencing_g01_c06,3,0,2,0,0,0,white,Fencing
v_Fencing_g02_c02,0,0,5,0,0,0,black,Fencing
v_Fencing_g02_c03,2,2,1,0,0,0,white,Fencing
v_Fencing_g02_c05,0,2,3,0,0,0,black,Fencing
v_Fencing_g03_c01,0,0,5,0,0,0,black,Fencing
v_Fencing_g03_c03,0,1,4,0,0,0,black,Fencing
v_Fencing_g04_c01,0,5,0,0,0,0,asian,Fencing
v_Fencing_g04_c03,1,4,0,0,0,0,asian,Fencing
v_Fencing_g05_c05,2,0,0,0,0,3,hispanic,Fencing
v_Fencing_g06_c01,3,0,2,0,0,0,white,Fencing
v_Fencing_g06_c03,4,1,0,0,0,0,white,Fencing
v_Fencing_g07_c01,0,0,2,0,0,3,hispanic,Fencing
v_Fencing_g07_c02,0,0,1,0,0,4,hispanic,Fencing
v_Fencing_g08_c01,1,2,2,0,0,0,asian,Fencing
v_Fencing_g08_c04,4,0,1,0,0,0,white,Fencing
v_Fencing_g09_c05,3,1,0,0,0,1,white,Fencing
v_Fencing_g09_c06,3,1,1,0,0,0,white,Fencing
v_Fencing_g10_c04,0,2,3,0,0,0,black,Fencing
v_Fencing_g11_c04,3,2,0,0,0,0,white,Fencing
v_Fencing_g12_c01,2,2,0,0,1,0,white,Fencing
v_Fencing_g12_c05,4,1,0,0,0,0,white,Fencing
v_Fencing_g13_c01,2,2,1,0,0,0,white,Fencing
v_Fencing_g13_c03,4,0,0,1,0,0,white,Fencing
v_Fencing_g16_c01,0,2,3,0,0,0,black,Fencing
v_Fencing_g16_c03,0,2,3,0,0,0,black,Fencing
v_Fencing_g18_c02,0,1,0,1,3,0,indian,Fencing
v_Fencing_g19_c02,0,2,3,0,0,0,black,Fencing
v_Fencing_g19_c03,0,2,3,0,0,0,black,Fencing
v_Fencing_g20_c03,1,2,1,0,0,1,asian,Fencing
v_Fencing_g20_c04,1,0,1,0,0,3,hispanic,Fencing
v_Fencing_g23_c01,1,3,1,0,0,0,asian,Fencing
v_Fencing_g24_c03,2,3,0,0,0,0,asian,Fencing
v_Fencing_g25_c01,1,3,0,0,0,1,asian,Fencing
v_Fencing_g25_c02,1,1,2,0,0,1,black,Fencing
v_FieldHockeyPenalty_g01_c02,2,0,3,0,0,0,black,FieldHockeyPenalty
v_FieldHockeyPenalty_g01_c03,0,1,0,0,4,0,indian,FieldHockeyPenalty
v_FieldHockeyPenalty_g01_c04,3,0,2,0,0,0,white,FieldHockeyPenalty
v_FieldHockeyPenalty_g03_c02,0,0,0,5,0,0,middle_eastern,FieldHockeyPenalty
v_FieldHockeyPenalty_g03_c03,0,3,2,0,0,0,asian,FieldHockeyPenalty
v_FieldHockeyPenalty_g04_c01,0,0,3,2,0,0,black,FieldHockeyPenalty
v_FieldHockeyPenalty_g06_c07,0,1,0,0,0,4,hispanic,FieldHockeyPenalty
v_FieldHockeyPenalty_g07_c03,0,1,4,0,0,0,black,FieldHockeyPenalty
v_FieldHockeyPenalty_g07_c04,0,0,5,0,0,0,black,FieldHockeyPenalty
v_FieldHockeyPenalty_g08_c04,0,5,0,0,0,0,asian,FieldHockeyPenalty
v_FieldHockeyPenalty_g10_c04,0,1,0,0,4,0,indian,FieldHockeyPenalty
v_FieldHockeyPenalty_g10_c05,2,0,0,0,3,0,indian,FieldHockeyPenalty
v_FieldHockeyPenalty_g12_c01,0,0,5,0,0,0,black,FieldHockeyPenalty
v_FieldHockeyPenalty_g12_c02,3,0,2,0,0,0,white,FieldHockeyPenalty
v_FieldHockeyPenalty_g12_c04,3,0,2,0,0,0,white,FieldHockeyPenalty
v_FieldHockeyPenalty_g12_c05,0,0,5,0,0,0,black,FieldHockeyPenalty
v_FieldHockeyPenalty_g13_c04,1,0,0,1,3,0,indian,FieldHockeyPenalty
v_FieldHockeyPenalty_g15_c01,0,2,3,0,0,0,black,FieldHockeyPenalty
v_FieldHockeyPenalty_g15_c03,0,2,0,3,0,0,middle_eastern,FieldHockeyPenalty
v_FieldHockeyPenalty_g15_c04,0,2,0,3,0,0,middle_eastern,FieldHockeyPenalty
v_FieldHockeyPenalty_g16_c02,0,0,5,0,0,0,black,FieldHockeyPenalty
v_FieldHockeyPenalty_g16_c03,0,0,0,0,5,0,indian,FieldHockeyPenalty
v_FieldHockeyPenalty_g17_c04,0,0,0,5,0,0,middle_eastern,FieldHockeyPenalty
v_FieldHockeyPenalty_g18_c04,0,1,0,4,0,0,middle_eastern,FieldHockeyPenalty
v_FieldHockeyPenalty_g19_c01,0,0,2,3,0,0,middle_eastern,FieldHockeyPenalty
v_FieldHockeyPenalty_g19_c02,0,1,4,0,0,0,black,FieldHockeyPenalty
v_FieldHockeyPenalty_g20_c02,0,5,0,0,0,0,asian,FieldHockeyPenalty
v_FieldHockeyPenalty_g20_c04,1,0,0,4,0,0,middle_eastern,FieldHockeyPenalty
v_FieldHockeyPenalty_g22_c01,4,0,1,0,0,0,white,FieldHockeyPenalty
v_FieldHockeyPenalty_g23_c04,0,3,1,1,0,0,asian,FieldHockeyPenalty
v_FieldHockeyPenalty_g25_c01,0,0,5,0,0,0,black,FieldHockeyPenalty
v_FieldHockeyPenalty_g25_c04,0,2,0,3,0,0,middle_eastern,FieldHockeyPenalty
v_FieldHockeyPenalty_g25_c06,0,0,5,0,0,0,black,FieldHockeyPenalty
v_FloorGymnastics_g02_c04,2,0,3,0,0,0,black,FloorGymnastics
v_FloorGymnastics_g04_c01,0,1,4,0,0,0,black,FloorGymnastics
v_FloorGymnastics_g04_c02,2,1,1,0,0,1,white,FloorGymnastics
v_FloorGymnastics_g04_c03,2,1,0,0,0,2,white,FloorGymnastics
v_FloorGymnastics_g06_c01,0,2,2,0,0,1,asian,FloorGymnastics
v_FloorGymnastics_g06_c02,0,0,1,0,0,4,hispanic,FloorGymnastics
v_FloorGymnastics_g06_c03,0,1,0,0,0,4,hispanic,FloorGymnastics
v_FloorGymnastics_g06_c07,0,2,2,0,0,1,asian,FloorGymnastics
v_FloorGymnastics_g07_c01,1,2,0,2,0,0,asian,FloorGymnastics
v_FloorGymnastics_g07_c03,1,2,0,2,0,0,asian,FloorGymnastics
v_FloorGymnastics_g07_c04,1,3,0,0,0,1,asian,FloorGymnastics
v_FloorGymnastics_g08_c01,0,1,4,0,0,0,black,FloorGymnastics
v_FloorGymnastics_g08_c04,3,0,2,0,0,0,white,FloorGymnastics
v_FloorGymnastics_g09_c04,4,0,1,0,0,0,white,FloorGymnastics
v_FloorGymnastics_g10_c03,4,1,0,0,0,0,white,FloorGymnastics
v_FloorGymnastics_g10_c04,0,0,5,0,0,0,black,FloorGymnastics
v_FloorGymnastics_g10_c05,2,2,1,0,0,0,white,FloorGymnastics
v_FloorGymnastics_g11_c03,3,0,2,0,0,0,white,FloorGymnastics
v_FloorGymnastics_g12_c01,4,0,1,0,0,0,white,FloorGymnastics
v_FloorGymnastics_g12_c02,3,0,2,0,0,0,white,FloorGymnastics
v_FloorGymnastics_g12_c03,3,0,2,0,0,0,white,FloorGymnastics
v_FloorGymnastics_g14_c02,4,0,1,0,0,0,white,FloorGymnastics
v_FloorGymnastics_g15_c01,0,3,2,0,0,0,asian,FloorGymnastics
v_FloorGymnastics_g15_c03,2,0,3,0,0,0,black,FloorGymnastics
v_FloorGymnastics_g15_c04,2,0,0,0,0,3,hispanic,FloorGymnastics
v_FloorGymnastics_g16_c02,3,0,0,0,0,2,white,FloorGymnastics
v_FloorGymnastics_g16_c03,2,0,0,0,0,3,hispanic,FloorGymnastics
v_FloorGymnastics_g18_c01,1,1,0,0,2,1,indian,FloorGymnastics
v_FloorGymnastics_g18_c05,0,0,5,0,0,0,black,FloorGymnastics
v_FloorGymnastics_g18_c06,1,0,1,0,0,3,hispanic,FloorGymnastics
v_FloorGymnastics_g19_c01,1,1,0,1,0,2,hispanic,FloorGymnastics
v_FloorGymnastics_g19_c03,4,1,0,0,0,0,white,FloorGymnastics
v_FloorGymnastics_g19_c04,2,0,3,0,0,0,black,FloorGymnastics
v_FloorGymnastics_g20_c01,1,2,2,0,0,0,asian,FloorGymnastics
v_FloorGymnastics_g21_c04,4,0,1,0,0,0,white,FloorGymnastics
v_FloorGymnastics_g21_c05,3,0,2,0,0,0,white,FloorGymnastics
v_FloorGymnastics_g23_c02,3,2,0,0,0,0,white,FloorGymnastics
v_FloorGymnastics_g23_c04,3,1,1,0,0,0,white,FloorGymnastics
v_FloorGymnastics_g25_c05,0,5,0,0,0,0,asian,FloorGymnastics
v_FrisbeeCatch_g01_c02,3,0,2,0,0,0,white,FrisbeeCatch
v_FrisbeeCatch_g01_c03,3,0,2,0,0,0,white,FrisbeeCatch
v_FrisbeeCatch_g01_c05,3,0,2,0,0,0,white,FrisbeeCatch
v_FrisbeeCatch_g02_c03,2,3,0,0,0,0,asian,FrisbeeCatch
v_FrisbeeCatch_g02_c05,1,0,4,0,0,0,black,FrisbeeCatch
v_FrisbeeCatch_g03_c03,4,1,0,0,0,0,white,FrisbeeCatch
v_FrisbeeCatch_g03_c04,3,2,0,0,0,0,white,FrisbeeCatch
v_FrisbeeCatch_g04_c02,4,0,1,0,0,0,white,FrisbeeCatch
v_FrisbeeCatch_g05_c03,2,0,3,0,0,0,black,FrisbeeCatch
v_FrisbeeCatch_g05_c04,2,0,3,0,0,0,black,FrisbeeCatch
v_FrisbeeCatch_g06_c03,1,0,4,0,0,0,black,FrisbeeCatch
v_FrisbeeCatch_g07_c03,0,3,2,0,0,0,asian,FrisbeeCatch
v_FrisbeeCatch_g08_c03,2,2,1,0,0,0,white,FrisbeeCatch
v_FrisbeeCatch_g08_c04,2,2,1,0,0,0,white,FrisbeeCatch
v_FrisbeeCatch_g09_c05,2,3,0,0,0,0,asian,FrisbeeCatch
v_FrisbeeCatch_g10_c01,1,2,2,0,0,0,asian,FrisbeeCatch
v_FrisbeeCatch_g12_c01,2,2,0,0,1,0,white,FrisbeeCatch
v_FrisbeeCatch_g12_c02,4,0,1,0,0,0,white,FrisbeeCatch
v_FrisbeeCatch_g13_c01,2,0,2,1,0,0,white,FrisbeeCatch
v_FrisbeeCatch_g13_c02,2,0,2,1,0,0,white,FrisbeeCatch
v_FrisbeeCatch_g17_c02,3,0,2,0,0,0,white,FrisbeeCatch
v_FrisbeeCatch_g17_c05,3,0,2,0,0,0,white,FrisbeeCatch
v_FrisbeeCatch_g18_c02,4,0,1,0,0,0,white,FrisbeeCatch
v_FrisbeeCatch_g18_c03,3,0,2,0,0,0,white,FrisbeeCatch
v_FrisbeeCatch_g19_c01,5,0,0,0,0,0,white,FrisbeeCatch
v_FrisbeeCatch_g19_c03,0,5,0,0,0,0,asian,FrisbeeCatch
v_FrisbeeCatch_g19_c04,4,0,1,0,0,0,white,FrisbeeCatch
v_FrisbeeCatch_g20_c02,2,3,0,0,0,0,asian,FrisbeeCatch
v_FrisbeeCatch_g21_c02,3,0,1,1,0,0,white,FrisbeeCatch
v_FrisbeeCatch_g21_c03,0,5,0,0,0,0,asian,FrisbeeCatch
v_FrisbeeCatch_g23_c04,1,2,2,0,0,0,asian,FrisbeeCatch
v_FrisbeeCatch_g24_c01,4,0,1,0,0,0,white,FrisbeeCatch
v_FrisbeeCatch_g24_c04,4,0,1,0,0,0,white,FrisbeeCatch
v_FrontCrawl_g02_c01,0,0,4,0,1,0,black,FrontCrawl
v_FrontCrawl_g02_c02,0,0,1,0,1,3,hispanic,FrontCrawl
v_FrontCrawl_g03_c03,2,1,0,1,0,1,white,FrontCrawl
v_FrontCrawl_g03_c05,5,0,0,0,0,0,white,FrontCrawl
v_FrontCrawl_g04_c02,0,3,0,0,2,0,asian,FrontCrawl
v_FrontCrawl_g04_c05,0,3,0,0,2,0,asian,FrontCrawl
v_FrontCrawl_g05_c01,0,0,0,1,1,3,hispanic,FrontCrawl
v_FrontCrawl_g05_c04,0,2,0,0,0,3,hispanic,FrontCrawl
v_FrontCrawl_g06_c01,2,0,2,0,0,1,white,FrontCrawl
v_FrontCrawl_g06_c03,0,2,2,0,1,0,asian,FrontCrawl
v_FrontCrawl_g06_c04,0,0,1,0,0,4,hispanic,FrontCrawl
v_FrontCrawl_g07_c01,1,0,1,2,0,1,middle_eastern,FrontCrawl
v_FrontCrawl_g07_c02,0,1,0,2,2,0,middle_eastern,FrontCrawl
v_FrontCrawl_g08_c01,1,0,2,0,0,2,black,FrontCrawl
v_FrontCrawl_g08_c04,2,0,0,0,1,2,white,FrontCrawl
v_FrontCrawl_g09_c03,3,0,0,0,2,0,white,FrontCrawl
v_FrontCrawl_g09_c05,3,2,0,0,0,0,white,FrontCrawl
v_FrontCrawl_g09_c06,2,2,1,0,0,0,white,FrontCrawl
v_FrontCrawl_g10_c05,0,0,0,0,1,4,hispanic,FrontCrawl
v_FrontCrawl_g11_c02,3,0,0,0,0,2,white,FrontCrawl
v_FrontCrawl_g11_c06,2,1,0,0,0,2,white,FrontCrawl
v_FrontCrawl_g13_c02,1,0,0,0,3,1,indian,FrontCrawl
v_FrontCrawl_g15_c01,0,2,0,0,0,3,hispanic,FrontCrawl
v_FrontCrawl_g15_c03,1,0,0,0,0,4,hispanic,FrontCrawl
v_FrontCrawl_g17_c02,1,3,0,0,1,0,asian,FrontCrawl
v_FrontCrawl_g17_c03,3,1,0,0,0,1,white,FrontCrawl
v_FrontCrawl_g17_c04,1,3,1,0,0,0,asian,FrontCrawl
v_FrontCrawl_g17_c06,1,1,1,0,0,2,hispanic,FrontCrawl
v_FrontCrawl_g19_c02,0,0,3,0,0,2,black,FrontCrawl
v_FrontCrawl_g20_c01,0,2,2,0,0,1,asian,FrontCrawl
v_FrontCrawl_g20_c04,1,0,2,0,0,2,black,FrontCrawl
v_FrontCrawl_g20_c06,1,1,1,0,2,0,indian,FrontCrawl
v_FrontCrawl_g22_c03,0,0,0,4,0,1,middle_eastern,FrontCrawl
v_FrontCrawl_g22_c06,0,0,2,0,0,3,hispanic,FrontCrawl
v_FrontCrawl_g23_c06,2,1,0,0,2,0,white,FrontCrawl
v_GolfSwing_g02_c02,5,0,0,0,0,0,white,GolfSwing
v_GolfSwing_g02_c04,4,0,1,0,0,0,white,GolfSwing
v_GolfSwing_g03_c07,0,0,0,2,0,3,hispanic,GolfSwing
v_GolfSwing_g04_c01,0,1,0,1,0,3,hispanic,GolfSwing
v_GolfSwing_g04_c03,0,2,0,0,0,3,hispanic,GolfSwing
v_GolfSwing_g04_c06,0,1,0,0,0,4,hispanic,GolfSwing
v_GolfSwing_g05_c01,0,3,2,0,0,0,asian,GolfSwing
v_GolfSwing_g05_c02,2,0,2,0,0,1,white,GolfSwing
v_GolfSwing_g05_c03,0,0,1,2,1,1,middle_eastern,GolfSwing
v_GolfSwing_g05_c04,0,0,1,1,2,1,indian,GolfSwing
v_GolfSwing_g05_c06,2,0,1,0,0,2,white,GolfSwing
v_GolfSwing_g06_c03,0,3,2,0,0,0,asian,GolfSwing
v_GolfSwing_g07_c01,1,0,0,1,0,3,hispanic,GolfSwing
v_GolfSwing_g07_c05,1,2,1,0,0,1,asian,GolfSwing
v_GolfSwing_g08_c02,0,0,1,0,2,2,indian,GolfSwing
v_GolfSwing_g08_c04,0,0,2,0,3,0,indian,GolfSwing
v_GolfSwing_g09_c01,0,1,3,1,0,0,black,GolfSwing
v_GolfSwing_g09_c04,0,2,0,0,0,3,hispanic,GolfSwing
v_GolfSwing_g11_c01,0,0,0,0,5,0,indian,GolfSwing
v_GolfSwing_g11_c04,0,4,0,0,1,0,asian,GolfSwing
v_GolfSwing_g11_c05,0,0,2,0,3,0,indian,GolfSwing
v_GolfSwing_g11_c06,0,0,0,0,5,0,indian,GolfSwing
v_GolfSwing_g12_c01,0,0,5,0,0,0,black,GolfSwing
v_GolfSwing_g12_c02,2,1,2,0,0,0,white,GolfSwing
v_GolfSwing_g12_c03,0,2,0,0,3,0,indian,GolfSwing
v_GolfSwing_g13_c02,0,1,4,0,0,0,black,GolfSwing
v_GolfSwing_g13_c03,0,2,3,0,0,0,black,GolfSwing
v_GolfSwing_g14_c02,1,2,0,0,2,0,asian,GolfSwing
v_GolfSwing_g14_c04,2,0,2,0,1,0,white,GolfSwing
v_GolfSwing_g15_c03,0,0,4,1,0,0,black,GolfSwing
v_GolfSwing_g16_c01,3,2,0,0,0,0,white,GolfSwing
v_GolfSwing_g17_c02,1,0,0,4,0,0,middle_eastern,GolfSwing
v_GolfSwing_g17_c05,0,0,0,0,0,5,hispanic,GolfSwing
v_GolfSwing_g17_c06,0,0,2,0,0,3,hispanic,GolfSwing
v_GolfSwing_g17_c07,0,0,1,0,4,0,indian,GolfSwing
v_GolfSwing_g18_c01,0,0,5,0,0,0,black,GolfSwing
v_GolfSwing_g18_c03,0,0,4,1,0,0,black,GolfSwing
v_GolfSwing_g18_c04,0,0,2,0,0,3,hispanic,GolfSwing
v_GolfSwing_g18_c06,0,1,1,3,0,0,middle_eastern,GolfSwing
v_GolfSwing_g19_c03,0,1,0,0,0,4,hispanic,GolfSwing
v_GolfSwing_g19_c05,0,0,2,0,0,3,hispanic,GolfSwing
v_GolfSwing_g19_c06,0,0,0,0,0,5,hispanic,GolfSwing
v_GolfSwing_g20_c04,2,0,2,1,0,0,white,GolfSwing
v_GolfSwing_g20_c06,2,0,1,0,0,2,white,GolfSwing
v_GolfSwing_g21_c01,0,0,4,0,1,0,black,GolfSwing
v_GolfSwing_g21_c02,0,2,3,0,0,0,black,GolfSwing
v_GolfSwing_g21_c03,0,0,0,4,1,0,middle_eastern,GolfSwing
v_GolfSwing_g21_c05,0,1,0,0,1,3,hispanic,GolfSwing
v_GolfSwing_g22_c03,0,0,0,0,0,5,hispanic,GolfSwing
v_GolfSwing_g22_c04,4,1,0,0,0,0,white,GolfSwing
v_GolfSwing_g23_c03,5,0,0,0,0,0,white,GolfSwing
v_GolfSwing_g23_c04,3,0,0,1,1,0,white,GolfSwing
v_GolfSwing_g23_c06,0,4,0,0,0,1,asian,GolfSwing
v_GolfSwing_g23_c07,0,4,0,0,1,0,asian,GolfSwing
v_GolfSwing_g24_c03,0,4,0,0,0,1,asian,GolfSwing
v_GolfSwing_g24_c05,0,4,0,0,1,0,asian,GolfSwing
v_GolfSwing_g24_c06,2,0,2,0,1,0,white,GolfSwing
v_GolfSwing_g24_c07,0,0,5,0,0,0,black,GolfSwing
v_GolfSwing_g25_c01,0,0,0,4,1,0,middle_eastern,GolfSwing
v_GolfSwing_g25_c02,0,0,0,3,2,0,middle_eastern,GolfSwing
v_GolfSwing_g25_c03,0,4,1,0,0,0,asian,GolfSwing
v_GolfSwing_g25_c04,0,4,0,0,1,0,asian,GolfSwing
v_Haircut_g01_c03,1,0,4,0,0,0,black,Haircut
v_Haircut_g02_c01,0,0,0,2,3,0,indian,Haircut
v_Haircut_g02_c03,3,0,0,2,0,0,white,Haircut
v_Haircut_g02_c04,0,0,0,5,0,0,middle_eastern,Haircut
v_Haircut_g04_c05,4,1,0,0,0,0,white,Haircut
v_Haircut_g05_c02,2,3,0,0,0,0,asian,Haircut
v_Haircut_g06_c03,0,0,0,0,0,5,hispanic,Haircut
v_Haircut_g08_c03,0,2,0,0,0,3,hispanic,Haircut
v_Haircut_g08_c04,0,1,0,0,0,4,hispanic,Haircut
v_Haircut_g08_c05,0,2,0,0,0,3,hispanic,Haircut
v_Haircut_g11_c03,0,1,1,1,2,0,indian,Haircut
v_Haircut_g11_c04,2,2,0,0,0,1,white,Haircut
v_Haircut_g11_c05,1,3,0,0,0,1,asian,Haircut
v_Haircut_g12_c02,1,0,0,3,0,1,middle_eastern,Haircut
v_Haircut_g12_c04,5,0,0,0,0,0,white,Haircut
v_Haircut_g15_c03,1,0,0,0,0,4,hispanic,Haircut
v_Haircut_g16_c04,0,5,0,0,0,0,asian,Haircut
v_Haircut_g16_c05,0,5,0,0,0,0,asian,Haircut
v_Haircut_g18_c03,0,5,0,0,0,0,asian,Haircut
v_Haircut_g18_c04,0,4,1,0,0,0,asian,Haircut
v_Haircut_g19_c03,2,0,0,0,0,3,hispanic,Haircut
v_Haircut_g19_c05,1,0,3,0,0,1,black,Haircut
v_Haircut_g19_c06,0,0,2,0,0,3,hispanic,Haircut
v_Haircut_g20_c02,2,1,0,0,0,2,white,Haircut
v_Haircut_g20_c05,2,2,0,0,0,1,white,Haircut
v_Haircut_g20_c06,1,1,0,0,0,3,hispanic,Haircut
v_Haircut_g21_c01,3,2,0,0,0,0,white,Haircut
v_Haircut_g21_c02,2,1,2,0,0,0,white,Haircut
v_Haircut_g24_c01,0,1,0,4,0,0,middle_eastern,Haircut
v_Haircut_g24_c06,1,0,0,2,0,2,middle_eastern,Haircut
v_Haircut_g24_c07,1,0,0,4,0,0,middle_eastern,Haircut
v_Haircut_g25_c02,2,0,0,0,0,3,hispanic,Haircut
v_HammerThrow_g01_c01,1,1,1,2,0,0,middle_eastern,HammerThrow
v_HammerThrow_g01_c02,1,4,0,0,0,0,asian,HammerThrow
v_HammerThrow_g02_c02,0,2,3,0,0,0,black,HammerThrow
v_HammerThrow_g02_c03,0,2,3,0,0,0,black,HammerThrow
v_HammerThrow_g02_c05,0,2,0,3,0,0,middle_eastern,HammerThrow
v_HammerThrow_g02_c06,3,2,0,0,0,0,white,HammerThrow
v_HammerThrow_g02_c07,4,1,0,0,0,0,white,HammerThrow
v_HammerThrow_g03_c02,2,3,0,0,0,0,asian,HammerThrow
v_HammerThrow_g03_c03,2,0,0,0,0,3,hispanic,HammerThrow
v_HammerThrow_g03_c07,0,5,0,0,0,0,asian,HammerThrow
v_HammerThrow_g04_c01,1,0,1,0,0,3,hispanic,HammerThrow
v_HammerThrow_g04_c02,0,1,0,0,0,4,hispanic,HammerThrow
v_HammerThrow_g04_c03,2,1,0,0,0,2,white,HammerThrow
v_HammerThrow_g04_c04,0,0,3,0,0,2,black,HammerThrow
v_HammerThrow_g04_c06,0,0,4,0,0,1,black,HammerThrow
v_HammerThrow_g06_c04,1,4,0,0,0,0,asian,HammerThrow
v_HammerThrow_g06_c06,3,0,0,1,1,0,white,HammerThrow
v_HammerThrow_g06_c07,1,2,2,0,0,0,asian,HammerThrow
v_HammerThrow_g07_c01,1,0,0,0,0,4,hispanic,HammerThrow
v_HammerThrow_g07_c03,2,0,0,2,1,0,white,HammerThrow
v_HammerThrow_g07_c05,0,4,0,1,0,0,asian,HammerThrow
v_HammerThrow_g08_c02,0,0,5,0,0,0,black,HammerThrow
v_HammerThrow_g08_c03,0,1,4,0,0,0,black,HammerThrow
v_HammerThrow_g09_c02,1,0,1,2,1,0,middle_eastern,HammerThrow
v_HammerThrow_g09_c03,1,1,0,0,3,0,indian,HammerThrow
v_HammerThrow_g09_c04,0,1,1,0,3,0,indian,HammerThrow
v_HammerThrow_g09_c05,2,1,0,0,2,0,white,HammerThrow
v_HammerThrow_g10_c01,1,0,1,3,0,0,middle_eastern,HammerThrow
v_HammerThrow_g10_c02,0,3,0,2,0,0,asian,HammerThrow
v_HammerThrow_g10_c03,4,0,0,0,0,1,white,HammerThrow
v_HammerThrow_g10_c04,1,0,0,4,0,0,middle_eastern,HammerThrow
v_HammerThrow_g10_c05,4,0,1,0,0,0,white,HammerThrow
v_HammerThrow_g11_c02,1,1,0,2,1,0,middle_eastern,HammerThrow
v_HammerThrow_g11_c03,1,1,3,0,0,0,black,HammerThrow
v_HammerThrow_g11_c05,0,0,4,0,1,0,black,HammerThrow
v_HammerThrow_g13_c06,0,3,0,0,1,1,asian,HammerThrow
v_HammerThrow_g13_c07,1,0,2,1,1,0,black,HammerThrow
v_HammerThrow_g14_c01,0,4,1,0,0,0,asian,HammerThrow
v_HammerThrow_g14_c02,0,0,1,0,0,4,hispanic,HammerThrow
v_HammerThrow_g14_c03,1,0,0,0,4,0,indian,HammerThrow
v_HammerThrow_g15_c01,3,2,0,0,0,0,white,HammerThrow
v_HammerThrow_g15_c02,4,1,0,0,0,0,white,HammerThrow
v_HammerThrow_g16_c01,0,1,4,0,0,0,black,HammerThrow
v_HammerThrow_g16_c03,0,5,0,0,0,0,asian,HammerThrow
v_HammerThrow_g17_c01,4,0,1,0,0,0,white,HammerThrow
v_HammerThrow_g17_c03,0,0,0,0,0,5,hispanic,HammerThrow
v_HammerThrow_g17_c05,5,0,0,0,0,0,white,HammerThrow
v_HammerThrow_g18_c02,0,2,1,0,1,1,asian,HammerThrow
v_HammerThrow_g18_c04,2,0,3,0,0,0,black,HammerThrow
v_HammerThrow_g18_c05,0,0,0,1,0,4,hispanic,HammerThrow
v_HammerThrow_g19_c02,0,5,0,0,0,0,asian,HammerThrow
v_HammerThrow_g19_c07,0,4,0,0,1,0,asian,HammerThrow
v_HammerThrow_g21_c04,1,1,0,3,0,0,middle_eastern,HammerThrow
v_HammerThrow_g22_c05,0,0,4,0,0,1,black,HammerThrow
v_HammerThrow_g22_c06,0,1,1,2,0,1,middle_eastern,HammerThrow
v_HammerThrow_g23_c01,0,1,1,1,2,0,indian,HammerThrow
v_HammerThrow_g23_c02,0,0,2,3,0,0,middle_eastern,HammerThrow
v_HammerThrow_g23_c03,1,0,3,0,1,0,black,HammerThrow
v_HammerThrow_g23_c04,1,4,0,0,0,0,asian,HammerThrow
v_HammerThrow_g24_c01,1,4,0,0,0,0,asian,HammerThrow
v_HammerThrow_g24_c04,0,1,1,0,3,0,indian,HammerThrow
v_HammerThrow_g25_c01,0,0,0,0,5,0,indian,HammerThrow
v_HammerThrow_g25_c03,4,0,0,0,0,1,white,HammerThrow
v_HammerThrow_g25_c04,3,2,0,0,0,0,white,HammerThrow
v_Hammering_g07_c04,1,0,4,0,0,0,black,Hammering
v_Hammering_g14_c06,3,0,0,0,0,2,white,Hammering
v_Hammering_g17_c01,1,0,0,3,0,1,middle_eastern,Hammering
v_Hammering_g17_c02,1,2,0,2,0,0,asian,Hammering
v_Hammering_g17_c03,1,0,0,2,0,2,middle_eastern,Hammering
v_Hammering_g18_c07,2,1,2,0,0,0,white,Hammering
v_Hammering_g21_c01,0,1,1,0,1,2,hispanic,Hammering
v_Hammering_g21_c02,0,3,1,0,0,1,asian,Hammering
v_Hammering_g21_c03,0,0,1,0,0,4,hispanic,Hammering
v_Hammering_g21_c04,1,0,1,0,2,1,indian,Hammering
v_Hammering_g21_c05,2,1,0,0,0,2,white,Hammering
v_Hammering_g23_c01,0,0,0,0,0,5,hispanic,Hammering
v_Hammering_g23_c02,0,0,0,0,0,5,hispanic,Hammering
v_Hammering_g23_c05,0,2,0,0,0,3,hispanic,Hammering
v_Hammering_g24_c02,2,0,3,0,0,0,black,Hammering
v_HandstandPushups_g01_c01,4,0,0,0,0,1,white,HandstandPushups
v_HandstandPushups_g01_c03,2,0,1,0,0,2,white,HandstandPushups
v_HandstandPushups_g04_c03,0,0,1,0,0,4,hispanic,HandstandPushups
v_HandstandPushups_g04_c04,0,3,1,0,0,1,asian,HandstandPushups
v_HandstandPushups_g05_c03,1,1,0,0,0,3,hispanic,HandstandPushups
v_HandstandPushups_g10_c02,0,1,0,0,0,4,hispanic,HandstandPushups
v_HandstandPushups_g11_c06,0,0,1,0,0,4,hispanic,HandstandPushups
v_HandstandPushups_g12_c05,0,3,2,0,0,0,asian,HandstandPushups
v_HandstandPushups_g12_c06,0,3,2,0,0,0,asian,HandstandPushups
v_HandstandPushups_g12_c07,0,5,0,0,0,0,asian,HandstandPushups
v_HandstandPushups_g14_c01,0,0,2,0,0,3,hispanic,HandstandPushups
v_HandstandPushups_g14_c03,0,1,4,0,0,0,black,HandstandPushups
v_HandstandPushups_g17_c03,5,0,0,0,0,0,white,HandstandPushups
v_HandstandPushups_g17_c04,4,1,0,0,0,0,white,HandstandPushups
v_HandstandPushups_g20_c05,3,2,0,0,0,0,white,HandstandPushups
v_HandstandPushups_g21_c01,1,2,0,0,0,2,asian,HandstandPushups
v_HandstandPushups_g21_c05,0,3,0,0,0,2,asian,HandstandPushups
v_HandstandPushups_g22_c03,1,1,2,0,0,1,black,HandstandPushups
v_HandstandWalking_g01_c01,0,0,4,0,1,0,black,HandstandWalking
v_HandstandWalking_g01_c04,5,0,0,0,0,0,white,HandstandWalking
v_HandstandWalking_g02_c02,0,4,0,0,0,1,asian,HandstandWalking
v_HandstandWalking_g02_c04,0,2,3,0,0,0,black,HandstandWalking
v_HandstandWalking_g03_c03,0,0,4,0,0,1,black,HandstandWalking
v_HandstandWalking_g03_c04,0,0,2,3,0,0,middle_eastern,HandstandWalking
v_HandstandWalking_g04_c01,0,0,0,0,0,5,hispanic,HandstandWalking
v_HandstandWalking_g04_c03,2,0,2,0,1,0,white,HandstandWalking
v_HandstandWalking_g04_c04,3,0,2,0,0,0,white,HandstandWalking
v_HandstandWalking_g07_c06,1,1,0,1,0,2,hispanic,HandstandWalking
v_HandstandWalking_g08_c01,0,1,1,3,0,0,middle_eastern,HandstandWalking
v_HandstandWalking_g09_c01,0,0,0,0,0,5,hispanic,HandstandWalking
v_HandstandWalking_g09_c04,0,1,2,0,0,2,black,HandstandWalking
v_HandstandWalking_g11_c02,0,0,5,0,0,0,black,HandstandWalking
v_HandstandWalking_g11_c03,0,2,0,0,0,3,hispanic,HandstandWalking
v_HandstandWalking_g14_c02,0,0,4,0,0,1,black,HandstandWalking
v_HandstandWalking_g14_c03,0,2,2,0,1,0,asian,HandstandWalking
v_HandstandWalking_g16_c03,0,0,5,0,0,0,black,HandstandWalking
v_HandstandWalking_g16_c04,0,0,5,0,0,0,black,HandstandWalking
v_HandstandWalking_g17_c01,0,2,1,0,0,2,asian,HandstandWalking
v_HandstandWalking_g17_c04,0,1,0,0,2,2,indian,HandstandWalking
v_HandstandWalking_g18_c01,0,4,1,0,0,0,asian,HandstandWalking
v_HandstandWalking_g18_c02,1,4,0,0,0,0,asian,HandstandWalking
v_HandstandWalking_g18_c06,3,1,1,0,0,0,white,HandstandWalking
v_HandstandWalking_g19_c02,1,3,0,0,0,1,asian,HandstandWalking
v_HandstandWalking_g20_c04,0,0,0,0,5,0,indian,HandstandWalking
v_HandstandWalking_g22_c02,0,1,1,0,0,3,hispanic,HandstandWalking
v_HandstandWalking_g23_c03,0,2,0,0,3,0,indian,HandstandWalking
v_HandstandWalking_g24_c01,2,1,1,0,0,1,white,HandstandWalking
v_HandstandWalking_g24_c02,2,2,0,0,0,1,white,HandstandWalking
v_HandstandWalking_g24_c03,0,1,3,0,0,1,black,HandstandWalking
v_HandstandWalking_g24_c06,0,2,0,0,0,3,hispanic,HandstandWalking
v_HandstandWalking_g25_c03,0,2,0,0,0,3,hispanic,HandstandWalking
v_HandstandWalking_g25_c04,0,0,5,0,0,0,black,HandstandWalking
v_HeadMassage_g07_c01,0,0,0,1,4,0,indian,HeadMassage
v_HeadMassage_g07_c02,1,1,0,1,2,0,indian,HeadMassage
v_HeadMassage_g07_c03,0,0,2,0,1,2,black,HeadMassage
v_HeadMassage_g08_c01,2,0,0,0,3,0,indian,HeadMassage
v_HeadMassage_g08_c02,2,0,0,0,0,3,hispanic,HeadMassage
v_HeadMassage_g08_c03,0,0,1,0,1,3,hispanic,HeadMassage
v_HeadMassage_g08_c07,1,0,0,0,4,0,indian,HeadMassage
v_HeadMassage_g10_c03,0,0,1,0,4,0,indian,HeadMassage
v_HeadMassage_g10_c04,0,0,0,0,5,0,indian,HeadMassage
v_HeadMassage_g11_c05,0,1,0,0,4,0,indian,HeadMassage
v_HeadMassage_g11_c06,0,2,0,0,3,0,indian,HeadMassage
v_HeadMassage_g11_c07,0,2,0,0,3,0,indian,HeadMassage
v_HeadMassage_g12_c05,0,0,0,2,2,1,middle_eastern,HeadMassage
v_HeadMassage_g13_c03,0,0,3,0,2,0,black,HeadMassage
v_HeadMassage_g15_c04,0,0,0,0,1,4,hispanic,HeadMassage
v_HeadMassage_g15_c06,3,0,1,0,0,1,white,HeadMassage
v_HeadMassage_g17_c02,0,0,0,5,0,0,middle_eastern,HeadMassage
v_HeadMassage_g18_c01,0,0,0,0,5,0,indian,HeadMassage
v_HeadMassage_g18_c04,0,0,1,0,4,0,indian,HeadMassage
v_HeadMassage_g18_c07,0,0,2,0,3,0,indian,HeadMassage
v_HeadMassage_g20_c03,1,0,2,0,1,1,black,HeadMassage
v_HeadMassage_g22_c03,0,0,0,0,3,2,indian,HeadMassage
v_HeadMassage_g22_c05,0,0,0,0,3,2,indian,HeadMassage
v_HighJump_g01_c01,0,2,2,1,0,0,asian,HighJump
v_HighJump_g01_c02,0,3,2,0,0,0,asian,HighJump
v_HighJump_g02_c02,0,2,2,1,0,0,asian,HighJump
v_HighJump_g03_c02,1,0,1,2,0,1,middle_eastern,HighJump
v_HighJump_g03_c04,1,0,1,3,0,0,middle_eastern,HighJump
v_HighJump_g04_c01,0,0,5,0,0,0,black,HighJump
v_HighJump_g05_c04,1,0,1,3,0,0,middle_eastern,HighJump
v_HighJump_g06_c01,1,0,0,1,0,3,hispanic,HighJump
v_HighJump_g07_c04,2,0,2,0,0,1,white,HighJump
v_HighJump_g09_c04,1,1,1,0,0,2,hispanic,HighJump
v_HighJump_g10_c02,3,0,1,1,0,0,white,HighJump
v_HighJump_g11_c03,0,1,1,2,1,0,middle_eastern,HighJump
v_HighJump_g11_c07,0,0,2,3,0,0,middle_eastern,HighJump
v_HighJump_g12_c01,0,5,0,0,0,0,asian,HighJump
v_HighJump_g12_c03,0,0,5,0,0,0,black,HighJump
v_HighJump_g13_c05,0,2,2,0,0,1,asian,HighJump
v_HighJump_g14_c02,0,0,2,0,0,3,hispanic,HighJump
v_HighJump_g14_c03,2,0,2,0,0,1,white,HighJump
v_HighJump_g15_c03,2,2,1,0,0,0,white,HighJump
v_HighJump_g15_c04,0,0,1,0,0,4,hispanic,HighJump
v_HighJump_g16_c01,0,2,0,1,0,2,asian,HighJump
v_HighJump_g16_c04,3,0,2,0,0,0,white,HighJump
v_HighJump_g16_c05,0,0,1,3,0,1,middle_eastern,HighJump
v_HighJump_g17_c02,0,0,1,3,0,1,middle_eastern,HighJump
v_HighJump_g17_c03,1,1,0,0,0,3,hispanic,HighJump
v_HighJump_g18_c01,1,0,0,2,0,2,middle_eastern,HighJump
v_HighJump_g18_c04,4,1,0,0,0,0,white,HighJump
v_HighJump_g19_c01,2,0,1,0,0,2,white,HighJump
v_HighJump_g19_c03,1,0,4,0,0,0,black,HighJump
v_HighJump_g19_c05,2,1,1,0,0,1,white,HighJump
v_HighJump_g20_c02,2,2,1,0,0,0,white,HighJump
v_HighJump_g20_c03,1,1,3,0,0,0,black,HighJump
v_HighJump_g20_c05,0,1,2,2,0,0,black,HighJump
v_HighJump_g21_c01,3,0,1,1,0,0,white,HighJump
v_HighJump_g21_c04,0,0,4,1,0,0,black,HighJump
v_HighJump_g22_c03,0,0,1,2,2,0,middle_eastern,HighJump
v_HighJump_g22_c04,5,0,0,0,0,0,white,HighJump
v_HighJump_g22_c05,0,0,2,3,0,0,middle_eastern,HighJump
v_HighJump_g23_c03,2,0,2,1,0,0,white,HighJump
v_HighJump_g23_c06,1,0,1,3,0,0,middle_eastern,HighJump
v_HighJump_g24_c04,1,4,0,0,0,0,asian,HighJump
v_HighJump_g25_c01,1,1,0,3,0,0,middle_eastern,HighJump
v_HighJump_g25_c03,1,0,0,1,0,3,hispanic,HighJump
v_HighJump_g25_c04,3,1,0,0,0,1,white,HighJump
v_HighJump_g25_c05,0,2,3,0,0,0,black,HighJump
v_HorseRace_g01_c04,0,4,1,0,0,0,asian,HorseRace
v_HorseRace_g02_c01,0,1,0,4,0,0,middle_eastern,HorseRace
v_HorseRace_g02_c02,3,1,1,0,0,0,white,HorseRace
v_HorseRace_g03_c03,0,5,0,0,0,0,asian,HorseRace
v_HorseRace_g04_c01,0,5,0,0,0,0,asian,HorseRace
v_HorseRace_g04_c02,0,0,1,0,4,0,indian,HorseRace
v_HorseRace_g04_c06,0,0,2,3,0,0,middle_eastern,HorseRace
v_HorseRace_g05_c01,0,2,3,0,0,0,black,HorseRace
v_HorseRace_g05_c04,0,0,5,0,0,0,black,HorseRace
v_HorseRace_g10_c02,0,0,5,0,0,0,black,HorseRace
v_HorseRace_g10_c03,0,1,4,0,0,0,black,HorseRace
v_HorseRace_g11_c01,1,1,1,0,0,2,hispanic,HorseRace
v_HorseRace_g11_c03,0,1,4,0,0,0,black,HorseRace
v_HorseRace_g11_c05,0,1,3,0,0,1,black,HorseRace
v_HorseRace_g11_c06,2,0,2,0,0,1,white,HorseRace
v_HorseRace_g12_c03,0,1,4,0,0,0,black,HorseRace
v_HorseRace_g13_c05,0,4,1,0,0,0,asian,HorseRace
v_HorseRace_g14_c03,0,3,2,0,0,0,asian,HorseRace
v_HorseRace_g15_c01,0,3,2,0,0,0,asian,HorseRace
v_HorseRace_g18_c02,4,0,1,0,0,0,white,HorseRace
v_HorseRace_g18_c03,0,0,1,0,0,4,hispanic,HorseRace
v_HorseRace_g18_c05,0,2,2,0,0,1,asian,HorseRace
v_HorseRace_g19_c02,0,1,4,0,0,0,black,HorseRace
v_HorseRace_g19_c03,0,1,3,1,0,0,black,HorseRace
v_HorseRace_g20_c01,0,2,2,0,0,1,asian,HorseRace
v_HorseRace_g20_c02,0,1,0,0,0,4,hispanic,HorseRace
v_HorseRace_g20_c03,0,0,1,0,0,4,hispanic,HorseRace
v_HorseRace_g21_c03,0,2,2,0,0,1,asian,HorseRace
v_HorseRace_g22_c01,0,5,0,0,0,0,asian,HorseRace
v_HorseRace_g23_c01,0,5,0,0,0,0,asian,HorseRace
v_HorseRace_g24_c05,3,0,2,0,0,0,white,HorseRace
v_HorseRiding_g01_c04,3,0,2,0,0,0,white,HorseRiding
v_HorseRiding_g01_c05,1,0,1,3,0,0,middle_eastern,HorseRiding
v_HorseRiding_g01_c07,3,2,0,0,0,0,white,HorseRiding
v_HorseRiding_g03_c03,2,0,0,0,0,3,hispanic,HorseRiding
v_HorseRiding_g03_c05,3,0,2,0,0,0,white,HorseRiding
v_HorseRiding_g03_c07,3,0,1,0,0,1,white,HorseRiding
v_HorseRiding_g04_c02,3,0,2,0,0,0,white,HorseRiding
v_HorseRiding_g04_c03,5,0,0,0,0,0,white,HorseRiding
v_HorseRiding_g05_c06,0,0,5,0,0,0,black,HorseRiding
v_HorseRiding_g05_c07,0,1,4,0,0,0,black,HorseRiding
v_HorseRiding_g07_c03,0,0,1,0,3,1,indian,HorseRiding
v_HorseRiding_g07_c04,0,0,1,0,0,4,hispanic,HorseRiding
v_HorseRiding_g07_c06,0,0,2,0,3,0,indian,HorseRiding
v_HorseRiding_g08_c02,3,0,2,0,0,0,white,HorseRiding
v_HorseRiding_g08_c04,2,1,2,0,0,0,white,HorseRiding
v_HorseRiding_g08_c05,2,0,0,0,0,3,hispanic,HorseRiding
v_HorseRiding_g08_c06,2,0,3,0,0,0,black,HorseRiding
v_HorseRiding_g09_c06,0,2,0,0,2,1,asian,HorseRiding
v_HorseRiding_g10_c02,3,0,2,0,0,0,white,HorseRiding
v_HorseRiding_g10_c03,4,0,1,0,0,0,white,HorseRiding
v_HorseRiding_g10_c04,4,0,1,0,0,0,white,HorseRiding
v_HorseRiding_g10_c06,0,2,0,2,1,0,asian,HorseRiding
v_HorseRiding_g11_c05,4,0,1,0,0,0,white,HorseRiding
v_HorseRiding_g12_c03,2,0,0,3,0,0,middle_eastern,HorseRiding
v_HorseRiding_g12_c05,0,0,2,0,3,0,indian,HorseRiding
v_HorseRiding_g12_c07,1,1,0,0,3,0,indian,HorseRiding
v_HorseRiding_g14_c01,0,0,0,0,2,3,hispanic,HorseRiding
v_HorseRiding_g14_c03,2,1,2,0,0,0,white,HorseRiding
v_HorseRiding_g14_c06,0,0,2,0,0,3,hispanic,HorseRiding
v_HorseRiding_g14_c07,4,0,1,0,0,0,white,HorseRiding
v_HorseRiding_g15_c01,0,1,2,0,1,1,black,HorseRiding
v_HorseRiding_g15_c02,0,2,3,0,0,0,black,HorseRiding
v_HorseRiding_g15_c05,1,0,1,1,0,2,hispanic,HorseRiding
v_HorseRiding_g16_c01,0,4,1,0,0,0,asian,HorseRiding
v_HorseRiding_g19_c04,0,1,0,0,2,2,indian,HorseRiding
v_HorseRiding_g19_c05,0,1,1,0,0,3,hispanic,HorseRiding
v_HorseRiding_g19_c06,0,3,2,0,0,0,asian,HorseRiding
v_HorseRiding_g19_c07,0,4,0,0,0,1,asian,HorseRiding
v_HorseRiding_g20_c07,2,0,0,0,3,0,indian,HorseRiding
v_HorseRiding_g21_c06,0,0,2,0,0,3,hispanic,HorseRiding
v_HorseRiding_g23_c01,0,1,0,0,4,0,indian,HorseRiding
v_HorseRiding_g23_c04,0,3,2,0,0,0,asian,HorseRiding
v_HorseRiding_g23_c05,3,0,2,0,0,0,white,HorseRiding
v_HorseRiding_g24_c01,0,2,0,0,3,0,indian,HorseRiding
v_HorseRiding_g24_c03,1,0,0,0,4,0,indian,HorseRiding
v_HorseRiding_g24_c04,2,0,0,3,0,0,middle_eastern,HorseRiding
v_HorseRiding_g24_c07,0,4,0,1,0,0,asian,HorseRiding
v_HorseRiding_g25_c01,0,2,1,0,0,2,asian,HorseRiding
v_HorseRiding_g25_c07,1,0,1,0,1,2,hispanic,HorseRiding
v_HulaHoop_g01_c03,0,1,0,0,0,4,hispanic,HulaHoop
v_HulaHoop_g01_c04,0,1,0,0,0,4,hispanic,HulaHoop
v_HulaHoop_g01_c06,0,2,0,0,0,3,hispanic,HulaHoop
v_HulaHoop_g02_c01,0,1,1,0,0,3,hispanic,HulaHoop
v_HulaHoop_g02_c02,0,1,2,0,0,2,black,HulaHoop
v_HulaHoop_g03_c05,2,2,0,0,1,0,white,HulaHoop
v_HulaHoop_g04_c02,1,3,1,0,0,0,asian,HulaHoop
v_HulaHoop_g04_c03,1,4,0,0,0,0,asian,HulaHoop
v_HulaHoop_g05_c04,0,1,4,0,0,0,black,HulaHoop
v_HulaHoop_g06_c02,1,2,2,0,0,0,asian,HulaHoop
v_HulaHoop_g06_c04,4,0,0,1,0,0,white,HulaHoop
v_HulaHoop_g07_c05,3,0,0,0,0,2,white,HulaHoop
v_HulaHoop_g08_c01,0,2,0,0,0,3,hispanic,HulaHoop
v_HulaHoop_g08_c04,0,0,0,3,0,2,middle_eastern,HulaHoop
v_HulaHoop_g08_c05,5,0,0,0,0,0,white,HulaHoop
v_HulaHoop_g10_c04,4,1,0,0,0,0,white,HulaHoop
v_HulaHoop_g11_c02,1,0,1,0,0,3,hispanic,HulaHoop
v_HulaHoop_g12_c02,4,1,0,0,0,0,white,HulaHoop
v_HulaHoop_g12_c04,2,1,0,0,0,2,white,HulaHoop
v_HulaHoop_g12_c05,3,0,0,0,0,2,white,HulaHoop
v_HulaHoop_g13_c04,0,0,0,0,0,5,hispanic,HulaHoop
v_HulaHoop_g13_c06,0,0,0,0,0,5,hispanic,HulaHoop
v_HulaHoop_g15_c03,2,0,0,3,0,0,middle_eastern,HulaHoop
v_HulaHoop_g15_c05,4,1,0,0,0,0,white,HulaHoop
v_HulaHoop_g16_c03,0,0,0,0,0,5,hispanic,HulaHoop
v_HulaHoop_g16_c04,0,0,2,1,0,2,black,HulaHoop
v_HulaHoop_g16_c05,0,2,0,0,0,3,hispanic,HulaHoop
v_HulaHoop_g17_c03,2,0,3,0,0,0,black,HulaHoop
v_HulaHoop_g19_c04,0,2,0,0,3,0,indian,HulaHoop
v_HulaHoop_g20_c01,3,2,0,0,0,0,white,HulaHoop
v_HulaHoop_g20_c03,5,0,0,0,0,0,white,HulaHoop
v_HulaHoop_g20_c06,4,0,0,0,0,1,white,HulaHoop
v_HulaHoop_g22_c01,1,2,2,0,0,0,asian,HulaHoop
v_HulaHoop_g25_c01,0,1,0,4,0,0,middle_eastern,HulaHoop
v_HulaHoop_g25_c02,0,0,0,2,3,0,indian,HulaHoop
v_HulaHoop_g25_c05,1,0,0,3,1,0,middle_eastern,HulaHoop
v_IceDancing_g01_c01,1,0,2,0,0,2,black,IceDancing
v_IceDancing_g01_c05,1,1,1,1,0,1,white,IceDancing
v_IceDancing_g02_c02,0,1,1,0,0,3,hispanic,IceDancing
v_IceDancing_g02_c03,1,0,1,0,0,3,hispanic,IceDancing
v_IceDancing_g02_c04,0,2,0,0,0,3,hispanic,IceDancing
v_IceDancing_g03_c03,0,1,1,0,0,3,hispanic,IceDancing
v_IceDancing_g03_c05,0,1,1,0,0,3,hispanic,IceDancing
v_IceDancing_g04_c06,0,0,2,2,0,1,black,IceDancing
v_IceDancing_g05_c03,0,1,2,0,0,2,black,IceDancing
v_IceDancing_g05_c04,0,2,3,0,0,0,black,IceDancing
v_IceDancing_g05_c05,0,1,2,1,0,1,black,IceDancing
v_IceDancing_g06_c03,0,1,4,0,0,0,black,IceDancing
v_IceDancing_g07_c01,0,1,3,0,0,1,black,IceDancing
v_IceDancing_g07_c02,0,2,2,0,0,1,asian,IceDancing
v_IceDancing_g07_c03,0,0,3,0,0,2,black,IceDancing
v_IceDancing_g07_c04,0,3,2,0,0,0,asian,IceDancing
v_IceDancing_g08_c06,0,2,2,0,0,1,asian,IceDancing
v_IceDancing_g09_c01,0,1,0,0,0,4,hispanic,IceDancing
v_IceDancing_g09_c02,0,0,4,0,0,1,black,IceDancing
v_IceDancing_g09_c03,0,0,0,1,0,4,hispanic,IceDancing
v_IceDancing_g09_c06,0,0,3,0,0,2,black,IceDancing
v_IceDancing_g10_c03,0,4,1,0,0,0,asian,IceDancing
v_IceDancing_g10_c04,0,2,1,0,0,2,asian,IceDancing
v_IceDancing_g10_c06,0,3,2,0,0,0,asian,IceDancing
v_IceDancing_g11_c01,2,0,3,0,0,0,black,IceDancing
v_IceDancing_g12_c01,1,1,3,0,0,0,black,IceDancing
v_IceDancing_g12_c02,1,1,3,0,0,0,black,IceDancing
v_IceDancing_g14_c02,0,3,1,0,0,1,asian,IceDancing
v_IceDancing_g14_c03,0,4,1,0,0,0,asian,IceDancing
v_IceDancing_g14_c06,0,2,0,0,0,3,hispanic,IceDancing
v_IceDancing_g15_c01,0,1,3,0,0,1,black,IceDancing
v_IceDancing_g15_c03,0,1,1,2,0,1,middle_eastern,IceDancing
v_IceDancing_g16_c01,0,0,2,3,0,0,middle_eastern,IceDancing
v_IceDancing_g17_c01,0,4,1,0,0,0,asian,IceDancing
v_IceDancing_g18_c01,1,1,1,0,0,2,hispanic,IceDancing
v_IceDancing_g18_c02,1,0,0,0,2,2,indian,IceDancing
v_IceDancing_g18_c05,2,1,0,0,0,2,white,IceDancing
v_IceDancing_g19_c07,1,1,3,0,0,0,black,IceDancing
v_IceDancing_g20_c01,0,2,2,0,0,1,asian,IceDancing
v_IceDancing_g20_c03,0,2,2,0,0,1,asian,IceDancing
v_IceDancing_g21_c03,2,2,1,0,0,0,white,IceDancing
v_IceDancing_g21_c04,1,2,2,0,0,0,asian,IceDancing
v_IceDancing_g21_c06,4,0,1,0,0,0,white,IceDancing
v_IceDancing_g22_c01,0,1,0,1,0,3,hispanic,IceDancing
v_IceDancing_g22_c05,0,2,1,0,0,2,asian,IceDancing
v_IceDancing_g22_c07,0,0,2,0,0,3,hispanic,IceDancing
v_IceDancing_g23_c01,0,0,2,0,0,3,hispanic,IceDancing
v_IceDancing_g23_c06,0,1,1,0,0,3,hispanic,IceDancing
v_IceDancing_g23_c07,0,1,1,0,0,3,hispanic,IceDancing
v_IceDancing_g25_c01,0,1,3,0,0,1,black,IceDancing
v_IceDancing_g25_c03,0,0,2,0,0,3,hispanic,IceDancing
v_IceDancing_g25_c05,1,0,2,0,0,2,black,IceDancing
v_IceDancing_g25_c06,0,0,5,0,0,0,black,IceDancing
v_JavelinThrow_g01_c02,0,0,1,3,0,1,middle_eastern,JavelinThrow
v_JavelinThrow_g01_c03,2,2,1,0,0,0,white,JavelinThrow
v_JavelinThrow_g03_c02,2,0,2,0,0,1,white,JavelinThrow
v_JavelinThrow_g03_c03,3,0,2,0,0,0,white,JavelinThrow
v_JavelinThrow_g04_c03,2,1,1,0,0,1,white,JavelinThrow
v_JavelinThrow_g05_c01,5,0,0,0,0,0,white,JavelinThrow
v_JavelinThrow_g05_c05,4,0,1,0,0,0,white,JavelinThrow
v_JavelinThrow_g05_c06,5,0,0,0,0,0,white,JavelinThrow
v_JavelinThrow_g07_c04,0,0,5,0,0,0,black,JavelinThrow
v_JavelinThrow_g07_c05,2,0,3,0,0,0,black,JavelinThrow
v_JavelinThrow_g08_c02,3,0,2,0,0,0,white,JavelinThrow
v_JavelinThrow_g08_c04,4,0,0,0,1,0,white,JavelinThrow
v_JavelinThrow_g09_c01,2,0,1,0,1,1,white,JavelinThrow
v_JavelinThrow_g11_c01,0,5,0,0,0,0,asian,JavelinThrow
v_JavelinThrow_g11_c03,5,0,0,0,0,0,white,JavelinThrow
v_JavelinThrow_g11_c04,2,0,0,0,3,0,indian,JavelinThrow
v_JavelinThrow_g11_c05,5,0,0,0,0,0,white,JavelinThrow
v_JavelinThrow_g12_c01,3,0,2,0,0,0,white,JavelinThrow
v_JavelinThrow_g12_c03,5,0,0,0,0,0,white,JavelinThrow
v_JavelinThrow_g13_c01,0,0,4,0,1,0,black,JavelinThrow
v_JavelinThrow_g13_c04,3,0,1,0,1,0,white,JavelinThrow
v_JavelinThrow_g14_c01,0,0,5,0,0,0,black,JavelinThrow
v_JavelinThrow_g14_c02,1,0,4,0,0,0,black,JavelinThrow
v_JavelinThrow_g15_c05,1,1,0,0,1,2,hispanic,JavelinThrow
v_JavelinThrow_g17_c04,4,0,1,0,0,0,white,JavelinThrow
v_JavelinThrow_g18_c01,3,0,1,0,0,1,white,JavelinThrow
v_JavelinThrow_g18_c04,4,0,1,0,0,0,white,JavelinThrow
v_JavelinThrow_g19_c01,4,0,0,0,1,0,white,JavelinThrow
v_JavelinThrow_g19_c02,3,0,0,0,2,0,white,JavelinThrow
v_JavelinThrow_g20_c03,2,0,3,0,0,0,black,JavelinThrow
v_JavelinThrow_g21_c02,4,0,1,0,0,0,white,JavelinThrow
v_JavelinThrow_g21_c03,5,0,0,0,0,0,white,JavelinThrow
v_JavelinThrow_g22_c04,3,1,1,0,0,0,white,JavelinThrow
v_JavelinThrow_g23_c01,1,1,3,0,0,0,black,JavelinThrow
v_JavelinThrow_g23_c05,1,2,2,0,0,0,asian,JavelinThrow
v_JavelinThrow_g24_c01,1,2,0,0,2,0,asian,JavelinThrow
v_JavelinThrow_g24_c03,4,0,0,0,1,0,white,JavelinThrow
v_JavelinThrow_g24_c05,4,0,0,1,0,0,white,JavelinThrow
v_JavelinThrow_g25_c03,1,3,1,0,0,0,asian,JavelinThrow
v_JugglingBalls_g06_c04,0,0,0,1,3,1,indian,JugglingBalls
v_JugglingBalls_g06_c05,0,0,0,2,3,0,indian,JugglingBalls
v_JugglingBalls_g06_c06,0,0,0,0,3,2,indian,JugglingBalls
v_JugglingBalls_g07_c01,0,0,1,2,0,2,middle_eastern,JugglingBalls
v_JugglingBalls_g07_c04,1,2,0,0,0,2,asian,JugglingBalls
v_JugglingBalls_g07_c06,1,1,0,1,0,2,hispanic,JugglingBalls
v_JugglingBalls_g10_c01,2,1,1,0,0,1,white,JugglingBalls
v_JugglingBalls_g10_c03,2,1,2,0,0,0,white,JugglingBalls
v_JugglingBalls_g11_c01,4,0,0,0,0,1,white,JugglingBalls
v_JugglingBalls_g19_c03,2,0,0,0,0,3,hispanic,JugglingBalls
v_JugglingBalls_g20_c02,2,2,0,0,0,1,white,JugglingBalls
v_JugglingBalls_g20_c04,1,2,0,0,0,2,asian,JugglingBalls
v_JugglingBalls_g22_c02,1,0,4,0,0,0,black,JugglingBalls
v_JugglingBalls_g22_c06,1,0,3,0,0,1,black,JugglingBalls
v_JumpRope_g02_c02,0,0,1,0,0,4,hispanic,JumpRope
v_JumpRope_g02_c03,1,0,0,0,0,4,hispanic,JumpRope
v_JumpRope_g02_c07,2,0,0,0,0,3,hispanic,JumpRope
v_JumpRope_g03_c03,1,1,2,0,0,1,black,JumpRope
v_JumpRope_g04_c02,1,2,1,0,0,1,asian,JumpRope
v_JumpRope_g04_c05,2,1,2,0,0,0,white,JumpRope
v_JumpRope_g04_c06,2,1,2,0,0,0,white,JumpRope
v_JumpRope_g04_c07,3,0,2,0,0,0,white,JumpRope
v_JumpRope_g07_c03,0,2,2,0,0,1,asian,JumpRope
v_JumpRope_g07_c04,0,3,2,0,0,0,asian,JumpRope
v_JumpRope_g09_c03,1,2,0,0,0,2,asian,JumpRope
v_JumpRope_g09_c06,1,2,0,0,0,2,asian,JumpRope
v_JumpRope_g11_c02,0,1,4,0,0,0,black,JumpRope
v_JumpRope_g11_c03,1,1,3,0,0,0,black,JumpRope
v_JumpRope_g11_c05,1,0,4,0,0,0,black,JumpRope
v_JumpRope_g14_c01,1,3,1,0,0,0,asian,JumpRope
v_JumpRope_g15_c03,0,0,0,3,0,2,middle_eastern,JumpRope
v_JumpRope_g15_c05,0,3,2,0,0,0,asian,JumpRope
v_JumpRope_g15_c06,1,0,0,4,0,0,middle_eastern,JumpRope
v_JumpRope_g18_c01,2,3,0,0,0,0,asian,JumpRope
v_JumpRope_g18_c02,0,5,0,0,0,0,asian,JumpRope
v_JumpRope_g18_c03,0,5,0,0,0,0,asian,JumpRope
v_JumpRope_g23_c01,2,0,0,1,0,2,white,JumpRope
v_JumpRope_g23_c02,1,2,0,2,0,0,asian,JumpRope
v_JumpingJack_g01_c04,1,3,1,0,0,0,asian,JumpingJack
v_JumpingJack_g01_c05,0,5,0,0,0,0,asian,JumpingJack
v_JumpingJack_g01_c06,0,3,2,0,0,0,asian,JumpingJack
v_JumpingJack_g04_c02,2,0,1,0,0,2,white,JumpingJack
v_JumpingJack_g04_c03,2,2,1,0,0,0,white,JumpingJack
v_JumpingJack_g05_c02,0,0,5,0,0,0,black,JumpingJack
v_JumpingJack_g05_c03,1,0,3,0,0,1,black,JumpingJack
v_JumpingJack_g05_c05,2,1,0,1,0,1,white,JumpingJack
v_JumpingJack_g10_c02,0,0,0,3,0,2,middle_eastern,JumpingJack
v_JumpingJack_g11_c02,0,3,2,0,0,0,asian,JumpingJack
v_JumpingJack_g12_c02,2,0,0,0,0,3,hispanic,JumpingJack
v_JumpingJack_g13_c01,0,2,1,1,1,0,asian,JumpingJack
v_JumpingJack_g13_c04,1,1,1,0,0,2,hispanic,JumpingJack
v_JumpingJack_g13_c05,2,0,3,0,0,0,black,JumpingJack
v_JumpingJack_g15_c02,0,0,0,0,0,5,hispanic,JumpingJack
v_JumpingJack_g15_c03,0,0,2,0,0,3,hispanic,JumpingJack
v_JumpingJack_g16_c02,5,0,0,0,0,0,white,JumpingJack
v_JumpingJack_g16_c04,3,2,0,0,0,0,white,JumpingJack
v_JumpingJack_g19_c06,0,0,0,0,0,5,hispanic,JumpingJack
v_JumpingJack_g20_c01,0,0,5,0,0,0,black,JumpingJack
v_JumpingJack_g20_c03,0,0,3,0,0,2,black,JumpingJack
v_JumpingJack_g25_c02,0,0,0,0,0,5,hispanic,JumpingJack
v_JumpingJack_g25_c03,0,1,0,0,0,4,hispanic,JumpingJack
v_JumpingJack_g25_c07,0,1,0,0,0,4,hispanic,JumpingJack
v_Kayaking_g01_c01,1,0,0,3,1,0,middle_eastern,Kayaking
v_Kayaking_g01_c02,2,0,3,0,0,0,black,Kayaking
v_Kayaking_g02_c01,1,0,4,0,0,0,black,Kayaking
v_Kayaking_g02_c02,1,0,1,0,3,0,indian,Kayaking
v_Kayaking_g04_c01,3,0,2,0,0,0,white,Kayaking
v_Kayaking_g04_c03,3,0,1,0,0,1,white,Kayaking
v_Kayaking_g04_c04,2,0,2,1,0,0,white,Kayaking
v_Kayaking_g04_c07,1,0,1,0,1,2,hispanic,Kayaking
v_Kayaking_g05_c01,1,0,0,1,2,1,indian,Kayaking
v_Kayaking_g05_c02,0,2,2,1,0,0,asian,Kayaking
v_Kayaking_g06_c04,1,0,4,0,0,0,black,Kayaking
v_Kayaking_g06_c05,1,0,4,0,0,0,black,Kayaking
v_Kayaking_g06_c06,0,0,5,0,0,0,black,Kayaking
v_Kayaking_g07_c03,1,0,1,1,0,2,hispanic,Kayaking
v_Kayaking_g07_c04,1,0,2,2,0,0,black,Kayaking
v_Kayaking_g08_c04,3,0,2,0,0,0,white,Kayaking
v_Kayaking_g11_c02,2,0,3,0,0,0,black,Kayaking
v_Kayaking_g11_c03,0,0,4,0,0,1,black,Kayaking
v_Kayaking_g11_c06,0,0,3,0,0,2,black,Kayaking
v_Kayaking_g12_c03,0,0,2,0,3,0,indian,Kayaking
v_Kayaking_g12_c04,0,0,1,0,4,0,indian,Kayaking
v_Kayaking_g13_c04,2,1,0,0,1,1,white,Kayaking
v_Kayaking_g15_c01,5,0,0,0,0,0,white,Kayaking
v_Kayaking_g16_c01,5,0,0,0,0,0,white,Kayaking
v_Kayaking_g16_c03,3,0,2,0,0,0,white,Kayaking
v_Kayaking_g16_c06,3,0,2,0,0,0,white,Kayaking
v_Kayaking_g16_c07,2,3,0,0,0,0,asian,Kayaking
v_Kayaking_g18_c03,4,0,1,0,0,0,white,Kayaking
v_Kayaking_g18_c04,3,0,2,0,0,0,white,Kayaking
v_Kayaking_g18_c07,5,0,0,0,0,0,white,Kayaking
v_Kayaking_g19_c01,0,0,0,1,1,3,hispanic,Kayaking
v_Kayaking_g19_c03,0,0,4,0,1,0,black,Kayaking
v_Kayaking_g19_c04,4,0,0,1,0,0,white,Kayaking
v_Kayaking_g21_c03,0,2,2,0,1,0,asian,Kayaking
v_Kayaking_g21_c07,0,2,0,0,1,2,asian,Kayaking
v_Kayaking_g22_c01,1,1,1,0,1,1,white,Kayaking
v_Kayaking_g22_c04,1,0,2,0,0,2,black,Kayaking
v_Kayaking_g23_c01,2,3,0,0,0,0,asian,Kayaking
v_Kayaking_g23_c03,3,0,1,0,1,0,white,Kayaking
v_Kayaking_g23_c05,2,1,0,0,1,1,white,Kayaking
v_Kayaking_g23_c06,1,1,0,0,0,3,hispanic,Kayaking
v_Kayaking_g25_c02,0,2,2,0,0,1,asian,Kayaking
v_Kayaking_g25_c03,4,1,0,0,0,0,white,Kayaking
v_Knitting_g01_c02,3,0,0,0,0,2,white,Knitting
v_Knitting_g01_c04,5,0,0,0,0,0,white,Knitting
v_Knitting_g02_c05,0,1,0,0,0,4,hispanic,Knitting
v_Knitting_g06_c01,3,1,0,0,0,1,white,Knitting
v_Knitting_g06_c03,3,0,2,0,0,0,white,Knitting
v_Knitting_g07_c01,3,0,0,0,0,2,white,Knitting
v_Knitting_g07_c02,3,0,0,0,0,2,white,Knitting
v_Knitting_g12_c01,2,0,0,0,0,3,hispanic,Knitting
v_Knitting_g13_c01,3,0,0,0,0,2,white,Knitting
v_Knitting_g15_c04,4,0,0,0,0,1,white,Knitting
v_Knitting_g15_c07,4,0,0,0,0,1,white,Knitting
v_Knitting_g16_c04,5,0,0,0,0,0,white,Knitting
v_Knitting_g17_c02,1,1,0,0,0,3,hispanic,Knitting
v_Knitting_g17_c04,1,1,0,0,0,3,hispanic,Knitting
v_Knitting_g18_c03,1,1,0,0,0,3,hispanic,Knitting
v_LongJump_g01_c01,1,3,1,0,0,0,asian,LongJump
v_LongJump_g03_c04,0,1,2,1,0,1,black,LongJump
v_LongJump_g03_c05,0,0,0,2,0,3,hispanic,LongJump
v_LongJump_g03_c06,0,0,3,2,0,0,black,LongJump
v_LongJump_g04_c02,1,3,0,0,1,0,asian,LongJump
v_LongJump_g04_c05,0,5,0,0,0,0,asian,LongJump
v_LongJump_g05_c02,2,2,1,0,0,0,white,LongJump
v_LongJump_g05_c03,0,2,3,0,0,0,black,LongJump
v_LongJump_g06_c01,0,0,5,0,0,0,black,LongJump
v_LongJump_g06_c03,0,1,4,0,0,0,black,LongJump
v_LongJump_g07_c01,1,1,0,2,1,0,middle_eastern,LongJump
v_LongJump_g07_c03,1,2,1,1,0,0,asian,LongJump
v_LongJump_g07_c05,1,0,4,0,0,0,black,LongJump
v_LongJump_g08_c01,0,1,3,0,1,0,black,LongJump
v_LongJump_g08_c05,0,0,5,0,0,0,black,LongJump
v_LongJump_g08_c06,2,1,0,0,2,0,white,LongJump
v_LongJump_g09_c01,0,2,3,0,0,0,black,LongJump
v_LongJump_g09_c04,0,1,4,0,0,0,black,LongJump
v_LongJump_g09_c06,0,2,3,0,0,0,black,LongJump
v_LongJump_g12_c01,2,3,0,0,0,0,asian,LongJump
v_LongJump_g13_c02,2,1,2,0,0,0,white,LongJump
v_LongJump_g13_c05,3,0,2,0,0,0,white,LongJump
v_LongJump_g14_c01,0,2,3,0,0,0,black,LongJump
v_LongJump_g14_c04,0,1,2,2,0,0,black,LongJump
v_LongJump_g14_c05,0,2,0,3,0,0,middle_eastern,LongJump
v_LongJump_g16_c03,0,0,1,2,2,0,middle_eastern,LongJump
v_LongJump_g16_c05,0,0,1,1,3,0,indian,LongJump
v_LongJump_g17_c02,0,5,0,0,0,0,asian,LongJump
v_LongJump_g17_c03,3,2,0,0,0,0,white,LongJump
v_LongJump_g17_c04,3,2,0,0,0,0,white,LongJump
v_LongJump_g18_c01,1,1,3,0,0,0,black,LongJump
v_LongJump_g18_c02,1,3,1,0,0,0,asian,LongJump
v_LongJump_g18_c03,2,0,0,3,0,0,middle_eastern,LongJump
v_LongJump_g19_c03,0,1,2,1,1,0,black,LongJump
v_LongJump_g19_c05,3,2,0,0,0,0,white,LongJump
v_LongJump_g21_c03,3,0,1,1,0,0,white,LongJump
v_LongJump_g22_c01,0,0,3,0,0,2,black,LongJump
v_LongJump_g23_c02,2,0,3,0,0,0,black,LongJump
v_LongJump_g25_c02,2,0,2,0,0,1,white,LongJump
v_Lunges_g03_c04,3,0,0,0,0,2,white,Lunges
v_Lunges_g04_c02,3,0,0,0,0,2,white,Lunges
v_Lunges_g05_c03,0,0,2,0,1,2,black,Lunges
v_Lunges_g06_c03,3,0,0,0,0,2,white,Lunges
v_Lunges_g06_c07,1,0,0,2,1,1,middle_eastern,Lunges
v_Lunges_g07_c02,0,0,2,0,2,1,black,Lunges
v_Lunges_g07_c03,0,1,0,0,2,2,indian,Lunges
v_Lunges_g07_c06,3,0,0,0,0,2,white,Lunges
v_Lunges_g07_c07,1,1,0,0,0,3,hispanic,Lunges
v_Lunges_g10_c03,0,0,4,0,0,1,black,Lunges
v_Lunges_g10_c04,0,1,2,0,0,2,black,Lunges
v_Lunges_g10_c05,1,0,0,2,0,2,middle_eastern,Lunges
v_Lunges_g13_c01,5,0,0,0,0,0,white,Lunges
v_Lunges_g13_c03,4,1,0,0,0,0,white,Lunges
v_Lunges_g13_c04,5,0,0,0,0,0,white,Lunges
v_Lunges_g15_c02,1,0,1,0,0,3,hispanic,Lunges
v_Lunges_g16_c04,3,1,0,0,0,1,white,Lunges
v_Lunges_g19_c02,0,0,4,0,0,1,black,Lunges
v_Lunges_g19_c03,0,0,4,0,0,1,black,Lunges
v_Lunges_g19_c07,3,0,0,0,0,2,white,Lunges
v_Lunges_g20_c02,0,2,1,0,0,2,asian,Lunges
v_Lunges_g20_c04,0,1,1,0,0,3,hispanic,Lunges
v_Lunges_g22_c02,3,0,0,0,0,2,white,Lunges
v_Lunges_g23_c03,2,0,0,0,0,3,hispanic,Lunges
v_Lunges_g24_c04,3,0,0,0,0,2,white,Lunges
v_Lunges_g25_c03,0,0,0,0,0,5,hispanic,Lunges
v_Lunges_g25_c04,0,0,2,0,0,3,hispanic,Lunges
v_MilitaryParade_g01_c03,2,0,1,0,2,0,white,MilitaryParade
v_MilitaryParade_g01_c05,3,0,2,0,0,0,white,MilitaryParade
v_MilitaryParade_g04_c03,2,1,2,0,0,0,white,MilitaryParade
v_MilitaryParade_g05_c02,0,0,5,0,0,0,black,MilitaryParade
v_MilitaryParade_g05_c03,0,0,2,0,3,0,indian,MilitaryParade
v_MilitaryParade_g06_c01,3,2,0,0,0,0,white,MilitaryParade
v_MilitaryParade_g09_c05,0,0,3,0,2,0,black,MilitaryParade
v_MilitaryParade_g11_c03,4,1,0,0,0,0,white,MilitaryParade
v_MilitaryParade_g11_c04,4,0,0,0,1,0,white,MilitaryParade
v_MilitaryParade_g13_c02,0,1,4,0,0,0,black,MilitaryParade
v_MilitaryParade_g14_c01,0,0,5,0,0,0,black,MilitaryParade
v_MilitaryParade_g14_c05,0,0,5,0,0,0,black,MilitaryParade
v_MilitaryParade_g16_c04,0,2,0,0,0,3,hispanic,MilitaryParade
v_MilitaryParade_g17_c01,2,2,1,0,0,0,white,MilitaryParade
v_MilitaryParade_g17_c02,3,0,0,0,2,0,white,MilitaryParade
v_MilitaryParade_g18_c01,4,0,1,0,0,0,white,MilitaryParade
v_MilitaryParade_g18_c02,0,1,4,0,0,0,black,MilitaryParade
v_MilitaryParade_g19_c01,0,5,0,0,0,0,asian,MilitaryParade
v_MilitaryParade_g19_c07,2,3,0,0,0,0,asian,MilitaryParade
v_MilitaryParade_g20_c01,2,0,3,0,0,0,black,MilitaryParade
v_MilitaryParade_g20_c04,0,5,0,0,0,0,asian,MilitaryParade
v_MilitaryParade_g21_c04,0,2,0,0,0,3,hispanic,MilitaryParade
v_MilitaryParade_g23_c04,0,1,1,0,0,3,hispanic,MilitaryParade
v_MilitaryParade_g24_c03,0,1,1,0,3,0,indian,MilitaryParade
v_MilitaryParade_g24_c04,0,3,1,0,1,0,asian,MilitaryParade
v_MilitaryParade_g25_c06,2,1,2,0,0,0,white,MilitaryParade
v_MilitaryParade_g25_c07,0,2,3,0,0,0,black,MilitaryParade
v_Mixing_g01_c01,0,0,4,0,1,0,black,Mixing
v_Mixing_g03_c01,1,1,0,3,0,0,middle_eastern,Mixing
v_Mixing_g03_c02,0,0,0,0,0,5,hispanic,Mixing
v_Mixing_g03_c04,2,0,0,0,0,3,hispanic,Mixing
v_Mixing_g03_c06,0,3,0,0,2,0,asian,Mixing
v_Mixing_g04_c01,1,0,0,0,1,3,hispanic,Mixing
v_Mixing_g04_c02,2,0,0,0,0,3,hispanic,Mixing
v_Mixing_g05_c01,0,0,0,1,2,2,indian,Mixing
v_Mixing_g05_c02,0,0,0,1,4,0,indian,Mixing
v_Mixing_g06_c04,4,0,0,0,0,1,white,Mixing
v_Mixing_g06_c05,4,0,0,0,0,1,white,Mixing
v_Mixing_g07_c02,0,0,0,3,0,2,middle_eastern,Mixing
v_Mixing_g07_c03,0,0,0,3,1,1,middle_eastern,Mixing
v_Mixing_g08_c01,0,0,2,0,2,1,black,Mixing
v_Mixing_g09_c03,0,0,0,3,0,2,middle_eastern,Mixing
v_Mixing_g09_c04,3,0,0,0,0,2,white,Mixing
v_Mixing_g09_c05,4,0,0,0,0,1,white,Mixing
v_Mixing_g09_c06,4,0,0,0,0,1,white,Mixing
v_Mixing_g11_c03,0,0,0,2,3,0,indian,Mixing
v_Mixing_g11_c06,0,0,0,0,1,4,hispanic,Mixing
v_Mixing_g12_c06,3,0,0,0,2,0,white,Mixing
v_Mixing_g12_c07,3,0,0,0,2,0,white,Mixing
v_Mixing_g13_c01,0,0,0,5,0,0,middle_eastern,Mixing
v_Mixing_g13_c02,0,0,0,3,0,2,middle_eastern,Mixing
v_Mixing_g14_c06,2,0,0,1,2,0,white,Mixing
v_Mixing_g14_c07,3,0,0,2,0,0,white,Mixing
v_Mixing_g15_c02,0,0,0,0,2,3,hispanic,Mixing
v_Mixing_g15_c03,0,0,0,2,1,2,middle_eastern,Mixing
v_Mixing_g17_c02,0,0,4,0,1,0,black,Mixing
v_Mixing_g17_c04,2,0,0,0,3,0,indian,Mixing
v_Mixing_g18_c01,0,0,0,3,1,1,middle_eastern,Mixing
v_Mixing_g18_c02,0,0,0,1,0,4,hispanic,Mixing
v_Mixing_g19_c01,0,0,0,0,0,5,hispanic,Mixing
v_Mixing_g19_c03,0,0,1,2,0,2,middle_eastern,Mixing
v_Mixing_g21_c01,0,0,2,0,2,1,black,Mixing
v_Mixing_g21_c03,0,0,0,0,2,3,hispanic,Mixing
v_Mixing_g23_c02,0,0,0,3,0,2,middle_eastern,Mixing
v_Mixing_g23_c03,0,0,2,1,0,2,black,Mixing
v_Mixing_g25_c04,0,0,0,0,3,2,indian,Mixing
v_MoppingFloor_g01_c01,0,1,3,0,1,0,black,MoppingFloor
v_MoppingFloor_g01_c03,0,1,3,1,0,0,black,MoppingFloor
v_MoppingFloor_g02_c04,0,0,1,0,0,4,hispanic,MoppingFloor
v_MoppingFloor_g04_c01,2,1,0,0,0,2,white,MoppingFloor
v_MoppingFloor_g04_c04,5,0,0,0,0,0,white,MoppingFloor
v_MoppingFloor_g04_c05,2,2,0,0,0,1,white,MoppingFloor
v_MoppingFloor_g05_c03,4,0,0,0,0,1,white,MoppingFloor
v_MoppingFloor_g06_c01,0,2,0,0,0,3,hispanic,MoppingFloor
v_MoppingFloor_g06_c03,0,0,1,0,0,4,hispanic,MoppingFloor
v_MoppingFloor_g09_c01,0,0,3,0,0,2,black,MoppingFloor
v_MoppingFloor_g11_c01,0,0,0,0,0,5,hispanic,MoppingFloor
v_MoppingFloor_g11_c02,3,0,0,0,0,2,white,MoppingFloor
v_MoppingFloor_g12_c04,4,1,0,0,0,0,white,MoppingFloor
v_MoppingFloor_g14_c02,0,0,3,0,0,2,black,MoppingFloor
v_MoppingFloor_g15_c04,2,0,3,0,0,0,black,MoppingFloor
v_MoppingFloor_g16_c03,0,3,1,0,0,1,asian,MoppingFloor
v_MoppingFloor_g17_c04,0,0,2,0,0,3,hispanic,MoppingFloor
v_MoppingFloor_g17_c05,0,0,0,0,0,5,hispanic,MoppingFloor
v_MoppingFloor_g18_c05,1,0,0,0,0,4,hispanic,MoppingFloor
v_MoppingFloor_g20_c02,0,0,1,0,2,2,indian,MoppingFloor
v_MoppingFloor_g21_c01,0,0,4,0,0,1,black,MoppingFloor
v_MoppingFloor_g23_c03,3,0,2,0,0,0,white,MoppingFloor
v_MoppingFloor_g23_c04,1,3,0,0,0,1,asian,MoppingFloor
v_MoppingFloor_g25_c02,2,0,1,0,0,2,white,MoppingFloor
v_MoppingFloor_g25_c03,3,0,0,0,0,2,white,MoppingFloor
v_Nunchucks_g02_c02,0,0,0,2,0,3,hispanic,Nunchucks
v_Nunchucks_g03_c01,3,2,0,0,0,0,white,Nunchucks
v_Nunchucks_g03_c05,2,1,2,0,0,0,white,Nunchucks
v_Nunchucks_g03_c06,2,1,2,0,0,0,white,Nunchucks
v_Nunchucks_g05_c02,0,0,1,0,0,4,hispanic,Nunchucks
v_Nunchucks_g05_c03,0,0,1,0,0,4,hispanic,Nunchucks
v_Nunchucks_g06_c01,0,2,3,0,0,0,black,Nunchucks
v_Nunchucks_g08_c03,1,3,0,0,0,1,asian,Nunchucks
v_Nunchucks_g08_c05,4,1,0,0,0,0,white,Nunchucks
v_Nunchucks_g08_c06,2,1,0,0,0,2,white,Nunchucks
v_Nunchucks_g11_c03,0,0,0,3,0,2,middle_eastern,Nunchucks
v_Nunchucks_g11_c06,0,0,0,5,0,0,middle_eastern,Nunchucks
v_Nunchucks_g16_c02,0,0,4,1,0,0,black,Nunchucks
v_Nunchucks_g20_c01,0,0,0,4,0,1,middle_eastern,Nunchucks
v_Nunchucks_g21_c01,0,4,0,1,0,0,asian,Nunchucks
v_Nunchucks_g21_c06,1,2,0,1,0,1,asian,Nunchucks
v_Nunchucks_g22_c03,2,1,2,0,0,0,white,Nunchucks
v_Nunchucks_g23_c01,3,0,0,0,0,2,white,Nunchucks
v_Nunchucks_g23_c05,0,1,0,2,0,2,middle_eastern,Nunchucks
v_Nunchucks_g24_c02,2,0,0,0,0,3,hispanic,Nunchucks
v_Nunchucks_g24_c05,0,0,1,0,0,4,hispanic,Nunchucks
v_Nunchucks_g25_c04,1,1,0,2,0,1,middle_eastern,Nunchucks
v_ParallelBars_g01_c02,1,0,1,3,0,0,middle_eastern,ParallelBars
v_ParallelBars_g01_c04,0,0,0,0,0,5,hispanic,ParallelBars
v_ParallelBars_g02_c03,2,3,0,0,0,0,asian,ParallelBars
v_ParallelBars_g02_c04,3,0,2,0,0,0,white,ParallelBars
v_ParallelBars_g03_c02,1,0,0,0,0,4,hispanic,ParallelBars
v_ParallelBars_g03_c03,0,0,4,0,0,1,black,ParallelBars
v_ParallelBars_g04_c06,2,0,3,0,0,0,black,ParallelBars
v_ParallelBars_g05_c01,0,0,1,1,0,3,hispanic,ParallelBars
v_ParallelBars_g05_c04,2,0,0,1,2,0,white,ParallelBars
v_ParallelBars_g06_c02,0,0,0,0,0,5,hispanic,ParallelBars
v_ParallelBars_g06_c03,0,0,1,0,0,4,hispanic,ParallelBars
v_ParallelBars_g06_c06,1,0,1,0,0,3,hispanic,ParallelBars
v_ParallelBars_g07_c03,0,0,1,0,0,4,hispanic,ParallelBars
v_ParallelBars_g07_c04,3,0,2,0,0,0,white,ParallelBars
v_ParallelBars_g08_c02,0,0,2,0,0,3,hispanic,ParallelBars
v_ParallelBars_g08_c04,4,0,0,0,0,1,white,ParallelBars
v_ParallelBars_g09_c01,3,0,2,0,0,0,white,ParallelBars
v_ParallelBars_g09_c03,2,0,1,0,0,2,white,ParallelBars
v_ParallelBars_g10_c01,0,3,0,0,2,0,asian,ParallelBars
v_ParallelBars_g10_c02,1,0,4,0,0,0,black,ParallelBars
v_ParallelBars_g11_c04,4,0,0,0,0,1,white,ParallelBars
v_ParallelBars_g11_c06,4,0,1,0,0,0,white,ParallelBars
v_ParallelBars_g12_c01,4,0,1,0,0,0,white,ParallelBars
v_ParallelBars_g12_c03,1,0,0,0,1,3,hispanic,ParallelBars
v_ParallelBars_g13_c01,0,0,0,0,0,5,hispanic,ParallelBars
v_ParallelBars_g13_c03,3,2,0,0,0,0,white,ParallelBars
v_ParallelBars_g13_c04,1,0,2,0,0,2,black,ParallelBars
v_ParallelBars_g14_c01,0,0,3,0,0,2,black,ParallelBars
v_ParallelBars_g16_c01,2,0,0,0,0,3,hispanic,ParallelBars
v_ParallelBars_g16_c04,5,0,0,0,0,0,white,ParallelBars
v_ParallelBars_g17_c01,0,0,0,0,0,5,hispanic,ParallelBars
v_ParallelBars_g17_c03,0,2,1,0,2,0,asian,ParallelBars
v_ParallelBars_g18_c02,1,0,4,0,0,0,black,ParallelBars
v_ParallelBars_g19_c02,3,1,0,0,0,1,white,ParallelBars
v_ParallelBars_g19_c03,0,0,3,0,0,2,black,ParallelBars
v_ParallelBars_g20_c01,1,0,1,2,0,1,middle_eastern,ParallelBars
v_ParallelBars_g20_c02,0,0,4,1,0,0,black,ParallelBars
v_ParallelBars_g20_c03,0,1,0,0,0,4,hispanic,ParallelBars
v_ParallelBars_g21_c04,0,2,2,0,1,0,asian,ParallelBars
v_ParallelBars_g22_c04,0,2,0,0,2,1,asian,ParallelBars
v_ParallelBars_g23_c01,0,0,0,0,0,5,hispanic,ParallelBars
v_ParallelBars_g23_c02,4,0,0,0,0,1,white,ParallelBars
v_ParallelBars_g25_c01,4,0,0,0,1,0,white,ParallelBars
v_ParallelBars_g25_c04,2,0,0,0,0,3,hispanic,ParallelBars
v_PizzaTossing_g01_c01,4,0,0,0,1,0,white,PizzaTossing
v_PizzaTossing_g02_c03,5,0,0,0,0,0,white,PizzaTossing
v_PizzaTossing_g02_c05,0,3,0,0,0,2,asian,PizzaTossing
v_PizzaTossing_g04_c03,1,3,0,0,0,1,asian,PizzaTossing
v_PizzaTossing_g04_c04,5,0,0,0,0,0,white,PizzaTossing
v_PizzaTossing_g04_c05,2,2,0,0,1,0,white,PizzaTossing
v_PizzaTossing_g06_c02,4,1,0,0,0,0,white,PizzaTossing
v_PizzaTossing_g08_c03,0,0,1,4,0,0,middle_eastern,PizzaTossing
v_PizzaTossing_g09_c04,0,4,1,0,0,0,asian,PizzaTossing
v_PizzaTossing_g10_c01,1,0,0,0,0,4,hispanic,PizzaTossing
v_PizzaTossing_g10_c04,0,2,0,0,0,3,hispanic,PizzaTossing
v_PizzaTossing_g11_c02,3,1,0,0,0,1,white,PizzaTossing
v_PizzaTossing_g14_c02,1,0,4,0,0,0,black,PizzaTossing
v_PizzaTossing_g14_c03,1,2,2,0,0,0,asian,PizzaTossing
v_PizzaTossing_g15_c01,0,4,0,0,0,1,asian,PizzaTossing
v_PizzaTossing_g15_c04,1,0,4,0,0,0,black,PizzaTossing
v_PizzaTossing_g16_c01,0,1,1,0,0,3,hispanic,PizzaTossing
v_PizzaTossing_g16_c03,2,1,0,0,0,2,white,PizzaTossing
v_PizzaTossing_g17_c01,0,4,1,0,0,0,asian,PizzaTossing
v_PizzaTossing_g17_c04,0,1,4,0,0,0,black,PizzaTossing
v_PizzaTossing_g18_c03,2,2,1,0,0,0,white,PizzaTossing
v_PizzaTossing_g19_c01,0,2,0,0,0,3,hispanic,PizzaTossing
v_PizzaTossing_g19_c03,1,1,2,0,0,1,black,PizzaTossing
v_PizzaTossing_g19_c04,1,3,0,0,0,1,asian,PizzaTossing
v_PizzaTossing_g20_c02,0,0,3,0,0,2,black,PizzaTossing
v_PizzaTossing_g20_c04,3,0,0,0,0,2,white,PizzaTossing
v_PizzaTossing_g22_c03,3,2,0,0,0,0,white,PizzaTossing
v_PizzaTossing_g23_c03,1,2,2,0,0,0,asian,PizzaTossing
v_PizzaTossing_g24_c01,2,2,1,0,0,0,white,PizzaTossing
v_PizzaTossing_g24_c02,4,0,1,0,0,0,white,PizzaTossing
v_PizzaTossing_g24_c03,4,1,0,0,0,0,white,PizzaTossing
v_PizzaTossing_g25_c03,1,4,0,0,0,0,asian,PizzaTossing
v_PlayingCello_g03_c04,2,0,0,3,0,0,middle_eastern,PlayingCello
v_PlayingCello_g12_c03,0,5,0,0,0,0,asian,PlayingCello
v_PlayingCello_g14_c01,4,0,0,0,0,1,white,PlayingCello
v_PlayingCello_g14_c02,2,0,0,0,0,3,hispanic,PlayingCello
v_PlayingCello_g16_c02,0,5,0,0,0,0,asian,PlayingCello
v_PlayingCello_g16_c03,0,3,2,0,0,0,asian,PlayingCello
v_PlayingCello_g16_c07,0,3,2,0,0,0,asian,PlayingCello
v_PlayingCello_g20_c01,2,3,0,0,0,0,asian,PlayingCello
v_PlayingCello_g23_c01,2,2,1,0,0,0,white,PlayingCello
v_PlayingCello_g23_c03,3,2,0,0,0,0,white,PlayingCello
v_PlayingCello_g25_c05,3,2,0,0,0,0,white,PlayingCello
v_PlayingCello_g25_c06,5,0,0,0,0,0,white,PlayingCello
v_PlayingDaf_g04_c01,0,3,0,0,0,2,asian,PlayingDaf
v_PlayingDaf_g04_c02,0,2,0,0,3,0,indian,PlayingDaf
v_PlayingDaf_g05_c06,0,1,1,1,0,2,hispanic,PlayingDaf
v_PlayingDaf_g07_c02,2,0,0,0,0,3,hispanic,PlayingDaf
v_PlayingDaf_g08_c01,3,0,0,0,0,2,white,PlayingDaf
v_PlayingDaf_g12_c01,1,0,0,0,1,3,hispanic,PlayingDaf
v_PlayingDaf_g12_c04,0,2,0,1,0,2,asian,PlayingDaf
v_PlayingDaf_g13_c02,3,2,0,0,0,0,white,PlayingDaf
v_PlayingDaf_g14_c01,1,0,0,4,0,0,middle_eastern,PlayingDaf
v_PlayingDaf_g15_c05,1,1,0,1,0,2,hispanic,PlayingDaf
v_PlayingDaf_g16_c04,0,0,0,1,1,3,hispanic,PlayingDaf
v_PlayingDaf_g17_c03,0,0,0,5,0,0,middle_eastern,PlayingDaf
v_PlayingDaf_g17_c04,0,0,0,4,0,1,middle_eastern,PlayingDaf
v_PlayingDaf_g22_c02,2,0,0,0,0,3,hispanic,PlayingDaf
v_PlayingDaf_g23_c06,1,0,0,0,0,4,hispanic,PlayingDaf
v_PlayingDhol_g01_c01,0,1,0,1,3,0,indian,PlayingDhol
v_PlayingDhol_g01_c02,0,0,0,3,2,0,middle_eastern,PlayingDhol
v_PlayingDhol_g01_c05,0,0,1,1,2,1,indian,PlayingDhol
v_PlayingDhol_g01_c07,0,2,0,0,3,0,indian,PlayingDhol
v_PlayingDhol_g02_c01,0,0,2,2,1,0,black,PlayingDhol
v_PlayingDhol_g03_c02,0,4,1,0,0,0,asian,PlayingDhol
v_PlayingDhol_g03_c03,0,4,1,0,0,0,asian,PlayingDhol
v_PlayingDhol_g05_c06,3,2,0,0,0,0,white,PlayingDhol
v_PlayingDhol_g05_c07,2,0,0,3,0,0,middle_eastern,PlayingDhol
v_PlayingDhol_g06_c03,2,0,2,1,0,0,white,PlayingDhol
v_PlayingDhol_g07_c02,2,0,2,0,0,1,white,PlayingDhol
v_PlayingDhol_g07_c05,2,0,1,0,0,2,white,PlayingDhol
v_PlayingDhol_g07_c06,0,0,2,0,0,3,hispanic,PlayingDhol
v_PlayingDhol_g08_c05,4,1,0,0,0,0,white,PlayingDhol
v_PlayingDhol_g11_c07,0,1,1,2,0,1,middle_eastern,PlayingDhol
v_PlayingDhol_g12_c06,0,3,1,0,0,1,asian,PlayingDhol
v_PlayingDhol_g13_c05,0,2,0,0,3,0,indian,PlayingDhol
v_PlayingDhol_g14_c03,0,3,2,0,0,0,asian,PlayingDhol
v_PlayingDhol_g14_c06,1,3,1,0,0,0,asian,PlayingDhol
v_PlayingDhol_g14_c07,2,3,0,0,0,0,asian,PlayingDhol
v_PlayingDhol_g15_c02,0,1,0,0,3,1,indian,PlayingDhol
v_PlayingDhol_g15_c03,0,2,0,0,3,0,indian,PlayingDhol
v_PlayingDhol_g17_c02,0,2,3,0,0,0,black,PlayingDhol
v_PlayingDhol_g17_c04,0,2,3,0,0,0,black,PlayingDhol
v_PlayingDhol_g18_c01,0,2,0,0,0,3,hispanic,PlayingDhol
v_PlayingDhol_g18_c03,0,1,0,1,0,3,hispanic,PlayingDhol
v_PlayingDhol_g18_c04,0,2,0,0,0,3,hispanic,PlayingDhol
v_PlayingDhol_g19_c03,0,3,1,0,0,1,asian,PlayingDhol
v_PlayingDhol_g19_c04,0,3,0,0,0,2,asian,PlayingDhol
v_PlayingDhol_g19_c05,0,3,0,0,0,2,asian,PlayingDhol
v_PlayingDhol_g21_c02,2,3,0,0,0,0,asian,PlayingDhol
v_PlayingDhol_g21_c03,0,0,5,0,0,0,black,PlayingDhol
v_PlayingDhol_g21_c06,0,3,1,0,0,1,asian,PlayingDhol
v_PlayingDhol_g24_c02,0,1,0,4,0,0,middle_eastern,PlayingDhol
v_PlayingDhol_g24_c03,0,0,1,3,0,1,middle_eastern,PlayingDhol
v_PlayingDhol_g24_c05,0,1,2,2,0,0,black,PlayingDhol
v_PlayingDhol_g25_c03,0,2,3,0,0,0,black,PlayingDhol
v_PlayingDhol_g25_c05,0,2,3,0,0,0,black,PlayingDhol
v_PlayingDhol_g25_c07,2,0,3,0,0,0,black,PlayingDhol
v_PlayingFlute_g06_c04,2,0,0,0,0,3,hispanic,PlayingFlute
v_PlayingFlute_g06_c05,0,0,2,0,0,3,hispanic,PlayingFlute
v_PlayingFlute_g08_c05,0,2,0,3,0,0,middle_eastern,PlayingFlute
v_PlayingFlute_g10_c02,2,0,0,0,0,3,hispanic,PlayingFlute
v_PlayingFlute_g12_c03,2,0,0,3,0,0,middle_eastern,PlayingFlute
v_PlayingFlute_g15_c01,0,0,2,3,0,0,middle_eastern,PlayingFlute
v_PlayingFlute_g15_c07,0,0,2,3,0,0,middle_eastern,PlayingFlute
v_PlayingFlute_g17_c07,2,0,0,0,0,3,hispanic,PlayingFlute
v_PlayingFlute_g19_c01,1,0,0,0,0,4,hispanic,PlayingFlute
v_PlayingFlute_g19_c04,0,0,0,0,0,5,hispanic,PlayingFlute
v_PlayingFlute_g19_c05,1,0,0,0,0,4,hispanic,PlayingFlute
v_PlayingGuitar_g01_c04,2,0,0,1,0,2,white,PlayingGuitar
v_PlayingGuitar_g01_c06,0,0,0,2,0,3,hispanic,PlayingGuitar
v_PlayingGuitar_g05_c02,0,0,0,2,0,3,hispanic,PlayingGuitar
v_PlayingGuitar_g11_c02,3,0,0,0,0,2,white,PlayingGuitar
v_PlayingGuitar_g15_c01,1,1,1,0,1,1,white,PlayingGuitar
v_PlayingGuitar_g15_c05,0,2,0,0,0,3,hispanic,PlayingGuitar
v_PlayingGuitar_g16_c01,3,0,0,1,0,1,white,PlayingGuitar
v_PlayingGuitar_g16_c03,2,0,0,1,0,2,white,PlayingGuitar
v_PlayingGuitar_g16_c06,1,0,0,1,0,3,hispanic,PlayingGuitar
v_PlayingGuitar_g16_c07,2,0,0,2,0,1,white,PlayingGuitar
v_PlayingGuitar_g22_c05,0,5,0,0,0,0,asian,PlayingGuitar
v_PlayingPiano_g03_c04,0,0,2,0,0,3,hispanic,PlayingPiano
v_PlayingPiano_g06_c02,2,0,0,0,0,3,hispanic,PlayingPiano
v_PlayingPiano_g07_c03,3,1,0,1,0,0,white,PlayingPiano
v_PlayingPiano_g07_c04,2,2,0,1,0,0,white,PlayingPiano
v_PlayingPiano_g08_c04,5,0,0,0,0,0,white,PlayingPiano
v_PlayingPiano_g11_c01,2,0,1,2,0,0,white,PlayingPiano
v_PlayingPiano_g13_c01,2,0,0,0,0,3,hispanic,PlayingPiano
v_PlayingPiano_g16_c02,2,2,1,0,0,0,white,PlayingPiano
v_PlayingPiano_g23_c03,4,0,1,0,0,0,white,PlayingPiano
v_PlayingSitar_g04_c03,0,0,1,4,0,0,middle_eastern,PlayingSitar
v_PlayingSitar_g04_c05,0,0,2,3,0,0,middle_eastern,PlayingSitar
v_PlayingSitar_g07_c01,0,2,3,0,0,0,black,PlayingSitar
v_PlayingSitar_g07_c02,0,2,3,0,0,0,black,PlayingSitar
v_PlayingSitar_g08_c01,3,2,0,0,0,0,white,PlayingSitar
v_PlayingSitar_g08_c03,4,1,0,0,0,0,white,PlayingSitar
v_PlayingSitar_g11_c02,0,1,0,0,4,0,indian,PlayingSitar
v_PlayingSitar_g11_c04,0,0,0,0,5,0,indian,PlayingSitar
v_PlayingSitar_g11_c07,0,2,0,0,3,0,indian,PlayingSitar
v_PlayingSitar_g12_c04,1,3,0,1,0,0,asian,PlayingSitar
v_PlayingSitar_g13_c03,0,5,0,0,0,0,asian,PlayingSitar
v_PlayingSitar_g14_c04,0,0,2,0,3,0,indian,PlayingSitar
v_PlayingSitar_g14_c06,0,0,2,0,3,0,indian,PlayingSitar
v_PlayingSitar_g15_c02,0,0,0,4,1,0,middle_eastern,PlayingSitar
v_PlayingSitar_g16_c03,0,1,0,3,1,0,middle_eastern,PlayingSitar
v_PlayingSitar_g19_c02,0,0,2,3,0,0,middle_eastern,PlayingSitar
v_PlayingSitar_g20_c02,0,4,0,0,1,0,asian,PlayingSitar
v_PlayingSitar_g22_c02,0,0,1,3,1,0,middle_eastern,PlayingSitar
v_PlayingSitar_g23_c04,1,1,0,3,0,0,middle_eastern,PlayingSitar
v_PlayingTabla_g03_c05,0,1,0,0,0,4,hispanic,PlayingTabla
v_PlayingTabla_g05_c01,0,0,0,5,0,0,middle_eastern,PlayingTabla
v_PlayingTabla_g06_c01,0,0,5,0,0,0,black,PlayingTabla
v_PlayingTabla_g07_c01,0,2,1,2,0,0,asian,PlayingTabla
v_PlayingTabla_g09_c02,0,2,0,1,2,0,asian,PlayingTabla
v_PlayingTabla_g10_c01,0,0,4,0,1,0,black,PlayingTabla
v_PlayingTabla_g12_c03,0,3,0,0,2,0,asian,PlayingTabla
v_PlayingTabla_g12_c04,0,3,0,0,2,0,asian,PlayingTabla
v_PlayingTabla_g13_c02,3,0,0,2,0,0,white,PlayingTabla
v_PlayingTabla_g16_c01,0,0,2,1,2,0,black,PlayingTabla
v_PlayingTabla_g16_c02,0,0,2,0,3,0,indian,PlayingTabla
v_PlayingTabla_g21_c02,0,2,0,3,0,0,middle_eastern,PlayingTabla
v_PlayingTabla_g25_c05,3,0,0,1,0,1,white,PlayingTabla
v_PlayingViolin_g03_c01,0,0,3,2,0,0,black,PlayingViolin
v_PlayingViolin_g03_c02,1,0,1,3,0,0,middle_eastern,PlayingViolin
v_PlayingViolin_g04_c01,1,0,0,2,0,2,middle_eastern,PlayingViolin
v_PlayingViolin_g06_c01,5,0,0,0,0,0,white,PlayingViolin
v_PlayingViolin_g06_c04,5,0,0,0,0,0,white,PlayingViolin
v_PlayingViolin_g10_c02,4,1,0,0,0,0,white,PlayingViolin
v_PlayingViolin_g10_c04,5,0,0,0,0,0,white,PlayingViolin
v_PlayingViolin_g12_c02,1,0,0,0,0,4,hispanic,PlayingViolin
v_PlayingViolin_g17_c04,0,2,0,3,0,0,middle_eastern,PlayingViolin
v_PlayingViolin_g18_c01,0,1,4,0,0,0,black,PlayingViolin
v_PlayingViolin_g23_c01,3,0,0,0,0,2,white,PlayingViolin
v_PlayingViolin_g23_c04,0,0,0,5,0,0,middle_eastern,PlayingViolin
v_PlayingViolin_g25_c02,3,0,1,0,0,1,white,PlayingViolin
v_PlayingViolin_g25_c04,3,0,0,0,0,2,white,PlayingViolin
v_PoleVault_g01_c02,3,0,1,1,0,0,white,PoleVault
v_PoleVault_g01_c05,0,2,1,2,0,0,asian,PoleVault
v_PoleVault_g02_c04,3,0,2,0,0,0,white,PoleVault
v_PoleVault_g02_c07,4,0,1,0,0,0,white,PoleVault
v_PoleVault_g03_c01,1,0,0,0,0,4,hispanic,PoleVault
v_PoleVault_g03_c04,0,1,1,0,0,3,hispanic,PoleVault
v_PoleVault_g03_c05,0,0,1,0,0,4,hispanic,PoleVault
v_PoleVault_g03_c06,0,0,1,2,0,2,middle_eastern,PoleVault
v_PoleVault_g04_c02,4,0,0,0,0,1,white,PoleVault
v_PoleVault_g04_c05,4,0,0,1,0,0,white,PoleVault
v_PoleVault_g04_c07,3,0,1,0,0,1,white,PoleVault
v_PoleVault_g05_c02,2,0,2,0,0,1,white,PoleVault
v_PoleVault_g05_c04,0,0,1,3,0,1,middle_eastern,PoleVault
v_PoleVault_g07_c02,1,0,1,2,1,0,middle_eastern,PoleVault
v_PoleVault_g08_c01,1,0,1,1,0,2,hispanic,PoleVault
v_PoleVault_g08_c03,3,0,2,0,0,0,white,PoleVault
v_PoleVault_g09_c03,1,0,1,2,1,0,middle_eastern,PoleVault
v_PoleVault_g10_c02,1,0,0,0,3,1,indian,PoleVault
v_PoleVault_g11_c02,0,0,1,4,0,0,middle_eastern,PoleVault
v_PoleVault_g12_c02,2,0,1,0,0,2,white,PoleVault
v_PoleVault_g12_c03,0,1,2,0,0,2,black,PoleVault
v_PoleVault_g12_c05,3,0,0,0,0,2,white,PoleVault
v_PoleVault_g13_c01,0,0,3,0,0,2,black,PoleVault
v_PoleVault_g13_c05,0,1,1,0,1,2,hispanic,PoleVault
v_PoleVault_g16_c02,0,3,2,0,0,0,asian,PoleVault
v_PoleVault_g16_c03,3,0,1,0,1,0,white,PoleVault
v_PoleVault_g16_c07,0,2,2,0,1,0,asian,PoleVault
v_PoleVault_g17_c03,0,0,1,3,0,1,middle_eastern,PoleVault
v_PoleVault_g18_c02,2,0,1,0,0,2,white,PoleVault
v_PoleVault_g18_c04,0,1,1,2,0,1,middle_eastern,PoleVault
v_PoleVault_g18_c06,0,2,2,1,0,0,asian,PoleVault
v_PoleVault_g18_c07,3,0,0,0,0,2,white,PoleVault
v_PoleVault_g20_c02,1,2,1,0,0,1,asian,PoleVault
v_PoleVault_g20_c03,2,0,1,0,1,1,white,PoleVault
v_PoleVault_g20_c05,2,0,2,0,1,0,white,PoleVault
v_PoleVault_g21_c02,0,0,0,3,0,2,middle_eastern,PoleVault
v_PoleVault_g21_c05,0,0,0,5,0,0,middle_eastern,PoleVault
v_PoleVault_g21_c06,5,0,0,0,0,0,white,PoleVault
v_PoleVault_g22_c01,0,0,3,1,0,1,black,PoleVault
v_PoleVault_g22_c02,0,0,0,0,0,5,hispanic,PoleVault
v_PoleVault_g22_c04,3,0,1,0,0,1,white,PoleVault
v_PoleVault_g24_c04,4,0,0,0,1,0,white,PoleVault
v_PoleVault_g24_c05,4,0,1,0,0,0,white,PoleVault
v_PoleVault_g24_c07,1,2,1,0,0,1,asian,PoleVault
v_PoleVault_g25_c04,2,0,2,1,0,0,white,PoleVault
v_PommelHorse_g01_c07,0,2,3,0,0,0,black,PommelHorse
v_PommelHorse_g05_c03,0,2,3,0,0,0,black,PommelHorse
v_PommelHorse_g08_c01,0,4,1,0,0,0,asian,PommelHorse
v_PommelHorse_g09_c02,0,0,5,0,0,0,black,PommelHorse
v_PommelHorse_g11_c03,5,0,0,0,0,0,white,PommelHorse
v_PommelHorse_g11_c04,3,0,2,0,0,0,white,PommelHorse
v_PommelHorse_g20_c05,4,1,0,0,0,0,white,PommelHorse
v_PommelHorse_g20_c06,0,3,2,0,0,0,asian,PommelHorse
v_PommelHorse_g20_c07,1,3,1,0,0,0,asian,PommelHorse
v_PommelHorse_g21_c01,3,2,0,0,0,0,white,PommelHorse
v_PommelHorse_g21_c02,4,1,0,0,0,0,white,PommelHorse
v_PommelHorse_g22_c02,1,1,3,0,0,0,black,PommelHorse
v_PommelHorse_g22_c07,4,0,1,0,0,0,white,PommelHorse
v_PullUps_g02_c03,2,2,0,0,1,0,white,PullUps
v_PullUps_g03_c01,0,0,0,3,2,0,middle_eastern,PullUps
v_PullUps_g03_c03,0,0,0,4,0,1,middle_eastern,PullUps
v_PullUps_g05_c02,0,0,0,4,0,1,middle_eastern,PullUps
v_PullUps_g06_c04,1,1,0,0,0,3,hispanic,PullUps
v_PullUps_g07_c02,1,2,0,2,0,0,asian,PullUps
v_PullUps_g07_c04,2,2,0,1,0,0,white,PullUps
v_PullUps_g12_c02,0,3,0,0,0,2,asian,PullUps
v_PullUps_g13_c01,0,0,3,0,0,2,black,PullUps
v_PullUps_g14_c01,2,2,0,0,0,1,white,PullUps
v_PullUps_g14_c04,0,2,0,0,3,0,indian,PullUps
v_PullUps_g15_c03,3,0,2,0,0,0,white,PullUps
v_PullUps_g15_c04,4,0,1,0,0,0,white,PullUps
v_PullUps_g18_c02,0,0,0,2,3,0,indian,PullUps
v_PullUps_g18_c03,0,0,1,2,2,0,middle_eastern,PullUps
v_PullUps_g19_c04,1,0,0,3,1,0,middle_eastern,PullUps
v_PullUps_g21_c03,2,1,0,0,0,2,white,PullUps
v_PullUps_g22_c02,0,5,0,0,0,0,asian,PullUps
v_PullUps_g22_c04,0,0,0,0,0,5,hispanic,PullUps
v_PullUps_g24_c01,1,0,0,1,0,3,hispanic,PullUps
v_Punch_g01_c04,0,0,2,0,0,3,hispanic,Punch
v_Punch_g01_c05,0,0,2,0,3,0,indian,Punch
v_Punch_g02_c01,0,1,0,2,0,2,middle_eastern,Punch
v_Punch_g02_c02,0,1,0,1,2,1,indian,Punch
v_Punch_g02_c03,0,0,1,1,0,3,hispanic,Punch
v_Punch_g03_c01,2,2,0,0,0,1,white,Punch
v_Punch_g03_c02,0,0,0,0,0,5,hispanic,Punch
v_Punch_g04_c05,1,1,0,0,0,3,hispanic,Punch
v_Punch_g05_c02,0,0,5,0,0,0,black,Punch
v_Punch_g05_c07,0,0,4,0,0,1,black,Punch
v_Punch_g08_c03,0,0,1,0,0,4,hispanic,Punch
v_Punch_g10_c05,2,3,0,0,0,0,asian,Punch
v_Punch_g12_c02,0,0,3,0,0,2,black,Punch
v_Punch_g12_c04,0,0,5,0,0,0,black,Punch
v_Punch_g12_c05,0,0,3,0,0,2,black,Punch
v_Punch_g13_c01,0,0,1,0,1,3,hispanic,Punch
v_Punch_g13_c05,0,0,0,4,0,1,middle_eastern,Punch
v_Punch_g13_c07,0,0,1,0,0,4,hispanic,Punch
v_Punch_g14_c03,0,0,2,0,0,3,hispanic,Punch
v_Punch_g15_c06,0,0,1,1,1,2,hispanic,Punch
v_Punch_g17_c02,0,0,2,0,0,3,hispanic,Punch
v_Punch_g19_c01,0,0,0,5,0,0,middle_eastern,Punch
v_Punch_g19_c04,0,0,2,0,0,3,hispanic,Punch
v_Punch_g20_c01,0,0,2,0,0,3,hispanic,Punch
v_Punch_g20_c03,0,0,2,0,0,3,hispanic,Punch
v_Punch_g21_c05,0,0,1,0,0,4,hispanic,Punch
v_Punch_g22_c01,0,1,1,0,0,3,hispanic,Punch
v_Punch_g22_c03,1,1,1,0,0,2,hispanic,Punch
v_Punch_g22_c05,0,0,1,0,0,4,hispanic,Punch
v_Punch_g23_c02,0,0,3,0,0,2,black,Punch
v_Punch_g24_c01,0,0,1,0,0,4,hispanic,Punch
v_Punch_g24_c05,0,0,2,0,0,3,hispanic,Punch
v_PushUps_g03_c01,3,0,0,0,0,2,white,PushUps
v_PushUps_g03_c02,4,0,0,0,0,1,white,PushUps
v_PushUps_g04_c02,2,0,0,3,0,0,middle_eastern,PushUps
v_PushUps_g04_c03,1,0,0,4,0,0,middle_eastern,PushUps
v_PushUps_g05_c03,1,0,0,3,0,1,middle_eastern,PushUps
v_PushUps_g06_c01,0,2,0,0,0,3,hispanic,PushUps
v_PushUps_g06_c03,0,1,3,0,0,1,black,PushUps
v_PushUps_g08_c02,0,2,0,1,2,0,asian,PushUps
v_PushUps_g09_c03,0,2,0,0,0,3,hispanic,PushUps
v_PushUps_g09_c04,0,0,1,0,0,4,hispanic,PushUps
v_PushUps_g10_c04,2,0,0,3,0,0,middle_eastern,PushUps
v_PushUps_g11_c04,0,2,0,0,3,0,indian,PushUps
v_PushUps_g14_c03,0,1,0,4,0,0,middle_eastern,PushUps
v_PushUps_g17_c01,0,3,1,0,0,1,asian,PushUps
v_PushUps_g20_c01,0,0,4,0,0,1,black,PushUps
v_PushUps_g21_c03,0,0,4,1,0,0,black,PushUps
v_PushUps_g22_c02,0,0,0,0,0,5,hispanic,PushUps
v_PushUps_g25_c02,2,1,2,0,0,0,white,PushUps
v_PushUps_g25_c04,0,4,1,0,0,0,asian,PushUps
v_Rafting_g01_c01,3,0,1,0,1,0,white,Rafting
v_Rafting_g01_c03,5,0,0,0,0,0,white,Rafting
v_Rafting_g02_c02,0,1,1,0,3,0,indian,Rafting
v_Rafting_g02_c03,0,1,3,0,1,0,black,Rafting
v_Rafting_g03_c02,1,2,2,0,0,0,asian,Rafting
v_Rafting_g04_c02,0,1,3,0,0,1,black,Rafting
v_Rafting_g05_c04,1,2,2,0,0,0,asian,Rafting
v_Rafting_g06_c02,1,1,3,0,0,0,black,Rafting
v_Rafting_g07_c01,3,0,2,0,0,0,white,Rafting
v_Rafting_g07_c02,0,3,2,0,0,0,asian,Rafting
v_Rafting_g08_c01,2,2,1,0,0,0,white,Rafting
v_Rafting_g08_c02,3,0,2,0,0,0,white,Rafting
v_Rafting_g08_c04,4,0,1,0,0,0,white,Rafting
v_Rafting_g11_c02,3,0,2,0,0,0,white,Rafting
v_Rafting_g11_c03,2,1,1,0,0,1,white,Rafting
v_Rafting_g13_c05,0,0,0,2,0,3,hispanic,Rafting
v_Rafting_g14_c02,3,0,2,0,0,0,white,Rafting
v_Rafting_g14_c03,2,1,2,0,0,0,white,Rafting
v_Rafting_g15_c01,2,0,0,0,3,0,indian,Rafting
v_Rafting_g16_c01,2,1,2,0,0,0,white,Rafting
v_Rafting_g16_c06,3,0,1,0,0,1,white,Rafting
v_Rafting_g17_c05,4,1,0,0,0,0,white,Rafting
v_Rafting_g17_c06,1,2,1,1,0,0,asian,Rafting
v_Rafting_g18_c01,1,0,3,0,1,0,black,Rafting
v_Rafting_g19_c02,3,0,2,0,0,0,white,Rafting
v_Rafting_g19_c04,4,0,1,0,0,0,white,Rafting
v_Rafting_g19_c05,2,3,0,0,0,0,asian,Rafting
v_Rafting_g20_c03,5,0,0,0,0,0,white,Rafting
v_Rafting_g20_c04,2,2,0,0,1,0,white,Rafting
v_Rafting_g21_c01,0,0,2,0,3,0,indian,Rafting
v_Rafting_g21_c02,0,0,2,0,3,0,indian,Rafting
v_Rafting_g22_c02,0,4,1,0,0,0,asian,Rafting
v_Rafting_g23_c04,1,1,0,0,2,1,indian,Rafting
v_Rafting_g24_c02,1,2,2,0,0,0,asian,Rafting
v_Rafting_g25_c01,3,2,0,0,0,0,white,Rafting
v_Rafting_g25_c02,2,3,0,0,0,0,asian,Rafting
v_RockClimbingIndoor_g01_c01,3,0,0,1,1,0,white,RockClimbingIndoor
v_RockClimbingIndoor_g02_c04,1,0,0,0,1,3,hispanic,RockClimbingIndoor
v_RockClimbingIndoor_g03_c01,0,2,0,0,2,1,asian,RockClimbingIndoor
v_RockClimbingIndoor_g03_c02,0,0,0,1,2,2,indian,RockClimbingIndoor
v_RockClimbingIndoor_g03_c04,0,1,0,4,0,0,middle_eastern,RockClimbingIndoor
v_RockClimbingIndoor_g03_c07,0,0,0,1,3,1,indian,RockClimbingIndoor
v_RockClimbingIndoor_g04_c02,1,0,0,0,1,3,hispanic,RockClimbingIndoor
v_RockClimbingIndoor_g04_c04,0,3,0,0,2,0,asian,RockClimbingIndoor
v_RockClimbingIndoor_g05_c02,0,5,0,0,0,0,asian,RockClimbingIndoor
v_RockClimbingIndoor_g06_c02,1,0,1,0,1,2,hispanic,RockClimbingIndoor
v_RockClimbingIndoor_g06_c04,0,0,1,1,1,2,hispanic,RockClimbingIndoor
v_RockClimbingIndoor_g06_c05,5,0,0,0,0,0,white,RockClimbingIndoor
v_RockClimbingIndoor_g06_c06,3,0,0,0,1,1,white,RockClimbingIndoor
v_RockClimbingIndoor_g07_c02,1,0,0,2,1,1,middle_eastern,RockClimbingIndoor
v_RockClimbingIndoor_g08_c05,0,0,1,1,3,0,indian,RockClimbingIndoor
v_RockClimbingIndoor_g08_c06,0,0,2,0,0,3,hispanic,RockClimbingIndoor
v_RockClimbingIndoor_g09_c01,3,0,1,0,1,0,white,RockClimbingIndoor
v_RockClimbingIndoor_g09_c04,2,0,0,0,3,0,indian,RockClimbingIndoor
v_RockClimbingIndoor_g10_c01,0,1,0,0,1,3,hispanic,RockClimbingIndoor
v_RockClimbingIndoor_g10_c02,0,1,0,0,0,4,hispanic,RockClimbingIndoor
v_RockClimbingIndoor_g10_c05,2,0,0,3,0,0,middle_eastern,RockClimbingIndoor
v_RockClimbingIndoor_g11_c01,0,0,3,0,1,1,black,RockClimbingIndoor
v_RockClimbingIndoor_g15_c01,0,1,3,1,0,0,black,RockClimbingIndoor
v_RockClimbingIndoor_g15_c02,0,1,1,1,0,2,hispanic,RockClimbingIndoor
v_RockClimbingIndoor_g15_c04,2,1,0,0,2,0,white,RockClimbingIndoor
v_RockClimbingIndoor_g16_c01,0,0,0,0,0,5,hispanic,RockClimbingIndoor
v_RockClimbingIndoor_g16_c05,0,0,1,0,0,4,hispanic,RockClimbingIndoor
v_RockClimbingIndoor_g17_c02,2,0,0,1,2,0,white,RockClimbingIndoor
v_RockClimbingIndoor_g17_c06,0,0,0,3,1,1,middle_eastern,RockClimbingIndoor
v_RockClimbingIndoor_g18_c01,3,0,0,0,0,2,white,RockClimbingIndoor
v_RockClimbingIndoor_g18_c02,0,0,0,0,1,4,hispanic,RockClimbingIndoor
v_RockClimbingIndoor_g21_c01,0,1,0,0,1,3,hispanic,RockClimbingIndoor
v_RockClimbingIndoor_g21_c02,0,2,0,0,0,3,hispanic,RockClimbingIndoor
v_RockClimbingIndoor_g21_c03,0,1,0,0,2,2,indian,RockClimbingIndoor
v_RockClimbingIndoor_g21_c04,0,0,0,0,4,1,indian,RockClimbingIndoor
v_RockClimbingIndoor_g21_c07,0,1,2,0,2,0,black,RockClimbingIndoor
v_RockClimbingIndoor_g23_c01,3,0,0,1,1,0,white,RockClimbingIndoor
v_RockClimbingIndoor_g23_c02,1,0,0,0,4,0,indian,RockClimbingIndoor
v_RockClimbingIndoor_g23_c03,3,0,0,0,2,0,white,RockClimbingIndoor
v_RockClimbingIndoor_g23_c06,1,0,0,3,0,1,middle_eastern,RockClimbingIndoor
v_RopeClimbing_g01_c02,0,2,3,0,0,0,black,RopeClimbing
v_RopeClimbing_g01_c03,0,2,3,0,0,0,black,RopeClimbing
v_RopeClimbing_g02_c01,2,1,2,0,0,0,white,RopeClimbing
v_RopeClimbing_g02_c03,1,3,0,0,1,0,asian,RopeClimbing
v_RopeClimbing_g02_c05,1,3,0,0,1,0,asian,RopeClimbing
v_RopeClimbing_g03_c03,1,0,2,0,0,2,black,RopeClimbing
v_RopeClimbing_g04_c03,0,4,1,0,0,0,asian,RopeClimbing
v_RopeClimbing_g05_c01,0,2,3,0,0,0,black,RopeClimbing
v_RopeClimbing_g05_c02,0,0,2,0,0,3,hispanic,RopeClimbing
v_RopeClimbing_g05_c04,0,2,3,0,0,0,black,RopeClimbing
v_RopeClimbing_g05_c05,0,1,4,0,0,0,black,RopeClimbing
v_RopeClimbing_g07_c01,0,3,2,0,0,0,asian,RopeClimbing
v_RopeClimbing_g07_c05,0,4,1,0,0,0,asian,RopeClimbing
v_RopeClimbing_g08_c03,0,0,2,0,0,3,hispanic,RopeClimbing
v_RopeClimbing_g11_c01,1,3,0,0,0,1,asian,RopeClimbing
v_RopeClimbing_g11_c03,0,1,4,0,0,0,black,RopeClimbing
v_RopeClimbing_g12_c02,0,0,5,0,0,0,black,RopeClimbing
v_RopeClimbing_g13_c07,1,4,0,0,0,0,asian,RopeClimbing
v_RopeClimbing_g14_c01,0,2,2,0,1,0,asian,RopeClimbing
v_RopeClimbing_g14_c05,0,0,4,0,0,1,black,RopeClimbing
v_RopeClimbing_g15_c04,0,4,1,0,0,0,asian,RopeClimbing
v_RopeClimbing_g15_c05,3,2,0,0,0,0,white,RopeClimbing
v_RopeClimbing_g16_c02,3,2,0,0,0,0,white,RopeClimbing
v_RopeClimbing_g16_c03,3,2,0,0,0,0,white,RopeClimbing
v_RopeClimbing_g16_c05,0,1,4,0,0,0,black,RopeClimbing
v_RopeClimbing_g19_c01,2,0,2,0,0,1,white,RopeClimbing
v_RopeClimbing_g19_c02,5,0,0,0,0,0,white,RopeClimbing
v_RopeClimbing_g19_c05,0,2,3,0,0,0,black,RopeClimbing
v_RopeClimbing_g19_c06,3,1,1,0,0,0,white,RopeClimbing
v_RopeClimbing_g20_c01,0,0,0,0,4,1,indian,RopeClimbing
v_RopeClimbing_g20_c04,0,0,4,0,1,0,black,RopeClimbing
v_RopeClimbing_g21_c02,1,3,1,0,0,0,asian,RopeClimbing
v_RopeClimbing_g22_c01,2,0,3,0,0,0,black,RopeClimbing
v_RopeClimbing_g22_c04,2,0,3,0,0,0,black,RopeClimbing
v_RopeClimbing_g23_c02,1,0,3,0,0,1,black,RopeClimbing
v_Rowing_g01_c01,1,0,4,0,0,0,black,Rowing
v_Rowing_g02_c03,5,0,0,0,0,0,white,Rowing
v_Rowing_g02_c04,5,0,0,0,0,0,white,Rowing
v_Rowing_g02_c05,5,0,0,0,0,0,white,Rowing
v_Rowing_g04_c03,2,0,0,0,0,3,hispanic,Rowing
v_Rowing_g05_c01,3,0,2,0,0,0,white,Rowing
v_Rowing_g06_c04,1,0,1,3,0,0,middle_eastern,Rowing
v_Rowing_g07_c01,1,0,3,0,0,1,black,Rowing
v_Rowing_g07_c02,0,1,2,0,2,0,black,Rowing
v_Rowing_g08_c01,4,0,1,0,0,0,white,Rowing
v_Rowing_g08_c02,2,1,2,0,0,0,white,Rowing
v_Rowing_g18_c03,1,0,1,0,3,0,indian,Rowing
v_Rowing_g18_c04,1,0,4,0,0,0,black,Rowing
v_Rowing_g22_c02,4,0,1,0,0,0,white,Rowing
v_Rowing_g22_c04,4,0,1,0,0,0,white,Rowing
v_Rowing_g23_c04,3,0,0,0,2,0,white,Rowing
v_SalsaSpin_g02_c01,0,0,4,0,1,0,black,SalsaSpin
v_SalsaSpin_g02_c03,0,0,2,2,1,0,black,SalsaSpin
v_SalsaSpin_g02_c04,0,0,1,0,4,0,indian,SalsaSpin
v_SalsaSpin_g02_c07,0,1,2,0,2,0,black,SalsaSpin
v_SalsaSpin_g05_c02,0,4,1,0,0,0,asian,SalsaSpin
v_SalsaSpin_g05_c06,0,3,2,0,0,0,asian,SalsaSpin
v_SalsaSpin_g06_c03,2,0,3,0,0,0,black,SalsaSpin
v_SalsaSpin_g07_c01,1,0,0,0,0,4,hispanic,SalsaSpin
v_SalsaSpin_g07_c02,1,0,0,0,0,4,hispanic,SalsaSpin
v_SalsaSpin_g07_c03,1,1,1,1,0,1,white,SalsaSpin
v_SalsaSpin_g07_c05,2,0,0,2,0,1,white,SalsaSpin
v_SalsaSpin_g08_c03,0,0,3,0,0,2,black,SalsaSpin
v_SalsaSpin_g09_c02,1,2,2,0,0,0,asian,SalsaSpin
v_SalsaSpin_g10_c01,5,0,0,0,0,0,white,SalsaSpin
v_SalsaSpin_g11_c01,1,0,0,2,0,2,middle_eastern,SalsaSpin
v_SalsaSpin_g12_c03,1,2,2,0,0,0,asian,SalsaSpin
v_SalsaSpin_g12_c06,2,3,0,0,0,0,asian,SalsaSpin
v_SalsaSpin_g13_c02,3,1,1,0,0,0,white,SalsaSpin
v_SalsaSpin_g13_c03,2,0,1,2,0,0,white,SalsaSpin
v_SalsaSpin_g14_c02,0,1,1,0,0,3,hispanic,SalsaSpin
v_SalsaSpin_g14_c05,0,0,2,0,0,3,hispanic,SalsaSpin
v_SalsaSpin_g14_c06,1,0,1,0,0,3,hispanic,SalsaSpin
v_SalsaSpin_g16_c01,4,1,0,0,0,0,white,SalsaSpin
v_SalsaSpin_g16_c04,3,0,2,0,0,0,white,SalsaSpin
v_SalsaSpin_g18_c01,2,1,1,0,0,1,white,SalsaSpin
v_SalsaSpin_g18_c03,4,0,1,0,0,0,white,SalsaSpin
v_SalsaSpin_g19_c02,3,0,2,0,0,0,white,SalsaSpin
v_SalsaSpin_g19_c03,2,0,1,0,2,0,white,SalsaSpin
v_SalsaSpin_g21_c01,1,1,1,0,0,2,hispanic,SalsaSpin
v_SalsaSpin_g21_c02,3,0,2,0,0,0,white,SalsaSpin
v_SalsaSpin_g21_c05,2,0,2,0,0,1,white,SalsaSpin
v_SalsaSpin_g22_c02,0,0,2,0,0,3,hispanic,SalsaSpin
v_SalsaSpin_g23_c03,1,1,3,0,0,0,black,SalsaSpin
v_SalsaSpin_g23_c04,3,1,1,0,0,0,white,SalsaSpin
v_SalsaSpin_g25_c02,2,0,1,0,0,2,white,SalsaSpin
v_SalsaSpin_g25_c03,2,1,2,0,0,0,white,SalsaSpin
v_ShavingBeard_g01_c02,1,0,0,0,0,4,hispanic,ShavingBeard
v_ShavingBeard_g03_c01,2,0,0,0,0,3,hispanic,ShavingBeard
v_ShavingBeard_g04_c04,3,0,0,0,0,2,white,ShavingBeard
v_ShavingBeard_g05_c06,3,0,0,0,0,2,white,ShavingBeard
v_ShavingBeard_g06_c04,2,0,0,0,0,3,hispanic,ShavingBeard
v_ShavingBeard_g09_c01,1,0,0,0,0,4,hispanic,ShavingBeard
v_ShavingBeard_g09_c03,0,0,0,0,0,5,hispanic,ShavingBeard
v_ShavingBeard_g09_c04,1,0,0,0,0,4,hispanic,ShavingBeard
v_ShavingBeard_g13_c01,0,2,3,0,0,0,black,ShavingBeard
v_ShavingBeard_g13_c02,0,2,3,0,0,0,black,ShavingBeard
v_ShavingBeard_g13_c06,1,1,3,0,0,0,black,ShavingBeard
v_ShavingBeard_g16_c03,5,0,0,0,0,0,white,ShavingBeard
v_ShavingBeard_g17_c03,1,0,0,0,0,4,hispanic,ShavingBeard
v_ShavingBeard_g17_c05,2,0,0,0,0,3,hispanic,ShavingBeard
v_ShavingBeard_g18_c01,2,0,0,0,0,3,hispanic,ShavingBeard
v_ShavingBeard_g18_c04,1,0,0,0,0,4,hispanic,ShavingBeard
v_ShavingBeard_g18_c05,2,0,0,0,0,3,hispanic,ShavingBeard
v_ShavingBeard_g20_c04,2,0,0,0,0,3,hispanic,ShavingBeard
v_ShavingBeard_g22_c01,2,0,0,0,0,3,hispanic,ShavingBeard
v_ShavingBeard_g24_c01,1,0,0,0,0,4,hispanic,ShavingBeard
v_ShavingBeard_g24_c05,0,0,0,0,0,5,hispanic,ShavingBeard
v_ShavingBeard_g24_c06,2,0,0,0,0,3,hispanic,ShavingBeard
v_Shotput_g02_c02,0,0,5,0,0,0,black,Shotput
v_Shotput_g02_c04,5,0,0,0,0,0,white,Shotput
v_Shotput_g02_c06,5,0,0,0,0,0,white,Shotput
v_Shotput_g03_c06,3,2,0,0,0,0,white,Shotput
v_Shotput_g05_c02,1,2,1,0,0,1,asian,Shotput
v_Shotput_g05_c07,1,4,0,0,0,0,asian,Shotput
v_Shotput_g06_c07,2,0,3,0,0,0,black,Shotput
v_Shotput_g07_c01,1,0,4,0,0,0,black,Shotput
v_Shotput_g07_c04,2,3,0,0,0,0,asian,Shotput
v_Shotput_g08_c02,3,1,1,0,0,0,white,Shotput
v_Shotput_g09_c04,0,5,0,0,0,0,asian,Shotput
v_Shotput_g09_c05,1,0,3,1,0,0,black,Shotput
v_Shotput_g10_c05,0,2,3,0,0,0,black,Shotput
v_Shotput_g11_c04,0,0,5,0,0,0,black,Shotput
v_Shotput_g11_c06,1,2,2,0,0,0,asian,Shotput
v_Shotput_g12_c05,3,1,1,0,0,0,white,Shotput
v_Shotput_g13_c02,0,1,1,0,3,0,indian,Shotput
v_Shotput_g18_c02,0,0,0,5,0,0,middle_eastern,Shotput
v_Shotput_g19_c03,4,0,0,0,0,1,white,Shotput
v_Shotput_g19_c04,3,0,0,0,0,2,white,Shotput
v_Shotput_g21_c02,1,2,2,0,0,0,asian,Shotput
v_Shotput_g23_c04,1,2,0,0,2,0,asian,Shotput
v_Shotput_g23_c05,0,3,1,0,0,1,asian,Shotput
v_Shotput_g23_c07,0,4,0,0,1,0,asian,Shotput
v_Shotput_g24_c04,0,0,5,0,0,0,black,Shotput
v_Shotput_g25_c01,3,0,1,1,0,0,white,Shotput
v_Shotput_g25_c04,2,0,3,0,0,0,black,Shotput
v_Shotput_g25_c05,5,0,0,0,0,0,white,Shotput
v_SkateBoarding_g01_c01,0,0,0,0,3,2,indian,SkateBoarding
v_SkateBoarding_g01_c04,2,2,1,0,0,0,white,SkateBoarding
v_SkateBoarding_g02_c02,0,1,0,4,0,0,middle_eastern,SkateBoarding
v_SkateBoarding_g02_c05,4,0,1,0,0,0,white,SkateBoarding
v_SkateBoarding_g02_c06,1,1,0,3,0,0,middle_eastern,SkateBoarding
v_SkateBoarding_g04_c01,0,0,0,4,0,1,middle_eastern,SkateBoarding
v_SkateBoarding_g04_c03,2,1,1,1,0,0,white,SkateBoarding
v_SkateBoarding_g04_c04,0,1,0,4,0,0,middle_eastern,SkateBoarding
v_SkateBoarding_g05_c02,0,1,4,0,0,0,black,SkateBoarding
v_SkateBoarding_g05_c04,0,0,5,0,0,0,black,SkateBoarding
v_SkateBoarding_g06_c01,1,1,1,2,0,0,middle_eastern,SkateBoarding
v_SkateBoarding_g06_c03,0,4,1,0,0,0,asian,SkateBoarding
v_SkateBoarding_g07_c04,3,1,1,0,0,0,white,SkateBoarding
v_SkateBoarding_g07_c05,0,0,3,2,0,0,black,SkateBoarding
v_SkateBoarding_g08_c01,0,2,3,0,0,0,black,SkateBoarding
v_SkateBoarding_g08_c03,0,1,0,4,0,0,middle_eastern,SkateBoarding
v_SkateBoarding_g08_c05,0,2,0,0,0,3,hispanic,SkateBoarding
v_SkateBoarding_g09_c01,0,1,0,1,2,1,indian,SkateBoarding
v_SkateBoarding_g09_c04,0,0,0,1,0,4,hispanic,SkateBoarding
v_SkateBoarding_g10_c05,0,3,1,1,0,0,asian,SkateBoarding
v_SkateBoarding_g10_c07,3,0,2,0,0,0,white,SkateBoarding
v_SkateBoarding_g11_c02,0,1,0,0,4,0,indian,SkateBoarding
v_SkateBoarding_g11_c05,0,2,3,0,0,0,black,SkateBoarding
v_SkateBoarding_g12_c06,3,2,0,0,0,0,white,SkateBoarding
v_SkateBoarding_g13_c01,0,0,0,5,0,0,middle_eastern,SkateBoarding
v_SkateBoarding_g13_c03,0,0,2,3,0,0,middle_eastern,SkateBoarding
v_SkateBoarding_g14_c01,0,4,1,0,0,0,asian,SkateBoarding
v_SkateBoarding_g14_c02,2,0,3,0,0,0,black,SkateBoarding
v_SkateBoarding_g15_c05,0,2,1,2,0,0,asian,SkateBoarding
v_SkateBoarding_g15_c06,0,0,3,2,0,0,black,SkateBoarding
v_SkateBoarding_g16_c01,0,0,0,5,0,0,middle_eastern,SkateBoarding
v_SkateBoarding_g16_c02,0,0,2,3,0,0,middle_eastern,SkateBoarding
v_SkateBoarding_g17_c01,0,1,0,4,0,0,middle_eastern,SkateBoarding
v_SkateBoarding_g18_c03,0,0,4,1,0,0,black,SkateBoarding
v_SkateBoarding_g18_c04,0,3,0,2,0,0,asian,SkateBoarding
v_SkateBoarding_g18_c06,0,5,0,0,0,0,asian,SkateBoarding
v_SkateBoarding_g19_c05,0,1,1,1,2,0,indian,SkateBoarding
v_SkateBoarding_g20_c02,0,0,1,0,4,0,indian,SkateBoarding
v_SkateBoarding_g20_c04,0,1,2,2,0,0,black,SkateBoarding
v_SkateBoarding_g20_c05,0,0,2,2,1,0,black,SkateBoarding
v_SkateBoarding_g22_c01,0,1,4,0,0,0,black,SkateBoarding
v_SkateBoarding_g22_c02,0,1,3,1,0,0,black,SkateBoarding
v_SkateBoarding_g22_c05,3,0,0,2,0,0,white,SkateBoarding
v_SkateBoarding_g23_c01,4,1,0,0,0,0,white,SkateBoarding
v_SkateBoarding_g25_c01,5,0,0,0,0,0,white,SkateBoarding
v_Skiing_g02_c01,0,2,1,0,2,0,asian,Skiing
v_Skiing_g02_c02,0,2,0,0,3,0,indian,Skiing
v_Skiing_g02_c03,2,0,2,0,1,0,white,Skiing
v_Skiing_g03_c06,2,0,2,1,0,0,white,Skiing
v_Skiing_g04_c04,0,0,1,4,0,0,middle_eastern,Skiing
v_Skiing_g05_c03,0,2,2,0,1,0,asian,Skiing
v_Skiing_g06_c03,0,2,1,1,0,1,asian,Skiing
v_Skiing_g07_c04,0,0,2,3,0,0,middle_eastern,Skiing
v_Skiing_g09_c01,1,0,0,1,0,3,hispanic,Skiing
v_Skiing_g09_c05,1,0,2,2,0,0,black,Skiing
v_Skiing_g09_c06,0,0,1,0,2,2,indian,Skiing
v_Skiing_g12_c02,1,0,0,1,3,0,indian,Skiing
v_Skiing_g13_c05,0,0,1,2,2,0,middle_eastern,Skiing
v_Skiing_g13_c06,0,0,2,0,3,0,indian,Skiing
v_Skiing_g14_c01,0,2,0,0,2,1,asian,Skiing
v_Skiing_g15_c04,2,2,0,0,1,0,white,Skiing
v_Skiing_g15_c05,0,2,1,1,1,0,asian,Skiing
v_Skiing_g16_c01,0,0,0,5,0,0,middle_eastern,Skiing
v_Skiing_g16_c03,0,0,0,4,0,1,middle_eastern,Skiing
v_Skiing_g18_c01,0,0,2,0,3,0,indian,Skiing
v_Skiing_g19_c01,0,0,2,0,3,0,indian,Skiing
v_Skiing_g19_c03,0,2,2,0,1,0,asian,Skiing
v_Skiing_g19_c06,0,2,1,0,2,0,asian,Skiing
v_Skiing_g20_c04,0,0,1,4,0,0,middle_eastern,Skiing
v_Skiing_g21_c03,0,0,2,2,0,1,black,Skiing
v_Skiing_g22_c01,0,0,0,5,0,0,middle_eastern,Skiing
v_Skiing_g22_c04,0,0,2,0,3,0,indian,Skiing
v_Skiing_g22_c05,0,1,0,0,4,0,indian,Skiing
v_Skiing_g23_c01,1,0,0,0,0,4,hispanic,Skiing
v_Skiing_g23_c02,2,0,1,0,0,2,white,Skiing
v_Skiing_g23_c03,0,0,1,0,2,2,indian,Skiing
v_Skiing_g24_c01,0,0,1,4,0,0,middle_eastern,Skiing
v_Skiing_g24_c03,0,0,1,4,0,0,middle_eastern,Skiing
v_Skiing_g24_c04,0,0,2,3,0,0,middle_eastern,Skiing
v_Skijet_g02_c04,0,0,2,2,1,0,black,Skijet
v_Skijet_g03_c01,0,0,0,1,4,0,indian,Skijet
v_Skijet_g04_c01,0,0,0,2,0,3,hispanic,Skijet
v_Skijet_g05_c02,0,0,1,0,1,3,hispanic,Skijet
v_Skijet_g05_c04,0,0,1,0,0,4,hispanic,Skijet
v_Skijet_g07_c01,1,0,0,0,3,1,indian,Skijet
v_Skijet_g07_c04,0,1,1,0,1,2,hispanic,Skijet
v_Skijet_g08_c01,0,0,1,1,3,0,indian,Skijet
v_Skijet_g08_c03,0,0,0,0,2,3,hispanic,Skijet
v_Skijet_g09_c01,0,0,3,1,1,0,black,Skijet
v_Skijet_g09_c02,0,0,0,0,3,2,indian,Skijet
v_Skijet_g10_c01,0,0,5,0,0,0,black,Skijet
v_Skijet_g10_c02,0,1,1,0,0,3,hispanic,Skijet
v_Skijet_g11_c04,0,0,1,0,1,3,hispanic,Skijet
v_Skijet_g13_c03,0,1,1,0,0,3,hispanic,Skijet
v_Skijet_g16_c03,0,0,0,0,1,4,hispanic,Skijet
v_Skijet_g17_c02,0,0,1,2,2,0,middle_eastern,Skijet
v_Skijet_g17_c03,0,0,2,3,0,0,middle_eastern,Skijet
v_Skijet_g18_c02,0,2,2,0,0,1,asian,Skijet
v_Skijet_g19_c03,0,0,1,1,1,2,hispanic,Skijet
v_Skijet_g19_c04,0,0,3,1,1,0,black,Skijet
v_Skijet_g20_c01,0,0,0,0,2,3,hispanic,Skijet
v_Skijet_g20_c04,0,0,3,0,2,0,black,Skijet
v_Skijet_g21_c01,0,0,1,3,0,1,middle_eastern,Skijet
v_Skijet_g21_c03,0,0,1,3,0,1,middle_eastern,Skijet
v_Skijet_g22_c03,0,0,0,0,1,4,hispanic,Skijet
v_Skijet_g24_c01,0,0,2,0,0,3,hispanic,Skijet
v_Skijet_g25_c01,0,0,0,0,5,0,indian,Skijet
v_SkyDiving_g02_c03,0,0,1,0,0,4,hispanic,SkyDiving
v_SkyDiving_g02_c04,0,0,0,5,0,0,middle_eastern,SkyDiving
v_SkyDiving_g03_c03,0,0,0,0,4,1,indian,SkyDiving
v_SkyDiving_g03_c05,3,0,0,0,2,0,white,SkyDiving
v_SkyDiving_g05_c03,3,2,0,0,0,0,white,SkyDiving
v_SkyDiving_g05_c05,3,1,0,0,0,1,white,SkyDiving
v_SkyDiving_g06_c02,1,1,0,1,1,1,white,SkyDiving
v_SkyDiving_g06_c03,0,1,2,1,1,0,black,SkyDiving
v_SkyDiving_g06_c04,1,0,0,1,0,3,hispanic,SkyDiving
v_SkyDiving_g07_c01,0,0,1,3,1,0,middle_eastern,SkyDiving
v_SkyDiving_g07_c04,0,0,1,4,0,0,middle_eastern,SkyDiving
v_SkyDiving_g07_c05,0,0,4,0,0,1,black,SkyDiving
v_SkyDiving_g08_c01,0,1,2,0,2,0,black,SkyDiving
v_SkyDiving_g08_c02,2,0,2,0,1,0,white,SkyDiving
v_SkyDiving_g09_c02,0,1,2,1,1,0,black,SkyDiving
v_SkyDiving_g09_c04,0,2,0,2,0,1,asian,SkyDiving
v_SkyDiving_g10_c01,1,0,2,0,1,1,black,SkyDiving
v_SkyDiving_g10_c03,0,0,2,2,0,1,black,SkyDiving
v_SkyDiving_g11_c01,0,0,0,4,0,1,middle_eastern,SkyDiving
v_SkyDiving_g12_c02,1,0,2,1,0,1,black,SkyDiving
v_SkyDiving_g12_c03,0,2,1,1,0,1,asian,SkyDiving
v_SkyDiving_g13_c01,1,1,0,0,3,0,indian,SkyDiving
v_SkyDiving_g13_c04,0,1,0,3,1,0,middle_eastern,SkyDiving
v_SkyDiving_g14_c02,1,1,3,0,0,0,black,SkyDiving
v_SkyDiving_g15_c04,0,0,0,2,0,3,hispanic,SkyDiving
v_SkyDiving_g16_c02,0,2,3,0,0,0,black,SkyDiving
v_SkyDiving_g16_c04,0,0,1,0,4,0,indian,SkyDiving
v_SkyDiving_g17_c01,0,3,1,0,1,0,asian,SkyDiving
v_SkyDiving_g17_c05,0,0,4,0,1,0,black,SkyDiving
v_SkyDiving_g18_c03,4,1,0,0,0,0,white,SkyDiving
v_SkyDiving_g18_c06,3,0,0,2,0,0,white,SkyDiving
v_SkyDiving_g19_c03,0,0,0,1,4,0,indian,SkyDiving
v_SkyDiving_g19_c04,0,0,1,2,2,0,middle_eastern,SkyDiving
v_SkyDiving_g20_c01,0,1,4,0,0,0,black,SkyDiving
v_SkyDiving_g20_c05,1,1,2,0,1,0,black,SkyDiving
v_SkyDiving_g20_c06,2,2,0,0,1,0,white,SkyDiving
v_SkyDiving_g21_c02,0,0,0,0,0,5,hispanic,SkyDiving
v_SkyDiving_g21_c04,0,3,1,0,0,1,asian,SkyDiving
v_SkyDiving_g23_c01,0,1,0,4,0,0,middle_eastern,SkyDiving
v_SkyDiving_g23_c03,0,0,3,1,1,0,black,SkyDiving
v_SkyDiving_g23_c04,1,1,1,1,1,0,white,SkyDiving
v_SkyDiving_g24_c04,1,1,3,0,0,0,black,SkyDiving
v_SkyDiving_g25_c01,0,1,1,3,0,0,middle_eastern,SkyDiving
v_SkyDiving_g25_c03,0,1,1,0,3,0,indian,SkyDiving
v_SoccerJuggling_g01_c04,2,3,0,0,0,0,asian,SoccerJuggling
v_SoccerJuggling_g03_c04,0,0,3,0,2,0,black,SoccerJuggling
v_SoccerJuggling_g04_c02,4,0,0,0,0,1,white,SoccerJuggling
v_SoccerJuggling_g04_c03,3,0,0,0,0,2,white,SoccerJuggling
v_SoccerJuggling_g04_c04,2,1,0,0,0,2,white,SoccerJuggling
v_SoccerJuggling_g06_c02,1,0,2,0,0,2,black,SoccerJuggling
v_SoccerJuggling_g06_c03,0,3,1,0,0,1,asian,SoccerJuggling
v_SoccerJuggling_g09_c01,1,3,0,1,0,0,asian,SoccerJuggling
v_SoccerJuggling_g10_c04,3,0,2,0,0,0,white,SoccerJuggling
v_SoccerJuggling_g11_c01,0,0,4,1,0,0,black,SoccerJuggling
v_SoccerJuggling_g11_c02,0,1,2,2,0,0,black,SoccerJuggling
v_SoccerJuggling_g13_c01,1,2,0,0,0,2,asian,SoccerJuggling
v_SoccerJuggling_g13_c02,0,3,0,0,0,2,asian,SoccerJuggling
v_SoccerJuggling_g14_c01,0,0,0,0,0,5,hispanic,SoccerJuggling
v_SoccerJuggling_g14_c05,0,1,0,0,0,4,hispanic,SoccerJuggling
v_SoccerJuggling_g14_c07,0,1,0,0,0,4,hispanic,SoccerJuggling
v_SoccerJuggling_g15_c03,1,4,0,0,0,0,asian,SoccerJuggling
v_SoccerJuggling_g16_c02,1,0,0,2,0,2,middle_eastern,SoccerJuggling
v_SoccerJuggling_g16_c05,0,1,0,0,0,4,hispanic,SoccerJuggling
v_SoccerJuggling_g17_c03,0,0,2,0,0,3,hispanic,SoccerJuggling
v_SoccerJuggling_g17_c05,1,1,1,0,0,2,hispanic,SoccerJuggling
v_SoccerJuggling_g17_c06,0,3,1,1,0,0,asian,SoccerJuggling
v_SoccerJuggling_g17_c07,0,2,0,1,0,2,asian,SoccerJuggling
v_SoccerJuggling_g18_c01,0,0,3,0,0,2,black,SoccerJuggling
v_SoccerJuggling_g18_c07,0,0,3,0,0,2,black,SoccerJuggling
v_SoccerJuggling_g19_c06,0,4,1,0,0,0,asian,SoccerJuggling
v_SoccerJuggling_g19_c07,0,1,0,0,0,4,hispanic,SoccerJuggling
v_SoccerJuggling_g20_c01,3,0,2,0,0,0,white,SoccerJuggling
v_SoccerJuggling_g20_c05,2,0,2,0,1,0,white,SoccerJuggling
v_SoccerJuggling_g21_c01,0,4,1,0,0,0,asian,SoccerJuggling
v_SoccerJuggling_g21_c02,0,2,1,0,0,2,asian,SoccerJuggling
v_SoccerJuggling_g22_c02,0,1,1,3,0,0,middle_eastern,SoccerJuggling
v_SoccerJuggling_g22_c05,5,0,0,0,0,0,white,SoccerJuggling
v_SoccerJuggling_g22_c06,5,0,0,0,0,0,white,SoccerJuggling
v_SoccerJuggling_g22_c07,5,0,0,0,0,0,white,SoccerJuggling
v_SoccerJuggling_g25_c02,4,0,0,0,0,1,white,SoccerJuggling
v_SoccerJuggling_g25_c03,5,0,0,0,0,0,white,SoccerJuggling
v_SoccerPenalty_g01_c02,0,1,4,0,0,0,black,SoccerPenalty
v_SoccerPenalty_g01_c06,0,2,3,0,0,0,black,SoccerPenalty
v_SoccerPenalty_g02_c02,0,2,3,0,0,0,black,SoccerPenalty
v_SoccerPenalty_g03_c02,0,1,0,3,1,0,middle_eastern,SoccerPenalty
v_SoccerPenalty_g03_c04,0,3,0,2,0,0,asian,SoccerPenalty
v_SoccerPenalty_g04_c04,0,1,4,0,0,0,black,SoccerPenalty
v_SoccerPenalty_g05_c01,2,1,1,1,0,0,white,SoccerPenalty
v_SoccerPenalty_g05_c03,1,2,0,2,0,0,asian,SoccerPenalty
v_SoccerPenalty_g05_c04,1,1,3,0,0,0,black,SoccerPenalty
v_SoccerPenalty_g05_c07,4,0,0,1,0,0,white,SoccerPenalty
v_SoccerPenalty_g06_c07,3,1,1,0,0,0,white,SoccerPenalty
v_SoccerPenalty_g08_c04,0,0,5,0,0,0,black,SoccerPenalty
v_SoccerPenalty_g08_c06,0,0,5,0,0,0,black,SoccerPenalty
v_SoccerPenalty_g09_c02,5,0,0,0,0,0,white,SoccerPenalty
v_SoccerPenalty_g10_c01,0,0,1,0,1,3,hispanic,SoccerPenalty
v_SoccerPenalty_g10_c02,0,0,0,3,0,2,middle_eastern,SoccerPenalty
v_SoccerPenalty_g10_c03,0,0,2,0,0,3,hispanic,SoccerPenalty
v_SoccerPenalty_g11_c01,0,1,0,1,3,0,indian,SoccerPenalty
v_SoccerPenalty_g11_c04,0,3,1,0,1,0,asian,SoccerPenalty
v_SoccerPenalty_g12_c04,0,2,3,0,0,0,black,SoccerPenalty
v_SoccerPenalty_g12_c06,0,2,3,0,0,0,black,SoccerPenalty
v_SoccerPenalty_g14_c01,1,0,1,0,3,0,indian,SoccerPenalty
v_SoccerPenalty_g14_c03,0,0,1,3,0,1,middle_eastern,SoccerPenalty
v_SoccerPenalty_g15_c02,0,1,1,0,3,0,indian,SoccerPenalty
v_SoccerPenalty_g15_c05,1,0,1,0,3,0,indian,SoccerPenalty
v_SoccerPenalty_g15_c06,0,0,1,0,4,0,indian,SoccerPenalty
v_SoccerPenalty_g16_c05,0,0,5,0,0,0,black,SoccerPenalty
v_SoccerPenalty_g17_c04,0,0,5,0,0,0,black,SoccerPenalty
v_SoccerPenalty_g18_c02,0,3,2,0,0,0,asian,SoccerPenalty
v_SoccerPenalty_g18_c05,0,2,2,1,0,0,asian,SoccerPenalty
v_SoccerPenalty_g19_c02,0,0,5,0,0,0,black,SoccerPenalty
v_SoccerPenalty_g19_c03,0,2,3,0,0,0,black,SoccerPenalty
v_SoccerPenalty_g20_c02,0,2,0,0,3,0,indian,SoccerPenalty
v_SoccerPenalty_g20_c04,0,1,0,0,4,0,indian,SoccerPenalty
v_SoccerPenalty_g21_c02,0,2,3,0,0,0,black,SoccerPenalty
v_SoccerPenalty_g21_c03,0,2,3,0,0,0,black,SoccerPenalty
v_SoccerPenalty_g22_c02,1,1,2,1,0,0,black,SoccerPenalty
v_SoccerPenalty_g22_c04,0,0,4,1,0,0,black,SoccerPenalty
v_SoccerPenalty_g23_c06,0,1,4,0,0,0,black,SoccerPenalty
v_SoccerPenalty_g24_c05,0,0,5,0,0,0,black,SoccerPenalty
v_StillRings_g01_c01,0,0,5,0,0,0,black,StillRings
v_StillRings_g01_c03,2,1,2,0,0,0,white,StillRings
v_StillRings_g01_c04,3,1,1,0,0,0,white,StillRings
v_StillRings_g02_c04,0,0,0,0,4,1,indian,StillRings
v_StillRings_g06_c02,0,0,0,0,5,0,indian,StillRings
v_StillRings_g07_c01,0,4,0,0,1,0,asian,StillRings
v_StillRings_g08_c03,1,0,1,0,3,0,indian,StillRings
v_StillRings_g08_c04,0,0,3,0,2,0,black,StillRings
v_StillRings_g09_c04,0,2,2,0,1,0,asian,StillRings
v_StillRings_g10_c02,0,0,2,0,2,1,black,StillRings
v_StillRings_g11_c04,0,3,0,0,2,0,asian,StillRings
v_StillRings_g12_c02,1,0,1,0,1,2,hispanic,StillRings
v_StillRings_g13_c04,0,4,0,0,1,0,asian,StillRings
v_StillRings_g14_c01,1,1,0,0,1,2,hispanic,StillRings
v_StillRings_g14_c02,0,1,2,0,2,0,black,StillRings
v_StillRings_g15_c02,3,0,2,0,0,0,white,StillRings
v_StillRings_g15_c03,0,1,3,0,1,0,black,StillRings
v_StillRings_g15_c04,0,0,0,0,5,0,indian,StillRings
v_StillRings_g16_c02,1,2,0,0,2,0,asian,StillRings
v_StillRings_g16_c04,0,0,0,0,1,4,hispanic,StillRings
v_StillRings_g17_c02,0,0,0,0,4,1,indian,StillRings
v_StillRings_g17_c04,0,0,0,0,2,3,hispanic,StillRings
v_StillRings_g18_c01,0,1,2,0,2,0,black,StillRings
v_StillRings_g19_c02,3,1,0,0,1,0,white,StillRings
v_StillRings_g19_c03,0,3,0,0,2,0,asian,StillRings
v_StillRings_g20_c01,0,1,0,4,0,0,middle_eastern,StillRings
v_StillRings_g20_c03,4,0,0,0,0,1,white,StillRings
v_StillRings_g21_c05,0,2,2,0,0,1,asian,StillRings
v_StillRings_g22_c01,0,2,0,1,2,0,asian,StillRings
v_StillRings_g22_c02,0,1,0,0,4,0,indian,StillRings
v_StillRings_g23_c02,2,0,0,0,2,1,white,StillRings
v_StillRings_g23_c04,3,0,0,0,0,2,white,StillRings
v_SumoWrestling_g01_c02,4,0,1,0,0,0,white,SumoWrestling
v_SumoWrestling_g01_c03,3,0,1,1,0,0,white,SumoWrestling
v_SumoWrestling_g02_c04,0,0,1,1,0,3,hispanic,SumoWrestling
v_SumoWrestling_g03_c01,4,1,0,0,0,0,white,SumoWrestling
v_SumoWrestling_g03_c03,0,5,0,0,0,0,asian,SumoWrestling
v_SumoWrestling_g05_c03,2,2,1,0,0,0,white,SumoWrestling
v_SumoWrestling_g05_c04,2,1,1,0,0,1,white,SumoWrestling
v_SumoWrestling_g06_c03,0,1,4,0,0,0,black,SumoWrestling
v_SumoWrestling_g06_c05,4,0,1,0,0,0,white,SumoWrestling
v_SumoWrestling_g06_c06,5,0,0,0,0,0,white,SumoWrestling
v_SumoWrestling_g06_c07,0,0,5,0,0,0,black,SumoWrestling
v_SumoWrestling_g07_c04,2,2,0,1,0,0,white,SumoWrestling
v_SumoWrestling_g07_c06,1,1,1,2,0,0,middle_eastern,SumoWrestling
v_SumoWrestling_g08_c01,1,3,1,0,0,0,asian,SumoWrestling
v_SumoWrestling_g08_c04,1,0,4,0,0,0,black,SumoWrestling
v_SumoWrestling_g10_c02,4,0,1,0,0,0,white,SumoWrestling
v_SumoWrestling_g10_c03,3,0,2,0,0,0,white,SumoWrestling
v_SumoWrestling_g11_c02,0,1,0,0,0,4,hispanic,SumoWrestling
v_SumoWrestling_g11_c04,0,4,1,0,0,0,asian,SumoWrestling
v_SumoWrestling_g12_c03,1,3,1,0,0,0,asian,SumoWrestling
v_SumoWrestling_g13_c02,3,0,2,0,0,0,white,SumoWrestling
v_SumoWrestling_g13_c03,0,1,3,0,1,0,black,SumoWrestling
v_SumoWrestling_g13_c04,0,2,3,0,0,0,black,SumoWrestling
v_SumoWrestling_g14_c03,0,3,2,0,0,0,asian,SumoWrestling
v_SumoWrestling_g14_c04,0,2,3,0,0,0,black,SumoWrestling
v_SumoWrestling_g15_c04,0,3,2,0,0,0,asian,SumoWrestling
v_SumoWrestling_g16_c01,0,2,1,2,0,0,asian,SumoWrestling
v_SumoWrestling_g16_c04,5,0,0,0,0,0,white,SumoWrestling
v_SumoWrestling_g18_c04,2,3,0,0,0,0,asian,SumoWrestling
v_SumoWrestling_g18_c07,1,0,2,1,0,1,black,SumoWrestling
v_SumoWrestling_g19_c02,2,2,1,0,0,0,white,SumoWrestling
v_SumoWrestling_g20_c01,2,2,0,0,0,1,white,SumoWrestling
v_SumoWrestling_g20_c04,2,1,2,0,0,0,white,SumoWrestling
v_SumoWrestling_g21_c01,1,2,0,2,0,0,asian,SumoWrestling
v_SumoWrestling_g21_c03,1,1,0,3,0,0,middle_eastern,SumoWrestling
v_SumoWrestling_g22_c01,3,1,1,0,0,0,white,SumoWrestling
v_SumoWrestling_g22_c04,5,0,0,0,0,0,white,SumoWrestling
v_SumoWrestling_g23_c02,1,3,0,1,0,0,asian,SumoWrestling
v_SumoWrestling_g23_c04,2,0,3,0,0,0,black,SumoWrestling
v_SumoWrestling_g24_c01,4,0,1,0,0,0,white,SumoWrestling
v_SumoWrestling_g24_c03,3,2,0,0,0,0,white,SumoWrestling
v_SumoWrestling_g25_c04,1,3,0,0,1,0,asian,SumoWrestling
v_Surfing_g01_c01,0,3,0,1,1,0,asian,Surfing
v_Surfing_g01_c02,0,3,0,0,2,0,asian,Surfing
v_Surfing_g01_c05,2,0,1,2,0,0,white,Surfing
v_Surfing_g02_c01,2,2,1,0,0,0,white,Surfing
v_Surfing_g03_c01,3,0,1,0,1,0,white,Surfing
v_Surfing_g03_c04,4,0,0,0,1,0,white,Surfing
v_Surfing_g04_c02,2,0,0,1,2,0,white,Surfing
v_Surfing_g05_c01,0,0,4,0,1,0,black,Surfing
v_Surfing_g05_c03,0,3,2,0,0,0,asian,Surfing
v_Surfing_g06_c01,0,2,0,3,0,0,middle_eastern,Surfing
v_Surfing_g06_c04,0,4,0,1,0,0,asian,Surfing
v_Surfing_g07_c01,0,1,0,2,2,0,middle_eastern,Surfing
v_Surfing_g07_c04,0,2,0,3,0,0,middle_eastern,Surfing
v_Surfing_g08_c04,0,4,1,0,0,0,asian,Surfing
v_Surfing_g08_c05,0,0,4,0,1,0,black,Surfing
v_Surfing_g08_c07,0,0,3,0,2,0,black,Surfing
v_Surfing_g09_c01,1,0,0,2,2,0,middle_eastern,Surfing
v_Surfing_g10_c01,1,0,3,0,1,0,black,Surfing
v_Surfing_g10_c06,0,0,5,0,0,0,black,Surfing
v_Surfing_g15_c06,0,4,0,0,1,0,asian,Surfing
v_Surfing_g16_c01,2,1,0,1,1,0,white,Surfing
v_Surfing_g16_c02,4,1,0,0,0,0,white,Surfing
v_Surfing_g16_c05,2,0,0,0,3,0,indian,Surfing
v_Surfing_g18_c02,0,2,0,2,1,0,asian,Surfing
v_Surfing_g19_c03,0,0,0,2,3,0,indian,Surfing
v_Surfing_g19_c04,0,2,0,1,2,0,asian,Surfing
v_Surfing_g20_c05,0,0,0,1,4,0,indian,Surfing
v_Surfing_g20_c06,0,0,0,1,3,1,indian,Surfing
v_Surfing_g22_c01,4,0,0,0,1,0,white,Surfing
v_Surfing_g25_c03,0,0,2,2,1,0,black,Surfing
v_Swing_g02_c04,4,0,1,0,0,0,white,Swing
v_Swing_g02_c05,3,0,2,0,0,0,white,Swing
v_Swing_g03_c01,5,0,0,0,0,0,white,Swing
v_Swing_g03_c03,4,0,1,0,0,0,white,Swing
v_Swing_g04_c01,0,3,2,0,0,0,asian,Swing
v_Swing_g05_c04,2,0,1,0,0,2,white,Swing
v_Swing_g06_c01,1,1,1,0,0,2,hispanic,Swing
v_Swing_g06_c03,1,0,4,0,0,0,black,Swing
v_Swing_g06_c06,1,0,3,0,0,1,black,Swing
v_Swing_g06_c07,0,0,2,0,0,3,hispanic,Swing
v_Swing_g07_c03,4,0,1,0,0,0,white,Swing
v_Swing_g07_c05,0,2,2,0,0,1,asian,Swing
v_Swing_g07_c07,1,3,1,0,0,0,asian,Swing
v_Swing_g09_c02,1,0,4,0,0,0,black,Swing
v_Swing_g09_c03,0,0,2,0,1,2,black,Swing
v_Swing_g09_c04,1,0,3,0,0,1,black,Swing
v_Swing_g10_c02,0,0,2,3,0,0,middle_eastern,Swing
v_Swing_g10_c04,1,0,4,0,0,0,black,Swing
v_Swing_g11_c02,0,2,2,0,0,1,asian,Swing
v_Swing_g11_c04,1,1,1,0,0,2,hispanic,Swing
v_Swing_g11_c06,0,3,2,0,0,0,asian,Swing
v_Swing_g12_c03,0,2,0,0,1,2,asian,Swing
v_Swing_g14_c03,0,0,4,0,0,1,black,Swing
v_Swing_g14_c05,0,0,4,0,0,1,black,Swing
v_Swing_g15_c06,0,0,1,2,2,0,middle_eastern,Swing
v_Swing_g20_c01,2,0,1,0,0,2,white,Swing
v_Swing_g20_c02,3,0,2,0,0,0,white,Swing
v_Swing_g20_c06,1,0,1,0,0,3,hispanic,Swing
v_Swing_g22_c03,2,2,0,0,1,0,white,Swing
v_Swing_g22_c05,0,3,1,0,0,1,asian,Swing
v_TableTennisShot_g01_c01,2,3,0,0,0,0,asian,TableTennisShot
v_TableTennisShot_g01_c03,2,3,0,0,0,0,asian,TableTennisShot
v_TableTennisShot_g03_c03,2,0,0,0,0,3,hispanic,TableTennisShot
v_TableTennisShot_g07_c02,4,1,0,0,0,0,white,TableTennisShot
v_TableTennisShot_g07_c04,0,1,0,0,1,3,hispanic,TableTennisShot
v_TableTennisShot_g08_c01,3,2,0,0,0,0,white,TableTennisShot
v_TableTennisShot_g11_c02,2,2,1,0,0,0,white,TableTennisShot
v_TableTennisShot_g12_c03,5,0,0,0,0,0,white,TableTennisShot
v_TableTennisShot_g19_c04,2,0,0,0,0,3,hispanic,TableTennisShot
v_TableTennisShot_g20_c02,2,0,0,0,0,3,hispanic,TableTennisShot
v_TableTennisShot_g23_c02,1,1,0,0,1,2,hispanic,TableTennisShot
v_TableTennisShot_g23_c07,1,2,0,0,2,0,asian,TableTennisShot
v_TableTennisShot_g25_c03,1,2,0,1,0,1,asian,TableTennisShot
v_TableTennisShot_g25_c04,0,3,1,1,0,0,asian,TableTennisShot
v_TaiChi_g03_c01,0,1,4,0,0,0,black,TaiChi
v_TaiChi_g03_c03,0,2,3,0,0,0,black,TaiChi
v_TaiChi_g04_c01,0,0,0,5,0,0,middle_eastern,TaiChi
v_TaiChi_g04_c02,0,0,0,5,0,0,middle_eastern,TaiChi
v_TaiChi_g05_c01,1,2,0,0,0,2,asian,TaiChi
v_TaiChi_g05_c02,1,0,3,0,0,1,black,TaiChi
v_TaiChi_g06_c01,3,0,0,0,0,2,white,TaiChi
v_TaiChi_g06_c02,1,0,2,0,0,2,black,TaiChi
v_TaiChi_g08_c03,0,0,5,0,0,0,black,TaiChi
v_TaiChi_g10_c03,0,1,2,0,0,2,black,TaiChi
v_TaiChi_g11_c01,0,0,2,0,0,3,hispanic,TaiChi
v_TaiChi_g13_c02,0,1,0,2,2,0,middle_eastern,TaiChi
v_TaiChi_g16_c03,0,5,0,0,0,0,asian,TaiChi
v_TaiChi_g18_c02,0,1,0,4,0,0,middle_eastern,TaiChi
v_TaiChi_g19_c02,0,3,2,0,0,0,asian,TaiChi
v_TaiChi_g20_c01,1,0,0,0,3,1,indian,TaiChi
v_TaiChi_g21_c01,0,0,1,0,1,3,hispanic,TaiChi
v_TaiChi_g22_c04,2,2,1,0,0,0,white,TaiChi
v_TaiChi_g23_c02,0,2,0,3,0,0,middle_eastern,TaiChi
v_TennisSwing_g01_c03,2,0,3,0,0,0,black,TennisSwing
v_TennisSwing_g01_c06,2,0,3,0,0,0,black,TennisSwing
v_TennisSwing_g02_c06,0,2,3,0,0,0,black,TennisSwing
v_TennisSwing_g02_c07,0,1,3,0,1,0,black,TennisSwing
v_TennisSwing_g04_c04,2,0,3,0,0,0,black,TennisSwing
v_TennisSwing_g06_c02,2,0,1,2,0,0,white,TennisSwing
v_TennisSwing_g06_c06,0,1,3,1,0,0,black,TennisSwing
v_TennisSwing_g07_c01,1,1,3,0,0,0,black,TennisSwing
v_TennisSwing_g07_c03,1,0,2,0,2,0,black,TennisSwing
v_TennisSwing_g07_c05,2,3,0,0,0,0,asian,TennisSwing
v_TennisSwing_g08_c03,2,0,2,1,0,0,white,TennisSwing
v_TennisSwing_g08_c04,4,0,0,1,0,0,white,TennisSwing
v_TennisSwing_g08_c06,5,0,0,0,0,0,white,TennisSwing
v_TennisSwing_g16_c04,0,1,4,0,0,0,black,TennisSwing
v_TennisSwing_g16_c05,2,0,3,0,0,0,black,TennisSwing
v_TennisSwing_g16_c07,1,1,3,0,0,0,black,TennisSwing
v_TennisSwing_g17_c04,0,0,0,0,0,5,hispanic,TennisSwing
v_TennisSwing_g18_c04,4,0,0,1,0,0,white,TennisSwing
v_TennisSwing_g18_c05,4,1,0,0,0,0,white,TennisSwing
v_TennisSwing_g18_c06,2,2,0,1,0,0,white,TennisSwing
v_TennisSwing_g19_c01,0,5,0,0,0,0,asian,TennisSwing
v_TennisSwing_g19_c02,0,5,0,0,0,0,asian,TennisSwing
v_TennisSwing_g19_c03,0,0,0,0,0,5,hispanic,TennisSwing
v_TennisSwing_g20_c01,0,5,0,0,0,0,asian,TennisSwing
v_TennisSwing_g20_c02,0,4,0,0,0,1,asian,TennisSwing
v_TennisSwing_g21_c01,0,0,0,0,3,2,indian,TennisSwing
v_TennisSwing_g21_c05,4,0,1,0,0,0,white,TennisSwing
v_TennisSwing_g21_c06,1,1,3,0,0,0,black,TennisSwing
v_TennisSwing_g22_c06,0,0,3,0,2,0,black,TennisSwing
v_TennisSwing_g23_c01,4,0,1,0,0,0,white,TennisSwing
v_TennisSwing_g23_c02,5,0,0,0,0,0,white,TennisSwing
v_TennisSwing_g24_c01,5,0,0,0,0,0,white,TennisSwing
v_TennisSwing_g24_c03,0,3,0,0,2,0,asian,TennisSwing
v_TennisSwing_g24_c05,5,0,0,0,0,0,white,TennisSwing
v_TennisSwing_g24_c06,0,1,4,0,0,0,black,TennisSwing
v_ThrowDiscus_g01_c03,0,0,1,0,4,0,indian,ThrowDiscus
v_ThrowDiscus_g02_c04,1,0,3,0,0,1,black,ThrowDiscus
v_ThrowDiscus_g02_c07,1,0,4,0,0,0,black,ThrowDiscus
v_ThrowDiscus_g03_c02,3,0,2,0,0,0,white,ThrowDiscus
v_ThrowDiscus_g03_c03,0,0,1,0,0,4,hispanic,ThrowDiscus
v_ThrowDiscus_g04_c01,2,0,0,1,0,2,white,ThrowDiscus
v_ThrowDiscus_g06_c03,0,0,1,0,0,4,hispanic,ThrowDiscus
v_ThrowDiscus_g06_c05,4,0,1,0,0,0,white,ThrowDiscus
v_ThrowDiscus_g06_c06,5,0,0,0,0,0,white,ThrowDiscus
v_ThrowDiscus_g07_c01,3,0,1,0,0,1,white,ThrowDiscus
v_ThrowDiscus_g07_c02,0,3,0,0,0,2,asian,ThrowDiscus
v_ThrowDiscus_g07_c03,4,0,1,0,0,0,white,ThrowDiscus
v_ThrowDiscus_g07_c06,5,0,0,0,0,0,white,ThrowDiscus
v_ThrowDiscus_g08_c02,2,0,2,0,0,1,white,ThrowDiscus
v_ThrowDiscus_g08_c04,0,1,0,0,0,4,hispanic,ThrowDiscus
v_ThrowDiscus_g09_c01,1,0,2,0,0,2,black,ThrowDiscus
v_ThrowDiscus_g09_c02,4,0,1,0,0,0,white,ThrowDiscus
v_ThrowDiscus_g09_c03,2,1,2,0,0,0,white,ThrowDiscus
v_ThrowDiscus_g11_c03,0,2,3,0,0,0,black,ThrowDiscus
v_ThrowDiscus_g11_c04,0,0,1,0,0,4,hispanic,ThrowDiscus
v_ThrowDiscus_g11_c05,0,0,0,0,5,0,indian,ThrowDiscus
v_ThrowDiscus_g13_c04,0,4,0,0,1,0,asian,ThrowDiscus
v_ThrowDiscus_g13_c05,0,5,0,0,0,0,asian,ThrowDiscus
v_ThrowDiscus_g14_c02,3,0,2,0,0,0,white,ThrowDiscus
v_ThrowDiscus_g14_c03,0,0,5,0,0,0,black,ThrowDiscus
v_ThrowDiscus_g15_c01,0,0,1,2,0,2,middle_eastern,ThrowDiscus
v_ThrowDiscus_g15_c02,1,0,0,1,0,3,hispanic,ThrowDiscus
v_ThrowDiscus_g15_c05,0,3,0,0,1,1,asian,ThrowDiscus
v_ThrowDiscus_g16_c03,1,1,1,2,0,0,middle_eastern,ThrowDiscus
v_ThrowDiscus_g17_c01,0,0,0,1,0,4,hispanic,ThrowDiscus
v_ThrowDiscus_g17_c03,4,0,0,0,0,1,white,ThrowDiscus
v_ThrowDiscus_g17_c04,0,0,0,0,0,5,hispanic,ThrowDiscus
v_ThrowDiscus_g18_c03,4,0,0,0,0,1,white,ThrowDiscus
v_ThrowDiscus_g18_c04,1,2,0,0,1,1,asian,ThrowDiscus
v_ThrowDiscus_g18_c05,1,4,0,0,0,0,asian,ThrowDiscus
v_ThrowDiscus_g18_c06,4,0,0,0,0,1,white,ThrowDiscus
v_ThrowDiscus_g19_c02,0,0,0,5,0,0,middle_eastern,ThrowDiscus
v_ThrowDiscus_g19_c03,0,0,0,5,0,0,middle_eastern,ThrowDiscus
v_ThrowDiscus_g20_c01,1,2,0,0,0,2,asian,ThrowDiscus
v_ThrowDiscus_g20_c02,2,0,0,0,0,3,hispanic,ThrowDiscus
v_ThrowDiscus_g21_c03,1,3,1,0,0,0,asian,ThrowDiscus
v_ThrowDiscus_g21_c05,0,0,5,0,0,0,black,ThrowDiscus
v_ThrowDiscus_g21_c07,0,1,3,0,0,1,black,ThrowDiscus
v_ThrowDiscus_g23_c04,1,1,0,0,3,0,indian,ThrowDiscus
v_ThrowDiscus_g24_c02,0,3,0,0,2,0,asian,ThrowDiscus
v_ThrowDiscus_g24_c03,4,0,0,0,1,0,white,ThrowDiscus
v_ThrowDiscus_g25_c03,0,1,4,0,0,0,black,ThrowDiscus
v_ThrowDiscus_g25_c04,4,1,0,0,0,0,white,ThrowDiscus
v_ThrowDiscus_g25_c05,5,0,0,0,0,0,white,ThrowDiscus
v_TrampolineJumping_g01_c01,1,1,2,0,0,1,black,TrampolineJumping
v_TrampolineJumping_g04_c02,3,0,1,0,0,1,white,TrampolineJumping
v_TrampolineJumping_g04_c03,4,0,1,0,0,0,white,TrampolineJumping
v_TrampolineJumping_g08_c01,5,0,0,0,0,0,white,TrampolineJumping
v_TrampolineJumping_g09_c02,0,3,0,0,2,0,asian,TrampolineJumping
v_TrampolineJumping_g09_c05,1,1,1,0,2,0,indian,TrampolineJumping
v_TrampolineJumping_g09_c06,0,2,2,0,1,0,asian,TrampolineJumping
v_TrampolineJumping_g10_c01,1,0,1,0,0,3,hispanic,TrampolineJumping
v_TrampolineJumping_g10_c03,0,0,2,0,0,3,hispanic,TrampolineJumping
v_TrampolineJumping_g12_c02,1,0,4,0,0,0,black,TrampolineJumping
v_TrampolineJumping_g12_c04,1,2,2,0,0,0,asian,TrampolineJumping
v_TrampolineJumping_g13_c02,2,0,0,0,1,2,white,TrampolineJumping
v_TrampolineJumping_g14_c02,2,0,1,0,2,0,white,TrampolineJumping
v_TrampolineJumping_g14_c04,5,0,0,0,0,0,white,TrampolineJumping
v_TrampolineJumping_g15_c04,0,3,2,0,0,0,asian,TrampolineJumping
v_TrampolineJumping_g16_c04,4,0,1,0,0,0,white,TrampolineJumping
v_TrampolineJumping_g16_c05,3,0,2,0,0,0,white,TrampolineJumping
v_TrampolineJumping_g16_c06,3,0,2,0,0,0,white,TrampolineJumping
v_TrampolineJumping_g20_c04,0,0,0,1,1,3,hispanic,TrampolineJumping
v_TrampolineJumping_g21_c01,2,0,0,0,3,0,indian,TrampolineJumping
v_TrampolineJumping_g23_c02,2,0,3,0,0,0,black,TrampolineJumping
v_TrampolineJumping_g24_c04,0,2,2,0,0,1,asian,TrampolineJumping
v_Typing_g01_c01,0,2,0,0,0,3,hispanic,Typing
v_Typing_g03_c01,0,5,0,0,0,0,asian,Typing
v_Typing_g04_c01,1,3,1,0,0,0,asian,Typing
v_Typing_g07_c04,1,0,0,0,0,4,hispanic,Typing
v_Typing_g07_c06,1,0,0,0,0,4,hispanic,Typing
v_Typing_g09_c01,5,0,0,0,0,0,white,Typing
v_Typing_g10_c02,1,2,0,0,0,2,asian,Typing
v_Typing_g10_c06,1,0,0,0,0,4,hispanic,Typing
v_Typing_g12_c02,1,3,0,0,0,1,asian,Typing
v_Typing_g12_c03,1,3,0,0,0,1,asian,Typing
v_Typing_g12_c05,2,1,0,0,0,2,white,Typing
v_Typing_g12_c07,3,1,0,0,0,1,white,Typing
v_Typing_g14_c01,3,0,0,0,0,2,white,Typing
v_Typing_g14_c02,4,0,0,0,0,1,white,Typing
v_Typing_g14_c04,4,0,0,0,0,1,white,Typing
v_Typing_g17_c04,1,0,0,0,0,4,hispanic,Typing
v_Typing_g20_c05,1,4,0,0,0,0,asian,Typing
v_Typing_g20_c06,1,4,0,0,0,0,asian,Typing
v_Typing_g24_c03,0,2,0,0,0,3,hispanic,Typing
v_UnevenBars_g01_c02,3,2,0,0,0,0,white,UnevenBars
v_UnevenBars_g03_c02,3,2,0,0,0,0,white,UnevenBars
v_UnevenBars_g04_c04,0,2,3,0,0,0,black,UnevenBars
v_UnevenBars_g05_c04,0,1,1,0,0,3,hispanic,UnevenBars
v_UnevenBars_g06_c02,0,1,0,0,3,1,indian,UnevenBars
v_UnevenBars_g07_c02,0,0,0,0,2,3,hispanic,UnevenBars
v_UnevenBars_g07_c04,0,0,0,0,0,5,hispanic,UnevenBars
v_UnevenBars_g08_c01,0,1,0,0,0,4,hispanic,UnevenBars
v_UnevenBars_g14_c02,3,2,0,0,0,0,white,UnevenBars
v_UnevenBars_g18_c01,0,1,4,0,0,0,black,UnevenBars
v_UnevenBars_g18_c02,0,0,5,0,0,0,black,UnevenBars
v_UnevenBars_g24_c04,0,1,0,0,4,0,indian,UnevenBars
v_VolleyballSpiking_g01_c02,0,0,0,4,0,1,middle_eastern,VolleyballSpiking
v_VolleyballSpiking_g01_c03,0,1,0,2,0,2,middle_eastern,VolleyballSpiking
v_VolleyballSpiking_g03_c04,0,0,0,0,0,5,hispanic,VolleyballSpiking
v_VolleyballSpiking_g05_c01,0,2,3,0,0,0,black,VolleyballSpiking
v_VolleyballSpiking_g05_c05,0,2,0,0,0,3,hispanic,VolleyballSpiking
v_VolleyballSpiking_g06_c01,0,0,2,0,0,3,hispanic,VolleyballSpiking
v_VolleyballSpiking_g07_c01,0,0,1,0,4,0,indian,VolleyballSpiking
v_VolleyballSpiking_g07_c06,1,0,4,0,0,0,black,VolleyballSpiking
v_VolleyballSpiking_g07_c07,0,0,1,1,0,3,hispanic,VolleyballSpiking
v_VolleyballSpiking_g08_c01,1,0,0,0,0,4,hispanic,VolleyballSpiking
v_VolleyballSpiking_g08_c03,0,1,2,0,1,1,black,VolleyballSpiking
v_VolleyballSpiking_g08_c05,0,1,1,0,0,3,hispanic,VolleyballSpiking
v_VolleyballSpiking_g09_c01,0,0,1,3,0,1,middle_eastern,VolleyballSpiking
v_VolleyballSpiking_g09_c02,0,1,1,0,1,2,hispanic,VolleyballSpiking
v_VolleyballSpiking_g09_c05,0,0,1,0,2,2,indian,VolleyballSpiking
v_VolleyballSpiking_g10_c02,0,1,0,0,1,3,hispanic,VolleyballSpiking
v_VolleyballSpiking_g10_c03,0,3,1,0,1,0,asian,VolleyballSpiking
v_VolleyballSpiking_g12_c01,0,0,5,0,0,0,black,VolleyballSpiking
v_VolleyballSpiking_g12_c03,0,0,0,4,0,1,middle_eastern,VolleyballSpiking
v_VolleyballSpiking_g13_c01,0,0,2,0,1,2,black,VolleyballSpiking
v_VolleyballSpiking_g13_c02,0,1,1,0,1,2,hispanic,VolleyballSpiking
v_VolleyballSpiking_g13_c03,0,1,0,0,3,1,indian,VolleyballSpiking
v_VolleyballSpiking_g13_c04,1,1,1,1,0,1,white,VolleyballSpiking
v_VolleyballSpiking_g13_c05,0,2,3,0,0,0,black,VolleyballSpiking
v_VolleyballSpiking_g15_c02,0,0,3,2,0,0,black,VolleyballSpiking
v_VolleyballSpiking_g15_c03,0,1,1,0,3,0,indian,VolleyballSpiking
v_VolleyballSpiking_g16_c01,0,0,0,1,1,3,hispanic,VolleyballSpiking
v_VolleyballSpiking_g17_c02,0,2,3,0,0,0,black,VolleyballSpiking
v_VolleyballSpiking_g17_c04,0,0,5,0,0,0,black,VolleyballSpiking
v_VolleyballSpiking_g18_c01,0,0,5,0,0,0,black,VolleyballSpiking
v_VolleyballSpiking_g18_c03,1,1,0,1,0,2,hispanic,VolleyballSpiking
v_VolleyballSpiking_g19_c01,0,0,1,0,0,4,hispanic,VolleyballSpiking
v_VolleyballSpiking_g19_c04,2,3,0,0,0,0,asian,VolleyballSpiking
v_VolleyballSpiking_g20_c02,4,0,0,0,0,1,white,VolleyballSpiking
v_VolleyballSpiking_g20_c03,0,1,1,1,0,2,hispanic,VolleyballSpiking
v_VolleyballSpiking_g21_c02,2,2,1,0,0,0,white,VolleyballSpiking
v_VolleyballSpiking_g21_c03,4,1,0,0,0,0,white,VolleyballSpiking
v_VolleyballSpiking_g22_c01,0,0,0,0,0,5,hispanic,VolleyballSpiking
v_VolleyballSpiking_g22_c04,0,3,0,0,0,2,asian,VolleyballSpiking
v_VolleyballSpiking_g23_c02,0,0,1,0,0,4,hispanic,VolleyballSpiking
v_VolleyballSpiking_g23_c04,1,0,3,0,0,1,black,VolleyballSpiking
v_VolleyballSpiking_g25_c01,2,0,0,0,0,3,hispanic,VolleyballSpiking
v_VolleyballSpiking_g25_c03,2,3,0,0,0,0,asian,VolleyballSpiking
v_WalkingWithDog_g01_c04,0,1,1,0,0,3,hispanic,WalkingWithDog
v_WalkingWithDog_g03_c01,2,3,0,0,0,0,asian,WalkingWithDog
v_WalkingWithDog_g03_c02,2,2,1,0,0,0,white,WalkingWithDog
v_WalkingWithDog_g04_c02,5,0,0,0,0,0,white,WalkingWithDog
v_WalkingWithDog_g04_c05,0,2,1,0,0,2,asian,WalkingWithDog
v_WalkingWithDog_g06_c02,0,3,2,0,0,0,asian,WalkingWithDog
v_WalkingWithDog_g06_c05,5,0,0,0,0,0,white,WalkingWithDog
v_WalkingWithDog_g07_c02,1,0,0,0,0,4,hispanic,WalkingWithDog
v_WalkingWithDog_g07_c03,2,2,1,0,0,0,white,WalkingWithDog
v_WalkingWithDog_g07_c06,2,1,2,0,0,0,white,WalkingWithDog
v_WalkingWithDog_g08_c01,4,0,1,0,0,0,white,WalkingWithDog
v_WalkingWithDog_g08_c04,2,2,1,0,0,0,white,WalkingWithDog
v_WalkingWithDog_g08_c05,0,4,1,0,0,0,asian,WalkingWithDog
v_WalkingWithDog_g09_c05,1,0,4,0,0,0,black,WalkingWithDog
v_WalkingWithDog_g09_c06,1,1,2,1,0,0,black,WalkingWithDog
v_WalkingWithDog_g10_c01,0,0,5,0,0,0,black,WalkingWithDog
v_WalkingWithDog_g10_c02,1,1,3,0,0,0,black,WalkingWithDog
v_WalkingWithDog_g10_c04,1,1,1,0,0,2,hispanic,WalkingWithDog
v_WalkingWithDog_g12_c01,4,1,0,0,0,0,white,WalkingWithDog
v_WalkingWithDog_g12_c02,3,0,2,0,0,0,white,WalkingWithDog
v_WalkingWithDog_g12_c04,0,1,1,0,0,3,hispanic,WalkingWithDog
v_WalkingWithDog_g13_c03,3,1,0,0,0,1,white,WalkingWithDog
v_WalkingWithDog_g13_c05,0,3,0,0,0,2,asian,WalkingWithDog
v_WalkingWithDog_g14_c01,0,4,1,0,0,0,asian,WalkingWithDog
v_WalkingWithDog_g14_c03,2,1,2,0,0,0,white,WalkingWithDog
v_WalkingWithDog_g15_c04,1,4,0,0,0,0,asian,WalkingWithDog
v_WalkingWithDog_g16_c01,0,1,0,0,0,4,hispanic,WalkingWithDog
v_WalkingWithDog_g16_c03,0,2,0,0,1,2,asian,WalkingWithDog
v_WalkingWithDog_g19_c02,0,0,2,0,0,3,hispanic,WalkingWithDog
v_WalkingWithDog_g19_c04,2,0,1,0,0,2,white,WalkingWithDog
v_WalkingWithDog_g19_c05,0,0,1,0,0,4,hispanic,WalkingWithDog
v_WalkingWithDog_g20_c01,0,0,2,0,0,3,hispanic,WalkingWithDog
v_WalkingWithDog_g20_c06,0,3,2,0,0,0,asian,WalkingWithDog
v_WalkingWithDog_g21_c01,5,0,0,0,0,0,white,WalkingWithDog
v_WalkingWithDog_g22_c01,3,2,0,0,0,0,white,WalkingWithDog
v_WalkingWithDog_g22_c03,0,0,4,1,0,0,black,WalkingWithDog
v_WalkingWithDog_g23_c01,1,0,4,0,0,0,black,WalkingWithDog
v_WalkingWithDog_g23_c02,2,0,0,0,0,3,hispanic,WalkingWithDog
v_WalkingWithDog_g23_c04,2,0,2,0,0,1,white,WalkingWithDog
v_WalkingWithDog_g24_c03,2,3,0,0,0,0,asian,WalkingWithDog
v_WalkingWithDog_g24_c06,1,3,1,0,0,0,asian,WalkingWithDog
v_WallPushups_g04_c03,3,0,0,0,0,2,white,WallPushups
v_WallPushups_g04_c04,4,0,0,0,0,1,white,WallPushups
v_WallPushups_g08_c01,1,1,0,0,0,3,hispanic,WallPushups
v_WallPushups_g08_c03,0,2,0,0,0,3,hispanic,WallPushups
v_WallPushups_g10_c02,2,3,0,0,0,0,asian,WallPushups
v_WallPushups_g15_c01,0,2,0,0,0,3,hispanic,WallPushups
v_WallPushups_g21_c01,2,1,2,0,0,0,white,WallPushups
v_WallPushups_g21_c02,3,1,0,0,0,1,white,WallPushups
v_WallPushups_g21_c03,1,2,1,0,0,1,asian,WallPushups
v_WallPushups_g21_c04,1,1,2,1,0,0,black,WallPushups
v_WritingOnBoard_g03_c01,3,0,0,2,0,0,white,WritingOnBoard
v_WritingOnBoard_g03_c04,4,0,0,1,0,0,white,WritingOnBoard
v_WritingOnBoard_g03_c06,4,0,0,1,0,0,white,WritingOnBoard
v_WritingOnBoard_g04_c01,4,0,0,0,0,1,white,WritingOnBoard
v_WritingOnBoard_g08_c02,1,0,2,2,0,0,black,WritingOnBoard
v_WritingOnBoard_g09_c05,5,0,0,0,0,0,white,WritingOnBoard
v_WritingOnBoard_g10_c01,0,1,2,0,0,2,black,WritingOnBoard
v_WritingOnBoard_g10_c02,0,1,0,0,1,3,hispanic,WritingOnBoard
v_WritingOnBoard_g10_c03,1,0,3,0,0,1,black,WritingOnBoard
v_WritingOnBoard_g10_c04,0,0,1,0,0,4,hispanic,WritingOnBoard
v_WritingOnBoard_g11_c01,0,0,1,0,4,0,indian,WritingOnBoard
v_WritingOnBoard_g11_c03,0,0,3,2,0,0,black,WritingOnBoard
v_WritingOnBoard_g11_c04,0,0,0,2,3,0,indian,WritingOnBoard
v_WritingOnBoard_g13_c01,2,0,0,0,0,3,hispanic,WritingOnBoard
v_WritingOnBoard_g13_c05,0,0,2,3,0,0,middle_eastern,WritingOnBoard
v_WritingOnBoard_g14_c01,0,0,0,0,0,5,hispanic,WritingOnBoard
v_WritingOnBoard_g14_c04,0,0,1,0,4,0,indian,WritingOnBoard
v_WritingOnBoard_g15_c01,3,0,0,0,0,2,white,WritingOnBoard
v_WritingOnBoard_g16_c03,3,0,2,0,0,0,white,WritingOnBoard
v_WritingOnBoard_g16_c07,2,0,0,0,0,3,hispanic,WritingOnBoard
v_WritingOnBoard_g17_c04,0,0,0,0,5,0,indian,WritingOnBoard
v_WritingOnBoard_g18_c05,4,0,1,0,0,0,white,WritingOnBoard
v_WritingOnBoard_g20_c02,0,0,4,0,0,1,black,WritingOnBoard
v_WritingOnBoard_g20_c03,0,0,1,0,2,2,indian,WritingOnBoard
v_WritingOnBoard_g20_c07,0,0,2,0,1,2,black,WritingOnBoard
v_WritingOnBoard_g22_c07,0,0,3,0,2,0,black,WritingOnBoard
v_WritingOnBoard_g24_c02,2,0,0,0,0,3,hispanic,WritingOnBoard
v_WritingOnBoard_g24_c03,1,0,3,0,0,1,black,WritingOnBoard
v_WritingOnBoard_g24_c07,2,0,0,0,0,3,hispanic,WritingOnBoard
v_WritingOnBoard_g25_c06,1,0,0,0,0,4,hispanic,WritingOnBoard
v_YoYo_g02_c04,0,0,1,0,0,4,hispanic,YoYo
v_YoYo_g02_c05,1,0,1,0,0,3,hispanic,YoYo
v_YoYo_g03_c01,0,1,0,0,0,4,hispanic,YoYo
v_YoYo_g03_c05,0,4,0,0,0,1,asian,YoYo
v_YoYo_g03_c06,1,2,0,0,0,2,asian,YoYo
v_YoYo_g04_c04,3,0,0,0,0,2,white,YoYo
v_YoYo_g04_c05,0,2,0,0,0,3,hispanic,YoYo
v_YoYo_g07_c04,0,0,2,1,0,2,black,YoYo
v_YoYo_g08_c02,0,2,0,0,0,3,hispanic,YoYo
v_YoYo_g09_c05,0,5,0,0,0,0,asian,YoYo
v_YoYo_g10_c03,0,3,0,0,0,2,asian,YoYo
v_YoYo_g10_c05,0,3,0,0,0,2,asian,YoYo
v_YoYo_g11_c01,3,0,0,0,0,2,white,YoYo
v_YoYo_g11_c04,1,2,0,0,0,2,asian,YoYo
v_YoYo_g13_c03,1,4,0,0,0,0,asian,YoYo
v_YoYo_g13_c05,2,3,0,0,0,0,asian,YoYo
v_YoYo_g20_c04,2,1,2,0,0,0,white,YoYo
v_YoYo_g21_c01,2,2,0,0,0,1,white,YoYo
v_YoYo_g22_c03,0,0,2,0,0,3,hispanic,YoYo
v_YoYo_g23_c02,3,2,0,0,0,0,white,YoYo
v_YoYo_g24_c01,1,3,1,0,0,0,asian,YoYo
